<?xml version="1.0" encoding="UTF-8"?><gpx creator="Wikiloc - https://www.wikiloc.com" version="1.1" xmlns="http://www.topografix.com/GPX/1/1" xmlns:xsi="http://www.w3.org/2001/XMLSchema-instance" xsi:schemaLocation="http://www.topografix.com/GPX/1/1 http://www.topografix.com/GPX/1/1/gpx.xsd"><metadata><name>Wikiloc - Camino Francés de Santiago, etapa n.29 (1 de 6), desde Sarria a Portomarin. - Capilla de San Lázaro, Ponte da Àspera...</name><author><name>Joan i Dolors</name><link href="https://www.wikiloc.com/wikiloc/user.do?id=12821408"><text>Joan i Dolors on Wikiloc</text></link></author><link href="https://www.wikiloc.com/hiking-trails/camino-de-santiago-frances-1-de-6-desde-sarria-a-portomarin-capilla-de-san-lazaro-ponte-da-aspera-s-237147251"><text>Camino Francés de Santiago, etapa n.29 (1 de 6), desde Sarria a Portomarin. - Capilla de San Lázaro, Ponte da Àspera... on Wikiloc</text></link><time>2025-10-22T12:05:00.146Z</time></metadata><trk><name>Camino Francés de Santiago, etapa n.29 (1 de 6), desde Sarri...</name><cmt></cmt><desc></desc><trkseg><trkpt lat="42.780737" lon="-7.419239"><ele>428.025</ele><time>2025-10-22T05:44:38.720Z</time></trkpt><trkpt lat="42.780851" lon="-7.419246"><ele>427.326</ele><time>2025-10-22T05:44:57.124Z</time></trkpt><trkpt lat="42.780854" lon="-7.419312"><ele>427.508</ele><time>2025-10-22T05:45:23.123Z</time></trkpt><trkpt lat="42.780864" lon="-7.419381"><ele>427.709</ele><time>2025-10-22T05:45:27.123Z</time></trkpt><trkpt lat="42.780843" lon="-7.419442"><ele>428.024</ele><time>2025-10-22T05:45:32.123Z</time></trkpt><trkpt lat="42.780790" lon="-7.419466"><ele>428.445</ele><time>2025-10-22T05:45:36.123Z</time></trkpt><trkpt lat="42.780741" lon="-7.419484"><ele>428.949</ele><time>2025-10-22T05:45:40.123Z</time></trkpt><trkpt lat="42.780743" lon="-7.419420"><ele>428.693</ele><time>2025-10-22T05:45:42.123Z</time></trkpt><trkpt lat="42.780752" lon="-7.419484"><ele>428.836</ele><time>2025-10-22T05:45:52.123Z</time></trkpt><trkpt lat="42.780771" lon="-7.419552"><ele>429.039</ele><time>2025-10-22T05:45:58.123Z</time></trkpt><trkpt lat="42.780787" lon="-7.419623"><ele>429.294</ele><time>2025-10-22T05:46:03.123Z</time></trkpt><trkpt lat="42.780802" lon="-7.419696"><ele>429.397</ele><time>2025-10-22T05:46:08.123Z</time></trkpt><trkpt lat="42.780801" lon="-7.419758"><ele>429.453</ele><time>2025-10-22T05:46:13.123Z</time></trkpt><trkpt lat="42.780822" lon="-7.419825"><ele>428.822</ele><time>2025-10-22T05:46:22.123Z</time></trkpt><trkpt lat="42.780834" lon="-7.419886"><ele>428.462</ele><time>2025-10-22T05:46:27.123Z</time></trkpt><trkpt lat="42.780849" lon="-7.419944"><ele>428.008</ele><time>2025-10-22T05:46:31.123Z</time></trkpt><trkpt lat="42.780860" lon="-7.420004"><ele>427.709</ele><time>2025-10-22T05:46:35.123Z</time></trkpt><trkpt lat="42.780870" lon="-7.420076"><ele>427.654</ele><time>2025-10-22T05:46:40.123Z</time></trkpt><trkpt lat="42.780882" lon="-7.420148"><ele>427.445</ele><time>2025-10-22T05:46:45.124Z</time></trkpt><trkpt lat="42.780882" lon="-7.420224"><ele>427.319</ele><time>2025-10-22T05:46:50.124Z</time></trkpt><trkpt lat="42.780906" lon="-7.420290"><ele>427.133</ele><time>2025-10-22T05:46:55.123Z</time></trkpt><trkpt lat="42.780903" lon="-7.420362"><ele>427.786</ele><time>2025-10-22T05:47:00.123Z</time></trkpt><trkpt lat="42.780925" lon="-7.420429"><ele>427.849</ele><time>2025-10-22T05:47:05.123Z</time></trkpt><trkpt lat="42.780934" lon="-7.420495"><ele>428.074</ele><time>2025-10-22T05:47:10.123Z</time></trkpt><trkpt lat="42.780958" lon="-7.420550"><ele>427.887</ele><time>2025-10-22T05:47:14.123Z</time></trkpt><trkpt lat="42.780976" lon="-7.420613"><ele>427.533</ele><time>2025-10-22T05:47:20.123Z</time></trkpt><trkpt lat="42.780972" lon="-7.420681"><ele>427.755</ele><time>2025-10-22T05:47:25.124Z</time></trkpt><trkpt lat="42.780950" lon="-7.420752"><ele>428.407</ele><time>2025-10-22T05:47:30.123Z</time></trkpt><trkpt lat="42.780938" lon="-7.420825"><ele>428.717</ele><time>2025-10-22T05:47:35.123Z</time></trkpt><trkpt lat="42.780924" lon="-7.420894"><ele>428.909</ele><time>2025-10-22T05:47:39Z</time></trkpt><trkpt lat="42.780906" lon="-7.420962"><ele>429.167</ele><time>2025-10-22T05:47:43.123Z</time></trkpt><trkpt lat="42.780870" lon="-7.421038"><ele>429.688</ele><time>2025-10-22T05:47:47.123Z</time></trkpt><trkpt lat="42.780865" lon="-7.421113"><ele>429.432</ele><time>2025-10-22T05:47:52.123Z</time></trkpt><trkpt lat="42.780858" lon="-7.421179"><ele>429.696</ele><time>2025-10-22T05:47:56.125Z</time></trkpt><trkpt lat="42.780844" lon="-7.421250"><ele>429.829</ele><time>2025-10-22T05:48:01.125Z</time></trkpt><trkpt lat="42.780838" lon="-7.421311"><ele>429.992</ele><time>2025-10-22T05:48:05.124Z</time></trkpt><trkpt lat="42.780831" lon="-7.421373"><ele>430.167</ele><time>2025-10-22T05:48:09.124Z</time></trkpt><trkpt lat="42.780827" lon="-7.421446"><ele>429.820</ele><time>2025-10-22T05:48:14.124Z</time></trkpt><trkpt lat="42.780811" lon="-7.421515"><ele>429.776</ele><time>2025-10-22T05:48:19.125Z</time></trkpt><trkpt lat="42.780793" lon="-7.421580"><ele>429.758</ele><time>2025-10-22T05:48:24.124Z</time></trkpt><trkpt lat="42.780791" lon="-7.421652"><ele>429.252</ele><time>2025-10-22T05:48:29.124Z</time></trkpt><trkpt lat="42.780799" lon="-7.421726"><ele>428.517</ele><time>2025-10-22T05:48:34.125Z</time></trkpt><trkpt lat="42.780792" lon="-7.421795"><ele>428.209</ele><time>2025-10-22T05:48:39.125Z</time></trkpt><trkpt lat="42.780781" lon="-7.421869"><ele>428.027</ele><time>2025-10-22T05:48:44.125Z</time></trkpt><trkpt lat="42.780763" lon="-7.421936"><ele>428.178</ele><time>2025-10-22T05:48:49.124Z</time></trkpt><trkpt lat="42.780755" lon="-7.422008"><ele>428.082</ele><time>2025-10-22T05:48:54.124Z</time></trkpt><trkpt lat="42.780729" lon="-7.422067"><ele>428.416</ele><time>2025-10-22T05:48:59.125Z</time></trkpt><trkpt lat="42.780691" lon="-7.422117"><ele>429.269</ele><time>2025-10-22T05:49:04.125Z</time></trkpt><trkpt lat="42.780646" lon="-7.422156"><ele>430.172</ele><time>2025-10-22T05:49:08.124Z</time></trkpt><trkpt lat="42.780606" lon="-7.422194"><ele>430.927</ele><time>2025-10-22T05:49:12.124Z</time></trkpt><trkpt lat="42.780550" lon="-7.422212"><ele>432.160</ele><time>2025-10-22T05:49:16.125Z</time></trkpt><trkpt lat="42.780529" lon="-7.422267"><ele>431.866</ele><time>2025-10-22T05:49:21.124Z</time></trkpt><trkpt lat="42.780482" lon="-7.422299"><ele>432.027</ele><time>2025-10-22T05:49:26.124Z</time></trkpt><trkpt lat="42.780438" lon="-7.422336"><ele>432.268</ele><time>2025-10-22T05:49:30.124Z</time></trkpt><trkpt lat="42.780396" lon="-7.422370"><ele>432.414</ele><time>2025-10-22T05:49:35.124Z</time></trkpt><trkpt lat="42.780356" lon="-7.422414"><ele>432.609</ele><time>2025-10-22T05:49:40.125Z</time></trkpt><trkpt lat="42.780316" lon="-7.422448"><ele>432.954</ele><time>2025-10-22T05:49:45.124Z</time></trkpt><trkpt lat="42.780274" lon="-7.422472"><ele>433.265</ele><time>2025-10-22T05:49:51.124Z</time></trkpt><trkpt lat="42.780233" lon="-7.422522"><ele>433.389</ele><time>2025-10-22T05:49:55.125Z</time></trkpt><trkpt lat="42.780199" lon="-7.422573"><ele>433.453</ele><time>2025-10-22T05:49:58.125Z</time></trkpt><trkpt lat="42.780155" lon="-7.422618"><ele>433.686</ele><time>2025-10-22T05:50:02.124Z</time></trkpt><trkpt lat="42.780117" lon="-7.422657"><ele>433.959</ele><time>2025-10-22T05:50:06.124Z</time></trkpt><trkpt lat="42.780075" lon="-7.422687"><ele>434.374</ele><time>2025-10-22T05:50:10.124Z</time></trkpt><trkpt lat="42.780031" lon="-7.422711"><ele>434.757</ele><time>2025-10-22T05:50:14.124Z</time></trkpt><trkpt lat="42.779988" lon="-7.422732"><ele>435.123</ele><time>2025-10-22T05:50:18.124Z</time></trkpt><trkpt lat="42.779947" lon="-7.422764"><ele>435.296</ele><time>2025-10-22T05:50:22.124Z</time></trkpt><trkpt lat="42.779901" lon="-7.422787"><ele>435.331</ele><time>2025-10-22T05:50:27.124Z</time></trkpt><trkpt lat="42.779855" lon="-7.422803"><ele>435.424</ele><time>2025-10-22T05:50:31.124Z</time></trkpt><trkpt lat="42.779805" lon="-7.422829"><ele>435.409</ele><time>2025-10-22T05:50:35.124Z</time></trkpt><trkpt lat="42.779765" lon="-7.422876"><ele>435.261</ele><time>2025-10-22T05:50:39.125Z</time></trkpt><trkpt lat="42.779730" lon="-7.422925"><ele>434.972</ele><time>2025-10-22T05:50:43.124Z</time></trkpt><trkpt lat="42.779694" lon="-7.422968"><ele>434.656</ele><time>2025-10-22T05:50:47.124Z</time></trkpt><trkpt lat="42.779655" lon="-7.423007"><ele>434.050</ele><time>2025-10-22T05:50:51.124Z</time></trkpt><trkpt lat="42.779607" lon="-7.423047"><ele>433.383</ele><time>2025-10-22T05:50:56.124Z</time></trkpt><trkpt lat="42.779561" lon="-7.423073"><ele>432.696</ele><time>2025-10-22T05:51:00.124Z</time></trkpt><trkpt lat="42.779517" lon="-7.423091"><ele>432.141</ele><time>2025-10-22T05:51:04.124Z</time></trkpt><trkpt lat="42.779473" lon="-7.423115"><ele>431.514</ele><time>2025-10-22T05:51:08.125Z</time></trkpt><trkpt lat="42.779424" lon="-7.423143"><ele>431.260</ele><time>2025-10-22T05:51:12.125Z</time></trkpt><trkpt lat="42.779372" lon="-7.423153"><ele>431.358</ele><time>2025-10-22T05:51:16.124Z</time></trkpt><trkpt lat="42.779319" lon="-7.423166"><ele>431.452</ele><time>2025-10-22T05:51:20.124Z</time></trkpt><trkpt lat="42.779268" lon="-7.423180"><ele>431.417</ele><time>2025-10-22T05:51:24.124Z</time></trkpt><trkpt lat="42.779216" lon="-7.423198"><ele>431.309</ele><time>2025-10-22T05:51:28.125Z</time></trkpt><trkpt lat="42.779160" lon="-7.423204"><ele>431.417</ele><time>2025-10-22T05:51:32.124Z</time></trkpt><trkpt lat="42.779112" lon="-7.423218"><ele>431.788</ele><time>2025-10-22T05:51:36.125Z</time></trkpt><trkpt lat="42.779065" lon="-7.423245"><ele>431.742</ele><time>2025-10-22T05:51:40.124Z</time></trkpt><trkpt lat="42.779016" lon="-7.423268"><ele>431.676</ele><time>2025-10-22T05:51:44.124Z</time></trkpt><trkpt lat="42.778968" lon="-7.423284"><ele>431.729</ele><time>2025-10-22T05:51:48.124Z</time></trkpt><trkpt lat="42.778923" lon="-7.423291"><ele>431.912</ele><time>2025-10-22T05:51:52.124Z</time></trkpt><trkpt lat="42.778874" lon="-7.423304"><ele>431.917</ele><time>2025-10-22T05:51:56.125Z</time></trkpt><trkpt lat="42.778825" lon="-7.423320"><ele>431.860</ele><time>2025-10-22T05:52:00.124Z</time></trkpt><trkpt lat="42.778776" lon="-7.423340"><ele>431.746</ele><time>2025-10-22T05:52:04.125Z</time></trkpt><trkpt lat="42.778724" lon="-7.423352"><ele>431.954</ele><time>2025-10-22T05:52:08.124Z</time></trkpt><trkpt lat="42.778668" lon="-7.423354"><ele>432.256</ele><time>2025-10-22T05:52:12.124Z</time></trkpt><trkpt lat="42.778618" lon="-7.423361"><ele>432.511</ele><time>2025-10-22T05:52:16.124Z</time></trkpt><trkpt lat="42.778570" lon="-7.423391"><ele>431.809</ele><time>2025-10-22T05:52:29.124Z</time></trkpt><trkpt lat="42.778522" lon="-7.423394"><ele>431.647</ele><time>2025-10-22T05:52:33.124Z</time></trkpt><trkpt lat="42.778472" lon="-7.423395"><ele>431.498</ele><time>2025-10-22T05:52:37.124Z</time></trkpt><trkpt lat="42.778460" lon="-7.423454"><ele>430.392</ele><time>2025-10-22T05:52:43.124Z</time></trkpt><trkpt lat="42.778415" lon="-7.423441"><ele>430.426</ele><time>2025-10-22T05:52:54.125Z</time></trkpt><trkpt lat="42.778407" lon="-7.423503"><ele>429.289</ele><time>2025-10-22T05:53:14Z</time></trkpt><trkpt lat="42.778399" lon="-7.423568"><ele>428.022</ele><time>2025-10-22T05:53:23.124Z</time></trkpt><trkpt lat="42.778403" lon="-7.423630"><ele>427.277</ele><time>2025-10-22T05:53:27.124Z</time></trkpt><trkpt lat="42.778412" lon="-7.423690"><ele>427.210</ele><time>2025-10-22T05:53:35.124Z</time></trkpt><trkpt lat="42.778410" lon="-7.423758"><ele>427.186</ele><time>2025-10-22T05:53:43.124Z</time></trkpt><trkpt lat="42.778422" lon="-7.423825"><ele>427.161</ele><time>2025-10-22T05:53:51.124Z</time></trkpt><trkpt lat="42.778427" lon="-7.423891"><ele>427.021</ele><time>2025-10-22T05:54:00.125Z</time></trkpt><trkpt lat="42.778427" lon="-7.423961"><ele>427.213</ele><time>2025-10-22T05:54:09.124Z</time></trkpt><trkpt lat="42.778401" lon="-7.424021"><ele>427.209</ele><time>2025-10-22T05:54:13.125Z</time></trkpt><trkpt lat="42.778360" lon="-7.424081"><ele>427.158</ele><time>2025-10-22T05:54:18.124Z</time></trkpt><trkpt lat="42.778325" lon="-7.424123"><ele>427.139</ele><time>2025-10-22T05:54:22.124Z</time></trkpt><trkpt lat="42.778297" lon="-7.424174"><ele>427.423</ele><time>2025-10-22T05:54:26.124Z</time></trkpt><trkpt lat="42.778262" lon="-7.424227"><ele>428.277</ele><time>2025-10-22T05:54:32.124Z</time></trkpt><trkpt lat="42.778231" lon="-7.424289"><ele>429.050</ele><time>2025-10-22T05:54:37.125Z</time></trkpt><trkpt lat="42.778210" lon="-7.424354"><ele>429.753</ele><time>2025-10-22T05:54:41Z</time></trkpt><trkpt lat="42.778194" lon="-7.424415"><ele>430.258</ele><time>2025-10-22T05:54:45.124Z</time></trkpt><trkpt lat="42.778178" lon="-7.424484"><ele>430.921</ele><time>2025-10-22T05:54:50.124Z</time></trkpt><trkpt lat="42.778155" lon="-7.424541"><ele>431.547</ele><time>2025-10-22T05:54:54.124Z</time></trkpt><trkpt lat="42.778136" lon="-7.424609"><ele>432.229</ele><time>2025-10-22T05:54:58.124Z</time></trkpt><trkpt lat="42.778120" lon="-7.424676"><ele>432.900</ele><time>2025-10-22T05:55:02.124Z</time></trkpt><trkpt lat="42.778100" lon="-7.424747"><ele>433.620</ele><time>2025-10-22T05:55:06.124Z</time></trkpt><trkpt lat="42.778068" lon="-7.424797"><ele>433.909</ele><time>2025-10-22T05:55:11.124Z</time></trkpt><trkpt lat="42.778060" lon="-7.424860"><ele>434.544</ele><time>2025-10-22T05:55:15.124Z</time></trkpt><trkpt lat="42.778045" lon="-7.424922"><ele>435.115</ele><time>2025-10-22T05:55:19.124Z</time></trkpt><trkpt lat="42.778031" lon="-7.424985"><ele>435.769</ele><time>2025-10-22T05:55:23.124Z</time></trkpt><trkpt lat="42.778017" lon="-7.425050"><ele>436.693</ele><time>2025-10-22T05:55:27.124Z</time></trkpt><trkpt lat="42.777999" lon="-7.425117"><ele>437.616</ele><time>2025-10-22T05:55:32.124Z</time></trkpt><trkpt lat="42.777968" lon="-7.425170"><ele>438.289</ele><time>2025-10-22T05:55:37.125Z</time></trkpt><trkpt lat="42.777928" lon="-7.425218"><ele>438.684</ele><time>2025-10-22T05:55:42.124Z</time></trkpt><trkpt lat="42.777877" lon="-7.425248"><ele>438.657</ele><time>2025-10-22T05:55:48.124Z</time></trkpt><trkpt lat="42.777831" lon="-7.425227"><ele>437.813</ele><time>2025-10-22T05:56:04.124Z</time></trkpt><trkpt lat="42.777788" lon="-7.425273"><ele>438.076</ele><time>2025-10-22T05:56:11.124Z</time></trkpt><trkpt lat="42.777761" lon="-7.425335"><ele>438.490</ele><time>2025-10-22T05:56:15.124Z</time></trkpt><trkpt lat="42.777732" lon="-7.425391"><ele>438.619</ele><time>2025-10-22T05:56:19.124Z</time></trkpt><trkpt lat="42.777698" lon="-7.425440"><ele>438.609</ele><time>2025-10-22T05:56:23.125Z</time></trkpt><trkpt lat="42.777662" lon="-7.425476"><ele>438.379</ele><time>2025-10-22T05:56:27.124Z</time></trkpt><trkpt lat="42.777615" lon="-7.425518"><ele>437.870</ele><time>2025-10-22T05:56:32.125Z</time></trkpt><trkpt lat="42.777566" lon="-7.425558"><ele>437.214</ele><time>2025-10-22T05:56:37.124Z</time></trkpt><trkpt lat="42.777531" lon="-7.425600"><ele>437.148</ele><time>2025-10-22T05:56:41.125Z</time></trkpt><trkpt lat="42.777486" lon="-7.425643"><ele>436.881</ele><time>2025-10-22T05:56:46.124Z</time></trkpt><trkpt lat="42.777442" lon="-7.425675"><ele>436.574</ele><time>2025-10-22T05:56:50.124Z</time></trkpt><trkpt lat="42.777404" lon="-7.425708"><ele>436.219</ele><time>2025-10-22T05:56:54.124Z</time></trkpt><trkpt lat="42.777364" lon="-7.425749"><ele>435.952</ele><time>2025-10-22T05:56:58.125Z</time></trkpt><trkpt lat="42.777331" lon="-7.425794"><ele>435.788</ele><time>2025-10-22T05:57:02.124Z</time></trkpt><trkpt lat="42.777299" lon="-7.425838"><ele>435.514</ele><time>2025-10-22T05:57:06.124Z</time></trkpt><trkpt lat="42.777262" lon="-7.425885"><ele>435.554</ele><time>2025-10-22T05:57:10.124Z</time></trkpt><trkpt lat="42.777223" lon="-7.425940"><ele>435.609</ele><time>2025-10-22T05:57:15.124Z</time></trkpt><trkpt lat="42.777181" lon="-7.425985"><ele>435.409</ele><time>2025-10-22T05:57:20.125Z</time></trkpt><trkpt lat="42.777140" lon="-7.426029"><ele>435.333</ele><time>2025-10-22T05:57:25.124Z</time></trkpt><trkpt lat="42.777106" lon="-7.426085"><ele>435.594</ele><time>2025-10-22T05:57:30.124Z</time></trkpt><trkpt lat="42.777069" lon="-7.426142"><ele>436.048</ele><time>2025-10-22T05:57:35.124Z</time></trkpt><trkpt lat="42.777039" lon="-7.426189"><ele>436.612</ele><time>2025-10-22T05:57:39.124Z</time></trkpt><trkpt lat="42.777009" lon="-7.426242"><ele>437.485</ele><time>2025-10-22T05:57:43.125Z</time></trkpt><trkpt lat="42.776976" lon="-7.426295"><ele>438.178</ele><time>2025-10-22T05:57:47.125Z</time></trkpt><trkpt lat="42.776937" lon="-7.426345"><ele>438.893</ele><time>2025-10-22T05:57:52.125Z</time></trkpt><trkpt lat="42.776894" lon="-7.426393"><ele>439.336</ele><time>2025-10-22T05:57:57.126Z</time></trkpt><trkpt lat="42.776869" lon="-7.426459"><ele>440.262</ele><time>2025-10-22T05:58:02.125Z</time></trkpt><trkpt lat="42.776839" lon="-7.426514"><ele>440.797</ele><time>2025-10-22T05:58:06.125Z</time></trkpt><trkpt lat="42.776806" lon="-7.426576"><ele>441.423</ele><time>2025-10-22T05:58:11.125Z</time></trkpt><trkpt lat="42.776777" lon="-7.426628"><ele>441.925</ele><time>2025-10-22T05:58:15.125Z</time></trkpt><trkpt lat="42.776752" lon="-7.426693"><ele>442.409</ele><time>2025-10-22T05:58:20.125Z</time></trkpt><trkpt lat="42.776721" lon="-7.426754"><ele>442.561</ele><time>2025-10-22T05:58:25.125Z</time></trkpt><trkpt lat="42.776687" lon="-7.426811"><ele>442.412</ele><time>2025-10-22T05:58:30.126Z</time></trkpt><trkpt lat="42.776647" lon="-7.426843"><ele>441.856</ele><time>2025-10-22T05:58:35.126Z</time></trkpt><trkpt lat="42.776598" lon="-7.426859"><ele>440.990</ele><time>2025-10-22T05:58:41.125Z</time></trkpt><trkpt lat="42.776561" lon="-7.426807"><ele>439.723</ele><time>2025-10-22T05:58:46.125Z</time></trkpt><trkpt lat="42.776532" lon="-7.426755"><ele>438.766</ele><time>2025-10-22T05:58:50.125Z</time></trkpt><trkpt lat="42.776504" lon="-7.426692"><ele>437.721</ele><time>2025-10-22T05:58:55Z</time></trkpt><trkpt lat="42.776491" lon="-7.426630"><ele>436.814</ele><time>2025-10-22T05:59:00.125Z</time></trkpt><trkpt lat="42.776453" lon="-7.426580"><ele>435.550</ele><time>2025-10-22T05:59:06.125Z</time></trkpt><trkpt lat="42.776407" lon="-7.426562"><ele>434.666</ele><time>2025-10-22T05:59:10.125Z</time></trkpt><trkpt lat="42.776358" lon="-7.426561"><ele>433.929</ele><time>2025-10-22T05:59:14.126Z</time></trkpt><trkpt lat="42.776313" lon="-7.426595"><ele>433.521</ele><time>2025-10-22T05:59:18.125Z</time></trkpt><trkpt lat="42.776276" lon="-7.426645"><ele>433.309</ele><time>2025-10-22T05:59:22.125Z</time></trkpt><trkpt lat="42.776243" lon="-7.426693"><ele>433.038</ele><time>2025-10-22T05:59:26.125Z</time></trkpt><trkpt lat="42.776201" lon="-7.426732"><ele>432.679</ele><time>2025-10-22T05:59:30.125Z</time></trkpt><trkpt lat="42.776162" lon="-7.426777"><ele>432.263</ele><time>2025-10-22T05:59:34.126Z</time></trkpt><trkpt lat="42.776124" lon="-7.426818"><ele>431.867</ele><time>2025-10-22T05:59:38.126Z</time></trkpt><trkpt lat="42.776086" lon="-7.426860"><ele>431.850</ele><time>2025-10-22T05:59:42.125Z</time></trkpt><trkpt lat="42.776046" lon="-7.426904"><ele>432.173</ele><time>2025-10-22T05:59:46.125Z</time></trkpt><trkpt lat="42.776006" lon="-7.426944"><ele>432.478</ele><time>2025-10-22T05:59:50.126Z</time></trkpt><trkpt lat="42.775962" lon="-7.426975"><ele>432.751</ele><time>2025-10-22T05:59:54.126Z</time></trkpt><trkpt lat="42.775916" lon="-7.426999"><ele>433.067</ele><time>2025-10-22T05:59:58.125Z</time></trkpt><trkpt lat="42.775876" lon="-7.427029"><ele>433.286</ele><time>2025-10-22T06:00:02.125Z</time></trkpt><trkpt lat="42.775833" lon="-7.427061"><ele>433.460</ele><time>2025-10-22T06:00:07.125Z</time></trkpt><trkpt lat="42.775792" lon="-7.427096"><ele>433.926</ele><time>2025-10-22T06:00:11.125Z</time></trkpt><trkpt lat="42.775745" lon="-7.427137"><ele>434.409</ele><time>2025-10-22T06:00:16.125Z</time></trkpt><trkpt lat="42.775703" lon="-7.427166"><ele>434.860</ele><time>2025-10-22T06:00:20.126Z</time></trkpt><trkpt lat="42.775666" lon="-7.427206"><ele>435.241</ele><time>2025-10-22T06:00:24.125Z</time></trkpt><trkpt lat="42.775625" lon="-7.427238"><ele>435.445</ele><time>2025-10-22T06:00:28.126Z</time></trkpt><trkpt lat="42.775589" lon="-7.427278"><ele>435.549</ele><time>2025-10-22T06:00:32.125Z</time></trkpt><trkpt lat="42.775556" lon="-7.427321"><ele>435.372</ele><time>2025-10-22T06:00:36.125Z</time></trkpt><trkpt lat="42.775522" lon="-7.427369"><ele>434.935</ele><time>2025-10-22T06:00:40.125Z</time></trkpt><trkpt lat="42.775487" lon="-7.427419"><ele>434.580</ele><time>2025-10-22T06:00:44.126Z</time></trkpt><trkpt lat="42.775460" lon="-7.427472"><ele>434.253</ele><time>2025-10-22T06:00:48.125Z</time></trkpt><trkpt lat="42.775427" lon="-7.427520"><ele>434.069</ele><time>2025-10-22T06:00:52.125Z</time></trkpt><trkpt lat="42.775387" lon="-7.427573"><ele>434.073</ele><time>2025-10-22T06:00:57.126Z</time></trkpt><trkpt lat="42.775357" lon="-7.427623"><ele>434.085</ele><time>2025-10-22T06:01:01.125Z</time></trkpt><trkpt lat="42.775324" lon="-7.427684"><ele>434.013</ele><time>2025-10-22T06:01:06.126Z</time></trkpt><trkpt lat="42.775291" lon="-7.427748"><ele>434.009</ele><time>2025-10-22T06:01:11.126Z</time></trkpt><trkpt lat="42.775263" lon="-7.427798"><ele>434.229</ele><time>2025-10-22T06:01:14.125Z</time></trkpt><trkpt lat="42.775233" lon="-7.427862"><ele>434.680</ele><time>2025-10-22T06:01:19.125Z</time></trkpt><trkpt lat="42.775197" lon="-7.427921"><ele>435.184</ele><time>2025-10-22T06:01:24.125Z</time></trkpt><trkpt lat="42.775167" lon="-7.427984"><ele>435.558</ele><time>2025-10-22T06:01:29.125Z</time></trkpt><trkpt lat="42.775135" lon="-7.428034"><ele>436.031</ele><time>2025-10-22T06:01:33.125Z</time></trkpt><trkpt lat="42.775094" lon="-7.428080"><ele>436.454</ele><time>2025-10-22T06:01:38.125Z</time></trkpt><trkpt lat="42.775056" lon="-7.428113"><ele>436.829</ele><time>2025-10-22T06:01:42.125Z</time></trkpt><trkpt lat="42.775019" lon="-7.428159"><ele>437.282</ele><time>2025-10-22T06:01:46.125Z</time></trkpt><trkpt lat="42.774979" lon="-7.428200"><ele>437.628</ele><time>2025-10-22T06:01:50.125Z</time></trkpt><trkpt lat="42.774940" lon="-7.428243"><ele>437.941</ele><time>2025-10-22T06:01:54.126Z</time></trkpt><trkpt lat="42.774896" lon="-7.428271"><ele>438.281</ele><time>2025-10-22T06:01:58.125Z</time></trkpt><trkpt lat="42.774856" lon="-7.428307"><ele>438.409</ele><time>2025-10-22T06:02:02.125Z</time></trkpt><trkpt lat="42.774813" lon="-7.428343"><ele>438.709</ele><time>2025-10-22T06:02:06.126Z</time></trkpt><trkpt lat="42.774767" lon="-7.428378"><ele>439.016</ele><time>2025-10-22T06:02:13.126Z</time></trkpt><trkpt lat="42.774739" lon="-7.428429"><ele>439.357</ele><time>2025-10-22T06:02:17.126Z</time></trkpt><trkpt lat="42.774711" lon="-7.428489"><ele>439.541</ele><time>2025-10-22T06:02:21.125Z</time></trkpt><trkpt lat="42.774681" lon="-7.428541"><ele>439.465</ele><time>2025-10-22T06:02:25.125Z</time></trkpt><trkpt lat="42.774654" lon="-7.428599"><ele>439.248</ele><time>2025-10-22T06:02:29.125Z</time></trkpt><trkpt lat="42.774627" lon="-7.428649"><ele>439.261</ele><time>2025-10-22T06:02:33.126Z</time></trkpt><trkpt lat="42.774595" lon="-7.428710"><ele>439.086</ele><time>2025-10-22T06:02:38.125Z</time></trkpt><trkpt lat="42.774575" lon="-7.428766"><ele>438.939</ele><time>2025-10-22T06:02:42Z</time></trkpt><trkpt lat="42.774549" lon="-7.428828"><ele>438.785</ele><time>2025-10-22T06:02:47.125Z</time></trkpt><trkpt lat="42.774529" lon="-7.428883"><ele>438.595</ele><time>2025-10-22T06:02:51.125Z</time></trkpt><trkpt lat="42.774510" lon="-7.428939"><ele>438.349</ele><time>2025-10-22T06:02:55.125Z</time></trkpt><trkpt lat="42.774494" lon="-7.428998"><ele>438.223</ele><time>2025-10-22T06:02:59.126Z</time></trkpt><trkpt lat="42.774479" lon="-7.429061"><ele>438.209</ele><time>2025-10-22T06:03:03.125Z</time></trkpt><trkpt lat="42.774466" lon="-7.429133"><ele>438.221</ele><time>2025-10-22T06:03:07.125Z</time></trkpt><trkpt lat="42.774450" lon="-7.429201"><ele>438.332</ele><time>2025-10-22T06:03:11.125Z</time></trkpt><trkpt lat="42.774438" lon="-7.429265"><ele>438.666</ele><time>2025-10-22T06:03:15.125Z</time></trkpt><trkpt lat="42.774428" lon="-7.429332"><ele>438.970</ele><time>2025-10-22T06:03:19.126Z</time></trkpt><trkpt lat="42.774414" lon="-7.429390"><ele>439.113</ele><time>2025-10-22T06:03:23.126Z</time></trkpt><trkpt lat="42.774398" lon="-7.429452"><ele>439.236</ele><time>2025-10-22T06:03:27.125Z</time></trkpt><trkpt lat="42.774387" lon="-7.429517"><ele>439.551</ele><time>2025-10-22T06:03:31.125Z</time></trkpt><trkpt lat="42.774381" lon="-7.429587"><ele>439.924</ele><time>2025-10-22T06:03:36.125Z</time></trkpt><trkpt lat="42.774348" lon="-7.429652"><ele>439.850</ele><time>2025-10-22T06:03:41.125Z</time></trkpt><trkpt lat="42.774335" lon="-7.429719"><ele>440.087</ele><time>2025-10-22T06:03:46.125Z</time></trkpt><trkpt lat="42.774319" lon="-7.429778"><ele>440.142</ele><time>2025-10-22T06:03:51.125Z</time></trkpt><trkpt lat="42.774307" lon="-7.429848"><ele>440.426</ele><time>2025-10-22T06:03:57.125Z</time></trkpt><trkpt lat="42.774294" lon="-7.429908"><ele>440.609</ele><time>2025-10-22T06:04:02.125Z</time></trkpt><trkpt lat="42.774275" lon="-7.429974"><ele>440.870</ele><time>2025-10-22T06:04:14.125Z</time></trkpt><trkpt lat="42.774250" lon="-7.430035"><ele>440.951</ele><time>2025-10-22T06:04:20.125Z</time></trkpt><trkpt lat="42.774235" lon="-7.430104"><ele>441.525</ele><time>2025-10-22T06:04:26.125Z</time></trkpt><trkpt lat="42.774219" lon="-7.430170"><ele>442.219</ele><time>2025-10-22T06:04:31.125Z</time></trkpt><trkpt lat="42.774197" lon="-7.430230"><ele>442.762</ele><time>2025-10-22T06:04:35.125Z</time></trkpt><trkpt lat="42.774169" lon="-7.430292"><ele>443.275</ele><time>2025-10-22T06:04:39.126Z</time></trkpt><trkpt lat="42.774125" lon="-7.430336"><ele>443.390</ele><time>2025-10-22T06:04:50.126Z</time></trkpt><trkpt lat="42.774081" lon="-7.430362"><ele>443.163</ele><time>2025-10-22T06:04:54.126Z</time></trkpt><trkpt lat="42.774032" lon="-7.430387"><ele>442.729</ele><time>2025-10-22T06:04:58.125Z</time></trkpt><trkpt lat="42.773982" lon="-7.430411"><ele>442.393</ele><time>2025-10-22T06:05:02.125Z</time></trkpt><trkpt lat="42.773928" lon="-7.430443"><ele>441.865</ele><time>2025-10-22T06:05:06.125Z</time></trkpt><trkpt lat="42.773887" lon="-7.430473"><ele>441.421</ele><time>2025-10-22T06:05:09.125Z</time></trkpt><trkpt lat="42.773833" lon="-7.430501"><ele>441.109</ele><time>2025-10-22T06:05:13.125Z</time></trkpt><trkpt lat="42.773781" lon="-7.430531"><ele>440.721</ele><time>2025-10-22T06:05:17.125Z</time></trkpt><trkpt lat="42.773739" lon="-7.430555"><ele>440.422</ele><time>2025-10-22T06:05:20.125Z</time></trkpt><trkpt lat="42.773686" lon="-7.430576"><ele>439.856</ele><time>2025-10-22T06:05:23.126Z</time></trkpt><trkpt lat="42.773639" lon="-7.430615"><ele>439.310</ele><time>2025-10-22T06:05:27.125Z</time></trkpt><trkpt lat="42.773584" lon="-7.430647"><ele>439.013</ele><time>2025-10-22T06:05:31.125Z</time></trkpt><trkpt lat="42.773539" lon="-7.430654"><ele>439.036</ele><time>2025-10-22T06:05:34.125Z</time></trkpt><trkpt lat="42.773488" lon="-7.430682"><ele>439.081</ele><time>2025-10-22T06:05:38.126Z</time></trkpt><trkpt lat="42.773435" lon="-7.430698"><ele>439.064</ele><time>2025-10-22T06:05:42.125Z</time></trkpt><trkpt lat="42.773384" lon="-7.430707"><ele>439.060</ele><time>2025-10-22T06:05:46.125Z</time></trkpt><trkpt lat="42.773338" lon="-7.430728"><ele>439.046</ele><time>2025-10-22T06:05:50.125Z</time></trkpt><trkpt lat="42.773290" lon="-7.430766"><ele>439.088</ele><time>2025-10-22T06:05:55.126Z</time></trkpt><trkpt lat="42.773251" lon="-7.430805"><ele>439.016</ele><time>2025-10-22T06:05:59.125Z</time></trkpt><trkpt lat="42.773206" lon="-7.430832"><ele>439.009</ele><time>2025-10-22T06:06:03.125Z</time></trkpt><trkpt lat="42.773162" lon="-7.430862"><ele>438.836</ele><time>2025-10-22T06:06:07.126Z</time></trkpt><trkpt lat="42.773116" lon="-7.430878"><ele>438.757</ele><time>2025-10-22T06:06:11.125Z</time></trkpt><trkpt lat="42.773067" lon="-7.430916"><ele>438.471</ele><time>2025-10-22T06:06:16.126Z</time></trkpt><trkpt lat="42.773023" lon="-7.430954"><ele>438.375</ele><time>2025-10-22T06:06:20.126Z</time></trkpt><trkpt lat="42.772974" lon="-7.430976"><ele>438.438</ele><time>2025-10-22T06:06:24.126Z</time></trkpt><trkpt lat="42.772929" lon="-7.431002"><ele>438.661</ele><time>2025-10-22T06:06:28.126Z</time></trkpt><trkpt lat="42.772887" lon="-7.431037"><ele>438.966</ele><time>2025-10-22T06:06:32.126Z</time></trkpt><trkpt lat="42.772848" lon="-7.431072"><ele>439.219</ele><time>2025-10-22T06:06:36.126Z</time></trkpt><trkpt lat="42.772803" lon="-7.431091"><ele>439.725</ele><time>2025-10-22T06:06:40.126Z</time></trkpt><trkpt lat="42.772759" lon="-7.431122"><ele>440.253</ele><time>2025-10-22T06:06:46.127Z</time></trkpt><trkpt lat="42.772764" lon="-7.431188"><ele>439.904</ele><time>2025-10-22T06:07:05.126Z</time></trkpt><trkpt lat="42.772725" lon="-7.431232"><ele>440.514</ele><time>2025-10-22T06:07:29.127Z</time></trkpt><trkpt lat="42.772712" lon="-7.431294"><ele>440.709</ele><time>2025-10-22T06:07:35.126Z</time></trkpt><trkpt lat="42.772723" lon="-7.431368"><ele>440.427</ele><time>2025-10-22T06:07:40Z</time></trkpt><trkpt lat="42.772720" lon="-7.431441"><ele>440.838</ele><time>2025-10-22T06:07:45.127Z</time></trkpt><trkpt lat="42.772740" lon="-7.431505"><ele>440.532</ele><time>2025-10-22T06:07:49.126Z</time></trkpt><trkpt lat="42.772747" lon="-7.431571"><ele>440.676</ele><time>2025-10-22T06:07:53.126Z</time></trkpt><trkpt lat="42.772740" lon="-7.431637"><ele>441.259</ele><time>2025-10-22T06:07:57.126Z</time></trkpt><trkpt lat="42.772731" lon="-7.431701"><ele>442.142</ele><time>2025-10-22T06:08:02.126Z</time></trkpt><trkpt lat="42.772726" lon="-7.431764"><ele>443.037</ele><time>2025-10-22T06:08:07.126Z</time></trkpt><trkpt lat="42.772727" lon="-7.431830"><ele>443.710</ele><time>2025-10-22T06:08:12.126Z</time></trkpt><trkpt lat="42.772721" lon="-7.431891"><ele>444.616</ele><time>2025-10-22T06:08:16.127Z</time></trkpt><trkpt lat="42.772707" lon="-7.431952"><ele>445.916</ele><time>2025-10-22T06:08:20.126Z</time></trkpt><trkpt lat="42.772698" lon="-7.432017"><ele>447.576</ele><time>2025-10-22T06:08:24.126Z</time></trkpt><trkpt lat="42.772689" lon="-7.432087"><ele>449.113</ele><time>2025-10-22T06:08:28.126Z</time></trkpt><trkpt lat="42.772686" lon="-7.432163"><ele>450.609</ele><time>2025-10-22T06:08:32.126Z</time></trkpt><trkpt lat="42.772673" lon="-7.432246"><ele>452.543</ele><time>2025-10-22T06:08:36.126Z</time></trkpt><trkpt lat="42.772684" lon="-7.432311"><ele>453.024</ele><time>2025-10-22T06:08:41.126Z</time></trkpt><trkpt lat="42.772683" lon="-7.432379"><ele>454.068</ele><time>2025-10-22T06:08:45.127Z</time></trkpt><trkpt lat="42.772689" lon="-7.432442"><ele>454.762</ele><time>2025-10-22T06:08:49.126Z</time></trkpt><trkpt lat="42.772692" lon="-7.432514"><ele>455.665</ele><time>2025-10-22T06:08:54.126Z</time></trkpt><trkpt lat="42.772708" lon="-7.432579"><ele>455.728</ele><time>2025-10-22T06:09:00.126Z</time></trkpt><trkpt lat="42.772694" lon="-7.432640"><ele>457.073</ele><time>2025-10-22T06:09:39.126Z</time></trkpt><trkpt lat="42.772660" lon="-7.432705"><ele>459.256</ele><time>2025-10-22T06:09:46.126Z</time></trkpt><trkpt lat="42.772645" lon="-7.432773"><ele>460.712</ele><time>2025-10-22T06:09:53Z</time></trkpt><trkpt lat="42.772638" lon="-7.432846"><ele>461.345</ele><time>2025-10-22T06:10:04.126Z</time></trkpt><trkpt lat="42.772631" lon="-7.432915"><ele>461.947</ele><time>2025-10-22T06:10:10.126Z</time></trkpt><trkpt lat="42.772602" lon="-7.432963"><ele>463.411</ele><time>2025-10-22T06:10:17.127Z</time></trkpt><trkpt lat="42.772574" lon="-7.433034"><ele>465.209</ele><time>2025-10-22T06:11:55.127Z</time></trkpt><trkpt lat="42.772551" lon="-7.433095"><ele>466.576</ele><time>2025-10-22T06:12:03.126Z</time></trkpt><trkpt lat="42.772521" lon="-7.433148"><ele>468.097</ele><time>2025-10-22T06:12:08.127Z</time></trkpt><trkpt lat="42.772488" lon="-7.433202"><ele>469.551</ele><time>2025-10-22T06:12:13.126Z</time></trkpt><trkpt lat="42.772473" lon="-7.433265"><ele>470.065</ele><time>2025-10-22T06:12:19.126Z</time></trkpt><trkpt lat="42.772459" lon="-7.433328"><ele>470.518</ele><time>2025-10-22T06:12:23.126Z</time></trkpt><trkpt lat="42.772441" lon="-7.433403"><ele>471.651</ele><time>2025-10-22T06:12:27.126Z</time></trkpt><trkpt lat="42.772445" lon="-7.433477"><ele>471.996</ele><time>2025-10-22T06:17:47.127Z</time></trkpt><trkpt lat="42.772442" lon="-7.433547"><ele>472.549</ele><time>2025-10-22T06:17:52.128Z</time></trkpt><trkpt lat="42.772446" lon="-7.433610"><ele>472.715</ele><time>2025-10-22T06:17:56.127Z</time></trkpt><trkpt lat="42.772454" lon="-7.433675"><ele>473.073</ele><time>2025-10-22T06:18:03.127Z</time></trkpt><trkpt lat="42.772442" lon="-7.433736"><ele>473.985</ele><time>2025-10-22T06:18:07.127Z</time></trkpt><trkpt lat="42.772439" lon="-7.433799"><ele>474.513</ele><time>2025-10-22T06:18:12.127Z</time></trkpt><trkpt lat="42.772423" lon="-7.433861"><ele>475.509</ele><time>2025-10-22T06:18:18.127Z</time></trkpt><trkpt lat="42.772421" lon="-7.433923"><ele>476.159</ele><time>2025-10-22T06:18:23.127Z</time></trkpt><trkpt lat="42.772415" lon="-7.433996"><ele>476.960</ele><time>2025-10-22T06:18:28.127Z</time></trkpt><trkpt lat="42.772401" lon="-7.434059"><ele>478.064</ele><time>2025-10-22T06:18:34.127Z</time></trkpt><trkpt lat="42.772382" lon="-7.434117"><ele>479.278</ele><time>2025-10-22T06:18:40.127Z</time></trkpt><trkpt lat="42.772367" lon="-7.434182"><ele>480.451</ele><time>2025-10-22T06:18:46.127Z</time></trkpt><trkpt lat="42.772361" lon="-7.434246"><ele>481.164</ele><time>2025-10-22T06:18:50.127Z</time></trkpt><trkpt lat="42.772351" lon="-7.434310"><ele>481.919</ele><time>2025-10-22T06:18:56.127Z</time></trkpt><trkpt lat="42.772345" lon="-7.434382"><ele>482.742</ele><time>2025-10-22T06:19:05.127Z</time></trkpt><trkpt lat="42.772359" lon="-7.434441"><ele>482.658</ele><time>2025-10-22T06:19:27.128Z</time></trkpt><trkpt lat="42.772335" lon="-7.434499"><ele>483.768</ele><time>2025-10-22T06:19:33.127Z</time></trkpt><trkpt lat="42.772311" lon="-7.434562"><ele>484.842</ele><time>2025-10-22T06:19:40.127Z</time></trkpt><trkpt lat="42.772306" lon="-7.434623"><ele>485.126</ele><time>2025-10-22T06:19:45.128Z</time></trkpt><trkpt lat="42.772315" lon="-7.434687"><ele>484.909</ele><time>2025-10-22T06:19:51.127Z</time></trkpt><trkpt lat="42.772333" lon="-7.434748"><ele>484.768</ele><time>2025-10-22T06:19:56.128Z</time></trkpt><trkpt lat="42.772338" lon="-7.434812"><ele>485.289</ele><time>2025-10-22T06:20:01.127Z</time></trkpt><trkpt lat="42.772348" lon="-7.434878"><ele>485.693</ele><time>2025-10-22T06:20:06.127Z</time></trkpt><trkpt lat="42.772348" lon="-7.434949"><ele>486.367</ele><time>2025-10-22T06:20:10.127Z</time></trkpt><trkpt lat="42.772367" lon="-7.435016"><ele>486.510</ele><time>2025-10-22T06:20:14.127Z</time></trkpt><trkpt lat="42.772388" lon="-7.435081"><ele>486.833</ele><time>2025-10-22T06:20:19.128Z</time></trkpt><trkpt lat="42.772379" lon="-7.435142"><ele>487.648</ele><time>2025-10-22T06:20:23.127Z</time></trkpt><trkpt lat="42.772362" lon="-7.435205"><ele>488.771</ele><time>2025-10-22T06:20:28.127Z</time></trkpt><trkpt lat="42.772366" lon="-7.435278"><ele>489.447</ele><time>2025-10-22T06:20:34.127Z</time></trkpt><trkpt lat="42.772369" lon="-7.435344"><ele>489.864</ele><time>2025-10-22T06:20:37.127Z</time></trkpt><trkpt lat="42.772369" lon="-7.435416"><ele>490.406</ele><time>2025-10-22T06:20:41.127Z</time></trkpt><trkpt lat="42.772359" lon="-7.435484"><ele>491.016</ele><time>2025-10-22T06:20:45.127Z</time></trkpt><trkpt lat="42.772352" lon="-7.435553"><ele>491.609</ele><time>2025-10-22T06:20:49.127Z</time></trkpt><trkpt lat="42.772363" lon="-7.435623"><ele>491.878</ele><time>2025-10-22T06:20:56.127Z</time></trkpt><trkpt lat="42.772347" lon="-7.435696"><ele>492.549</ele><time>2025-10-22T06:21:02.127Z</time></trkpt><trkpt lat="42.772360" lon="-7.435756"><ele>492.693</ele><time>2025-10-22T06:21:07.127Z</time></trkpt><trkpt lat="42.772354" lon="-7.435828"><ele>493.137</ele><time>2025-10-22T06:21:14.127Z</time></trkpt><trkpt lat="42.772376" lon="-7.435889"><ele>493.090</ele><time>2025-10-22T06:21:21.128Z</time></trkpt><trkpt lat="42.772375" lon="-7.435955"><ele>493.443</ele><time>2025-10-22T06:21:26.128Z</time></trkpt><trkpt lat="42.772392" lon="-7.436032"><ele>493.548</ele><time>2025-10-22T06:21:32.127Z</time></trkpt><trkpt lat="42.772412" lon="-7.436100"><ele>493.571</ele><time>2025-10-22T06:21:38.127Z</time></trkpt><trkpt lat="42.772414" lon="-7.436162"><ele>494.127</ele><time>2025-10-22T06:21:42.127Z</time></trkpt><trkpt lat="42.772419" lon="-7.436223"><ele>494.759</ele><time>2025-10-22T06:21:46.127Z</time></trkpt><trkpt lat="42.772416" lon="-7.436288"><ele>495.403</ele><time>2025-10-22T06:21:51.127Z</time></trkpt><trkpt lat="42.772414" lon="-7.436358"><ele>496.223</ele><time>2025-10-22T06:21:57.128Z</time></trkpt><trkpt lat="42.772440" lon="-7.436450"><ele>496.609</ele><time>2025-10-22T06:22:08.129Z</time></trkpt><trkpt lat="42.772447" lon="-7.436549"><ele>497.567</ele><time>2025-10-22T06:22:11.128Z</time></trkpt><trkpt lat="42.772496" lon="-7.436575"><ele>497.168</ele><time>2025-10-22T06:22:15.128Z</time></trkpt><trkpt lat="42.772467" lon="-7.436525"><ele>496.942</ele><time>2025-10-22T06:22:26.129Z</time></trkpt><trkpt lat="42.772447" lon="-7.436453"><ele>496.636</ele><time>2025-10-22T06:22:30.128Z</time></trkpt><trkpt lat="42.772440" lon="-7.436390"><ele>496.189</ele><time>2025-10-22T06:22:35.128Z</time></trkpt><trkpt lat="42.772418" lon="-7.436320"><ele>495.732</ele><time>2025-10-22T06:22:41.128Z</time></trkpt><trkpt lat="42.772388" lon="-7.436255"><ele>495.627</ele><time>2025-10-22T06:22:44.128Z</time></trkpt><trkpt lat="42.772363" lon="-7.436200"><ele>495.430</ele><time>2025-10-22T06:22:46.128Z</time></trkpt><trkpt lat="42.772336" lon="-7.436129"><ele>495.196</ele><time>2025-10-22T06:22:49.128Z</time></trkpt><trkpt lat="42.772316" lon="-7.436063"><ele>495.185</ele><time>2025-10-22T06:22:52.129Z</time></trkpt><trkpt lat="42.772292" lon="-7.435999"><ele>495.289</ele><time>2025-10-22T06:22:56.128Z</time></trkpt><trkpt lat="42.772274" lon="-7.435939"><ele>495.317</ele><time>2025-10-22T06:23:00.128Z</time></trkpt><trkpt lat="42.772231" lon="-7.435900"><ele>496.109</ele><time>2025-10-22T06:23:04.128Z</time></trkpt><trkpt lat="42.772186" lon="-7.435874"><ele>496.790</ele><time>2025-10-22T06:23:07.129Z</time></trkpt><trkpt lat="42.772135" lon="-7.435841"><ele>497.391</ele><time>2025-10-22T06:23:10.129Z</time></trkpt><trkpt lat="42.772089" lon="-7.435817"><ele>497.875</ele><time>2025-10-22T06:23:13.129Z</time></trkpt><trkpt lat="42.772040" lon="-7.435784"><ele>498.369</ele><time>2025-10-22T06:23:16.128Z</time></trkpt><trkpt lat="42.771985" lon="-7.435779"><ele>499.082</ele><time>2025-10-22T06:23:20.128Z</time></trkpt><trkpt lat="42.771938" lon="-7.435798"><ele>499.765</ele><time>2025-10-22T06:23:25.128Z</time></trkpt><trkpt lat="42.771890" lon="-7.435807"><ele>499.870</ele><time>2025-10-22T06:23:30.128Z</time></trkpt><trkpt lat="42.771839" lon="-7.435812"><ele>499.923</ele><time>2025-10-22T06:23:35.129Z</time></trkpt><trkpt lat="42.771793" lon="-7.435825"><ele>500.089</ele><time>2025-10-22T06:23:39.128Z</time></trkpt><trkpt lat="42.771741" lon="-7.435838"><ele>500.064</ele><time>2025-10-22T06:23:43Z</time></trkpt><trkpt lat="42.771694" lon="-7.435855"><ele>500.106</ele><time>2025-10-22T06:23:47.128Z</time></trkpt><trkpt lat="42.771639" lon="-7.435872"><ele>500.516</ele><time>2025-10-22T06:23:52Z</time></trkpt><trkpt lat="42.771587" lon="-7.435870"><ele>500.809</ele><time>2025-10-22T06:23:57.128Z</time></trkpt><trkpt lat="42.771544" lon="-7.435895"><ele>501.268</ele><time>2025-10-22T06:24:01.129Z</time></trkpt><trkpt lat="42.771505" lon="-7.435927"><ele>501.669</ele><time>2025-10-22T06:24:05.128Z</time></trkpt><trkpt lat="42.771464" lon="-7.435962"><ele>502.093</ele><time>2025-10-22T06:24:38.128Z</time></trkpt><trkpt lat="42.771425" lon="-7.436004"><ele>502.437</ele><time>2025-10-22T06:24:46.128Z</time></trkpt><trkpt lat="42.771387" lon="-7.436050"><ele>502.810</ele><time>2025-10-22T06:24:52.128Z</time></trkpt><trkpt lat="42.771353" lon="-7.436094"><ele>502.843</ele><time>2025-10-22T06:24:57.128Z</time></trkpt><trkpt lat="42.771330" lon="-7.436147"><ele>502.988</ele><time>2025-10-22T06:25:02.128Z</time></trkpt><trkpt lat="42.771303" lon="-7.436212"><ele>502.981</ele><time>2025-10-22T06:25:08.128Z</time></trkpt><trkpt lat="42.771282" lon="-7.436279"><ele>503.077</ele><time>2025-10-22T06:25:13.128Z</time></trkpt><trkpt lat="42.771262" lon="-7.436345"><ele>503.016</ele><time>2025-10-22T06:25:18.129Z</time></trkpt><trkpt lat="42.771243" lon="-7.436403"><ele>503.076</ele><time>2025-10-22T06:25:22.128Z</time></trkpt><trkpt lat="42.771229" lon="-7.436463"><ele>503.013</ele><time>2025-10-22T06:25:26.128Z</time></trkpt><trkpt lat="42.771211" lon="-7.436520"><ele>503.009</ele><time>2025-10-22T06:25:30.128Z</time></trkpt><trkpt lat="42.771190" lon="-7.436578"><ele>503.163</ele><time>2025-10-22T06:25:34.128Z</time></trkpt><trkpt lat="42.771171" lon="-7.436636"><ele>503.124</ele><time>2025-10-22T06:25:38.128Z</time></trkpt><trkpt lat="42.771149" lon="-7.436695"><ele>503.298</ele><time>2025-10-22T06:25:42.128Z</time></trkpt><trkpt lat="42.771130" lon="-7.436751"><ele>503.392</ele><time>2025-10-22T06:25:46.129Z</time></trkpt><trkpt lat="42.771116" lon="-7.436814"><ele>503.565</ele><time>2025-10-22T06:25:50.128Z</time></trkpt><trkpt lat="42.771093" lon="-7.436884"><ele>503.728</ele><time>2025-10-22T06:25:55.128Z</time></trkpt><trkpt lat="42.771074" lon="-7.436941"><ele>503.963</ele><time>2025-10-22T06:25:59.128Z</time></trkpt><trkpt lat="42.771056" lon="-7.436997"><ele>504.066</ele><time>2025-10-22T06:26:03.128Z</time></trkpt><trkpt lat="42.771035" lon="-7.437061"><ele>504.332</ele><time>2025-10-22T06:26:08.129Z</time></trkpt><trkpt lat="42.771017" lon="-7.437118"><ele>504.522</ele><time>2025-10-22T06:26:12.128Z</time></trkpt><trkpt lat="42.770998" lon="-7.437174"><ele>504.862</ele><time>2025-10-22T06:26:16.128Z</time></trkpt><trkpt lat="42.770981" lon="-7.437232"><ele>505.008</ele><time>2025-10-22T06:26:20.128Z</time></trkpt><trkpt lat="42.770963" lon="-7.437290"><ele>505.009</ele><time>2025-10-22T06:26:24.128Z</time></trkpt><trkpt lat="42.770945" lon="-7.437350"><ele>505.094</ele><time>2025-10-22T06:26:28.129Z</time></trkpt><trkpt lat="42.770928" lon="-7.437413"><ele>505.045</ele><time>2025-10-22T06:26:32.128Z</time></trkpt><trkpt lat="42.770907" lon="-7.437484"><ele>505.089</ele><time>2025-10-22T06:26:37.128Z</time></trkpt><trkpt lat="42.770886" lon="-7.437542"><ele>505.063</ele><time>2025-10-22T06:26:41.128Z</time></trkpt><trkpt lat="42.770862" lon="-7.437598"><ele>505.046</ele><time>2025-10-22T06:26:45.129Z</time></trkpt><trkpt lat="42.770834" lon="-7.437660"><ele>505.089</ele><time>2025-10-22T06:26:50.128Z</time></trkpt><trkpt lat="42.770808" lon="-7.437713"><ele>504.864</ele><time>2025-10-22T06:26:54.128Z</time></trkpt><trkpt lat="42.770776" lon="-7.437761"><ele>504.617</ele><time>2025-10-22T06:26:58.129Z</time></trkpt><trkpt lat="42.770749" lon="-7.437812"><ele>504.523</ele><time>2025-10-22T06:27:02.128Z</time></trkpt><trkpt lat="42.770717" lon="-7.437858"><ele>504.593</ele><time>2025-10-22T06:27:06.129Z</time></trkpt><trkpt lat="42.770684" lon="-7.437907"><ele>504.465</ele><time>2025-10-22T06:27:10.128Z</time></trkpt><trkpt lat="42.770654" lon="-7.437956"><ele>504.421</ele><time>2025-10-22T06:27:14.129Z</time></trkpt><trkpt lat="42.770622" lon="-7.438006"><ele>504.309</ele><time>2025-10-22T06:27:18.129Z</time></trkpt><trkpt lat="42.770588" lon="-7.438049"><ele>504.231</ele><time>2025-10-22T06:27:22.128Z</time></trkpt><trkpt lat="42.770550" lon="-7.438100"><ele>504.062</ele><time>2025-10-22T06:27:27.128Z</time></trkpt><trkpt lat="42.770537" lon="-7.438169"><ele>503.986</ele><time>2025-10-22T06:27:32.128Z</time></trkpt><trkpt lat="42.770499" lon="-7.438214"><ele>503.620</ele><time>2025-10-22T06:27:37.128Z</time></trkpt><trkpt lat="42.770463" lon="-7.438252"><ele>503.353</ele><time>2025-10-22T06:27:41.128Z</time></trkpt><trkpt lat="42.770427" lon="-7.438306"><ele>503.116</ele><time>2025-10-22T06:27:46.128Z</time></trkpt><trkpt lat="42.770388" lon="-7.438356"><ele>502.891</ele><time>2025-10-22T06:27:51.128Z</time></trkpt><trkpt lat="42.770353" lon="-7.438412"><ele>502.734</ele><time>2025-10-22T06:27:56.129Z</time></trkpt><trkpt lat="42.770317" lon="-7.438470"><ele>502.740</ele><time>2025-10-22T06:28:01.128Z</time></trkpt><trkpt lat="42.770288" lon="-7.438531"><ele>502.837</ele><time>2025-10-22T06:28:06.128Z</time></trkpt><trkpt lat="42.770262" lon="-7.438585"><ele>502.849</ele><time>2025-10-22T06:28:10.129Z</time></trkpt><trkpt lat="42.770233" lon="-7.438635"><ele>502.813</ele><time>2025-10-22T06:28:14.128Z</time></trkpt><trkpt lat="42.770210" lon="-7.438689"><ele>502.809</ele><time>2025-10-22T06:28:18.128Z</time></trkpt><trkpt lat="42.770181" lon="-7.438741"><ele>502.715</ele><time>2025-10-22T06:28:23.129Z</time></trkpt><trkpt lat="42.770170" lon="-7.438807"><ele>502.686</ele><time>2025-10-22T06:28:28.128Z</time></trkpt><trkpt lat="42.770141" lon="-7.438871"><ele>502.590</ele><time>2025-10-22T06:28:33.128Z</time></trkpt><trkpt lat="42.770111" lon="-7.438933"><ele>502.254</ele><time>2025-10-22T06:28:38.128Z</time></trkpt><trkpt lat="42.770084" lon="-7.438987"><ele>501.927</ele><time>2025-10-22T06:28:42.128Z</time></trkpt><trkpt lat="42.770065" lon="-7.439049"><ele>501.710</ele><time>2025-10-22T06:28:46.128Z</time></trkpt><trkpt lat="42.770039" lon="-7.439112"><ele>501.335</ele><time>2025-10-22T06:28:51.128Z</time></trkpt><trkpt lat="42.770011" lon="-7.439167"><ele>501.048</ele><time>2025-10-22T06:28:56.128Z</time></trkpt><trkpt lat="42.769986" lon="-7.439225"><ele>501.024</ele><time>2025-10-22T06:29:01.128Z</time></trkpt><trkpt lat="42.769963" lon="-7.439288"><ele>501.034</ele><time>2025-10-22T06:29:14.129Z</time></trkpt><trkpt lat="42.769943" lon="-7.439343"><ele>501.055</ele><time>2025-10-22T06:29:19.129Z</time></trkpt><trkpt lat="42.769922" lon="-7.439400"><ele>501.010</ele><time>2025-10-22T06:29:23.128Z</time></trkpt><trkpt lat="42.769899" lon="-7.439469"><ele>501.009</ele><time>2025-10-22T06:29:28.128Z</time></trkpt><trkpt lat="42.769875" lon="-7.439531"><ele>501.075</ele><time>2025-10-22T06:29:33.129Z</time></trkpt><trkpt lat="42.769839" lon="-7.439568"><ele>501.056</ele><time>2025-10-22T06:29:43.128Z</time></trkpt><trkpt lat="42.769822" lon="-7.439625"><ele>501.080</ele><time>2025-10-22T06:29:48.129Z</time></trkpt><trkpt lat="42.769838" lon="-7.439683"><ele>501.054</ele><time>2025-10-22T06:30:00.128Z</time></trkpt><trkpt lat="42.769873" lon="-7.439742"><ele>501.087</ele><time>2025-10-22T06:30:10.129Z</time></trkpt><trkpt lat="42.769917" lon="-7.439784"><ele>501.060</ele><time>2025-10-22T06:30:14.129Z</time></trkpt><trkpt lat="42.769957" lon="-7.439826"><ele>501.085</ele><time>2025-10-22T06:30:18.129Z</time></trkpt><trkpt lat="42.769998" lon="-7.439864"><ele>501.048</ele><time>2025-10-22T06:30:22.129Z</time></trkpt><trkpt lat="42.770044" lon="-7.439887"><ele>500.994</ele><time>2025-10-22T06:30:26Z</time></trkpt><trkpt lat="42.770097" lon="-7.439869"><ele>500.873</ele><time>2025-10-22T06:30:30Z</time></trkpt><trkpt lat="42.770141" lon="-7.439912"><ele>500.885</ele><time>2025-10-22T06:30:35.129Z</time></trkpt><trkpt lat="42.770161" lon="-7.439968"><ele>500.913</ele><time>2025-10-22T06:30:38.129Z</time></trkpt><trkpt lat="42.770186" lon="-7.440022"><ele>501.209</ele><time>2025-10-22T06:30:41.129Z</time></trkpt><trkpt lat="42.770212" lon="-7.440082"><ele>501.699</ele><time>2025-10-22T06:30:45.129Z</time></trkpt><trkpt lat="42.770266" lon="-7.440115"><ele>501.810</ele><time>2025-10-22T06:30:49.130Z</time></trkpt><trkpt lat="42.770306" lon="-7.440162"><ele>502.434</ele><time>2025-10-22T06:30:53.129Z</time></trkpt><trkpt lat="42.770344" lon="-7.440215"><ele>503.068</ele><time>2025-10-22T06:30:57.129Z</time></trkpt><trkpt lat="42.770369" lon="-7.440269"><ele>503.611</ele><time>2025-10-22T06:31:01.129Z</time></trkpt><trkpt lat="42.770389" lon="-7.440329"><ele>504.094</ele><time>2025-10-22T06:31:05.129Z</time></trkpt><trkpt lat="42.770406" lon="-7.440394"><ele>504.319</ele><time>2025-10-22T06:31:09.129Z</time></trkpt><trkpt lat="42.770427" lon="-7.440461"><ele>504.722</ele><time>2025-10-22T06:31:13.129Z</time></trkpt><trkpt lat="42.770445" lon="-7.440529"><ele>505.118</ele><time>2025-10-22T06:31:17.129Z</time></trkpt><trkpt lat="42.770459" lon="-7.440597"><ele>505.286</ele><time>2025-10-22T06:31:21.129Z</time></trkpt><trkpt lat="42.770477" lon="-7.440666"><ele>505.160</ele><time>2025-10-22T06:31:25.130Z</time></trkpt><trkpt lat="42.770494" lon="-7.440735"><ele>505.126</ele><time>2025-10-22T06:31:29.130Z</time></trkpt><trkpt lat="42.770510" lon="-7.440806"><ele>504.909</ele><time>2025-10-22T06:31:33.129Z</time></trkpt><trkpt lat="42.770527" lon="-7.440872"><ele>504.980</ele><time>2025-10-22T06:31:37.130Z</time></trkpt><trkpt lat="42.770541" lon="-7.440940"><ele>504.981</ele><time>2025-10-22T06:31:41.130Z</time></trkpt><trkpt lat="42.770555" lon="-7.441016"><ele>505.035</ele><time>2025-10-22T06:31:45.129Z</time></trkpt><trkpt lat="42.770564" lon="-7.441090"><ele>505.149</ele><time>2025-10-22T06:31:49.130Z</time></trkpt><trkpt lat="42.770577" lon="-7.441165"><ele>505.032</ele><time>2025-10-22T06:31:53.129Z</time></trkpt><trkpt lat="42.770587" lon="-7.441235"><ele>504.825</ele><time>2025-10-22T06:31:57.129Z</time></trkpt><trkpt lat="42.770599" lon="-7.441309"><ele>504.690</ele><time>2025-10-22T06:32:01.129Z</time></trkpt><trkpt lat="42.770607" lon="-7.441387"><ele>504.423</ele><time>2025-10-22T06:32:05.129Z</time></trkpt><trkpt lat="42.770617" lon="-7.441459"><ele>504.329</ele><time>2025-10-22T06:32:09.129Z</time></trkpt><trkpt lat="42.770626" lon="-7.441529"><ele>504.366</ele><time>2025-10-22T06:32:13.130Z</time></trkpt><trkpt lat="42.770632" lon="-7.441599"><ele>504.129</ele><time>2025-10-22T06:32:17.129Z</time></trkpt><trkpt lat="42.770635" lon="-7.441668"><ele>504.021</ele><time>2025-10-22T06:32:21.129Z</time></trkpt><trkpt lat="42.770644" lon="-7.441741"><ele>503.809</ele><time>2025-10-22T06:32:25.129Z</time></trkpt><trkpt lat="42.770655" lon="-7.441814"><ele>503.778</ele><time>2025-10-22T06:32:29.130Z</time></trkpt><trkpt lat="42.770666" lon="-7.441886"><ele>503.579</ele><time>2025-10-22T06:32:33.129Z</time></trkpt><trkpt lat="42.770681" lon="-7.441955"><ele>503.443</ele><time>2025-10-22T06:32:37.130Z</time></trkpt><trkpt lat="42.770696" lon="-7.442021"><ele>503.277</ele><time>2025-10-22T06:32:41.129Z</time></trkpt><trkpt lat="42.770712" lon="-7.442085"><ele>503.140</ele><time>2025-10-22T06:32:45.129Z</time></trkpt><trkpt lat="42.770731" lon="-7.442151"><ele>502.963</ele><time>2025-10-22T06:32:49.130Z</time></trkpt><trkpt lat="42.770749" lon="-7.442217"><ele>502.768</ele><time>2025-10-22T06:32:53.129Z</time></trkpt><trkpt lat="42.770766" lon="-7.442279"><ele>502.641</ele><time>2025-10-22T06:32:57.129Z</time></trkpt><trkpt lat="42.770785" lon="-7.442337"><ele>502.467</ele><time>2025-10-22T06:33:01.129Z</time></trkpt><trkpt lat="42.770805" lon="-7.442403"><ele>502.221</ele><time>2025-10-22T06:33:05.129Z</time></trkpt><trkpt lat="42.770819" lon="-7.442470"><ele>502.141</ele><time>2025-10-22T06:33:09.129Z</time></trkpt><trkpt lat="42.770832" lon="-7.442532"><ele>502.005</ele><time>2025-10-22T06:33:13.129Z</time></trkpt><trkpt lat="42.770835" lon="-7.442601"><ele>502.009</ele><time>2025-10-22T06:33:17.130Z</time></trkpt><trkpt lat="42.770851" lon="-7.442662"><ele>502.244</ele><time>2025-10-22T06:33:21.129Z</time></trkpt><trkpt lat="42.770860" lon="-7.442725"><ele>502.265</ele><time>2025-10-22T06:33:25.129Z</time></trkpt><trkpt lat="42.770869" lon="-7.442799"><ele>502.339</ele><time>2025-10-22T06:33:30.129Z</time></trkpt><trkpt lat="42.770875" lon="-7.442862"><ele>502.683</ele><time>2025-10-22T06:33:34.129Z</time></trkpt><trkpt lat="42.770899" lon="-7.442919"><ele>502.966</ele><time>2025-10-22T06:33:38.129Z</time></trkpt><trkpt lat="42.770910" lon="-7.442982"><ele>503.159</ele><time>2025-10-22T06:33:42.129Z</time></trkpt><trkpt lat="42.770913" lon="-7.443046"><ele>503.354</ele><time>2025-10-22T06:33:46.130Z</time></trkpt><trkpt lat="42.770920" lon="-7.443111"><ele>503.347</ele><time>2025-10-22T06:33:50.129Z</time></trkpt><trkpt lat="42.770920" lon="-7.443176"><ele>503.333</ele><time>2025-10-22T06:33:54.129Z</time></trkpt><trkpt lat="42.770904" lon="-7.443237"><ele>503.318</ele><time>2025-10-22T06:33:58.129Z</time></trkpt><trkpt lat="42.770893" lon="-7.443310"><ele>503.298</ele><time>2025-10-22T06:34:03.129Z</time></trkpt><trkpt lat="42.770866" lon="-7.443359"><ele>503.417</ele><time>2025-10-22T06:34:07.130Z</time></trkpt><trkpt lat="42.770823" lon="-7.443394"><ele>503.709</ele><time>2025-10-22T06:34:11.129Z</time></trkpt><trkpt lat="42.770778" lon="-7.443413"><ele>504.133</ele><time>2025-10-22T06:34:15.129Z</time></trkpt><trkpt lat="42.770727" lon="-7.443433"><ele>504.554</ele><time>2025-10-22T06:34:19.130Z</time></trkpt><trkpt lat="42.770680" lon="-7.443451"><ele>504.828</ele><time>2025-10-22T06:34:23.129Z</time></trkpt><trkpt lat="42.770635" lon="-7.443467"><ele>505.232</ele><time>2025-10-22T06:34:27.129Z</time></trkpt><trkpt lat="42.770584" lon="-7.443487"><ele>505.635</ele><time>2025-10-22T06:34:31.129Z</time></trkpt><trkpt lat="42.770533" lon="-7.443518"><ele>506.228</ele><time>2025-10-22T06:34:36.129Z</time></trkpt><trkpt lat="42.770490" lon="-7.443544"><ele>506.943</ele><time>2025-10-22T06:34:40.129Z</time></trkpt><trkpt lat="42.770443" lon="-7.443573"><ele>507.726</ele><time>2025-10-22T06:34:45.129Z</time></trkpt><trkpt lat="42.770395" lon="-7.443609"><ele>508.712</ele><time>2025-10-22T06:34:50.129Z</time></trkpt><trkpt lat="42.770340" lon="-7.443631"><ele>509.534</ele><time>2025-10-22T06:34:55.129Z</time></trkpt><trkpt lat="42.770301" lon="-7.443673"><ele>510.255</ele><time>2025-10-22T06:35:01.129Z</time></trkpt><trkpt lat="42.770253" lon="-7.443680"><ele>510.710</ele><time>2025-10-22T06:35:08.129Z</time></trkpt><trkpt lat="42.770211" lon="-7.443709"><ele>511.309</ele><time>2025-10-22T06:35:13.130Z</time></trkpt><trkpt lat="42.770164" lon="-7.443744"><ele>512.045</ele><time>2025-10-22T06:35:18.129Z</time></trkpt><trkpt lat="42.770117" lon="-7.443779"><ele>512.626</ele><time>2025-10-22T06:35:23.129Z</time></trkpt><trkpt lat="42.770076" lon="-7.443816"><ele>513.150</ele><time>2025-10-22T06:35:28.129Z</time></trkpt><trkpt lat="42.770032" lon="-7.443855"><ele>513.624</ele><time>2025-10-22T06:35:33.129Z</time></trkpt><trkpt lat="42.769994" lon="-7.443899"><ele>514.137</ele><time>2025-10-22T06:35:38.129Z</time></trkpt><trkpt lat="42.769963" lon="-7.443944"><ele>514.480</ele><time>2025-10-22T06:35:43.130Z</time></trkpt><trkpt lat="42.769932" lon="-7.443997"><ele>514.865</ele><time>2025-10-22T06:35:48.129Z</time></trkpt><trkpt lat="42.769907" lon="-7.444051"><ele>515.178</ele><time>2025-10-22T06:35:53.129Z</time></trkpt><trkpt lat="42.769869" lon="-7.444106"><ele>515.494</ele><time>2025-10-22T06:35:58.129Z</time></trkpt><trkpt lat="42.769839" lon="-7.444153"><ele>515.676</ele><time>2025-10-22T06:36:02.129Z</time></trkpt><trkpt lat="42.769803" lon="-7.444200"><ele>515.890</ele><time>2025-10-22T06:36:07.129Z</time></trkpt><trkpt lat="42.769765" lon="-7.444246"><ele>516.119</ele><time>2025-10-22T06:36:12.129Z</time></trkpt><trkpt lat="42.769722" lon="-7.444289"><ele>516.409</ele><time>2025-10-22T06:36:18.130Z</time></trkpt><trkpt lat="42.769679" lon="-7.444313"><ele>516.769</ele><time>2025-10-22T06:36:23.129Z</time></trkpt><trkpt lat="42.769640" lon="-7.444345"><ele>516.910</ele><time>2025-10-22T06:36:28.130Z</time></trkpt><trkpt lat="42.769589" lon="-7.444370"><ele>517.224</ele><time>2025-10-22T06:36:34.129Z</time></trkpt><trkpt lat="42.769555" lon="-7.444410"><ele>517.568</ele><time>2025-10-22T06:36:38.129Z</time></trkpt><trkpt lat="42.769504" lon="-7.444436"><ele>517.841</ele><time>2025-10-22T06:36:43.129Z</time></trkpt><trkpt lat="42.769454" lon="-7.444423"><ele>517.964</ele><time>2025-10-22T06:37:00.129Z</time></trkpt><trkpt lat="42.769408" lon="-7.444415"><ele>518.399</ele><time>2025-10-22T06:37:08.129Z</time></trkpt><trkpt lat="42.769356" lon="-7.444409"><ele>518.782</ele><time>2025-10-22T06:37:13Z</time></trkpt><trkpt lat="42.769311" lon="-7.444410"><ele>519.218</ele><time>2025-10-22T06:37:17Z</time></trkpt><trkpt lat="42.769262" lon="-7.444395"><ele>519.645</ele><time>2025-10-22T06:37:28.129Z</time></trkpt><trkpt lat="42.769209" lon="-7.444388"><ele>520.047</ele><time>2025-10-22T06:37:33.129Z</time></trkpt><trkpt lat="42.769167" lon="-7.444361"><ele>520.111</ele><time>2025-10-22T06:37:41.129Z</time></trkpt><trkpt lat="42.769134" lon="-7.444313"><ele>519.809</ele><time>2025-10-22T06:39:12.129Z</time></trkpt><trkpt lat="42.769097" lon="-7.444269"><ele>519.656</ele><time>2025-10-22T06:39:16.129Z</time></trkpt><trkpt lat="42.769063" lon="-7.444226"><ele>519.477</ele><time>2025-10-22T06:39:20.129Z</time></trkpt><trkpt lat="42.769017" lon="-7.444198"><ele>519.421</ele><time>2025-10-22T06:39:25.129Z</time></trkpt><trkpt lat="42.768970" lon="-7.444164"><ele>519.435</ele><time>2025-10-22T06:39:30.129Z</time></trkpt><trkpt lat="42.768928" lon="-7.444136"><ele>519.688</ele><time>2025-10-22T06:39:35.129Z</time></trkpt><trkpt lat="42.768879" lon="-7.444126"><ele>519.981</ele><time>2025-10-22T06:39:44.129Z</time></trkpt><trkpt lat="42.768830" lon="-7.444127"><ele>520.066</ele><time>2025-10-22T06:39:52.130Z</time></trkpt><trkpt lat="42.768783" lon="-7.444145"><ele>520.399</ele><time>2025-10-22T06:39:57.129Z</time></trkpt><trkpt lat="42.768749" lon="-7.444194"><ele>520.845</ele><time>2025-10-22T06:40:22.129Z</time></trkpt><trkpt lat="42.768789" lon="-7.444153"><ele>520.389</ele><time>2025-10-22T06:40:33.129Z</time></trkpt><trkpt lat="42.768815" lon="-7.444100"><ele>520.006</ele><time>2025-10-22T06:40:38.129Z</time></trkpt><trkpt lat="42.768830" lon="-7.444033"><ele>519.626</ele><time>2025-10-22T06:40:43.129Z</time></trkpt><trkpt lat="42.768841" lon="-7.443971"><ele>519.309</ele><time>2025-10-22T06:40:52.129Z</time></trkpt><trkpt lat="42.768833" lon="-7.443906"><ele>519.180</ele><time>2025-10-22T06:40:57.129Z</time></trkpt><trkpt lat="42.768831" lon="-7.443967"><ele>519.321</ele><time>2025-10-22T06:41:17.130Z</time></trkpt><trkpt lat="42.768827" lon="-7.444029"><ele>519.665</ele><time>2025-10-22T06:41:21.129Z</time></trkpt><trkpt lat="42.768820" lon="-7.444100"><ele>519.949</ele><time>2025-10-22T06:41:26.129Z</time></trkpt><trkpt lat="42.768780" lon="-7.444149"><ele>520.312</ele><time>2025-10-22T06:41:38.129Z</time></trkpt><trkpt lat="42.768751" lon="-7.444200"><ele>520.945</ele><time>2025-10-22T06:41:48.130Z</time></trkpt><trkpt lat="42.768705" lon="-7.444224"><ele>521.350</ele><time>2025-10-22T06:41:55.129Z</time></trkpt><trkpt lat="42.768698" lon="-7.444287"><ele>522.053</ele><time>2025-10-22T06:42:35.130Z</time></trkpt><trkpt lat="42.768681" lon="-7.444358"><ele>522.859</ele><time>2025-10-22T06:42:40.130Z</time></trkpt><trkpt lat="42.768659" lon="-7.444429"><ele>523.734</ele><time>2025-10-22T06:42:45Z</time></trkpt><trkpt lat="42.768629" lon="-7.444493"><ele>524.355</ele><time>2025-10-22T06:42:50.131Z</time></trkpt><trkpt lat="42.768603" lon="-7.444554"><ele>524.810</ele><time>2025-10-22T06:42:55.130Z</time></trkpt><trkpt lat="42.768566" lon="-7.444597"><ele>525.209</ele><time>2025-10-22T06:43:00Z</time></trkpt><trkpt lat="42.768522" lon="-7.444613"><ele>525.315</ele><time>2025-10-22T06:43:05.130Z</time></trkpt><trkpt lat="42.768470" lon="-7.444601"><ele>525.386</ele><time>2025-10-22T06:43:10.130Z</time></trkpt><trkpt lat="42.768425" lon="-7.444588"><ele>525.450</ele><time>2025-10-22T06:43:16.130Z</time></trkpt><trkpt lat="42.768379" lon="-7.444573"><ele>525.484</ele><time>2025-10-22T06:43:23.130Z</time></trkpt><trkpt lat="42.768422" lon="-7.444612"><ele>525.527</ele><time>2025-10-22T06:43:37.131Z</time></trkpt><trkpt lat="42.768464" lon="-7.444651"><ele>525.690</ele><time>2025-10-22T06:43:41.130Z</time></trkpt><trkpt lat="42.768503" lon="-7.444705"><ele>525.925</ele><time>2025-10-22T06:43:45.130Z</time></trkpt><trkpt lat="42.768537" lon="-7.444751"><ele>526.158</ele><time>2025-10-22T06:43:49.130Z</time></trkpt><trkpt lat="42.768561" lon="-7.444816"><ele>526.464</ele><time>2025-10-22T06:43:54.130Z</time></trkpt><trkpt lat="42.768583" lon="-7.444869"><ele>526.625</ele><time>2025-10-22T06:43:59.130Z</time></trkpt><trkpt lat="42.768595" lon="-7.444937"><ele>526.826</ele><time>2025-10-22T06:44:05Z</time></trkpt><trkpt lat="42.768604" lon="-7.445003"><ele>527.008</ele><time>2025-10-22T06:44:10.130Z</time></trkpt><trkpt lat="42.768608" lon="-7.445066"><ele>527.209</ele><time>2025-10-22T06:44:15.131Z</time></trkpt><trkpt lat="42.768607" lon="-7.445132"><ele>527.514</ele><time>2025-10-22T06:44:20Z</time></trkpt><trkpt lat="42.768605" lon="-7.445199"><ele>527.775</ele><time>2025-10-22T06:44:25.130Z</time></trkpt><trkpt lat="42.768597" lon="-7.445271"><ele>528.069</ele><time>2025-10-22T06:44:30.130Z</time></trkpt><trkpt lat="42.768573" lon="-7.445336"><ele>528.263</ele><time>2025-10-22T06:44:36.131Z</time></trkpt><trkpt lat="42.768539" lon="-7.445387"><ele>528.446</ele><time>2025-10-22T06:44:41.130Z</time></trkpt><trkpt lat="42.768495" lon="-7.445428"><ele>528.559</ele><time>2025-10-22T06:44:46.130Z</time></trkpt><trkpt lat="42.768453" lon="-7.445472"><ele>528.744</ele><time>2025-10-22T06:44:51.131Z</time></trkpt><trkpt lat="42.768413" lon="-7.445514"><ele>528.977</ele><time>2025-10-22T06:44:56.131Z</time></trkpt><trkpt lat="42.768375" lon="-7.445550"><ele>529.023</ele><time>2025-10-22T06:45:01.130Z</time></trkpt><trkpt lat="42.768335" lon="-7.445591"><ele>529.147</ele><time>2025-10-22T06:45:06.130Z</time></trkpt><trkpt lat="42.768290" lon="-7.445627"><ele>529.329</ele><time>2025-10-22T06:45:11.131Z</time></trkpt><trkpt lat="42.768243" lon="-7.445661"><ele>529.421</ele><time>2025-10-22T06:45:15.130Z</time></trkpt><trkpt lat="42.768204" lon="-7.445696"><ele>529.509</ele><time>2025-10-22T06:45:20.130Z</time></trkpt><trkpt lat="42.768168" lon="-7.445745"><ele>529.756</ele><time>2025-10-22T06:45:26.130Z</time></trkpt><trkpt lat="42.768120" lon="-7.445783"><ele>529.897</ele><time>2025-10-22T06:45:31Z</time></trkpt><trkpt lat="42.768064" lon="-7.445820"><ele>530.011</ele><time>2025-10-22T06:45:36.131Z</time></trkpt><trkpt lat="42.768028" lon="-7.445860"><ele>530.235</ele><time>2025-10-22T06:45:41.130Z</time></trkpt><trkpt lat="42.767985" lon="-7.445907"><ele>530.518</ele><time>2025-10-22T06:45:46.130Z</time></trkpt><trkpt lat="42.767944" lon="-7.445952"><ele>530.951</ele><time>2025-10-22T06:45:51.130Z</time></trkpt><trkpt lat="42.767903" lon="-7.445998"><ele>531.236</ele><time>2025-10-22T06:45:56.130Z</time></trkpt><trkpt lat="42.767863" lon="-7.446043"><ele>531.589</ele><time>2025-10-22T06:46:01Z</time></trkpt><trkpt lat="42.767829" lon="-7.446088"><ele>531.875</ele><time>2025-10-22T06:46:05.130Z</time></trkpt><trkpt lat="42.767795" lon="-7.446135"><ele>532.216</ele><time>2025-10-22T06:46:09.131Z</time></trkpt><trkpt lat="42.767756" lon="-7.446193"><ele>532.676</ele><time>2025-10-22T06:46:14.131Z</time></trkpt><trkpt lat="42.767720" lon="-7.446244"><ele>533.013</ele><time>2025-10-22T06:46:18.131Z</time></trkpt><trkpt lat="42.767683" lon="-7.446293"><ele>533.309</ele><time>2025-10-22T06:46:23.130Z</time></trkpt><trkpt lat="42.767649" lon="-7.446334"><ele>533.683</ele><time>2025-10-22T06:46:27.131Z</time></trkpt><trkpt lat="42.767604" lon="-7.446374"><ele>533.934</ele><time>2025-10-22T06:46:32.130Z</time></trkpt><trkpt lat="42.767564" lon="-7.446412"><ele>534.168</ele><time>2025-10-22T06:46:37.130Z</time></trkpt><trkpt lat="42.767522" lon="-7.446452"><ele>534.312</ele><time>2025-10-22T06:46:42.130Z</time></trkpt><trkpt lat="42.767506" lon="-7.446528"><ele>534.525</ele><time>2025-10-22T06:46:48.130Z</time></trkpt><trkpt lat="42.767460" lon="-7.446570"><ele>534.638</ele><time>2025-10-22T06:47:02.130Z</time></trkpt><trkpt lat="42.767432" lon="-7.446496"><ele>534.153</ele><time>2025-10-22T06:47:06Z</time></trkpt><trkpt lat="42.767397" lon="-7.446556"><ele>534.316</ele><time>2025-10-22T06:47:10.131Z</time></trkpt><trkpt lat="42.767358" lon="-7.446597"><ele>534.572</ele><time>2025-10-22T06:47:14.131Z</time></trkpt><trkpt lat="42.767315" lon="-7.446649"><ele>534.926</ele><time>2025-10-22T06:47:19.130Z</time></trkpt><trkpt lat="42.767277" lon="-7.446693"><ele>535.047</ele><time>2025-10-22T06:47:23.130Z</time></trkpt><trkpt lat="42.767238" lon="-7.446742"><ele>535.011</ele><time>2025-10-22T06:47:28.130Z</time></trkpt><trkpt lat="42.767201" lon="-7.446791"><ele>534.909</ele><time>2025-10-22T06:47:33.130Z</time></trkpt><trkpt lat="42.767163" lon="-7.446839"><ele>534.784</ele><time>2025-10-22T06:47:38.130Z</time></trkpt><trkpt lat="42.767132" lon="-7.446887"><ele>534.655</ele><time>2025-10-22T06:47:42.130Z</time></trkpt><trkpt lat="42.767097" lon="-7.446936"><ele>534.559</ele><time>2025-10-22T06:47:46.130Z</time></trkpt><trkpt lat="42.767064" lon="-7.446980"><ele>534.663</ele><time>2025-10-22T06:47:50.131Z</time></trkpt><trkpt lat="42.767031" lon="-7.447023"><ele>534.856</ele><time>2025-10-22T06:47:54.130Z</time></trkpt><trkpt lat="42.766994" lon="-7.447081"><ele>535.159</ele><time>2025-10-22T06:47:59.130Z</time></trkpt><trkpt lat="42.766957" lon="-7.447136"><ele>535.414</ele><time>2025-10-22T06:48:04Z</time></trkpt><trkpt lat="42.766929" lon="-7.447197"><ele>535.827</ele><time>2025-10-22T06:48:09.130Z</time></trkpt><trkpt lat="42.766902" lon="-7.447249"><ele>536.023</ele><time>2025-10-22T06:48:13.130Z</time></trkpt><trkpt lat="42.766880" lon="-7.447316"><ele>536.284</ele><time>2025-10-22T06:48:18.130Z</time></trkpt><trkpt lat="42.766859" lon="-7.447372"><ele>536.407</ele><time>2025-10-22T06:48:22.130Z</time></trkpt><trkpt lat="42.766837" lon="-7.447436"><ele>536.717</ele><time>2025-10-22T06:48:27.131Z</time></trkpt><trkpt lat="42.766815" lon="-7.447499"><ele>537.009</ele><time>2025-10-22T06:48:32.130Z</time></trkpt><trkpt lat="42.766790" lon="-7.447566"><ele>537.320</ele><time>2025-10-22T06:48:37.131Z</time></trkpt><trkpt lat="42.766770" lon="-7.447631"><ele>537.681</ele><time>2025-10-22T06:48:42.130Z</time></trkpt><trkpt lat="42.766752" lon="-7.447688"><ele>537.915</ele><time>2025-10-22T06:48:47.130Z</time></trkpt><trkpt lat="42.766725" lon="-7.447751"><ele>538.189</ele><time>2025-10-22T06:48:52.130Z</time></trkpt><trkpt lat="42.766705" lon="-7.447810"><ele>538.472</ele><time>2025-10-22T06:48:57.130Z</time></trkpt><trkpt lat="42.766686" lon="-7.447869"><ele>538.735</ele><time>2025-10-22T06:49:02.130Z</time></trkpt><trkpt lat="42.766664" lon="-7.447934"><ele>539.130</ele><time>2025-10-22T06:49:07.130Z</time></trkpt><trkpt lat="42.766647" lon="-7.447991"><ele>539.413</ele><time>2025-10-22T06:49:13.130Z</time></trkpt><trkpt lat="42.766632" lon="-7.448054"><ele>539.739</ele><time>2025-10-22T06:49:18.130Z</time></trkpt><trkpt lat="42.766624" lon="-7.448126"><ele>540.213</ele><time>2025-10-22T06:49:24.130Z</time></trkpt><trkpt lat="42.766614" lon="-7.448187"><ele>540.643</ele><time>2025-10-22T06:49:29.130Z</time></trkpt><trkpt lat="42.766605" lon="-7.448256"><ele>541.007</ele><time>2025-10-22T06:49:34.130Z</time></trkpt><trkpt lat="42.766601" lon="-7.448329"><ele>541.509</ele><time>2025-10-22T06:49:39.130Z</time></trkpt><trkpt lat="42.766597" lon="-7.448392"><ele>541.953</ele><time>2025-10-22T06:49:43.130Z</time></trkpt><trkpt lat="42.766592" lon="-7.448458"><ele>542.274</ele><time>2025-10-22T06:49:47Z</time></trkpt><trkpt lat="42.766587" lon="-7.448521"><ele>542.618</ele><time>2025-10-22T06:49:51.130Z</time></trkpt><trkpt lat="42.766583" lon="-7.448589"><ele>543.072</ele><time>2025-10-22T06:49:55.130Z</time></trkpt><trkpt lat="42.766580" lon="-7.448651"><ele>543.335</ele><time>2025-10-22T06:49:59.131Z</time></trkpt><trkpt lat="42.766582" lon="-7.448714"><ele>543.718</ele><time>2025-10-22T06:50:03.131Z</time></trkpt><trkpt lat="42.766579" lon="-7.448791"><ele>544.133</ele><time>2025-10-22T06:50:08.130Z</time></trkpt><trkpt lat="42.766575" lon="-7.448852"><ele>544.556</ele><time>2025-10-22T06:50:12Z</time></trkpt><trkpt lat="42.766565" lon="-7.448915"><ele>544.762</ele><time>2025-10-22T06:50:16.130Z</time></trkpt><trkpt lat="42.766552" lon="-7.448976"><ele>545.016</ele><time>2025-10-22T06:50:20.130Z</time></trkpt><trkpt lat="42.766533" lon="-7.449037"><ele>545.176</ele><time>2025-10-22T06:50:24.130Z</time></trkpt><trkpt lat="42.766523" lon="-7.449102"><ele>545.513</ele><time>2025-10-22T06:50:28.130Z</time></trkpt><trkpt lat="42.766502" lon="-7.449161"><ele>545.609</ele><time>2025-10-22T06:50:32.130Z</time></trkpt><trkpt lat="42.766488" lon="-7.449225"><ele>545.863</ele><time>2025-10-22T06:50:36.130Z</time></trkpt><trkpt lat="42.766468" lon="-7.449281"><ele>545.854</ele><time>2025-10-22T06:50:40.130Z</time></trkpt><trkpt lat="42.766439" lon="-7.449346"><ele>545.978</ele><time>2025-10-22T06:50:45.130Z</time></trkpt><trkpt lat="42.766412" lon="-7.449414"><ele>546.072</ele><time>2025-10-22T06:50:50.130Z</time></trkpt><trkpt lat="42.766395" lon="-7.449479"><ele>546.245</ele><time>2025-10-22T06:50:54.130Z</time></trkpt><trkpt lat="42.766370" lon="-7.449532"><ele>546.228</ele><time>2025-10-22T06:50:58.130Z</time></trkpt><trkpt lat="42.766343" lon="-7.449583"><ele>546.323</ele><time>2025-10-22T06:51:02.131Z</time></trkpt><trkpt lat="42.766313" lon="-7.449636"><ele>546.346</ele><time>2025-10-22T06:51:06.130Z</time></trkpt><trkpt lat="42.766285" lon="-7.449686"><ele>546.492</ele><time>2025-10-22T06:51:10.130Z</time></trkpt><trkpt lat="42.766258" lon="-7.449739"><ele>546.788</ele><time>2025-10-22T06:51:14.130Z</time></trkpt><trkpt lat="42.766234" lon="-7.449796"><ele>547.024</ele><time>2025-10-22T06:51:18.130Z</time></trkpt><trkpt lat="42.766211" lon="-7.449849"><ele>547.326</ele><time>2025-10-22T06:51:22.130Z</time></trkpt><trkpt lat="42.766183" lon="-7.449900"><ele>547.509</ele><time>2025-10-22T06:51:26.131Z</time></trkpt><trkpt lat="42.766156" lon="-7.449955"><ele>547.840</ele><time>2025-10-22T06:51:30.131Z</time></trkpt><trkpt lat="42.766124" lon="-7.450003"><ele>548.111</ele><time>2025-10-22T06:51:34.132Z</time></trkpt><trkpt lat="42.766092" lon="-7.450055"><ele>548.025</ele><time>2025-10-22T06:51:38.131Z</time></trkpt><trkpt lat="42.766059" lon="-7.450106"><ele>547.919</ele><time>2025-10-22T06:51:42.131Z</time></trkpt><trkpt lat="42.766027" lon="-7.450155"><ele>547.872</ele><time>2025-10-22T06:51:46.131Z</time></trkpt><trkpt lat="42.765998" lon="-7.450206"><ele>547.625</ele><time>2025-10-22T06:51:50Z</time></trkpt><trkpt lat="42.765973" lon="-7.450258"><ele>547.520</ele><time>2025-10-22T06:51:54.132Z</time></trkpt><trkpt lat="42.765936" lon="-7.450292"><ele>547.263</ele><time>2025-10-22T06:51:58Z</time></trkpt><trkpt lat="42.765885" lon="-7.450302"><ele>546.639</ele><time>2025-10-22T06:52:02.131Z</time></trkpt><trkpt lat="42.765837" lon="-7.450318"><ele>546.241</ele><time>2025-10-22T06:52:06.131Z</time></trkpt><trkpt lat="42.765884" lon="-7.450363"><ele>546.981</ele><time>2025-10-22T06:52:21Z</time></trkpt><trkpt lat="42.765924" lon="-7.450397"><ele>547.409</ele><time>2025-10-22T06:52:25.131Z</time></trkpt><trkpt lat="42.765957" lon="-7.450443"><ele>547.909</ele><time>2025-10-22T06:52:29.131Z</time></trkpt><trkpt lat="42.765994" lon="-7.450490"><ele>548.536</ele><time>2025-10-22T06:52:33.131Z</time></trkpt><trkpt lat="42.766027" lon="-7.450543"><ele>549.077</ele><time>2025-10-22T06:52:37.131Z</time></trkpt><trkpt lat="42.766063" lon="-7.450588"><ele>549.621</ele><time>2025-10-22T06:52:41.131Z</time></trkpt><trkpt lat="42.766098" lon="-7.450636"><ele>550.155</ele><time>2025-10-22T06:52:45.132Z</time></trkpt><trkpt lat="42.766127" lon="-7.450691"><ele>550.798</ele><time>2025-10-22T06:52:49Z</time></trkpt><trkpt lat="42.766164" lon="-7.450734"><ele>551.551</ele><time>2025-10-22T06:52:52.131Z</time></trkpt><trkpt lat="42.766212" lon="-7.450769"><ele>552.576</ele><time>2025-10-22T06:53:00.131Z</time></trkpt><trkpt lat="42.766251" lon="-7.450809"><ele>553.449</ele><time>2025-10-22T06:53:04.132Z</time></trkpt><trkpt lat="42.766280" lon="-7.450857"><ele>554.155</ele><time>2025-10-22T06:53:08.131Z</time></trkpt><trkpt lat="42.766315" lon="-7.450917"><ele>554.837</ele><time>2025-10-22T06:53:13.131Z</time></trkpt><trkpt lat="42.766347" lon="-7.450963"><ele>555.349</ele><time>2025-10-22T06:53:17.131Z</time></trkpt><trkpt lat="42.766391" lon="-7.451012"><ele>556.013</ele><time>2025-10-22T06:53:22.131Z</time></trkpt><trkpt lat="42.766435" lon="-7.451052"><ele>556.809</ele><time>2025-10-22T06:53:27.131Z</time></trkpt><trkpt lat="42.766483" lon="-7.451097"><ele>557.785</ele><time>2025-10-22T06:53:32Z</time></trkpt><trkpt lat="42.766523" lon="-7.451145"><ele>558.296</ele><time>2025-10-22T06:53:36.131Z</time></trkpt><trkpt lat="42.766563" lon="-7.451178"><ele>558.740</ele><time>2025-10-22T06:53:40.131Z</time></trkpt><trkpt lat="42.766598" lon="-7.451217"><ele>559.064</ele><time>2025-10-22T06:53:44.132Z</time></trkpt><trkpt lat="42.766630" lon="-7.451266"><ele>559.257</ele><time>2025-10-22T06:53:48.132Z</time></trkpt><trkpt lat="42.766673" lon="-7.451305"><ele>559.780</ele><time>2025-10-22T06:53:53.131Z</time></trkpt><trkpt lat="42.766710" lon="-7.451345"><ele>559.885</ele><time>2025-10-22T06:53:57.131Z</time></trkpt><trkpt lat="42.766745" lon="-7.451389"><ele>559.838</ele><time>2025-10-22T06:54:01.131Z</time></trkpt><trkpt lat="42.766789" lon="-7.451430"><ele>559.774</ele><time>2025-10-22T06:54:06.131Z</time></trkpt><trkpt lat="42.766828" lon="-7.451471"><ele>559.691</ele><time>2025-10-22T06:54:11.131Z</time></trkpt><trkpt lat="42.766876" lon="-7.451503"><ele>559.681</ele><time>2025-10-22T06:54:17.131Z</time></trkpt><trkpt lat="42.766915" lon="-7.451537"><ele>559.519</ele><time>2025-10-22T06:54:21.131Z</time></trkpt><trkpt lat="42.766958" lon="-7.451584"><ele>559.409</ele><time>2025-10-22T06:54:26.131Z</time></trkpt><trkpt lat="42.766988" lon="-7.451631"><ele>559.371</ele><time>2025-10-22T06:54:30.131Z</time></trkpt><trkpt lat="42.767033" lon="-7.451676"><ele>559.512</ele><time>2025-10-22T06:54:35.131Z</time></trkpt><trkpt lat="42.767073" lon="-7.451716"><ele>560.016</ele><time>2025-10-22T06:54:39.132Z</time></trkpt><trkpt lat="42.767112" lon="-7.451753"><ele>560.420</ele><time>2025-10-22T06:54:43.131Z</time></trkpt><trkpt lat="42.767153" lon="-7.451788"><ele>560.973</ele><time>2025-10-22T06:54:47.132Z</time></trkpt><trkpt lat="42.767192" lon="-7.451823"><ele>561.346</ele><time>2025-10-22T06:54:51Z</time></trkpt><trkpt lat="42.767233" lon="-7.451855"><ele>561.951</ele><time>2025-10-22T06:54:55.131Z</time></trkpt><trkpt lat="42.767274" lon="-7.451888"><ele>562.714</ele><time>2025-10-22T06:54:59.132Z</time></trkpt><trkpt lat="42.767316" lon="-7.451920"><ele>563.530</ele><time>2025-10-22T06:55:03Z</time></trkpt><trkpt lat="42.767354" lon="-7.451953"><ele>564.382</ele><time>2025-10-22T06:55:07Z</time></trkpt><trkpt lat="42.767394" lon="-7.451983"><ele>565.143</ele><time>2025-10-22T06:55:11.132Z</time></trkpt><trkpt lat="42.767439" lon="-7.452019"><ele>566.017</ele><time>2025-10-22T06:55:15.131Z</time></trkpt><trkpt lat="42.767478" lon="-7.452058"><ele>566.709</ele><time>2025-10-22T06:55:19.131Z</time></trkpt><trkpt lat="42.767513" lon="-7.452097"><ele>567.140</ele><time>2025-10-22T06:55:23Z</time></trkpt><trkpt lat="42.767566" lon="-7.452129"><ele>567.591</ele><time>2025-10-22T06:55:28.131Z</time></trkpt><trkpt lat="42.767605" lon="-7.452162"><ele>567.725</ele><time>2025-10-22T06:55:32.131Z</time></trkpt><trkpt lat="42.767653" lon="-7.452198"><ele>567.919</ele><time>2025-10-22T06:55:37.131Z</time></trkpt><trkpt lat="42.767700" lon="-7.452232"><ele>568.132</ele><time>2025-10-22T06:55:42.132Z</time></trkpt><trkpt lat="42.767747" lon="-7.452269"><ele>568.245</ele><time>2025-10-22T06:55:47.131Z</time></trkpt><trkpt lat="42.767790" lon="-7.452307"><ele>568.230</ele><time>2025-10-22T06:55:52Z</time></trkpt><trkpt lat="42.767834" lon="-7.452353"><ele>568.263</ele><time>2025-10-22T06:55:57.132Z</time></trkpt><trkpt lat="42.767876" lon="-7.452392"><ele>568.239</ele><time>2025-10-22T06:56:02.131Z</time></trkpt><trkpt lat="42.767923" lon="-7.452428"><ele>568.312</ele><time>2025-10-22T06:56:07.131Z</time></trkpt><trkpt lat="42.767965" lon="-7.452451"><ele>568.632</ele><time>2025-10-22T06:56:11Z</time></trkpt><trkpt lat="42.768012" lon="-7.452486"><ele>568.705</ele><time>2025-10-22T06:56:16.131Z</time></trkpt><trkpt lat="42.768060" lon="-7.452519"><ele>568.809</ele><time>2025-10-22T06:56:21.131Z</time></trkpt><trkpt lat="42.768104" lon="-7.452546"><ele>568.973</ele><time>2025-10-22T06:56:25.131Z</time></trkpt><trkpt lat="42.768144" lon="-7.452575"><ele>568.914</ele><time>2025-10-22T06:56:29.131Z</time></trkpt><trkpt lat="42.768193" lon="-7.452606"><ele>569.078</ele><time>2025-10-22T06:56:34.131Z</time></trkpt><trkpt lat="42.768235" lon="-7.452631"><ele>569.232</ele><time>2025-10-22T06:56:38.131Z</time></trkpt><trkpt lat="42.768282" lon="-7.452664"><ele>569.345</ele><time>2025-10-22T06:56:43.132Z</time></trkpt><trkpt lat="42.768330" lon="-7.452695"><ele>569.638</ele><time>2025-10-22T06:56:48.131Z</time></trkpt><trkpt lat="42.768372" lon="-7.452722"><ele>569.823</ele><time>2025-10-22T06:56:52.132Z</time></trkpt><trkpt lat="42.768415" lon="-7.452749"><ele>570.126</ele><time>2025-10-22T06:56:56.131Z</time></trkpt><trkpt lat="42.768460" lon="-7.452772"><ele>570.482</ele><time>2025-10-22T06:57:00.131Z</time></trkpt><trkpt lat="42.768501" lon="-7.452798"><ele>570.674</ele><time>2025-10-22T06:57:04.131Z</time></trkpt><trkpt lat="42.768546" lon="-7.452821"><ele>570.956</ele><time>2025-10-22T06:57:08.132Z</time></trkpt><trkpt lat="42.768586" lon="-7.452851"><ele>571.221</ele><time>2025-10-22T06:57:12Z</time></trkpt><trkpt lat="42.768622" lon="-7.452889"><ele>571.309</ele><time>2025-10-22T06:57:16.132Z</time></trkpt><trkpt lat="42.768660" lon="-7.452926"><ele>571.299</ele><time>2025-10-22T06:57:20.131Z</time></trkpt><trkpt lat="42.768698" lon="-7.452965"><ele>571.170</ele><time>2025-10-22T06:57:24Z</time></trkpt><trkpt lat="42.768734" lon="-7.453009"><ele>570.944</ele><time>2025-10-22T06:57:28.131Z</time></trkpt><trkpt lat="42.768763" lon="-7.453057"><ele>570.558</ele><time>2025-10-22T06:57:32.132Z</time></trkpt><trkpt lat="42.768790" lon="-7.453111"><ele>570.241</ele><time>2025-10-22T06:57:36.131Z</time></trkpt><trkpt lat="42.768818" lon="-7.453161"><ele>570.034</ele><time>2025-10-22T06:57:40.131Z</time></trkpt><trkpt lat="42.768849" lon="-7.453213"><ele>569.789</ele><time>2025-10-22T06:57:44.131Z</time></trkpt><trkpt lat="42.768880" lon="-7.453260"><ele>569.532</ele><time>2025-10-22T06:57:48.131Z</time></trkpt><trkpt lat="42.768911" lon="-7.453312"><ele>569.398</ele><time>2025-10-22T06:57:52.131Z</time></trkpt><trkpt lat="42.768942" lon="-7.453361"><ele>569.345</ele><time>2025-10-22T06:57:56Z</time></trkpt><trkpt lat="42.768975" lon="-7.453422"><ele>569.347</ele><time>2025-10-22T06:58:01.132Z</time></trkpt><trkpt lat="42.769006" lon="-7.453471"><ele>569.311</ele><time>2025-10-22T06:58:05.132Z</time></trkpt><trkpt lat="42.769037" lon="-7.453523"><ele>569.409</ele><time>2025-10-22T06:58:09.132Z</time></trkpt><trkpt lat="42.769068" lon="-7.453573"><ele>569.466</ele><time>2025-10-22T06:58:13.132Z</time></trkpt><trkpt lat="42.769096" lon="-7.453625"><ele>569.567</ele><time>2025-10-22T06:58:17.132Z</time></trkpt><trkpt lat="42.769122" lon="-7.453679"><ele>569.741</ele><time>2025-10-22T06:58:21.133Z</time></trkpt><trkpt lat="42.769151" lon="-7.453730"><ele>569.915</ele><time>2025-10-22T06:58:25.132Z</time></trkpt><trkpt lat="42.769171" lon="-7.453789"><ele>570.178</ele><time>2025-10-22T06:58:29.133Z</time></trkpt><trkpt lat="42.769198" lon="-7.453852"><ele>570.551</ele><time>2025-10-22T06:58:34.132Z</time></trkpt><trkpt lat="42.769218" lon="-7.453921"><ele>570.896</ele><time>2025-10-22T06:58:39Z</time></trkpt><trkpt lat="42.769234" lon="-7.453980"><ele>571.239</ele><time>2025-10-22T06:58:43.132Z</time></trkpt><trkpt lat="42.769259" lon="-7.454042"><ele>571.715</ele><time>2025-10-22T06:58:48.132Z</time></trkpt><trkpt lat="42.769279" lon="-7.454097"><ele>572.128</ele><time>2025-10-22T06:58:52.132Z</time></trkpt><trkpt lat="42.769300" lon="-7.454167"><ele>572.489</ele><time>2025-10-22T06:58:57.132Z</time></trkpt><trkpt lat="42.769316" lon="-7.454233"><ele>572.717</ele><time>2025-10-22T06:59:02.132Z</time></trkpt><trkpt lat="42.769331" lon="-7.454303"><ele>573.109</ele><time>2025-10-22T06:59:07.133Z</time></trkpt><trkpt lat="42.769350" lon="-7.454370"><ele>573.584</ele><time>2025-10-22T06:59:12.132Z</time></trkpt><trkpt lat="42.769369" lon="-7.454441"><ele>573.925</ele><time>2025-10-22T06:59:17.132Z</time></trkpt><trkpt lat="42.769387" lon="-7.454509"><ele>574.599</ele><time>2025-10-22T06:59:22.132Z</time></trkpt><trkpt lat="42.769403" lon="-7.454581"><ele>575.093</ele><time>2025-10-22T06:59:27.132Z</time></trkpt><trkpt lat="42.769415" lon="-7.454651"><ele>575.466</ele><time>2025-10-22T06:59:32.133Z</time></trkpt><trkpt lat="42.769425" lon="-7.454719"><ele>575.889</ele><time>2025-10-22T06:59:37.132Z</time></trkpt><trkpt lat="42.769434" lon="-7.454792"><ele>576.184</ele><time>2025-10-22T06:59:42.132Z</time></trkpt><trkpt lat="42.769443" lon="-7.454864"><ele>576.587</ele><time>2025-10-22T06:59:47.132Z</time></trkpt><trkpt lat="42.769448" lon="-7.454936"><ele>576.863</ele><time>2025-10-22T06:59:52.132Z</time></trkpt><trkpt lat="42.769453" lon="-7.455008"><ele>577.288</ele><time>2025-10-22T06:59:57.132Z</time></trkpt><trkpt lat="42.769458" lon="-7.455076"><ele>577.724</ele><time>2025-10-22T07:00:02.133Z</time></trkpt><trkpt lat="42.769460" lon="-7.455138"><ele>578.226</ele><time>2025-10-22T07:00:07.132Z</time></trkpt><trkpt lat="42.769466" lon="-7.455202"><ele>578.709</ele><time>2025-10-22T07:00:12.132Z</time></trkpt><trkpt lat="42.769475" lon="-7.455267"><ele>579.280</ele><time>2025-10-22T07:00:17.132Z</time></trkpt><trkpt lat="42.769484" lon="-7.455332"><ele>579.581</ele><time>2025-10-22T07:00:22.132Z</time></trkpt><trkpt lat="42.769497" lon="-7.455402"><ele>579.815</ele><time>2025-10-22T07:00:27.132Z</time></trkpt><trkpt lat="42.769510" lon="-7.455467"><ele>580.229</ele><time>2025-10-22T07:00:32.133Z</time></trkpt><trkpt lat="42.769523" lon="-7.455534"><ele>580.512</ele><time>2025-10-22T07:00:39.132Z</time></trkpt><trkpt lat="42.769534" lon="-7.455596"><ele>580.955</ele><time>2025-10-22T07:00:44.132Z</time></trkpt><trkpt lat="42.769551" lon="-7.455655"><ele>581.520</ele><time>2025-10-22T07:00:49.133Z</time></trkpt><trkpt lat="42.769567" lon="-7.455721"><ele>582.183</ele><time>2025-10-22T07:00:55.133Z</time></trkpt><trkpt lat="42.769580" lon="-7.455780"><ele>582.619</ele><time>2025-10-22T07:01:01.132Z</time></trkpt><trkpt lat="42.769598" lon="-7.455843"><ele>583.278</ele><time>2025-10-22T07:01:06.132Z</time></trkpt><trkpt lat="42.769605" lon="-7.455909"><ele>584.033</ele><time>2025-10-22T07:01:11.132Z</time></trkpt><trkpt lat="42.769613" lon="-7.455970"><ele>584.726</ele><time>2025-10-22T07:01:15.132Z</time></trkpt><trkpt lat="42.769613" lon="-7.456040"><ele>585.409</ele><time>2025-10-22T07:01:20.132Z</time></trkpt><trkpt lat="42.769597" lon="-7.456108"><ele>586.149</ele><time>2025-10-22T07:01:25.132Z</time></trkpt><trkpt lat="42.769573" lon="-7.456172"><ele>586.710</ele><time>2025-10-22T07:01:30.132Z</time></trkpt><trkpt lat="42.769549" lon="-7.456233"><ele>587.534</ele><time>2025-10-22T07:01:35.132Z</time></trkpt><trkpt lat="42.769523" lon="-7.456293"><ele>588.318</ele><time>2025-10-22T07:01:40.132Z</time></trkpt><trkpt lat="42.769499" lon="-7.456353"><ele>589.281</ele><time>2025-10-22T07:01:45.133Z</time></trkpt><trkpt lat="42.769472" lon="-7.456412"><ele>590.174</ele><time>2025-10-22T07:01:50.133Z</time></trkpt><trkpt lat="42.769439" lon="-7.456456"><ele>590.569</ele><time>2025-10-22T07:01:54.132Z</time></trkpt><trkpt lat="42.769404" lon="-7.456504"><ele>590.752</ele><time>2025-10-22T07:01:58.132Z</time></trkpt><trkpt lat="42.769370" lon="-7.456551"><ele>591.158</ele><time>2025-10-22T07:02:02.132Z</time></trkpt><trkpt lat="42.769333" lon="-7.456593"><ele>591.431</ele><time>2025-10-22T07:02:06Z</time></trkpt><trkpt lat="42.769300" lon="-7.456636"><ele>591.761</ele><time>2025-10-22T07:02:10.132Z</time></trkpt><trkpt lat="42.769254" lon="-7.456680"><ele>592.007</ele><time>2025-10-22T07:02:15.132Z</time></trkpt><trkpt lat="42.769210" lon="-7.456727"><ele>592.209</ele><time>2025-10-22T07:02:20.132Z</time></trkpt><trkpt lat="42.769164" lon="-7.456770"><ele>592.325</ele><time>2025-10-22T07:02:25Z</time></trkpt><trkpt lat="42.769120" lon="-7.456807"><ele>592.146</ele><time>2025-10-22T07:02:30.132Z</time></trkpt><trkpt lat="42.769074" lon="-7.456851"><ele>591.980</ele><time>2025-10-22T07:02:35.132Z</time></trkpt><trkpt lat="42.769030" lon="-7.456896"><ele>591.834</ele><time>2025-10-22T07:02:40.132Z</time></trkpt><trkpt lat="42.768990" lon="-7.456941"><ele>591.757</ele><time>2025-10-22T07:02:45.132Z</time></trkpt><trkpt lat="42.768951" lon="-7.456990"><ele>591.930</ele><time>2025-10-22T07:02:50.132Z</time></trkpt><trkpt lat="42.768920" lon="-7.457059"><ele>592.425</ele><time>2025-10-22T07:02:55Z</time></trkpt><trkpt lat="42.768895" lon="-7.457116"><ele>592.968</ele><time>2025-10-22T07:02:59.133Z</time></trkpt><trkpt lat="42.768864" lon="-7.457161"><ele>593.454</ele><time>2025-10-22T07:03:03.132Z</time></trkpt><trkpt lat="42.768843" lon="-7.457227"><ele>594.056</ele><time>2025-10-22T07:03:08.132Z</time></trkpt><trkpt lat="42.768823" lon="-7.457296"><ele>594.559</ele><time>2025-10-22T07:03:13.132Z</time></trkpt><trkpt lat="42.768809" lon="-7.457360"><ele>595.014</ele><time>2025-10-22T07:03:18.132Z</time></trkpt><trkpt lat="42.768805" lon="-7.457429"><ele>595.509</ele><time>2025-10-22T07:03:23.132Z</time></trkpt><trkpt lat="42.768799" lon="-7.457499"><ele>596.027</ele><time>2025-10-22T07:03:28.132Z</time></trkpt><trkpt lat="42.768786" lon="-7.457565"><ele>595.938</ele><time>2025-10-22T07:03:33.132Z</time></trkpt><trkpt lat="42.768800" lon="-7.457631"><ele>595.852</ele><time>2025-10-22T07:03:39.132Z</time></trkpt><trkpt lat="42.768754" lon="-7.457631"><ele>595.876</ele><time>2025-10-22T07:04:36.133Z</time></trkpt><trkpt lat="42.768703" lon="-7.457638"><ele>595.779</ele><time>2025-10-22T07:04:41.133Z</time></trkpt><trkpt lat="42.768675" lon="-7.457695"><ele>595.562</ele><time>2025-10-22T07:04:46.133Z</time></trkpt><trkpt lat="42.768653" lon="-7.457751"><ele>595.297</ele><time>2025-10-22T07:04:51.133Z</time></trkpt><trkpt lat="42.768629" lon="-7.457818"><ele>595.110</ele><time>2025-10-22T07:04:56.133Z</time></trkpt><trkpt lat="42.768594" lon="-7.457873"><ele>594.976</ele><time>2025-10-22T07:05:00.133Z</time></trkpt><trkpt lat="42.768567" lon="-7.457928"><ele>594.732</ele><time>2025-10-22T07:05:03.133Z</time></trkpt><trkpt lat="42.768544" lon="-7.457981"><ele>594.592</ele><time>2025-10-22T07:05:06.134Z</time></trkpt><trkpt lat="42.768515" lon="-7.458041"><ele>594.311</ele><time>2025-10-22T07:05:10.134Z</time></trkpt><trkpt lat="42.768494" lon="-7.458100"><ele>594.209</ele><time>2025-10-22T07:05:14.134Z</time></trkpt><trkpt lat="42.768471" lon="-7.458156"><ele>594.265</ele><time>2025-10-22T07:05:18.133Z</time></trkpt><trkpt lat="42.768450" lon="-7.458217"><ele>594.256</ele><time>2025-10-22T07:05:22.133Z</time></trkpt><trkpt lat="42.768426" lon="-7.458280"><ele>594.210</ele><time>2025-10-22T07:05:27Z</time></trkpt><trkpt lat="42.768404" lon="-7.458338"><ele>594.324</ele><time>2025-10-22T07:05:31.134Z</time></trkpt><trkpt lat="42.768379" lon="-7.458394"><ele>594.497</ele><time>2025-10-22T07:05:35.133Z</time></trkpt><trkpt lat="42.768354" lon="-7.458452"><ele>594.550</ele><time>2025-10-22T07:05:39.133Z</time></trkpt><trkpt lat="42.768329" lon="-7.458505"><ele>594.615</ele><time>2025-10-22T07:05:43.133Z</time></trkpt><trkpt lat="42.768302" lon="-7.458564"><ele>594.838</ele><time>2025-10-22T07:05:47.133Z</time></trkpt><trkpt lat="42.768278" lon="-7.458623"><ele>595.014</ele><time>2025-10-22T07:05:52.133Z</time></trkpt><trkpt lat="42.768246" lon="-7.458679"><ele>595.274</ele><time>2025-10-22T07:05:57.134Z</time></trkpt><trkpt lat="42.768212" lon="-7.458732"><ele>595.256</ele><time>2025-10-22T07:06:02.133Z</time></trkpt><trkpt lat="42.768186" lon="-7.458788"><ele>595.321</ele><time>2025-10-22T07:06:07.133Z</time></trkpt><trkpt lat="42.768154" lon="-7.458831"><ele>595.309</ele><time>2025-10-22T07:06:14.133Z</time></trkpt><trkpt lat="42.768120" lon="-7.458872"><ele>595.249</ele><time>2025-10-22T07:06:18.133Z</time></trkpt><trkpt lat="42.768082" lon="-7.458912"><ele>595.160</ele><time>2025-10-22T07:06:22.134Z</time></trkpt><trkpt lat="42.768056" lon="-7.458966"><ele>595.024</ele><time>2025-10-22T07:06:28.133Z</time></trkpt><trkpt lat="42.768057" lon="-7.459033"><ele>595.038</ele><time>2025-10-22T07:06:32.134Z</time></trkpt><trkpt lat="42.768076" lon="-7.459089"><ele>595.171</ele><time>2025-10-22T07:06:36.133Z</time></trkpt><trkpt lat="42.768106" lon="-7.459145"><ele>595.264</ele><time>2025-10-22T07:06:43.133Z</time></trkpt><trkpt lat="42.768137" lon="-7.459195"><ele>595.379</ele><time>2025-10-22T07:06:47.133Z</time></trkpt><trkpt lat="42.768176" lon="-7.459238"><ele>595.372</ele><time>2025-10-22T07:06:51.133Z</time></trkpt><trkpt lat="42.768203" lon="-7.459287"><ele>595.328</ele><time>2025-10-22T07:06:55.133Z</time></trkpt><trkpt lat="42.768215" lon="-7.459356"><ele>595.272</ele><time>2025-10-22T07:06:59.134Z</time></trkpt><trkpt lat="42.768263" lon="-7.459381"><ele>595.213</ele><time>2025-10-22T07:07:05.134Z</time></trkpt><trkpt lat="42.768309" lon="-7.459414"><ele>595.114</ele><time>2025-10-22T07:07:09.134Z</time></trkpt><trkpt lat="42.768339" lon="-7.459474"><ele>595.009</ele><time>2025-10-22T07:07:14.133Z</time></trkpt><trkpt lat="42.768386" lon="-7.459513"><ele>595.069</ele><time>2025-10-22T07:07:22.133Z</time></trkpt><trkpt lat="42.768427" lon="-7.459549"><ele>595.060</ele><time>2025-10-22T07:07:26.133Z</time></trkpt><trkpt lat="42.768472" lon="-7.459568"><ele>595.084</ele><time>2025-10-22T07:07:30.133Z</time></trkpt><trkpt lat="42.768519" lon="-7.459587"><ele>595.088</ele><time>2025-10-22T07:07:34.133Z</time></trkpt><trkpt lat="42.768566" lon="-7.459611"><ele>595.021</ele><time>2025-10-22T07:07:38.133Z</time></trkpt><trkpt lat="42.768613" lon="-7.459643"><ele>595.074</ele><time>2025-10-22T07:07:42Z</time></trkpt><trkpt lat="42.768653" lon="-7.459684"><ele>595.229</ele><time>2025-10-22T07:07:46.134Z</time></trkpt><trkpt lat="42.768690" lon="-7.459738"><ele>595.332</ele><time>2025-10-22T07:07:50.133Z</time></trkpt><trkpt lat="42.768719" lon="-7.459797"><ele>595.688</ele><time>2025-10-22T07:07:54.133Z</time></trkpt><trkpt lat="42.768745" lon="-7.459854"><ele>595.745</ele><time>2025-10-22T07:07:58.134Z</time></trkpt><trkpt lat="42.768768" lon="-7.459911"><ele>595.947</ele><time>2025-10-22T07:08:02.133Z</time></trkpt><trkpt lat="42.768794" lon="-7.459973"><ele>596.011</ele><time>2025-10-22T07:08:06.133Z</time></trkpt><trkpt lat="42.768821" lon="-7.460030"><ele>596.209</ele><time>2025-10-22T07:08:10.133Z</time></trkpt><trkpt lat="42.768850" lon="-7.460088"><ele>596.696</ele><time>2025-10-22T07:08:20.133Z</time></trkpt><trkpt lat="42.768888" lon="-7.460144"><ele>597.077</ele><time>2025-10-22T07:08:25.133Z</time></trkpt><trkpt lat="42.768910" lon="-7.460200"><ele>597.431</ele><time>2025-10-22T07:08:28.133Z</time></trkpt><trkpt lat="42.768920" lon="-7.460264"><ele>597.785</ele><time>2025-10-22T07:08:32.133Z</time></trkpt><trkpt lat="42.768944" lon="-7.460325"><ele>597.868</ele><time>2025-10-22T07:08:36Z</time></trkpt><trkpt lat="42.768974" lon="-7.460390"><ele>597.831</ele><time>2025-10-22T07:08:41.133Z</time></trkpt><trkpt lat="42.768994" lon="-7.460459"><ele>597.976</ele><time>2025-10-22T07:08:45.133Z</time></trkpt><trkpt lat="42.769024" lon="-7.460516"><ele>597.929</ele><time>2025-10-22T07:08:49.134Z</time></trkpt><trkpt lat="42.769051" lon="-7.460580"><ele>597.835</ele><time>2025-10-22T07:08:53Z</time></trkpt><trkpt lat="42.769076" lon="-7.460635"><ele>597.736</ele><time>2025-10-22T07:08:57.133Z</time></trkpt><trkpt lat="42.769101" lon="-7.460686"><ele>597.517</ele><time>2025-10-22T07:09:01Z</time></trkpt><trkpt lat="42.769124" lon="-7.460743"><ele>597.318</ele><time>2025-10-22T07:09:05.133Z</time></trkpt><trkpt lat="42.769144" lon="-7.460800"><ele>597.209</ele><time>2025-10-22T07:09:09.133Z</time></trkpt><trkpt lat="42.769163" lon="-7.460864"><ele>597.065</ele><time>2025-10-22T07:09:13Z</time></trkpt><trkpt lat="42.769179" lon="-7.460927"><ele>597.056</ele><time>2025-10-22T07:09:17.134Z</time></trkpt><trkpt lat="42.769193" lon="-7.460998"><ele>597.060</ele><time>2025-10-22T07:09:21.133Z</time></trkpt><trkpt lat="42.769199" lon="-7.461066"><ele>597.054</ele><time>2025-10-22T07:09:25.133Z</time></trkpt><trkpt lat="42.769206" lon="-7.461138"><ele>597.027</ele><time>2025-10-22T07:09:29.134Z</time></trkpt><trkpt lat="42.769205" lon="-7.461208"><ele>597.090</ele><time>2025-10-22T07:09:33.133Z</time></trkpt><trkpt lat="42.769208" lon="-7.461273"><ele>597.135</ele><time>2025-10-22T07:09:37.133Z</time></trkpt><trkpt lat="42.769209" lon="-7.461341"><ele>597.138</ele><time>2025-10-22T07:09:41.134Z</time></trkpt><trkpt lat="42.769196" lon="-7.461406"><ele>597.294</ele><time>2025-10-22T07:09:45.133Z</time></trkpt><trkpt lat="42.769190" lon="-7.461470"><ele>597.434</ele><time>2025-10-22T07:09:49.134Z</time></trkpt><trkpt lat="42.769187" lon="-7.461545"><ele>597.655</ele><time>2025-10-22T07:09:54.133Z</time></trkpt><trkpt lat="42.769186" lon="-7.461610"><ele>597.910</ele><time>2025-10-22T07:09:58.133Z</time></trkpt><trkpt lat="42.769198" lon="-7.461683"><ele>598.209</ele><time>2025-10-22T07:10:03.133Z</time></trkpt><trkpt lat="42.769203" lon="-7.461751"><ele>598.755</ele><time>2025-10-22T07:10:07.133Z</time></trkpt><trkpt lat="42.769212" lon="-7.461813"><ele>599.266</ele><time>2025-10-22T07:10:11.133Z</time></trkpt><trkpt lat="42.769220" lon="-7.461882"><ele>599.770</ele><time>2025-10-22T07:10:15.134Z</time></trkpt><trkpt lat="42.769242" lon="-7.461949"><ele>600.334</ele><time>2025-10-22T07:10:20.133Z</time></trkpt><trkpt lat="42.769256" lon="-7.462008"><ele>600.837</ele><time>2025-10-22T07:10:24.133Z</time></trkpt><trkpt lat="42.769271" lon="-7.462068"><ele>601.380</ele><time>2025-10-22T07:10:28.133Z</time></trkpt><trkpt lat="42.769282" lon="-7.462128"><ele>601.715</ele><time>2025-10-22T07:10:32.133Z</time></trkpt><trkpt lat="42.769299" lon="-7.462200"><ele>602.378</ele><time>2025-10-22T07:10:37.133Z</time></trkpt><trkpt lat="42.769309" lon="-7.462264"><ele>602.724</ele><time>2025-10-22T07:10:41.133Z</time></trkpt><trkpt lat="42.769332" lon="-7.462320"><ele>603.129</ele><time>2025-10-22T07:10:45.134Z</time></trkpt><trkpt lat="42.769347" lon="-7.462379"><ele>603.400</ele><time>2025-10-22T07:10:49.134Z</time></trkpt><trkpt lat="42.769362" lon="-7.462450"><ele>603.820</ele><time>2025-10-22T07:10:54.133Z</time></trkpt><trkpt lat="42.769354" lon="-7.462512"><ele>604.109</ele><time>2025-10-22T07:10:58.133Z</time></trkpt><trkpt lat="42.769371" lon="-7.462586"><ele>604.634</ele><time>2025-10-22T07:11:03.133Z</time></trkpt><trkpt lat="42.769385" lon="-7.462650"><ele>605.115</ele><time>2025-10-22T07:11:07.133Z</time></trkpt><trkpt lat="42.769379" lon="-7.462721"><ele>605.669</ele><time>2025-10-22T07:11:12.134Z</time></trkpt><trkpt lat="42.769371" lon="-7.462787"><ele>606.123</ele><time>2025-10-22T07:11:17.134Z</time></trkpt><trkpt lat="42.769351" lon="-7.462848"><ele>606.856</ele><time>2025-10-22T07:11:22.134Z</time></trkpt><trkpt lat="42.769341" lon="-7.462912"><ele>607.599</ele><time>2025-10-22T07:11:27.133Z</time></trkpt><trkpt lat="42.769336" lon="-7.462979"><ele>608.224</ele><time>2025-10-22T07:11:32.133Z</time></trkpt><trkpt lat="42.769321" lon="-7.463039"><ele>608.877</ele><time>2025-10-22T07:11:36.133Z</time></trkpt><trkpt lat="42.769324" lon="-7.463109"><ele>609.323</ele><time>2025-10-22T07:11:41Z</time></trkpt><trkpt lat="42.769315" lon="-7.463175"><ele>609.778</ele><time>2025-10-22T07:11:46.133Z</time></trkpt><trkpt lat="42.769314" lon="-7.463238"><ele>610.033</ele><time>2025-10-22T07:11:51.133Z</time></trkpt><trkpt lat="42.769331" lon="-7.463297"><ele>610.426</ele><time>2025-10-22T07:11:56.133Z</time></trkpt><trkpt lat="42.769341" lon="-7.463361"><ele>610.909</ele><time>2025-10-22T07:12:01.134Z</time></trkpt><trkpt lat="42.769367" lon="-7.463416"><ele>611.439</ele><time>2025-10-22T07:12:05.134Z</time></trkpt><trkpt lat="42.769388" lon="-7.463482"><ele>612.270</ele><time>2025-10-22T07:12:10.134Z</time></trkpt><trkpt lat="42.769430" lon="-7.463523"><ele>612.944</ele><time>2025-10-22T07:12:15.135Z</time></trkpt><trkpt lat="42.769470" lon="-7.463559"><ele>613.748</ele><time>2025-10-22T07:12:20.134Z</time></trkpt><trkpt lat="42.769507" lon="-7.463604"><ele>614.611</ele><time>2025-10-22T07:12:25.134Z</time></trkpt><trkpt lat="42.769543" lon="-7.463641"><ele>615.344</ele><time>2025-10-22T07:12:30.134Z</time></trkpt><trkpt lat="42.769580" lon="-7.463683"><ele>616.189</ele><time>2025-10-22T07:12:35.135Z</time></trkpt><trkpt lat="42.769614" lon="-7.463743"><ele>617.022</ele><time>2025-10-22T07:12:40.134Z</time></trkpt><trkpt lat="42.769644" lon="-7.463800"><ele>617.758</ele><time>2025-10-22T07:12:45.135Z</time></trkpt><trkpt lat="42.769659" lon="-7.463862"><ele>618.359</ele><time>2025-10-22T07:12:50.135Z</time></trkpt><trkpt lat="42.769675" lon="-7.463928"><ele>618.803</ele><time>2025-10-22T07:12:55.134Z</time></trkpt><trkpt lat="42.769690" lon="-7.463995"><ele>619.223</ele><time>2025-10-22T07:13:00Z</time></trkpt><trkpt lat="42.769697" lon="-7.464068"><ele>619.509</ele><time>2025-10-22T07:13:05.134Z</time></trkpt><trkpt lat="42.769703" lon="-7.464135"><ele>619.757</ele><time>2025-10-22T07:13:09.135Z</time></trkpt><trkpt lat="42.769707" lon="-7.464204"><ele>620.048</ele><time>2025-10-22T07:13:13.134Z</time></trkpt><trkpt lat="42.769717" lon="-7.464276"><ele>620.422</ele><time>2025-10-22T07:13:18.134Z</time></trkpt><trkpt lat="42.769717" lon="-7.464341"><ele>620.626</ele><time>2025-10-22T07:13:22.134Z</time></trkpt><trkpt lat="42.769743" lon="-7.464401"><ele>620.859</ele><time>2025-10-22T07:13:27.134Z</time></trkpt><trkpt lat="42.769739" lon="-7.464465"><ele>621.092</ele><time>2025-10-22T07:13:36.135Z</time></trkpt><trkpt lat="42.769741" lon="-7.464536"><ele>621.397</ele><time>2025-10-22T07:13:41.134Z</time></trkpt><trkpt lat="42.769740" lon="-7.464607"><ele>621.550</ele><time>2025-10-22T07:13:47.134Z</time></trkpt><trkpt lat="42.769726" lon="-7.464676"><ele>621.896</ele><time>2025-10-22T07:13:52.134Z</time></trkpt><trkpt lat="42.769722" lon="-7.464747"><ele>622.217</ele><time>2025-10-22T07:13:57.134Z</time></trkpt><trkpt lat="42.769728" lon="-7.464818"><ele>622.787</ele><time>2025-10-22T07:14:02.134Z</time></trkpt><trkpt lat="42.769738" lon="-7.464880"><ele>623.015</ele><time>2025-10-22T07:14:06.135Z</time></trkpt><trkpt lat="42.769759" lon="-7.464941"><ele>623.309</ele><time>2025-10-22T07:14:10.134Z</time></trkpt><trkpt lat="42.769786" lon="-7.464990"><ele>623.583</ele><time>2025-10-22T07:14:14.135Z</time></trkpt><trkpt lat="42.769823" lon="-7.465040"><ele>623.724</ele><time>2025-10-22T07:14:19.134Z</time></trkpt><trkpt lat="42.769861" lon="-7.465094"><ele>623.848</ele><time>2025-10-22T07:14:24.134Z</time></trkpt><trkpt lat="42.769900" lon="-7.465142"><ele>623.912</ele><time>2025-10-22T07:14:29.134Z</time></trkpt><trkpt lat="42.769937" lon="-7.465179"><ele>623.945</ele><time>2025-10-22T07:14:33.134Z</time></trkpt><trkpt lat="42.769975" lon="-7.465219"><ele>623.838</ele><time>2025-10-22T07:14:37.134Z</time></trkpt><trkpt lat="42.770012" lon="-7.465264"><ele>623.833</ele><time>2025-10-22T07:14:41.135Z</time></trkpt><trkpt lat="42.770033" lon="-7.465328"><ele>624.156</ele><time>2025-10-22T07:14:46Z</time></trkpt><trkpt lat="42.770043" lon="-7.465394"><ele>624.592</ele><time>2025-10-22T07:14:51.134Z</time></trkpt><trkpt lat="42.770057" lon="-7.465462"><ele>624.978</ele><time>2025-10-22T07:14:56.135Z</time></trkpt><trkpt lat="42.770066" lon="-7.465526"><ele>625.333</ele><time>2025-10-22T07:15:00.134Z</time></trkpt><trkpt lat="42.770075" lon="-7.465598"><ele>625.826</ele><time>2025-10-22T07:15:05.134Z</time></trkpt><trkpt lat="42.770090" lon="-7.465669"><ele>626.209</ele><time>2025-10-22T07:15:10.134Z</time></trkpt><trkpt lat="42.770097" lon="-7.465742"><ele>626.639</ele><time>2025-10-22T07:15:15Z</time></trkpt><trkpt lat="42.770107" lon="-7.465812"><ele>627.170</ele><time>2025-10-22T07:15:20Z</time></trkpt><trkpt lat="42.770117" lon="-7.465882"><ele>627.264</ele><time>2025-10-22T07:15:25.134Z</time></trkpt><trkpt lat="42.770128" lon="-7.465953"><ele>627.348</ele><time>2025-10-22T07:15:29.134Z</time></trkpt><trkpt lat="42.770132" lon="-7.466018"><ele>627.411</ele><time>2025-10-22T07:15:33.134Z</time></trkpt><trkpt lat="42.770133" lon="-7.466090"><ele>627.564</ele><time>2025-10-22T07:15:38.134Z</time></trkpt><trkpt lat="42.770133" lon="-7.466154"><ele>627.539</ele><time>2025-10-22T07:15:42.134Z</time></trkpt><trkpt lat="42.770145" lon="-7.466214"><ele>627.512</ele><time>2025-10-22T07:15:46.134Z</time></trkpt><trkpt lat="42.770161" lon="-7.466279"><ele>627.458</ele><time>2025-10-22T07:15:50.135Z</time></trkpt><trkpt lat="42.770176" lon="-7.466341"><ele>627.411</ele><time>2025-10-22T07:15:54.135Z</time></trkpt><trkpt lat="42.770201" lon="-7.466401"><ele>627.321</ele><time>2025-10-22T07:15:58Z</time></trkpt><trkpt lat="42.770230" lon="-7.466456"><ele>627.103</ele><time>2025-10-22T07:16:02.134Z</time></trkpt><trkpt lat="42.770266" lon="-7.466502"><ele>627.009</ele><time>2025-10-22T07:16:06Z</time></trkpt><trkpt lat="42.770312" lon="-7.466534"><ele>627.133</ele><time>2025-10-22T07:16:10.134Z</time></trkpt><trkpt lat="42.770357" lon="-7.466560"><ele>627.214</ele><time>2025-10-22T07:16:14.134Z</time></trkpt><trkpt lat="42.770402" lon="-7.466577"><ele>627.318</ele><time>2025-10-22T07:16:18.135Z</time></trkpt><trkpt lat="42.770451" lon="-7.466595"><ele>627.592</ele><time>2025-10-22T07:16:22.134Z</time></trkpt><trkpt lat="42.770497" lon="-7.466617"><ele>627.625</ele><time>2025-10-22T07:16:26Z</time></trkpt><trkpt lat="42.770546" lon="-7.466634"><ele>627.938</ele><time>2025-10-22T07:16:30.134Z</time></trkpt><trkpt lat="42.770592" lon="-7.466636"><ele>628.013</ele><time>2025-10-22T07:16:34.134Z</time></trkpt><trkpt lat="42.770645" lon="-7.466645"><ele>628.266</ele><time>2025-10-22T07:16:38.134Z</time></trkpt><trkpt lat="42.770695" lon="-7.466663"><ele>628.522</ele><time>2025-10-22T07:16:42.135Z</time></trkpt><trkpt lat="42.770744" lon="-7.466683"><ele>628.739</ele><time>2025-10-22T07:16:47.134Z</time></trkpt><trkpt lat="42.770790" lon="-7.466700"><ele>628.901</ele><time>2025-10-22T07:16:53.134Z</time></trkpt><trkpt lat="42.770836" lon="-7.466722"><ele>629.221</ele><time>2025-10-22T07:17:03.134Z</time></trkpt><trkpt lat="42.770868" lon="-7.466771"><ele>629.509</ele><time>2025-10-22T07:17:08.135Z</time></trkpt><trkpt lat="42.770877" lon="-7.466846"><ele>629.775</ele><time>2025-10-22T07:17:15.134Z</time></trkpt><trkpt lat="42.770881" lon="-7.466919"><ele>629.976</ele><time>2025-10-22T07:17:19.135Z</time></trkpt><trkpt lat="42.770880" lon="-7.466989"><ele>630.350</ele><time>2025-10-22T07:17:23.134Z</time></trkpt><trkpt lat="42.770917" lon="-7.467038"><ele>630.654</ele><time>2025-10-22T07:17:33Z</time></trkpt><trkpt lat="42.770955" lon="-7.467080"><ele>630.877</ele><time>2025-10-22T07:17:37.134Z</time></trkpt><trkpt lat="42.770990" lon="-7.467145"><ele>631.050</ele><time>2025-10-22T07:17:41.134Z</time></trkpt><trkpt lat="42.771024" lon="-7.467205"><ele>631.275</ele><time>2025-10-22T07:17:45.134Z</time></trkpt><trkpt lat="42.771068" lon="-7.467251"><ele>631.398</ele><time>2025-10-22T07:17:49.134Z</time></trkpt><trkpt lat="42.771113" lon="-7.467291"><ele>631.254</ele><time>2025-10-22T07:17:53.134Z</time></trkpt><trkpt lat="42.771165" lon="-7.467312"><ele>631.166</ele><time>2025-10-22T07:17:57.134Z</time></trkpt><trkpt lat="42.771214" lon="-7.467316"><ele>631.029</ele><time>2025-10-22T07:18:01.134Z</time></trkpt><trkpt lat="42.771264" lon="-7.467311"><ele>630.821</ele><time>2025-10-22T07:18:05.134Z</time></trkpt><trkpt lat="42.771303" lon="-7.467277"><ele>630.509</ele><time>2025-10-22T07:18:09.134Z</time></trkpt><trkpt lat="42.771349" lon="-7.467263"><ele>630.388</ele><time>2025-10-22T07:18:14.134Z</time></trkpt><trkpt lat="42.771397" lon="-7.467230"><ele>630.039</ele><time>2025-10-22T07:18:19.134Z</time></trkpt><trkpt lat="42.771452" lon="-7.467203"><ele>629.983</ele><time>2025-10-22T07:18:23.134Z</time></trkpt><trkpt lat="42.771496" lon="-7.467180"><ele>629.887</ele><time>2025-10-22T07:18:26.134Z</time></trkpt><trkpt lat="42.771549" lon="-7.467171"><ele>629.880</ele><time>2025-10-22T07:18:29.134Z</time></trkpt><trkpt lat="42.771591" lon="-7.467210"><ele>630.063</ele><time>2025-10-22T07:18:34.134Z</time></trkpt><trkpt lat="42.771635" lon="-7.467261"><ele>630.128</ele><time>2025-10-22T07:18:38.134Z</time></trkpt><trkpt lat="42.771675" lon="-7.467315"><ele>630.421</ele><time>2025-10-22T07:18:43.134Z</time></trkpt><trkpt lat="42.771716" lon="-7.467369"><ele>630.967</ele><time>2025-10-22T07:18:47.135Z</time></trkpt><trkpt lat="42.771752" lon="-7.467419"><ele>631.379</ele><time>2025-10-22T07:18:51.135Z</time></trkpt><trkpt lat="42.771785" lon="-7.467469"><ele>631.705</ele><time>2025-10-22T07:19:02.135Z</time></trkpt><trkpt lat="42.771830" lon="-7.467512"><ele>632.125</ele><time>2025-10-22T07:19:06.135Z</time></trkpt><trkpt lat="42.771877" lon="-7.467549"><ele>632.309</ele><time>2025-10-22T07:19:10.135Z</time></trkpt><trkpt lat="42.771913" lon="-7.467602"><ele>632.479</ele><time>2025-10-22T07:19:14.135Z</time></trkpt><trkpt lat="42.771949" lon="-7.467659"><ele>632.450</ele><time>2025-10-22T07:19:18.135Z</time></trkpt><trkpt lat="42.771992" lon="-7.467700"><ele>632.364</ele><time>2025-10-22T07:19:22.135Z</time></trkpt><trkpt lat="42.772024" lon="-7.467747"><ele>632.148</ele><time>2025-10-22T07:19:25.135Z</time></trkpt><trkpt lat="42.772063" lon="-7.467784"><ele>632.091</ele><time>2025-10-22T07:19:29.135Z</time></trkpt><trkpt lat="42.772106" lon="-7.467826"><ele>631.864</ele><time>2025-10-22T07:19:33.135Z</time></trkpt><trkpt lat="42.772146" lon="-7.467863"><ele>631.779</ele><time>2025-10-22T07:19:37Z</time></trkpt><trkpt lat="42.772192" lon="-7.467902"><ele>631.622</ele><time>2025-10-22T07:19:41.136Z</time></trkpt><trkpt lat="42.772243" lon="-7.467940"><ele>631.358</ele><time>2025-10-22T07:19:45.135Z</time></trkpt><trkpt lat="42.772291" lon="-7.467963"><ele>631.131</ele><time>2025-10-22T07:19:49.136Z</time></trkpt><trkpt lat="42.772335" lon="-7.468000"><ele>630.861</ele><time>2025-10-22T07:19:53.135Z</time></trkpt><trkpt lat="42.772380" lon="-7.468040"><ele>630.507</ele><time>2025-10-22T07:19:57.135Z</time></trkpt><trkpt lat="42.772419" lon="-7.468090"><ele>630.209</ele><time>2025-10-22T07:20:01Z</time></trkpt><trkpt lat="42.772461" lon="-7.468143"><ele>629.835</ele><time>2025-10-22T07:20:05.135Z</time></trkpt><trkpt lat="42.772499" lon="-7.468186"><ele>629.516</ele><time>2025-10-22T07:20:09Z</time></trkpt><trkpt lat="42.772531" lon="-7.468235"><ele>629.210</ele><time>2025-10-22T07:20:13.136Z</time></trkpt><trkpt lat="42.772566" lon="-7.468286"><ele>628.954</ele><time>2025-10-22T07:20:17.135Z</time></trkpt><trkpt lat="42.772596" lon="-7.468346"><ele>628.637</ele><time>2025-10-22T07:20:21.135Z</time></trkpt><trkpt lat="42.772631" lon="-7.468397"><ele>628.150</ele><time>2025-10-22T07:20:25.136Z</time></trkpt><trkpt lat="42.772665" lon="-7.468443"><ele>627.635</ele><time>2025-10-22T07:20:29.136Z</time></trkpt><trkpt lat="42.772700" lon="-7.468493"><ele>627.158</ele><time>2025-10-22T07:20:33.135Z</time></trkpt><trkpt lat="42.772734" lon="-7.468535"><ele>626.734</ele><time>2025-10-22T07:20:37.135Z</time></trkpt><trkpt lat="42.772765" lon="-7.468592"><ele>626.232</ele><time>2025-10-22T07:20:41.135Z</time></trkpt><trkpt lat="42.772797" lon="-7.468654"><ele>625.892</ele><time>2025-10-22T07:20:45.135Z</time></trkpt><trkpt lat="42.772828" lon="-7.468709"><ele>625.611</ele><time>2025-10-22T07:20:49.135Z</time></trkpt><trkpt lat="42.772869" lon="-7.468736"><ele>625.609</ele><time>2025-10-22T07:20:53.135Z</time></trkpt><trkpt lat="42.772917" lon="-7.468776"><ele>625.495</ele><time>2025-10-22T07:20:58.135Z</time></trkpt><trkpt lat="42.772956" lon="-7.468820"><ele>625.296</ele><time>2025-10-22T07:21:02.135Z</time></trkpt><trkpt lat="42.772993" lon="-7.468868"><ele>625.140</ele><time>2025-10-22T07:21:06.135Z</time></trkpt><trkpt lat="42.773029" lon="-7.468909"><ele>624.984</ele><time>2025-10-22T07:21:10.135Z</time></trkpt><trkpt lat="42.773065" lon="-7.468949"><ele>624.547</ele><time>2025-10-22T07:21:14.135Z</time></trkpt><trkpt lat="42.773102" lon="-7.468991"><ele>624.010</ele><time>2025-10-22T07:21:18.136Z</time></trkpt><trkpt lat="42.773135" lon="-7.469038"><ele>623.585</ele><time>2025-10-22T07:21:22.136Z</time></trkpt><trkpt lat="42.773166" lon="-7.469084"><ele>623.128</ele><time>2025-10-22T07:21:26.135Z</time></trkpt><trkpt lat="42.773199" lon="-7.469135"><ele>622.784</ele><time>2025-10-22T07:21:30.136Z</time></trkpt><trkpt lat="42.773227" lon="-7.469189"><ele>622.368</ele><time>2025-10-22T07:21:34.136Z</time></trkpt><trkpt lat="42.773258" lon="-7.469236"><ele>622.042</ele><time>2025-10-22T07:21:38.135Z</time></trkpt><trkpt lat="42.773287" lon="-7.469291"><ele>621.726</ele><time>2025-10-22T07:21:42.135Z</time></trkpt><trkpt lat="42.773315" lon="-7.469348"><ele>621.409</ele><time>2025-10-22T07:21:46.135Z</time></trkpt><trkpt lat="42.773346" lon="-7.469403"><ele>621.138</ele><time>2025-10-22T07:21:50.135Z</time></trkpt><trkpt lat="42.773375" lon="-7.469460"><ele>620.759</ele><time>2025-10-22T07:21:54.135Z</time></trkpt><trkpt lat="42.773399" lon="-7.469517"><ele>620.583</ele><time>2025-10-22T07:21:58.135Z</time></trkpt><trkpt lat="42.773422" lon="-7.469571"><ele>620.437</ele><time>2025-10-22T07:22:02.135Z</time></trkpt><trkpt lat="42.773443" lon="-7.469629"><ele>620.260</ele><time>2025-10-22T07:22:06.136Z</time></trkpt><trkpt lat="42.773463" lon="-7.469688"><ele>620.143</ele><time>2025-10-22T07:22:10.135Z</time></trkpt><trkpt lat="42.773486" lon="-7.469747"><ele>619.978</ele><time>2025-10-22T07:22:14.135Z</time></trkpt><trkpt lat="42.773509" lon="-7.469806"><ele>619.631</ele><time>2025-10-22T07:22:18.135Z</time></trkpt><trkpt lat="42.773534" lon="-7.469870"><ele>619.497</ele><time>2025-10-22T07:22:22.135Z</time></trkpt><trkpt lat="42.773566" lon="-7.469924"><ele>619.221</ele><time>2025-10-22T07:22:26.135Z</time></trkpt><trkpt lat="42.773603" lon="-7.469976"><ele>619.041</ele><time>2025-10-22T07:22:30.135Z</time></trkpt><trkpt lat="42.773644" lon="-7.470014"><ele>619.005</ele><time>2025-10-22T07:22:34.136Z</time></trkpt><trkpt lat="42.773691" lon="-7.470056"><ele>619.109</ele><time>2025-10-22T07:22:38.135Z</time></trkpt><trkpt lat="42.773735" lon="-7.470097"><ele>619.224</ele><time>2025-10-22T07:22:42.135Z</time></trkpt><trkpt lat="42.773771" lon="-7.470143"><ele>619.225</ele><time>2025-10-22T07:22:46.135Z</time></trkpt><trkpt lat="42.773804" lon="-7.470194"><ele>619.279</ele><time>2025-10-22T07:22:50.136Z</time></trkpt><trkpt lat="42.773829" lon="-7.470250"><ele>619.293</ele><time>2025-10-22T07:22:54.135Z</time></trkpt><trkpt lat="42.773858" lon="-7.470303"><ele>619.286</ele><time>2025-10-22T07:22:58Z</time></trkpt><trkpt lat="42.773889" lon="-7.470351"><ele>619.379</ele><time>2025-10-22T07:23:02.135Z</time></trkpt><trkpt lat="42.773918" lon="-7.470414"><ele>619.494</ele><time>2025-10-22T07:23:06.135Z</time></trkpt><trkpt lat="42.773953" lon="-7.470467"><ele>619.597</ele><time>2025-10-22T07:23:10.136Z</time></trkpt><trkpt lat="42.773989" lon="-7.470521"><ele>619.523</ele><time>2025-10-22T07:23:14Z</time></trkpt><trkpt lat="42.774022" lon="-7.470569"><ele>619.567</ele><time>2025-10-22T07:23:18.135Z</time></trkpt><trkpt lat="42.774065" lon="-7.470619"><ele>619.481</ele><time>2025-10-22T07:23:23.135Z</time></trkpt><trkpt lat="42.774084" lon="-7.470680"><ele>619.319</ele><time>2025-10-22T07:23:27.135Z</time></trkpt><trkpt lat="42.774109" lon="-7.470731"><ele>619.209</ele><time>2025-10-22T07:23:31.135Z</time></trkpt><trkpt lat="42.774137" lon="-7.470783"><ele>619.188</ele><time>2025-10-22T07:23:35.135Z</time></trkpt><trkpt lat="42.774163" lon="-7.470836"><ele>619.049</ele><time>2025-10-22T07:23:39.135Z</time></trkpt><trkpt lat="42.774193" lon="-7.470886"><ele>618.793</ele><time>2025-10-22T07:23:43.135Z</time></trkpt><trkpt lat="42.774220" lon="-7.470935"><ele>618.497</ele><time>2025-10-22T07:23:47.136Z</time></trkpt><trkpt lat="42.774257" lon="-7.470977"><ele>618.250</ele><time>2025-10-22T07:23:51Z</time></trkpt><trkpt lat="42.774289" lon="-7.471025"><ele>617.993</ele><time>2025-10-22T07:23:55Z</time></trkpt><trkpt lat="42.774340" lon="-7.471048"><ele>617.618</ele><time>2025-10-22T07:23:59.135Z</time></trkpt><trkpt lat="42.774387" lon="-7.471091"><ele>617.341</ele><time>2025-10-22T07:24:03.136Z</time></trkpt><trkpt lat="42.774430" lon="-7.471118"><ele>617.097</ele><time>2025-10-22T07:24:07.135Z</time></trkpt><trkpt lat="42.774476" lon="-7.471153"><ele>616.751</ele><time>2025-10-22T07:24:11Z</time></trkpt><trkpt lat="42.774519" lon="-7.471184"><ele>616.501</ele><time>2025-10-22T07:24:15.135Z</time></trkpt><trkpt lat="42.774561" lon="-7.471210"><ele>616.211</ele><time>2025-10-22T07:24:19.136Z</time></trkpt><trkpt lat="42.774605" lon="-7.471237"><ele>616.009</ele><time>2025-10-22T07:24:23.135Z</time></trkpt><trkpt lat="42.774648" lon="-7.471264"><ele>615.727</ele><time>2025-10-22T07:24:27.135Z</time></trkpt><trkpt lat="42.774693" lon="-7.471311"><ele>615.448</ele><time>2025-10-22T07:24:32.135Z</time></trkpt><trkpt lat="42.774730" lon="-7.471355"><ele>615.222</ele><time>2025-10-22T07:24:36.135Z</time></trkpt><trkpt lat="42.774762" lon="-7.471405"><ele>615.146</ele><time>2025-10-22T07:24:40.135Z</time></trkpt><trkpt lat="42.774792" lon="-7.471457"><ele>615.139</ele><time>2025-10-22T07:24:44.136Z</time></trkpt><trkpt lat="42.774817" lon="-7.471515"><ele>615.272</ele><time>2025-10-22T07:24:48.135Z</time></trkpt><trkpt lat="42.774843" lon="-7.471574"><ele>615.327</ele><time>2025-10-22T07:24:52.135Z</time></trkpt><trkpt lat="42.774871" lon="-7.471625"><ele>615.650</ele><time>2025-10-22T07:24:56.135Z</time></trkpt><trkpt lat="42.774899" lon="-7.471682"><ele>615.946</ele><time>2025-10-22T07:25:00.136Z</time></trkpt><trkpt lat="42.774930" lon="-7.471741"><ele>616.387</ele><time>2025-10-22T07:25:04.135Z</time></trkpt><trkpt lat="42.774955" lon="-7.471797"><ele>616.642</ele><time>2025-10-22T07:25:08.135Z</time></trkpt><trkpt lat="42.774977" lon="-7.471858"><ele>616.826</ele><time>2025-10-22T07:25:12.135Z</time></trkpt><trkpt lat="42.775002" lon="-7.471913"><ele>617.009</ele><time>2025-10-22T07:25:16.136Z</time></trkpt><trkpt lat="42.775019" lon="-7.471972"><ele>617.110</ele><time>2025-10-22T07:25:20.137Z</time></trkpt><trkpt lat="42.775017" lon="-7.472036"><ele>617.141</ele><time>2025-10-22T07:25:24.137Z</time></trkpt><trkpt lat="42.775003" lon="-7.472097"><ele>617.015</ele><time>2025-10-22T07:25:28.137Z</time></trkpt><trkpt lat="42.774986" lon="-7.472158"><ele>616.999</ele><time>2025-10-22T07:25:32.136Z</time></trkpt><trkpt lat="42.774968" lon="-7.472217"><ele>616.952</ele><time>2025-10-22T07:25:36.137Z</time></trkpt><trkpt lat="42.774949" lon="-7.472282"><ele>616.675</ele><time>2025-10-22T07:25:40.136Z</time></trkpt><trkpt lat="42.774930" lon="-7.472342"><ele>616.360</ele><time>2025-10-22T07:25:44.136Z</time></trkpt><trkpt lat="42.774909" lon="-7.472404"><ele>616.023</ele><time>2025-10-22T07:25:48.136Z</time></trkpt><trkpt lat="42.774887" lon="-7.472461"><ele>615.719</ele><time>2025-10-22T07:25:52.136Z</time></trkpt><trkpt lat="42.774870" lon="-7.472523"><ele>615.535</ele><time>2025-10-22T07:25:56.136Z</time></trkpt><trkpt lat="42.774850" lon="-7.472585"><ele>615.586</ele><time>2025-10-22T07:26:00.136Z</time></trkpt><trkpt lat="42.774835" lon="-7.472648"><ele>615.414</ele><time>2025-10-22T07:26:04.136Z</time></trkpt><trkpt lat="42.774814" lon="-7.472712"><ele>615.309</ele><time>2025-10-22T07:26:08.136Z</time></trkpt><trkpt lat="42.774790" lon="-7.472776"><ele>615.295</ele><time>2025-10-22T07:26:12.136Z</time></trkpt><trkpt lat="42.774772" lon="-7.472843"><ele>615.286</ele><time>2025-10-22T07:26:16.136Z</time></trkpt><trkpt lat="42.774754" lon="-7.472905"><ele>615.130</ele><time>2025-10-22T07:26:20.136Z</time></trkpt><trkpt lat="42.774729" lon="-7.472976"><ele>615.014</ele><time>2025-10-22T07:26:29.136Z</time></trkpt><trkpt lat="42.774707" lon="-7.473044"><ele>615.027</ele><time>2025-10-22T07:26:33.136Z</time></trkpt><trkpt lat="42.774682" lon="-7.473107"><ele>615.050</ele><time>2025-10-22T07:26:37.136Z</time></trkpt><trkpt lat="42.774664" lon="-7.473170"><ele>614.915</ele><time>2025-10-22T07:26:41.136Z</time></trkpt><trkpt lat="42.774643" lon="-7.473235"><ele>614.888</ele><time>2025-10-22T07:26:45.137Z</time></trkpt><trkpt lat="42.774626" lon="-7.473296"><ele>614.764</ele><time>2025-10-22T07:26:49.137Z</time></trkpt><trkpt lat="42.774609" lon="-7.473360"><ele>614.589</ele><time>2025-10-22T07:26:53.136Z</time></trkpt><trkpt lat="42.774585" lon="-7.473428"><ele>614.006</ele><time>2025-10-22T07:26:57.136Z</time></trkpt><trkpt lat="42.774569" lon="-7.473487"><ele>613.626</ele><time>2025-10-22T07:27:01.136Z</time></trkpt><trkpt lat="42.774551" lon="-7.473547"><ele>613.109</ele><time>2025-10-22T07:27:05.137Z</time></trkpt><trkpt lat="42.774532" lon="-7.473607"><ele>612.730</ele><time>2025-10-22T07:27:09.136Z</time></trkpt><trkpt lat="42.774514" lon="-7.473671"><ele>612.341</ele><time>2025-10-22T07:27:13.136Z</time></trkpt><trkpt lat="42.774497" lon="-7.473738"><ele>611.925</ele><time>2025-10-22T07:27:17.136Z</time></trkpt><trkpt lat="42.774477" lon="-7.473802"><ele>611.529</ele><time>2025-10-22T07:27:21.136Z</time></trkpt><trkpt lat="42.774454" lon="-7.473865"><ele>611.282</ele><time>2025-10-22T07:27:25.136Z</time></trkpt><trkpt lat="42.774435" lon="-7.473926"><ele>610.995</ele><time>2025-10-22T07:27:29.136Z</time></trkpt><trkpt lat="42.774410" lon="-7.473978"><ele>610.750</ele><time>2025-10-22T07:27:33.136Z</time></trkpt><trkpt lat="42.774395" lon="-7.474042"><ele>610.553</ele><time>2025-10-22T07:27:37.137Z</time></trkpt><trkpt lat="42.774379" lon="-7.474117"><ele>610.429</ele><time>2025-10-22T07:27:41.136Z</time></trkpt><trkpt lat="42.774361" lon="-7.474186"><ele>610.398</ele><time>2025-10-22T07:27:45.137Z</time></trkpt><trkpt lat="42.774346" lon="-7.474251"><ele>610.415</ele><time>2025-10-22T07:27:49.137Z</time></trkpt><trkpt lat="42.774330" lon="-7.474313"><ele>610.426</ele><time>2025-10-22T07:27:53.136Z</time></trkpt><trkpt lat="42.774309" lon="-7.474370"><ele>610.509</ele><time>2025-10-22T07:27:57.136Z</time></trkpt><trkpt lat="42.774286" lon="-7.474430"><ele>610.621</ele><time>2025-10-22T07:28:01.136Z</time></trkpt><trkpt lat="42.774268" lon="-7.474495"><ele>610.692</ele><time>2025-10-22T07:28:05.136Z</time></trkpt><trkpt lat="42.774247" lon="-7.474559"><ele>610.736</ele><time>2025-10-22T07:28:09.136Z</time></trkpt><trkpt lat="42.774220" lon="-7.474619"><ele>610.890</ele><time>2025-10-22T07:28:13.136Z</time></trkpt><trkpt lat="42.774200" lon="-7.474681"><ele>610.923</ele><time>2025-10-22T07:28:17.137Z</time></trkpt><trkpt lat="42.774180" lon="-7.474742"><ele>610.986</ele><time>2025-10-22T07:28:21.137Z</time></trkpt><trkpt lat="42.774164" lon="-7.474806"><ele>610.781</ele><time>2025-10-22T07:28:25.136Z</time></trkpt><trkpt lat="42.774146" lon="-7.474869"><ele>610.694</ele><time>2025-10-22T07:28:29.136Z</time></trkpt><trkpt lat="42.774125" lon="-7.474929"><ele>610.650</ele><time>2025-10-22T07:28:33.137Z</time></trkpt><trkpt lat="42.774106" lon="-7.474991"><ele>610.569</ele><time>2025-10-22T07:28:37.136Z</time></trkpt><trkpt lat="42.774085" lon="-7.475049"><ele>610.504</ele><time>2025-10-22T07:28:41.137Z</time></trkpt><trkpt lat="42.774070" lon="-7.475114"><ele>610.624</ele><time>2025-10-22T07:28:45.136Z</time></trkpt><trkpt lat="42.774050" lon="-7.475187"><ele>610.609</ele><time>2025-10-22T07:28:49Z</time></trkpt><trkpt lat="42.774030" lon="-7.475247"><ele>610.598</ele><time>2025-10-22T07:28:53.137Z</time></trkpt><trkpt lat="42.774011" lon="-7.475316"><ele>610.479</ele><time>2025-10-22T07:28:57.136Z</time></trkpt><trkpt lat="42.774003" lon="-7.475386"><ele>610.263</ele><time>2025-10-22T07:29:01.136Z</time></trkpt><trkpt lat="42.773982" lon="-7.475445"><ele>610.197</ele><time>2025-10-22T07:29:05.136Z</time></trkpt><trkpt lat="42.773960" lon="-7.475508"><ele>609.960</ele><time>2025-10-22T07:29:09.136Z</time></trkpt><trkpt lat="42.773939" lon="-7.475579"><ele>609.833</ele><time>2025-10-22T07:29:13.137Z</time></trkpt><trkpt lat="42.773919" lon="-7.475648"><ele>609.928</ele><time>2025-10-22T07:29:17.137Z</time></trkpt><trkpt lat="42.773904" lon="-7.475706"><ele>609.991</ele><time>2025-10-22T07:29:22.136Z</time></trkpt><trkpt lat="42.773889" lon="-7.475773"><ele>610.097</ele><time>2025-10-22T07:29:26.136Z</time></trkpt><trkpt lat="42.773862" lon="-7.475836"><ele>610.186</ele><time>2025-10-22T07:29:30.136Z</time></trkpt><trkpt lat="42.773841" lon="-7.475902"><ele>609.960</ele><time>2025-10-22T07:29:34.136Z</time></trkpt><trkpt lat="42.773822" lon="-7.475964"><ele>609.726</ele><time>2025-10-22T07:29:38.136Z</time></trkpt><trkpt lat="42.773782" lon="-7.476009"><ele>609.509</ele><time>2025-10-22T07:29:43.136Z</time></trkpt><trkpt lat="42.773745" lon="-7.476064"><ele>609.310</ele><time>2025-10-22T07:29:48.137Z</time></trkpt><trkpt lat="42.773712" lon="-7.476118"><ele>609.071</ele><time>2025-10-22T07:29:52.136Z</time></trkpt><trkpt lat="42.773680" lon="-7.476173"><ele>608.835</ele><time>2025-10-22T07:29:56.136Z</time></trkpt><trkpt lat="42.773651" lon="-7.476235"><ele>608.619</ele><time>2025-10-22T07:30:01.136Z</time></trkpt><trkpt lat="42.773618" lon="-7.476282"><ele>608.482</ele><time>2025-10-22T07:30:05.136Z</time></trkpt><trkpt lat="42.773589" lon="-7.476338"><ele>608.155</ele><time>2025-10-22T07:30:09.136Z</time></trkpt><trkpt lat="42.773576" lon="-7.476408"><ele>607.950</ele><time>2025-10-22T07:30:13.136Z</time></trkpt><trkpt lat="42.773568" lon="-7.476479"><ele>607.843</ele><time>2025-10-22T07:30:17.137Z</time></trkpt><trkpt lat="42.773548" lon="-7.476544"><ele>607.859</ele><time>2025-10-22T07:30:21Z</time></trkpt><trkpt lat="42.773532" lon="-7.476615"><ele>607.792</ele><time>2025-10-22T07:30:25.136Z</time></trkpt><trkpt lat="42.773518" lon="-7.476680"><ele>607.773</ele><time>2025-10-22T07:30:29.136Z</time></trkpt><trkpt lat="42.773500" lon="-7.476746"><ele>607.620</ele><time>2025-10-22T07:30:33.136Z</time></trkpt><trkpt lat="42.773474" lon="-7.476802"><ele>607.509</ele><time>2025-10-22T07:30:37.136Z</time></trkpt><trkpt lat="42.773432" lon="-7.476849"><ele>607.471</ele><time>2025-10-22T07:30:41.136Z</time></trkpt><trkpt lat="42.773393" lon="-7.476889"><ele>607.222</ele><time>2025-10-22T07:30:45.136Z</time></trkpt><trkpt lat="42.773360" lon="-7.476932"><ele>607.126</ele><time>2025-10-22T07:30:49.136Z</time></trkpt><trkpt lat="42.773323" lon="-7.476972"><ele>606.990</ele><time>2025-10-22T07:30:53.136Z</time></trkpt><trkpt lat="42.773283" lon="-7.477012"><ele>606.653</ele><time>2025-10-22T07:30:57.137Z</time></trkpt><trkpt lat="42.773243" lon="-7.477065"><ele>606.216</ele><time>2025-10-22T07:31:02.136Z</time></trkpt><trkpt lat="42.773209" lon="-7.477122"><ele>605.971</ele><time>2025-10-22T07:31:07.136Z</time></trkpt><trkpt lat="42.773187" lon="-7.477184"><ele>605.684</ele><time>2025-10-22T07:31:11.136Z</time></trkpt><trkpt lat="42.773181" lon="-7.477254"><ele>605.390</ele><time>2025-10-22T07:31:15.136Z</time></trkpt><trkpt lat="42.773177" lon="-7.477328"><ele>605.183</ele><time>2025-10-22T07:31:19.137Z</time></trkpt><trkpt lat="42.773171" lon="-7.477401"><ele>604.825</ele><time>2025-10-22T07:31:23.137Z</time></trkpt><trkpt lat="42.773171" lon="-7.477477"><ele>604.517</ele><time>2025-10-22T07:31:27.136Z</time></trkpt><trkpt lat="42.773172" lon="-7.477540"><ele>604.309</ele><time>2025-10-22T07:31:31.136Z</time></trkpt><trkpt lat="42.773167" lon="-7.477613"><ele>604.050</ele><time>2025-10-22T07:31:36.137Z</time></trkpt><trkpt lat="42.773165" lon="-7.477678"><ele>603.831</ele><time>2025-10-22T07:31:40.137Z</time></trkpt><trkpt lat="42.773158" lon="-7.477739"><ele>603.515</ele><time>2025-10-22T07:31:44.138Z</time></trkpt><trkpt lat="42.773141" lon="-7.477810"><ele>603.289</ele><time>2025-10-22T07:31:48.138Z</time></trkpt><trkpt lat="42.773144" lon="-7.477877"><ele>603.042</ele><time>2025-10-22T07:31:52.138Z</time></trkpt><trkpt lat="42.773137" lon="-7.477941"><ele>602.745</ele><time>2025-10-22T07:31:56.137Z</time></trkpt><trkpt lat="42.773126" lon="-7.478004"><ele>602.480</ele><time>2025-10-22T07:32:00.137Z</time></trkpt><trkpt lat="42.773126" lon="-7.478076"><ele>602.143</ele><time>2025-10-22T07:32:04.137Z</time></trkpt><trkpt lat="42.773115" lon="-7.478139"><ele>601.539</ele><time>2025-10-22T07:32:08.137Z</time></trkpt><trkpt lat="42.773106" lon="-7.478207"><ele>601.049</ele><time>2025-10-22T07:32:12.137Z</time></trkpt><trkpt lat="42.773087" lon="-7.478271"><ele>600.502</ele><time>2025-10-22T07:32:16.137Z</time></trkpt><trkpt lat="42.773070" lon="-7.478333"><ele>600.022</ele><time>2025-10-22T07:32:20.137Z</time></trkpt><trkpt lat="42.773034" lon="-7.478391"><ele>599.509</ele><time>2025-10-22T07:32:25.137Z</time></trkpt><trkpt lat="42.773005" lon="-7.478444"><ele>599.116</ele><time>2025-10-22T07:32:29.137Z</time></trkpt><trkpt lat="42.772975" lon="-7.478495"><ele>598.797</ele><time>2025-10-22T07:32:33.137Z</time></trkpt><trkpt lat="42.772940" lon="-7.478551"><ele>598.331</ele><time>2025-10-22T07:32:37.137Z</time></trkpt><trkpt lat="42.772908" lon="-7.478607"><ele>598.095</ele><time>2025-10-22T07:32:41Z</time></trkpt><trkpt lat="42.772883" lon="-7.478665"><ele>597.768</ele><time>2025-10-22T07:32:45.137Z</time></trkpt><trkpt lat="42.772860" lon="-7.478725"><ele>597.571</ele><time>2025-10-22T07:32:49Z</time></trkpt><trkpt lat="42.772846" lon="-7.478790"><ele>597.266</ele><time>2025-10-22T07:32:53.138Z</time></trkpt><trkpt lat="42.772841" lon="-7.478857"><ele>596.959</ele><time>2025-10-22T07:32:57Z</time></trkpt><trkpt lat="42.772828" lon="-7.478926"><ele>596.775</ele><time>2025-10-22T07:33:01.137Z</time></trkpt><trkpt lat="42.772815" lon="-7.478994"><ele>596.598</ele><time>2025-10-22T07:33:05.138Z</time></trkpt><trkpt lat="42.772802" lon="-7.479056"><ele>596.415</ele><time>2025-10-22T07:33:09.137Z</time></trkpt><trkpt lat="42.772786" lon="-7.479119"><ele>596.226</ele><time>2025-10-22T07:33:13.138Z</time></trkpt><trkpt lat="42.772773" lon="-7.479186"><ele>595.909</ele><time>2025-10-22T07:33:17.137Z</time></trkpt><trkpt lat="42.772753" lon="-7.479252"><ele>595.751</ele><time>2025-10-22T07:33:21.138Z</time></trkpt><trkpt lat="42.772724" lon="-7.479318"><ele>595.542</ele><time>2025-10-22T07:33:26.137Z</time></trkpt><trkpt lat="42.772707" lon="-7.479378"><ele>595.296</ele><time>2025-10-22T07:33:30.137Z</time></trkpt><trkpt lat="42.772688" lon="-7.479435"><ele>595.090</ele><time>2025-10-22T07:33:34.137Z</time></trkpt><trkpt lat="42.772672" lon="-7.479502"><ele>595.013</ele><time>2025-10-22T07:33:38.137Z</time></trkpt><trkpt lat="42.772651" lon="-7.479561"><ele>595.076</ele><time>2025-10-22T07:33:42.137Z</time></trkpt><trkpt lat="42.772629" lon="-7.479618"><ele>595.011</ele><time>2025-10-22T07:33:46.138Z</time></trkpt><trkpt lat="42.772607" lon="-7.479672"><ele>595.064</ele><time>2025-10-22T07:33:50.137Z</time></trkpt><trkpt lat="42.772572" lon="-7.479728"><ele>595.020</ele><time>2025-10-22T07:33:54.137Z</time></trkpt><trkpt lat="42.772542" lon="-7.479790"><ele>595.244</ele><time>2025-10-22T07:34:01Z</time></trkpt><trkpt lat="42.772530" lon="-7.479850"><ele>595.505</ele><time>2025-10-22T07:34:04.137Z</time></trkpt><trkpt lat="42.772516" lon="-7.479913"><ele>595.715</ele><time>2025-10-22T07:34:08.138Z</time></trkpt><trkpt lat="42.772493" lon="-7.479980"><ele>595.909</ele><time>2025-10-22T07:34:13.138Z</time></trkpt><trkpt lat="42.772463" lon="-7.480031"><ele>595.866</ele><time>2025-10-22T07:34:17.137Z</time></trkpt><trkpt lat="42.772506" lon="-7.480057"><ele>595.887</ele><time>2025-10-22T07:34:24.137Z</time></trkpt><trkpt lat="42.772553" lon="-7.480039"><ele>595.931</ele><time>2025-10-22T07:34:35.137Z</time></trkpt><trkpt lat="42.772599" lon="-7.480022"><ele>595.925</ele><time>2025-10-22T07:34:39.137Z</time></trkpt><trkpt lat="42.772639" lon="-7.479975"><ele>595.928</ele><time>2025-10-22T07:34:43.137Z</time></trkpt><trkpt lat="42.772684" lon="-7.479981"><ele>595.971</ele><time>2025-10-22T07:34:47.137Z</time></trkpt><trkpt lat="42.772736" lon="-7.479999"><ele>596.046</ele><time>2025-10-22T07:34:51.137Z</time></trkpt><trkpt lat="42.772783" lon="-7.480002"><ele>596.019</ele><time>2025-10-22T07:34:54.137Z</time></trkpt><trkpt lat="42.772839" lon="-7.480015"><ele>596.085</ele><time>2025-10-22T07:34:58.137Z</time></trkpt><trkpt lat="42.772895" lon="-7.480024"><ele>596.043</ele><time>2025-10-22T07:35:02.137Z</time></trkpt><trkpt lat="42.772941" lon="-7.480020"><ele>596.064</ele><time>2025-10-22T07:35:05.137Z</time></trkpt><trkpt lat="42.772988" lon="-7.479977"><ele>596.010</ele><time>2025-10-22T07:35:09.137Z</time></trkpt><trkpt lat="42.773036" lon="-7.479942"><ele>596.009</ele><time>2025-10-22T07:35:13.137Z</time></trkpt><trkpt lat="42.773085" lon="-7.479902"><ele>596.036</ele><time>2025-10-22T07:35:17.138Z</time></trkpt><trkpt lat="42.773136" lon="-7.479858"><ele>596.057</ele><time>2025-10-22T07:35:21.137Z</time></trkpt><trkpt lat="42.773190" lon="-7.479835"><ele>596.031</ele><time>2025-10-22T07:35:25.138Z</time></trkpt><trkpt lat="42.773237" lon="-7.479823"><ele>596.055</ele><time>2025-10-22T07:35:29.137Z</time></trkpt><trkpt lat="42.773288" lon="-7.479825"><ele>596.038</ele><time>2025-10-22T07:35:35.137Z</time></trkpt><trkpt lat="42.773333" lon="-7.479857"><ele>596.031</ele><time>2025-10-22T07:35:44.138Z</time></trkpt><trkpt lat="42.773380" lon="-7.479863"><ele>596.036</ele><time>2025-10-22T07:35:49.137Z</time></trkpt><trkpt lat="42.773425" lon="-7.479859"><ele>596.019</ele><time>2025-10-22T07:35:54.137Z</time></trkpt><trkpt lat="42.773473" lon="-7.479875"><ele>596.065</ele><time>2025-10-22T07:36:15.137Z</time></trkpt><trkpt lat="42.773519" lon="-7.479881"><ele>596.012</ele><time>2025-10-22T07:36:20.137Z</time></trkpt><trkpt lat="42.773568" lon="-7.479887"><ele>596.032</ele><time>2025-10-22T07:36:25.138Z</time></trkpt><trkpt lat="42.773621" lon="-7.479905"><ele>596.005</ele><time>2025-10-22T07:36:35.137Z</time></trkpt><trkpt lat="42.773662" lon="-7.479933"><ele>596.109</ele><time>2025-10-22T07:36:39.137Z</time></trkpt><trkpt lat="42.773712" lon="-7.479942"><ele>596.333</ele><time>2025-10-22T07:36:47.137Z</time></trkpt><trkpt lat="42.773765" lon="-7.479947"><ele>596.434</ele><time>2025-10-22T07:36:52.138Z</time></trkpt><trkpt lat="42.773812" lon="-7.479962"><ele>596.688</ele><time>2025-10-22T07:36:57.137Z</time></trkpt><trkpt lat="42.773867" lon="-7.479979"><ele>596.962</ele><time>2025-10-22T07:37:01.137Z</time></trkpt><trkpt lat="42.773915" lon="-7.479981"><ele>597.355</ele><time>2025-10-22T07:37:04.137Z</time></trkpt><trkpt lat="42.773968" lon="-7.479988"><ele>598.118</ele><time>2025-10-22T07:37:08.137Z</time></trkpt><trkpt lat="42.774022" lon="-7.479996"><ele>598.943</ele><time>2025-10-22T07:37:12.138Z</time></trkpt><trkpt lat="42.774072" lon="-7.480008"><ele>599.636</ele><time>2025-10-22T07:37:16Z</time></trkpt><trkpt lat="42.774127" lon="-7.480019"><ele>600.442</ele><time>2025-10-22T07:37:21.137Z</time></trkpt><trkpt lat="42.774175" lon="-7.480025"><ele>601.097</ele><time>2025-10-22T07:37:25.137Z</time></trkpt><trkpt lat="42.774229" lon="-7.480040"><ele>601.323</ele><time>2025-10-22T07:37:30.138Z</time></trkpt><trkpt lat="42.774274" lon="-7.480032"><ele>601.525</ele><time>2025-10-22T07:37:34.138Z</time></trkpt><trkpt lat="42.774321" lon="-7.480040"><ele>601.709</ele><time>2025-10-22T07:37:37.138Z</time></trkpt><trkpt lat="42.774358" lon="-7.480081"><ele>602.111</ele><time>2025-10-22T07:37:40Z</time></trkpt><trkpt lat="42.774314" lon="-7.480120"><ele>602.032</ele><time>2025-10-22T07:37:43Z</time></trkpt><trkpt lat="42.774437" lon="-7.480108"><ele>602.716</ele><time>2025-10-22T07:37:47.137Z</time></trkpt><trkpt lat="42.774475" lon="-7.480146"><ele>603.290</ele><time>2025-10-22T07:37:51.137Z</time></trkpt><trkpt lat="42.774530" lon="-7.480164"><ele>603.623</ele><time>2025-10-22T07:37:55.137Z</time></trkpt><trkpt lat="42.774571" lon="-7.480207"><ele>604.176</ele><time>2025-10-22T07:37:59Z</time></trkpt><trkpt lat="42.774618" lon="-7.480237"><ele>604.451</ele><time>2025-10-22T07:38:03.137Z</time></trkpt><trkpt lat="42.774654" lon="-7.480279"><ele>604.824</ele><time>2025-10-22T07:38:08.137Z</time></trkpt><trkpt lat="42.774691" lon="-7.480325"><ele>605.180</ele><time>2025-10-22T07:38:13.137Z</time></trkpt><trkpt lat="42.774728" lon="-7.480371"><ele>605.346</ele><time>2025-10-22T07:38:18Z</time></trkpt><trkpt lat="42.774834" lon="-7.480433"><ele>605.688</ele><time>2025-10-22T07:38:26.137Z</time></trkpt><trkpt lat="42.774873" lon="-7.480501"><ele>605.816</ele><time>2025-10-22T07:38:29.137Z</time></trkpt><trkpt lat="42.774913" lon="-7.480534"><ele>605.909</ele><time>2025-10-22T07:38:34.137Z</time></trkpt><trkpt lat="42.774956" lon="-7.480567"><ele>606.046</ele><time>2025-10-22T07:38:38.137Z</time></trkpt><trkpt lat="42.775005" lon="-7.480594"><ele>606.127</ele><time>2025-10-22T07:38:43.137Z</time></trkpt><trkpt lat="42.775046" lon="-7.480639"><ele>606.181</ele><time>2025-10-22T07:38:48.137Z</time></trkpt><trkpt lat="42.775076" lon="-7.480687"><ele>606.115</ele><time>2025-10-22T07:39:05.137Z</time></trkpt><trkpt lat="42.775127" lon="-7.480718"><ele>605.998</ele><time>2025-10-22T07:39:10.138Z</time></trkpt><trkpt lat="42.775181" lon="-7.480732"><ele>605.681</ele><time>2025-10-22T07:39:14.137Z</time></trkpt><trkpt lat="42.775235" lon="-7.480727"><ele>605.256</ele><time>2025-10-22T07:39:18.138Z</time></trkpt><trkpt lat="42.775291" lon="-7.480728"><ele>605.049</ele><time>2025-10-22T07:39:23.138Z</time></trkpt><trkpt lat="42.775337" lon="-7.480731"><ele>604.885</ele><time>2025-10-22T07:39:27.137Z</time></trkpt><trkpt lat="42.775377" lon="-7.480763"><ele>604.635</ele><time>2025-10-22T07:39:31.137Z</time></trkpt><trkpt lat="42.775420" lon="-7.480780"><ele>604.586</ele><time>2025-10-22T07:39:35.138Z</time></trkpt><trkpt lat="42.775461" lon="-7.480806"><ele>604.314</ele><time>2025-10-22T07:39:39.138Z</time></trkpt><trkpt lat="42.775516" lon="-7.480825"><ele>604.109</ele><time>2025-10-22T07:39:44.138Z</time></trkpt><trkpt lat="42.775563" lon="-7.480845"><ele>603.915</ele><time>2025-10-22T07:39:48.138Z</time></trkpt><trkpt lat="42.775611" lon="-7.480864"><ele>603.736</ele><time>2025-10-22T07:39:52Z</time></trkpt><trkpt lat="42.775661" lon="-7.480881"><ele>603.540</ele><time>2025-10-22T07:39:56.138Z</time></trkpt><trkpt lat="42.775706" lon="-7.480913"><ele>603.344</ele><time>2025-10-22T07:40:00.138Z</time></trkpt><trkpt lat="42.775751" lon="-7.480928"><ele>603.267</ele><time>2025-10-22T07:40:04.138Z</time></trkpt><trkpt lat="42.775800" lon="-7.480936"><ele>603.120</ele><time>2025-10-22T07:40:08.138Z</time></trkpt><trkpt lat="42.775853" lon="-7.480953"><ele>603.065</ele><time>2025-10-22T07:40:13.138Z</time></trkpt><trkpt lat="42.775898" lon="-7.480973"><ele>603.048</ele><time>2025-10-22T07:40:17.139Z</time></trkpt><trkpt lat="42.775946" lon="-7.480991"><ele>603.054</ele><time>2025-10-22T07:40:21.138Z</time></trkpt><trkpt lat="42.775993" lon="-7.481021"><ele>603.037</ele><time>2025-10-22T07:40:25.138Z</time></trkpt><trkpt lat="42.776036" lon="-7.481048"><ele>603.049</ele><time>2025-10-22T07:40:29.138Z</time></trkpt><trkpt lat="42.776078" lon="-7.481071"><ele>603.013</ele><time>2025-10-22T07:40:33.138Z</time></trkpt><trkpt lat="42.776126" lon="-7.481090"><ele>603.109</ele><time>2025-10-22T07:40:37.139Z</time></trkpt><trkpt lat="42.776173" lon="-7.481111"><ele>603.255</ele><time>2025-10-22T07:40:41.139Z</time></trkpt><trkpt lat="42.776219" lon="-7.481126"><ele>603.436</ele><time>2025-10-22T07:40:45.138Z</time></trkpt><trkpt lat="42.776268" lon="-7.481144"><ele>603.620</ele><time>2025-10-22T07:40:49.139Z</time></trkpt><trkpt lat="42.776319" lon="-7.481159"><ele>603.834</ele><time>2025-10-22T07:40:53.138Z</time></trkpt><trkpt lat="42.776370" lon="-7.481155"><ele>603.917</ele><time>2025-10-22T07:40:57.138Z</time></trkpt><trkpt lat="42.776420" lon="-7.481190"><ele>604.120</ele><time>2025-10-22T07:41:02.138Z</time></trkpt><trkpt lat="42.776468" lon="-7.481215"><ele>604.215</ele><time>2025-10-22T07:41:06.138Z</time></trkpt><trkpt lat="42.776514" lon="-7.481234"><ele>604.338</ele><time>2025-10-22T07:41:10.138Z</time></trkpt><trkpt lat="42.776560" lon="-7.481258"><ele>604.314</ele><time>2025-10-22T07:41:14.138Z</time></trkpt><trkpt lat="42.776603" lon="-7.481283"><ele>604.316</ele><time>2025-10-22T07:41:18.138Z</time></trkpt><trkpt lat="42.776652" lon="-7.481310"><ele>604.376</ele><time>2025-10-22T07:41:23.138Z</time></trkpt><trkpt lat="42.776694" lon="-7.481337"><ele>604.413</ele><time>2025-10-22T07:41:28.138Z</time></trkpt><trkpt lat="42.776732" lon="-7.481371"><ele>604.709</ele><time>2025-10-22T07:41:31.138Z</time></trkpt><trkpt lat="42.776772" lon="-7.481406"><ele>605.253</ele><time>2025-10-22T07:41:35.138Z</time></trkpt><trkpt lat="42.776813" lon="-7.481439"><ele>605.744</ele><time>2025-10-22T07:41:39.138Z</time></trkpt><trkpt lat="42.776856" lon="-7.481475"><ele>606.198</ele><time>2025-10-22T07:41:43Z</time></trkpt><trkpt lat="42.776897" lon="-7.481510"><ele>606.672</ele><time>2025-10-22T07:41:47.138Z</time></trkpt><trkpt lat="42.776940" lon="-7.481545"><ele>607.095</ele><time>2025-10-22T07:41:51.139Z</time></trkpt><trkpt lat="42.776988" lon="-7.481566"><ele>607.528</ele><time>2025-10-22T07:41:55.139Z</time></trkpt><trkpt lat="42.777032" lon="-7.481595"><ele>607.993</ele><time>2025-10-22T07:42:07.138Z</time></trkpt><trkpt lat="42.777085" lon="-7.481600"><ele>608.546</ele><time>2025-10-22T07:42:14.138Z</time></trkpt><trkpt lat="42.777133" lon="-7.481589"><ele>609.012</ele><time>2025-10-22T07:42:18Z</time></trkpt><trkpt lat="42.777170" lon="-7.481644"><ele>609.475</ele><time>2025-10-22T07:42:36.138Z</time></trkpt><trkpt lat="42.777219" lon="-7.481665"><ele>610.028</ele><time>2025-10-22T07:42:40.138Z</time></trkpt><trkpt lat="42.777273" lon="-7.481671"><ele>610.220</ele><time>2025-10-22T07:42:44.138Z</time></trkpt><trkpt lat="42.777323" lon="-7.481683"><ele>610.309</ele><time>2025-10-22T07:42:48.138Z</time></trkpt><trkpt lat="42.777373" lon="-7.481701"><ele>610.519</ele><time>2025-10-22T07:42:52.138Z</time></trkpt><trkpt lat="42.777422" lon="-7.481718"><ele>610.730</ele><time>2025-10-22T07:42:56.138Z</time></trkpt><trkpt lat="42.777474" lon="-7.481730"><ele>610.994</ele><time>2025-10-22T07:43:00.138Z</time></trkpt><trkpt lat="42.777523" lon="-7.481744"><ele>611.188</ele><time>2025-10-22T07:43:04.139Z</time></trkpt><trkpt lat="42.777572" lon="-7.481765"><ele>611.311</ele><time>2025-10-22T07:43:08.138Z</time></trkpt><trkpt lat="42.777622" lon="-7.481783"><ele>611.414</ele><time>2025-10-22T07:43:12.138Z</time></trkpt><trkpt lat="42.777671" lon="-7.481800"><ele>611.649</ele><time>2025-10-22T07:43:16.139Z</time></trkpt><trkpt lat="42.777715" lon="-7.481817"><ele>611.892</ele><time>2025-10-22T07:43:20.138Z</time></trkpt><trkpt lat="42.777756" lon="-7.481862"><ele>611.928</ele><time>2025-10-22T07:43:25.138Z</time></trkpt><trkpt lat="42.777809" lon="-7.481867"><ele>612.143</ele><time>2025-10-22T07:43:30.138Z</time></trkpt><trkpt lat="42.777857" lon="-7.481891"><ele>612.264</ele><time>2025-10-22T07:43:35.138Z</time></trkpt><trkpt lat="42.777905" lon="-7.481883"><ele>612.410</ele><time>2025-10-22T07:43:40.138Z</time></trkpt><trkpt lat="42.777895" lon="-7.481946"><ele>612.409</ele><time>2025-10-22T07:43:48.138Z</time></trkpt><trkpt lat="42.777944" lon="-7.481929"><ele>612.696</ele><time>2025-10-22T07:44:01.138Z</time></trkpt><trkpt lat="42.777995" lon="-7.481944"><ele>612.817</ele><time>2025-10-22T07:44:05.138Z</time></trkpt><trkpt lat="42.778043" lon="-7.481967"><ele>612.961</ele><time>2025-10-22T07:44:09.138Z</time></trkpt><trkpt lat="42.778090" lon="-7.481987"><ele>612.945</ele><time>2025-10-22T07:44:13.138Z</time></trkpt><trkpt lat="42.778139" lon="-7.482012"><ele>612.888</ele><time>2025-10-22T07:44:17.139Z</time></trkpt><trkpt lat="42.778185" lon="-7.482041"><ele>612.861</ele><time>2025-10-22T07:44:21.138Z</time></trkpt><trkpt lat="42.778229" lon="-7.482068"><ele>612.876</ele><time>2025-10-22T07:44:25.138Z</time></trkpt><trkpt lat="42.778273" lon="-7.482115"><ele>612.969</ele><time>2025-10-22T07:44:30.138Z</time></trkpt><trkpt lat="42.778325" lon="-7.482130"><ele>613.015</ele><time>2025-10-22T07:44:35.138Z</time></trkpt><trkpt lat="42.778374" lon="-7.482157"><ele>613.336</ele><time>2025-10-22T07:44:39.138Z</time></trkpt><trkpt lat="42.778420" lon="-7.482189"><ele>613.617</ele><time>2025-10-22T07:44:43.139Z</time></trkpt><trkpt lat="42.778464" lon="-7.482223"><ele>613.918</ele><time>2025-10-22T07:44:47.138Z</time></trkpt><trkpt lat="42.778505" lon="-7.482256"><ele>614.309</ele><time>2025-10-22T07:44:51.138Z</time></trkpt><trkpt lat="42.778547" lon="-7.482302"><ele>614.845</ele><time>2025-10-22T07:44:55.138Z</time></trkpt><trkpt lat="42.778592" lon="-7.482326"><ele>615.216</ele><time>2025-10-22T07:45:00.139Z</time></trkpt><trkpt lat="42.778630" lon="-7.482359"><ele>615.620</ele><time>2025-10-22T07:45:04.139Z</time></trkpt><trkpt lat="42.778677" lon="-7.482385"><ele>616.134</ele><time>2025-10-22T07:45:09.138Z</time></trkpt><trkpt lat="42.778725" lon="-7.482407"><ele>616.537</ele><time>2025-10-22T07:45:14.138Z</time></trkpt><trkpt lat="42.778771" lon="-7.482443"><ele>616.920</ele><time>2025-10-22T07:45:19.138Z</time></trkpt><trkpt lat="42.778815" lon="-7.482478"><ele>617.465</ele><time>2025-10-22T07:45:24Z</time></trkpt><trkpt lat="42.778858" lon="-7.482507"><ele>617.828</ele><time>2025-10-22T07:45:28.138Z</time></trkpt><trkpt lat="42.778904" lon="-7.482537"><ele>618.244</ele><time>2025-10-22T07:45:33.138Z</time></trkpt><trkpt lat="42.778948" lon="-7.482569"><ele>618.715</ele><time>2025-10-22T07:45:38.138Z</time></trkpt><trkpt lat="42.778989" lon="-7.482597"><ele>619.265</ele><time>2025-10-22T07:45:42Z</time></trkpt><trkpt lat="42.779032" lon="-7.482625"><ele>619.711</ele><time>2025-10-22T07:45:46.138Z</time></trkpt><trkpt lat="42.779082" lon="-7.482654"><ele>620.309</ele><time>2025-10-22T07:45:51.139Z</time></trkpt><trkpt lat="42.779128" lon="-7.482689"><ele>621.063</ele><time>2025-10-22T07:45:56.139Z</time></trkpt><trkpt lat="42.779168" lon="-7.482721"><ele>621.694</ele><time>2025-10-22T07:46:00.139Z</time></trkpt><trkpt lat="42.779213" lon="-7.482737"><ele>621.918</ele><time>2025-10-22T07:46:04.138Z</time></trkpt><trkpt lat="42.779264" lon="-7.482758"><ele>622.262</ele><time>2025-10-22T07:46:09.138Z</time></trkpt><trkpt lat="42.779314" lon="-7.482790"><ele>622.665</ele><time>2025-10-22T07:46:14.138Z</time></trkpt><trkpt lat="42.779362" lon="-7.482817"><ele>622.998</ele><time>2025-10-22T07:46:19Z</time></trkpt><trkpt lat="42.779407" lon="-7.482854"><ele>623.463</ele><time>2025-10-22T07:46:24.138Z</time></trkpt><trkpt lat="42.779454" lon="-7.482880"><ele>623.846</ele><time>2025-10-22T07:46:28.138Z</time></trkpt><trkpt lat="42.779506" lon="-7.482908"><ele>624.512</ele><time>2025-10-22T07:46:33.139Z</time></trkpt><trkpt lat="42.779550" lon="-7.482926"><ele>625.042</ele><time>2025-10-22T07:46:37.138Z</time></trkpt><trkpt lat="42.779595" lon="-7.482944"><ele>625.522</ele><time>2025-10-22T07:46:41.138Z</time></trkpt><trkpt lat="42.779648" lon="-7.482965"><ele>626.114</ele><time>2025-10-22T07:46:46.138Z</time></trkpt><trkpt lat="42.779693" lon="-7.482993"><ele>626.509</ele><time>2025-10-22T07:46:50.139Z</time></trkpt><trkpt lat="42.779733" lon="-7.483022"><ele>627.076</ele><time>2025-10-22T07:46:54.138Z</time></trkpt><trkpt lat="42.779775" lon="-7.483047"><ele>627.487</ele><time>2025-10-22T07:46:58.138Z</time></trkpt><trkpt lat="42.779821" lon="-7.483070"><ele>627.711</ele><time>2025-10-22T07:47:02.138Z</time></trkpt><trkpt lat="42.779870" lon="-7.483092"><ele>628.095</ele><time>2025-10-22T07:47:07.138Z</time></trkpt><trkpt lat="42.779923" lon="-7.483118"><ele>628.328</ele><time>2025-10-22T07:47:12.139Z</time></trkpt><trkpt lat="42.779967" lon="-7.483140"><ele>628.511</ele><time>2025-10-22T07:47:16.138Z</time></trkpt><trkpt lat="42.780013" lon="-7.483167"><ele>628.636</ele><time>2025-10-22T07:47:20.139Z</time></trkpt><trkpt lat="42.780057" lon="-7.483193"><ele>628.719</ele><time>2025-10-22T07:47:24.138Z</time></trkpt><trkpt lat="42.780104" lon="-7.483214"><ele>628.825</ele><time>2025-10-22T07:47:28.138Z</time></trkpt><trkpt lat="42.780139" lon="-7.483267"><ele>628.714</ele><time>2025-10-22T07:47:32.138Z</time></trkpt><trkpt lat="42.780195" lon="-7.483274"><ele>628.954</ele><time>2025-10-22T07:47:36.138Z</time></trkpt><trkpt lat="42.780243" lon="-7.483288"><ele>629.009</ele><time>2025-10-22T07:47:40.138Z</time></trkpt><trkpt lat="42.780291" lon="-7.483297"><ele>629.209</ele><time>2025-10-22T07:47:45.138Z</time></trkpt><trkpt lat="42.780340" lon="-7.483313"><ele>629.323</ele><time>2025-10-22T07:47:50.138Z</time></trkpt><trkpt lat="42.780393" lon="-7.483327"><ele>629.434</ele><time>2025-10-22T07:47:54.138Z</time></trkpt><trkpt lat="42.780445" lon="-7.483326"><ele>629.668</ele><time>2025-10-22T07:47:58.138Z</time></trkpt><trkpt lat="42.780492" lon="-7.483341"><ele>629.862</ele><time>2025-10-22T07:48:01.138Z</time></trkpt><trkpt lat="42.780537" lon="-7.483357"><ele>629.975</ele><time>2025-10-22T07:48:04.138Z</time></trkpt><trkpt lat="42.780593" lon="-7.483380"><ele>629.918</ele><time>2025-10-22T07:48:08.138Z</time></trkpt><trkpt lat="42.780642" lon="-7.483415"><ele>629.893</ele><time>2025-10-22T07:48:12Z</time></trkpt><trkpt lat="42.780681" lon="-7.483445"><ele>629.756</ele><time>2025-10-22T07:48:15.138Z</time></trkpt><trkpt lat="42.780719" lon="-7.483479"><ele>629.712</ele><time>2025-10-22T07:48:18.138Z</time></trkpt><trkpt lat="42.780764" lon="-7.483524"><ele>629.853</ele><time>2025-10-22T07:48:22.138Z</time></trkpt><trkpt lat="42.780801" lon="-7.483568"><ele>629.904</ele><time>2025-10-22T07:48:26.138Z</time></trkpt><trkpt lat="42.780834" lon="-7.483623"><ele>630.014</ele><time>2025-10-22T07:48:30.139Z</time></trkpt><trkpt lat="42.780867" lon="-7.483669"><ele>629.909</ele><time>2025-10-22T07:48:34.139Z</time></trkpt><trkpt lat="42.780908" lon="-7.483712"><ele>629.757</ele><time>2025-10-22T07:48:38.139Z</time></trkpt><trkpt lat="42.780948" lon="-7.483769"><ele>629.688</ele><time>2025-10-22T07:48:42.139Z</time></trkpt><trkpt lat="42.780977" lon="-7.483817"><ele>629.582</ele><time>2025-10-22T07:48:45.139Z</time></trkpt><trkpt lat="42.781012" lon="-7.483875"><ele>629.486</ele><time>2025-10-22T07:48:49.140Z</time></trkpt><trkpt lat="42.781048" lon="-7.483927"><ele>629.239</ele><time>2025-10-22T07:48:53.139Z</time></trkpt><trkpt lat="42.781077" lon="-7.483995"><ele>629.112</ele><time>2025-10-22T07:48:57.139Z</time></trkpt><trkpt lat="42.781104" lon="-7.484058"><ele>629.017</ele><time>2025-10-22T07:49:01.139Z</time></trkpt><trkpt lat="42.781129" lon="-7.484113"><ele>629.030</ele><time>2025-10-22T07:49:05.139Z</time></trkpt><trkpt lat="42.781140" lon="-7.484179"><ele>629.036</ele><time>2025-10-22T07:49:09.139Z</time></trkpt><trkpt lat="42.781153" lon="-7.484255"><ele>629.049</ele><time>2025-10-22T07:49:13.139Z</time></trkpt><trkpt lat="42.781158" lon="-7.484331"><ele>629.002</ele><time>2025-10-22T07:49:17.139Z</time></trkpt><trkpt lat="42.781160" lon="-7.484404"><ele>629.022</ele><time>2025-10-22T07:49:21Z</time></trkpt><trkpt lat="42.781160" lon="-7.484473"><ele>629.009</ele><time>2025-10-22T07:49:25.139Z</time></trkpt><trkpt lat="42.781158" lon="-7.484539"><ele>629.116</ele><time>2025-10-22T07:49:29.139Z</time></trkpt><trkpt lat="42.781155" lon="-7.484611"><ele>629.127</ele><time>2025-10-22T07:49:34.139Z</time></trkpt><trkpt lat="42.781147" lon="-7.484688"><ele>629.121</ele><time>2025-10-22T07:49:39.140Z</time></trkpt><trkpt lat="42.781135" lon="-7.484758"><ele>629.185</ele><time>2025-10-22T07:49:43Z</time></trkpt><trkpt lat="42.781130" lon="-7.484832"><ele>629.118</ele><time>2025-10-22T07:49:48.139Z</time></trkpt><trkpt lat="42.781123" lon="-7.484899"><ele>629.021</ele><time>2025-10-22T07:49:52.139Z</time></trkpt><trkpt lat="42.781115" lon="-7.484965"><ele>629.086</ele><time>2025-10-22T07:49:56Z</time></trkpt><trkpt lat="42.781106" lon="-7.485030"><ele>629.089</ele><time>2025-10-22T07:50:00.140Z</time></trkpt><trkpt lat="42.781098" lon="-7.485097"><ele>628.915</ele><time>2025-10-22T07:50:04.139Z</time></trkpt><trkpt lat="42.781088" lon="-7.485170"><ele>628.934</ele><time>2025-10-22T07:50:08.139Z</time></trkpt><trkpt lat="42.781079" lon="-7.485237"><ele>628.855</ele><time>2025-10-22T07:50:12.139Z</time></trkpt><trkpt lat="42.781072" lon="-7.485299"><ele>628.710</ele><time>2025-10-22T07:50:16.140Z</time></trkpt><trkpt lat="42.781064" lon="-7.485366"><ele>628.709</ele><time>2025-10-22T07:50:20.139Z</time></trkpt><trkpt lat="42.781057" lon="-7.485432"><ele>628.645</ele><time>2025-10-22T07:50:24.140Z</time></trkpt><trkpt lat="42.781046" lon="-7.485498"><ele>628.566</ele><time>2025-10-22T07:50:28.139Z</time></trkpt><trkpt lat="42.781033" lon="-7.485566"><ele>628.420</ele><time>2025-10-22T07:50:32.139Z</time></trkpt><trkpt lat="42.781019" lon="-7.485632"><ele>628.434</ele><time>2025-10-22T07:50:36.140Z</time></trkpt><trkpt lat="42.781009" lon="-7.485702"><ele>628.537</ele><time>2025-10-22T07:50:40.139Z</time></trkpt><trkpt lat="42.781002" lon="-7.485771"><ele>628.560</ele><time>2025-10-22T07:50:44.139Z</time></trkpt><trkpt lat="42.780990" lon="-7.485838"><ele>628.665</ele><time>2025-10-22T07:50:48.139Z</time></trkpt><trkpt lat="42.780981" lon="-7.485906"><ele>628.868</ele><time>2025-10-22T07:50:52.139Z</time></trkpt><trkpt lat="42.780977" lon="-7.485973"><ele>629.014</ele><time>2025-10-22T07:50:56Z</time></trkpt><trkpt lat="42.780971" lon="-7.486038"><ele>629.281</ele><time>2025-10-22T07:51:00Z</time></trkpt><trkpt lat="42.780966" lon="-7.486107"><ele>629.561</ele><time>2025-10-22T07:51:04.139Z</time></trkpt><trkpt lat="42.780960" lon="-7.486184"><ele>629.517</ele><time>2025-10-22T07:51:08.139Z</time></trkpt><trkpt lat="42.780957" lon="-7.486252"><ele>629.509</ele><time>2025-10-22T07:51:12.139Z</time></trkpt><trkpt lat="42.780958" lon="-7.486318"><ele>629.550</ele><time>2025-10-22T07:51:16.139Z</time></trkpt><trkpt lat="42.780956" lon="-7.486384"><ele>629.661</ele><time>2025-10-22T07:51:20Z</time></trkpt><trkpt lat="42.780955" lon="-7.486454"><ele>629.485</ele><time>2025-10-22T07:51:24Z</time></trkpt><trkpt lat="42.780958" lon="-7.486525"><ele>629.349</ele><time>2025-10-22T07:51:28.140Z</time></trkpt><trkpt lat="42.780967" lon="-7.486590"><ele>629.122</ele><time>2025-10-22T07:51:32.139Z</time></trkpt><trkpt lat="42.780978" lon="-7.486654"><ele>629.015</ele><time>2025-10-22T07:51:36.139Z</time></trkpt><trkpt lat="42.780988" lon="-7.486723"><ele>628.730</ele><time>2025-10-22T07:51:40.139Z</time></trkpt><trkpt lat="42.780993" lon="-7.486786"><ele>628.373</ele><time>2025-10-22T07:51:44.139Z</time></trkpt><trkpt lat="42.780996" lon="-7.486856"><ele>627.949</ele><time>2025-10-22T07:51:48.139Z</time></trkpt><trkpt lat="42.781001" lon="-7.486927"><ele>627.513</ele><time>2025-10-22T07:51:52.139Z</time></trkpt><trkpt lat="42.781005" lon="-7.486997"><ele>627.443</ele><time>2025-10-22T07:51:56.139Z</time></trkpt><trkpt lat="42.781010" lon="-7.487064"><ele>627.407</ele><time>2025-10-22T07:52:00.139Z</time></trkpt><trkpt lat="42.781009" lon="-7.487135"><ele>627.409</ele><time>2025-10-22T07:52:04.139Z</time></trkpt><trkpt lat="42.781010" lon="-7.487198"><ele>627.423</ele><time>2025-10-22T07:52:08.140Z</time></trkpt><trkpt lat="42.781006" lon="-7.487262"><ele>627.694</ele><time>2025-10-22T07:52:12.139Z</time></trkpt><trkpt lat="42.781002" lon="-7.487331"><ele>627.988</ele><time>2025-10-22T07:52:17.139Z</time></trkpt><trkpt lat="42.781003" lon="-7.487397"><ele>628.272</ele><time>2025-10-22T07:52:21.139Z</time></trkpt><trkpt lat="42.781008" lon="-7.487467"><ele>628.555</ele><time>2025-10-22T07:52:25.139Z</time></trkpt><trkpt lat="42.781017" lon="-7.487533"><ele>628.728</ele><time>2025-10-22T07:52:29.139Z</time></trkpt><trkpt lat="42.781030" lon="-7.487602"><ele>629.033</ele><time>2025-10-22T07:52:33.139Z</time></trkpt><trkpt lat="42.781043" lon="-7.487668"><ele>629.296</ele><time>2025-10-22T07:52:37.140Z</time></trkpt><trkpt lat="42.781058" lon="-7.487728"><ele>629.582</ele><time>2025-10-22T07:52:41.139Z</time></trkpt><trkpt lat="42.781078" lon="-7.487786"><ele>629.846</ele><time>2025-10-22T07:52:45Z</time></trkpt><trkpt lat="42.781096" lon="-7.487845"><ele>629.988</ele><time>2025-10-22T07:52:49Z</time></trkpt><trkpt lat="42.781104" lon="-7.487909"><ele>629.916</ele><time>2025-10-22T07:52:53.139Z</time></trkpt><trkpt lat="42.781115" lon="-7.487974"><ele>630.009</ele><time>2025-10-22T07:52:57.139Z</time></trkpt><trkpt lat="42.781118" lon="-7.488037"><ele>630.026</ele><time>2025-10-22T07:53:01Z</time></trkpt><trkpt lat="42.781123" lon="-7.488104"><ele>630.147</ele><time>2025-10-22T07:53:05.139Z</time></trkpt><trkpt lat="42.781126" lon="-7.488168"><ele>630.141</ele><time>2025-10-22T07:53:09.139Z</time></trkpt><trkpt lat="42.781130" lon="-7.488246"><ele>630.145</ele><time>2025-10-22T07:53:14Z</time></trkpt><trkpt lat="42.781132" lon="-7.488312"><ele>630.168</ele><time>2025-10-22T07:53:18Z</time></trkpt><trkpt lat="42.781132" lon="-7.488387"><ele>630.111</ele><time>2025-10-22T07:53:23.139Z</time></trkpt><trkpt lat="42.781132" lon="-7.488449"><ele>630.126</ele><time>2025-10-22T07:53:27.139Z</time></trkpt><trkpt lat="42.781131" lon="-7.488512"><ele>630.119</ele><time>2025-10-22T07:53:31.140Z</time></trkpt><trkpt lat="42.781136" lon="-7.488574"><ele>630.195</ele><time>2025-10-22T07:53:35.140Z</time></trkpt><trkpt lat="42.781138" lon="-7.488637"><ele>630.152</ele><time>2025-10-22T07:53:39Z</time></trkpt><trkpt lat="42.781135" lon="-7.488705"><ele>630.153</ele><time>2025-10-22T07:53:43.139Z</time></trkpt><trkpt lat="42.781133" lon="-7.488776"><ele>630.108</ele><time>2025-10-22T07:53:47.140Z</time></trkpt><trkpt lat="42.781133" lon="-7.488841"><ele>630.109</ele><time>2025-10-22T07:53:51.139Z</time></trkpt><trkpt lat="42.781129" lon="-7.488909"><ele>630.237</ele><time>2025-10-22T07:53:55.140Z</time></trkpt><trkpt lat="42.781124" lon="-7.488973"><ele>630.688</ele><time>2025-10-22T07:53:59.139Z</time></trkpt><trkpt lat="42.781115" lon="-7.489038"><ele>631.162</ele><time>2025-10-22T07:54:03.139Z</time></trkpt><trkpt lat="42.781108" lon="-7.489101"><ele>631.536</ele><time>2025-10-22T07:54:07Z</time></trkpt><trkpt lat="42.781099" lon="-7.489171"><ele>632.099</ele><time>2025-10-22T07:54:11Z</time></trkpt><trkpt lat="42.781090" lon="-7.489236"><ele>632.282</ele><time>2025-10-22T07:54:15.139Z</time></trkpt><trkpt lat="42.781088" lon="-7.489300"><ele>632.417</ele><time>2025-10-22T07:54:19.139Z</time></trkpt><trkpt lat="42.781083" lon="-7.489364"><ele>632.510</ele><time>2025-10-22T07:54:23.139Z</time></trkpt><trkpt lat="42.781078" lon="-7.489425"><ele>632.766</ele><time>2025-10-22T07:54:27.139Z</time></trkpt><trkpt lat="42.781072" lon="-7.489490"><ele>632.749</ele><time>2025-10-22T07:54:31.139Z</time></trkpt><trkpt lat="42.781065" lon="-7.489556"><ele>632.702</ele><time>2025-10-22T07:54:35.139Z</time></trkpt><trkpt lat="42.781058" lon="-7.489633"><ele>632.622</ele><time>2025-10-22T07:54:40.139Z</time></trkpt><trkpt lat="42.781054" lon="-7.489697"><ele>632.609</ele><time>2025-10-22T07:54:44.140Z</time></trkpt><trkpt lat="42.781017" lon="-7.489745"><ele>632.336</ele><time>2025-10-22T07:54:49.139Z</time></trkpt><trkpt lat="42.781010" lon="-7.489813"><ele>632.167</ele><time>2025-10-22T07:54:54.139Z</time></trkpt><trkpt lat="42.780992" lon="-7.489877"><ele>631.831</ele><time>2025-10-22T07:55:00Z</time></trkpt><trkpt lat="42.780973" lon="-7.489938"><ele>631.645</ele><time>2025-10-22T07:55:05.139Z</time></trkpt><trkpt lat="42.780960" lon="-7.490005"><ele>631.568</ele><time>2025-10-22T07:55:11.139Z</time></trkpt><trkpt lat="42.780918" lon="-7.490036"><ele>631.361</ele><time>2025-10-22T07:55:21.139Z</time></trkpt><trkpt lat="42.780886" lon="-7.490080"><ele>631.266</ele><time>2025-10-22T07:55:26.139Z</time></trkpt><trkpt lat="42.780909" lon="-7.490014"><ele>631.379</ele><time>2025-10-22T07:55:51.140Z</time></trkpt><trkpt lat="42.780955" lon="-7.489990"><ele>631.575</ele><time>2025-10-22T07:55:55.139Z</time></trkpt><trkpt lat="42.781002" lon="-7.489982"><ele>631.615</ele><time>2025-10-22T07:55:59.139Z</time></trkpt><trkpt lat="42.781036" lon="-7.490024"><ele>631.865</ele><time>2025-10-22T07:56:04Z</time></trkpt><trkpt lat="42.781044" lon="-7.490088"><ele>632.011</ele><time>2025-10-22T07:56:09.139Z</time></trkpt><trkpt lat="42.781051" lon="-7.490160"><ele>632.209</ele><time>2025-10-22T07:56:14.139Z</time></trkpt><trkpt lat="42.781052" lon="-7.490223"><ele>632.423</ele><time>2025-10-22T07:56:18.140Z</time></trkpt><trkpt lat="42.781057" lon="-7.490287"><ele>632.734</ele><time>2025-10-22T07:56:22.140Z</time></trkpt><trkpt lat="42.781055" lon="-7.490364"><ele>633.278</ele><time>2025-10-22T07:56:26.139Z</time></trkpt><trkpt lat="42.781056" lon="-7.490432"><ele>633.612</ele><time>2025-10-22T07:56:30.139Z</time></trkpt><trkpt lat="42.781057" lon="-7.490494"><ele>634.025</ele><time>2025-10-22T07:56:34.139Z</time></trkpt><trkpt lat="42.781054" lon="-7.490565"><ele>634.448</ele><time>2025-10-22T07:56:38.139Z</time></trkpt><trkpt lat="42.781054" lon="-7.490635"><ele>634.763</ele><time>2025-10-22T07:56:42Z</time></trkpt><trkpt lat="42.781051" lon="-7.490700"><ele>634.966</ele><time>2025-10-22T07:56:46Z</time></trkpt><trkpt lat="42.781031" lon="-7.490763"><ele>634.982</ele><time>2025-10-22T07:56:50.139Z</time></trkpt><trkpt lat="42.781034" lon="-7.490827"><ele>635.185</ele><time>2025-10-22T07:56:54.140Z</time></trkpt><trkpt lat="42.781034" lon="-7.490895"><ele>635.389</ele><time>2025-10-22T07:56:58.139Z</time></trkpt><trkpt lat="42.781024" lon="-7.490966"><ele>635.417</ele><time>2025-10-22T07:57:03.139Z</time></trkpt><trkpt lat="42.781005" lon="-7.491042"><ele>635.309</ele><time>2025-10-22T07:57:07.139Z</time></trkpt><trkpt lat="42.780998" lon="-7.491113"><ele>635.460</ele><time>2025-10-22T07:57:11.139Z</time></trkpt><trkpt lat="42.780991" lon="-7.491180"><ele>635.341</ele><time>2025-10-22T07:57:15.139Z</time></trkpt><trkpt lat="42.780982" lon="-7.491247"><ele>635.155</ele><time>2025-10-22T07:57:19.139Z</time></trkpt><trkpt lat="42.780974" lon="-7.491318"><ele>635.049</ele><time>2025-10-22T07:57:23.139Z</time></trkpt><trkpt lat="42.780963" lon="-7.491383"><ele>634.952</ele><time>2025-10-22T07:57:27.139Z</time></trkpt><trkpt lat="42.780959" lon="-7.491450"><ele>634.915</ele><time>2025-10-22T07:57:31.139Z</time></trkpt><trkpt lat="42.780933" lon="-7.491519"><ele>634.650</ele><time>2025-10-22T07:57:36.139Z</time></trkpt><trkpt lat="42.780918" lon="-7.491588"><ele>634.493</ele><time>2025-10-22T07:57:41.139Z</time></trkpt><trkpt lat="42.780874" lon="-7.491576"><ele>633.749</ele><time>2025-10-22T07:57:43.139Z</time></trkpt><trkpt lat="42.780866" lon="-7.491649"><ele>633.611</ele><time>2025-10-22T07:57:48.139Z</time></trkpt><trkpt lat="42.780857" lon="-7.491723"><ele>633.821</ele><time>2025-10-22T07:57:53.139Z</time></trkpt><trkpt lat="42.780836" lon="-7.491788"><ele>633.903</ele><time>2025-10-22T07:57:58.139Z</time></trkpt><trkpt lat="42.780817" lon="-7.491858"><ele>634.209</ele><time>2025-10-22T07:58:04.139Z</time></trkpt><trkpt lat="42.780800" lon="-7.491919"><ele>634.493</ele><time>2025-10-22T07:58:09.139Z</time></trkpt><trkpt lat="42.780790" lon="-7.491988"><ele>634.724</ele><time>2025-10-22T07:58:14Z</time></trkpt><trkpt lat="42.780783" lon="-7.492051"><ele>635.068</ele><time>2025-10-22T07:58:18Z</time></trkpt><trkpt lat="42.780765" lon="-7.492119"><ele>635.132</ele><time>2025-10-22T07:58:23.139Z</time></trkpt><trkpt lat="42.780749" lon="-7.492183"><ele>635.295</ele><time>2025-10-22T07:58:27.139Z</time></trkpt><trkpt lat="42.780737" lon="-7.492243"><ele>635.458</ele><time>2025-10-22T07:58:31Z</time></trkpt><trkpt lat="42.780724" lon="-7.492309"><ele>635.573</ele><time>2025-10-22T07:58:35.140Z</time></trkpt><trkpt lat="42.780712" lon="-7.492370"><ele>635.696</ele><time>2025-10-22T07:58:39.139Z</time></trkpt><trkpt lat="42.780702" lon="-7.492431"><ele>635.732</ele><time>2025-10-22T07:58:43Z</time></trkpt><trkpt lat="42.780686" lon="-7.492494"><ele>635.828</ele><time>2025-10-22T07:58:47.139Z</time></trkpt><trkpt lat="42.780678" lon="-7.492558"><ele>635.889</ele><time>2025-10-22T07:58:51.139Z</time></trkpt><trkpt lat="42.780663" lon="-7.492624"><ele>635.517</ele><time>2025-10-22T07:58:55.139Z</time></trkpt><trkpt lat="42.780626" lon="-7.492681"><ele>635.009</ele><time>2025-10-22T07:59:00.139Z</time></trkpt><trkpt lat="42.780596" lon="-7.492746"><ele>634.694</ele><time>2025-10-22T07:59:05.139Z</time></trkpt><trkpt lat="42.780592" lon="-7.492815"><ele>634.585</ele><time>2025-10-22T07:59:10.139Z</time></trkpt><trkpt lat="42.780588" lon="-7.492878"><ele>634.419</ele><time>2025-10-22T07:59:14.139Z</time></trkpt><trkpt lat="42.780578" lon="-7.492952"><ele>634.333</ele><time>2025-10-22T07:59:19.139Z</time></trkpt><trkpt lat="42.780582" lon="-7.493016"><ele>634.326</ele><time>2025-10-22T07:59:23.139Z</time></trkpt><trkpt lat="42.780582" lon="-7.493090"><ele>634.259</ele><time>2025-10-22T07:59:28.139Z</time></trkpt><trkpt lat="42.780578" lon="-7.493153"><ele>633.954</ele><time>2025-10-22T07:59:32.140Z</time></trkpt><trkpt lat="42.780574" lon="-7.493216"><ele>633.617</ele><time>2025-10-22T07:59:36.139Z</time></trkpt><trkpt lat="42.780565" lon="-7.493280"><ele>633.353</ele><time>2025-10-22T07:59:40.139Z</time></trkpt><trkpt lat="42.780556" lon="-7.493345"><ele>633.064</ele><time>2025-10-22T07:59:45.139Z</time></trkpt><trkpt lat="42.780556" lon="-7.493416"><ele>633.006</ele><time>2025-10-22T07:59:50.138Z</time></trkpt><trkpt lat="42.780593" lon="-7.493454"><ele>633.316</ele><time>2025-10-22T07:59:54.138Z</time></trkpt><trkpt lat="42.780610" lon="-7.493533"><ele>633.409</ele><time>2025-10-22T07:59:59.139Z</time></trkpt><trkpt lat="42.780557" lon="-7.493518"><ele>633.068</ele><time>2025-10-22T08:00:03.138Z</time></trkpt><trkpt lat="42.780508" lon="-7.493525"><ele>632.639</ele><time>2025-10-22T08:00:08.138Z</time></trkpt><trkpt lat="42.780465" lon="-7.493559"><ele>632.353</ele><time>2025-10-22T08:00:14.138Z</time></trkpt><trkpt lat="42.780431" lon="-7.493604"><ele>632.187</ele><time>2025-10-22T08:00:19.139Z</time></trkpt><trkpt lat="42.780381" lon="-7.493620"><ele>631.880</ele><time>2025-10-22T08:00:25.138Z</time></trkpt><trkpt lat="42.780425" lon="-7.493598"><ele>632.023</ele><time>2025-10-22T08:00:34.138Z</time></trkpt><trkpt lat="42.780383" lon="-7.493639"><ele>631.968</ele><time>2025-10-22T08:00:42.138Z</time></trkpt><trkpt lat="42.780349" lon="-7.493697"><ele>631.981</ele><time>2025-10-22T08:00:47.138Z</time></trkpt><trkpt lat="42.780316" lon="-7.493755"><ele>631.957</ele><time>2025-10-22T08:00:52.138Z</time></trkpt><trkpt lat="42.780288" lon="-7.493811"><ele>631.874</ele><time>2025-10-22T08:00:56.139Z</time></trkpt><trkpt lat="42.780260" lon="-7.493861"><ele>631.656</ele><time>2025-10-22T08:01:00.138Z</time></trkpt><trkpt lat="42.780227" lon="-7.493909"><ele>631.321</ele><time>2025-10-22T08:01:04.139Z</time></trkpt><trkpt lat="42.780201" lon="-7.493972"><ele>630.909</ele><time>2025-10-22T08:01:08.138Z</time></trkpt><trkpt lat="42.780192" lon="-7.494046"><ele>630.879</ele><time>2025-10-22T08:01:14.139Z</time></trkpt><trkpt lat="42.780195" lon="-7.494122"><ele>630.810</ele><time>2025-10-22T08:01:18.138Z</time></trkpt><trkpt lat="42.780198" lon="-7.494188"><ele>630.854</ele><time>2025-10-22T08:01:22.138Z</time></trkpt><trkpt lat="42.780199" lon="-7.494251"><ele>630.658</ele><time>2025-10-22T08:01:26.139Z</time></trkpt><trkpt lat="42.780199" lon="-7.494324"><ele>630.321</ele><time>2025-10-22T08:01:31.139Z</time></trkpt><trkpt lat="42.780203" lon="-7.494391"><ele>630.134</ele><time>2025-10-22T08:01:35.139Z</time></trkpt><trkpt lat="42.780208" lon="-7.494454"><ele>629.949</ele><time>2025-10-22T08:01:41.139Z</time></trkpt><trkpt lat="42.780236" lon="-7.494508"><ele>630.052</ele><time>2025-10-22T08:01:57.138Z</time></trkpt><trkpt lat="42.780279" lon="-7.494531"><ele>630.448</ele><time>2025-10-22T08:02:04.138Z</time></trkpt><trkpt lat="42.780325" lon="-7.494556"><ele>630.747</ele><time>2025-10-22T08:04:56.138Z</time></trkpt><trkpt lat="42.780372" lon="-7.494578"><ele>631.129</ele><time>2025-10-22T08:05:00.138Z</time></trkpt><trkpt lat="42.780422" lon="-7.494610"><ele>631.421</ele><time>2025-10-22T08:05:05.139Z</time></trkpt><trkpt lat="42.780466" lon="-7.494647"><ele>631.609</ele><time>2025-10-22T08:05:09.138Z</time></trkpt><trkpt lat="42.780498" lon="-7.494708"><ele>631.516</ele><time>2025-10-22T08:05:14.138Z</time></trkpt><trkpt lat="42.780526" lon="-7.494762"><ele>631.457</ele><time>2025-10-22T08:05:18.138Z</time></trkpt><trkpt lat="42.780566" lon="-7.494811"><ele>631.441</ele><time>2025-10-22T08:05:23.138Z</time></trkpt><trkpt lat="42.780588" lon="-7.494873"><ele>631.225</ele><time>2025-10-22T08:05:37.138Z</time></trkpt><trkpt lat="42.780598" lon="-7.494936"><ele>630.988</ele><time>2025-10-22T08:05:43.138Z</time></trkpt><trkpt lat="42.780630" lon="-7.494989"><ele>630.941</ele><time>2025-10-22T08:05:48.138Z</time></trkpt><trkpt lat="42.780648" lon="-7.495046"><ele>630.826</ele><time>2025-10-22T08:05:52.139Z</time></trkpt><trkpt lat="42.780693" lon="-7.495080"><ele>631.219</ele><time>2025-10-22T08:05:57.138Z</time></trkpt><trkpt lat="42.780733" lon="-7.495128"><ele>631.565</ele><time>2025-10-22T08:06:01.138Z</time></trkpt><trkpt lat="42.780764" lon="-7.495179"><ele>631.683</ele><time>2025-10-22T08:06:04.139Z</time></trkpt><trkpt lat="42.780803" lon="-7.495231"><ele>631.825</ele><time>2025-10-22T08:06:08.139Z</time></trkpt><trkpt lat="42.780832" lon="-7.495295"><ele>632.017</ele><time>2025-10-22T08:06:12.138Z</time></trkpt><trkpt lat="42.780857" lon="-7.495350"><ele>632.309</ele><time>2025-10-22T08:06:16.138Z</time></trkpt><trkpt lat="42.780886" lon="-7.495403"><ele>632.780</ele><time>2025-10-22T08:06:20.138Z</time></trkpt><trkpt lat="42.780913" lon="-7.495455"><ele>633.031</ele><time>2025-10-22T08:06:24.138Z</time></trkpt><trkpt lat="42.780940" lon="-7.495510"><ele>633.285</ele><time>2025-10-22T08:06:28.138Z</time></trkpt><trkpt lat="42.780964" lon="-7.495570"><ele>633.549</ele><time>2025-10-22T08:06:32.139Z</time></trkpt><trkpt lat="42.780981" lon="-7.495628"><ele>634.212</ele><time>2025-10-22T08:06:36.138Z</time></trkpt><trkpt lat="42.780972" lon="-7.495697"><ele>634.855</ele><time>2025-10-22T08:06:41.138Z</time></trkpt><trkpt lat="42.780972" lon="-7.495758"><ele>635.330</ele><time>2025-10-22T08:06:47.138Z</time></trkpt><trkpt lat="42.780930" lon="-7.495725"><ele>634.753</ele><time>2025-10-22T08:06:57.139Z</time></trkpt><trkpt lat="42.780894" lon="-7.495772"><ele>634.839</ele><time>2025-10-22T08:07:06.138Z</time></trkpt><trkpt lat="42.780847" lon="-7.495778"><ele>634.567</ele><time>2025-10-22T08:07:12.138Z</time></trkpt><trkpt lat="42.780794" lon="-7.495799"><ele>634.381</ele><time>2025-10-22T08:07:33.138Z</time></trkpt><trkpt lat="42.780752" lon="-7.495834"><ele>634.419</ele><time>2025-10-22T08:07:37.138Z</time></trkpt><trkpt lat="42.780706" lon="-7.495864"><ele>634.709</ele><time>2025-10-22T08:07:42.138Z</time></trkpt><trkpt lat="42.780663" lon="-7.495897"><ele>635.188</ele><time>2025-10-22T08:07:48.138Z</time></trkpt><trkpt lat="42.780616" lon="-7.495910"><ele>635.139</ele><time>2025-10-22T08:07:54.139Z</time></trkpt><trkpt lat="42.780571" lon="-7.495915"><ele>634.993</ele><time>2025-10-22T08:08:00.138Z</time></trkpt><trkpt lat="42.780523" lon="-7.495929"><ele>635.287</ele><time>2025-10-22T08:08:05.138Z</time></trkpt><trkpt lat="42.780469" lon="-7.495938"><ele>635.630</ele><time>2025-10-22T08:08:09.139Z</time></trkpt><trkpt lat="42.780416" lon="-7.495948"><ele>636.183</ele><time>2025-10-22T08:08:14.138Z</time></trkpt><trkpt lat="42.780361" lon="-7.495948"><ele>636.348</ele><time>2025-10-22T08:08:19.138Z</time></trkpt><trkpt lat="42.780305" lon="-7.495941"><ele>636.461</ele><time>2025-10-22T08:08:24.139Z</time></trkpt><trkpt lat="42.780255" lon="-7.495931"><ele>636.697</ele><time>2025-10-22T08:08:29.138Z</time></trkpt><trkpt lat="42.780214" lon="-7.495887"><ele>636.458</ele><time>2025-10-22T08:08:34.138Z</time></trkpt><trkpt lat="42.780161" lon="-7.495885"><ele>636.952</ele><time>2025-10-22T08:08:38.138Z</time></trkpt><trkpt lat="42.780109" lon="-7.495868"><ele>637.217</ele><time>2025-10-22T08:08:43Z</time></trkpt><trkpt lat="42.780063" lon="-7.495854"><ele>637.609</ele><time>2025-10-22T08:08:47.138Z</time></trkpt><trkpt lat="42.780011" lon="-7.495845"><ele>638.067</ele><time>2025-10-22T08:08:51.139Z</time></trkpt><trkpt lat="42.779962" lon="-7.495844"><ele>638.248</ele><time>2025-10-22T08:08:55.138Z</time></trkpt><trkpt lat="42.779913" lon="-7.495834"><ele>638.312</ele><time>2025-10-22T08:08:59.138Z</time></trkpt><trkpt lat="42.779861" lon="-7.495839"><ele>638.636</ele><time>2025-10-22T08:09:03.138Z</time></trkpt><trkpt lat="42.779812" lon="-7.495847"><ele>638.829</ele><time>2025-10-22T08:09:07.138Z</time></trkpt><trkpt lat="42.779765" lon="-7.495850"><ele>639.052</ele><time>2025-10-22T08:09:11.138Z</time></trkpt><trkpt lat="42.779718" lon="-7.495878"><ele>639.377</ele><time>2025-10-22T08:09:16.138Z</time></trkpt><trkpt lat="42.779676" lon="-7.495907"><ele>639.490</ele><time>2025-10-22T08:09:20.138Z</time></trkpt><trkpt lat="42.779630" lon="-7.495930"><ele>639.446</ele><time>2025-10-22T08:09:24.138Z</time></trkpt><trkpt lat="42.779594" lon="-7.495986"><ele>639.682</ele><time>2025-10-22T08:09:28.139Z</time></trkpt><trkpt lat="42.779553" lon="-7.496030"><ele>639.843</ele><time>2025-10-22T08:09:32.139Z</time></trkpt><trkpt lat="42.779519" lon="-7.496077"><ele>640.017</ele><time>2025-10-22T08:09:36.138Z</time></trkpt><trkpt lat="42.779502" lon="-7.496139"><ele>640.309</ele><time>2025-10-22T08:09:40.138Z</time></trkpt><trkpt lat="42.779487" lon="-7.496204"><ele>640.570</ele><time>2025-10-22T08:09:44.139Z</time></trkpt><trkpt lat="42.779481" lon="-7.496272"><ele>640.861</ele><time>2025-10-22T08:09:48.139Z</time></trkpt><trkpt lat="42.779460" lon="-7.496338"><ele>640.985</ele><time>2025-10-22T08:09:53.138Z</time></trkpt><trkpt lat="42.779456" lon="-7.496412"><ele>641.189</ele><time>2025-10-22T08:09:58.139Z</time></trkpt><trkpt lat="42.779454" lon="-7.496474"><ele>641.132</ele><time>2025-10-22T08:10:02.138Z</time></trkpt><trkpt lat="42.779454" lon="-7.496547"><ele>641.145</ele><time>2025-10-22T08:10:06.138Z</time></trkpt><trkpt lat="42.779450" lon="-7.496618"><ele>641.170</ele><time>2025-10-22T08:10:10.138Z</time></trkpt><trkpt lat="42.779455" lon="-7.496684"><ele>641.123</ele><time>2025-10-22T08:10:14.138Z</time></trkpt><trkpt lat="42.779458" lon="-7.496757"><ele>641.159</ele><time>2025-10-22T08:10:18.138Z</time></trkpt><trkpt lat="42.779463" lon="-7.496837"><ele>641.222</ele><time>2025-10-22T08:10:22Z</time></trkpt><trkpt lat="42.779457" lon="-7.496913"><ele>641.162</ele><time>2025-10-22T08:10:26.138Z</time></trkpt><trkpt lat="42.779447" lon="-7.496986"><ele>640.908</ele><time>2025-10-22T08:10:30.138Z</time></trkpt><trkpt lat="42.779430" lon="-7.497051"><ele>640.509</ele><time>2025-10-22T08:10:34.138Z</time></trkpt><trkpt lat="42.779413" lon="-7.497129"><ele>640.124</ele><time>2025-10-22T08:10:38.138Z</time></trkpt><trkpt lat="42.779402" lon="-7.497189"><ele>639.815</ele><time>2025-10-22T08:10:41.138Z</time></trkpt><trkpt lat="42.779395" lon="-7.497264"><ele>639.569</ele><time>2025-10-22T08:10:45.138Z</time></trkpt><trkpt lat="42.779386" lon="-7.497340"><ele>639.253</ele><time>2025-10-22T08:10:49.138Z</time></trkpt><trkpt lat="42.779377" lon="-7.497415"><ele>639.076</ele><time>2025-10-22T08:10:53.139Z</time></trkpt><trkpt lat="42.779371" lon="-7.497488"><ele>638.889</ele><time>2025-10-22T08:10:57.139Z</time></trkpt><trkpt lat="42.779365" lon="-7.497563"><ele>638.624</ele><time>2025-10-22T08:11:01.138Z</time></trkpt><trkpt lat="42.779356" lon="-7.497638"><ele>638.587</ele><time>2025-10-22T08:11:05.139Z</time></trkpt><trkpt lat="42.779347" lon="-7.497709"><ele>638.433</ele><time>2025-10-22T08:11:09.138Z</time></trkpt><trkpt lat="42.779341" lon="-7.497782"><ele>638.356</ele><time>2025-10-22T08:11:13.139Z</time></trkpt><trkpt lat="42.779333" lon="-7.497855"><ele>638.259</ele><time>2025-10-22T08:11:17.139Z</time></trkpt><trkpt lat="42.779326" lon="-7.497924"><ele>638.114</ele><time>2025-10-22T08:11:21.138Z</time></trkpt><trkpt lat="42.779320" lon="-7.498000"><ele>638.109</ele><time>2025-10-22T08:11:25.138Z</time></trkpt><trkpt lat="42.779313" lon="-7.498067"><ele>638.157</ele><time>2025-10-22T08:11:29.139Z</time></trkpt><trkpt lat="42.779307" lon="-7.498140"><ele>638.548</ele><time>2025-10-22T08:11:33.138Z</time></trkpt><trkpt lat="42.779291" lon="-7.498214"><ele>638.892</ele><time>2025-10-22T08:11:37.138Z</time></trkpt><trkpt lat="42.779274" lon="-7.498284"><ele>639.176</ele><time>2025-10-22T08:11:41.139Z</time></trkpt><trkpt lat="42.779255" lon="-7.498354"><ele>639.459</ele><time>2025-10-22T08:11:45.138Z</time></trkpt><trkpt lat="42.779240" lon="-7.498428"><ele>639.962</ele><time>2025-10-22T08:11:49Z</time></trkpt><trkpt lat="42.779219" lon="-7.498497"><ele>640.327</ele><time>2025-10-22T08:11:53.139Z</time></trkpt><trkpt lat="42.779197" lon="-7.498559"><ele>640.620</ele><time>2025-10-22T08:11:57.139Z</time></trkpt><trkpt lat="42.779180" lon="-7.498621"><ele>641.016</ele><time>2025-10-22T08:12:01.138Z</time></trkpt><trkpt lat="42.779164" lon="-7.498679"><ele>641.051</ele><time>2025-10-22T08:12:05.138Z</time></trkpt><trkpt lat="42.779147" lon="-7.498743"><ele>640.901</ele><time>2025-10-22T08:12:09.138Z</time></trkpt><trkpt lat="42.779129" lon="-7.498811"><ele>640.711</ele><time>2025-10-22T08:12:13.138Z</time></trkpt><trkpt lat="42.779107" lon="-7.498872"><ele>640.609</ele><time>2025-10-22T08:12:17.138Z</time></trkpt><trkpt lat="42.779094" lon="-7.498938"><ele>640.597</ele><time>2025-10-22T08:12:21.138Z</time></trkpt><trkpt lat="42.779081" lon="-7.499008"><ele>640.448</ele><time>2025-10-22T08:12:25.138Z</time></trkpt><trkpt lat="42.779060" lon="-7.499071"><ele>640.292</ele><time>2025-10-22T08:12:29Z</time></trkpt><trkpt lat="42.779031" lon="-7.499137"><ele>640.036</ele><time>2025-10-22T08:12:33.138Z</time></trkpt><trkpt lat="42.778998" lon="-7.499195"><ele>639.849</ele><time>2025-10-22T08:12:37.138Z</time></trkpt><trkpt lat="42.778960" lon="-7.499251"><ele>639.542</ele><time>2025-10-22T08:12:41.138Z</time></trkpt><trkpt lat="42.778925" lon="-7.499308"><ele>639.327</ele><time>2025-10-22T08:12:45.138Z</time></trkpt><trkpt lat="42.778879" lon="-7.499354"><ele>639.090</ele><time>2025-10-22T08:12:49.138Z</time></trkpt><trkpt lat="42.778831" lon="-7.499359"><ele>638.966</ele><time>2025-10-22T08:12:54.139Z</time></trkpt><trkpt lat="42.778794" lon="-7.499401"><ele>638.926</ele><time>2025-10-22T08:13:00.139Z</time></trkpt><trkpt lat="42.778746" lon="-7.499430"><ele>639.047</ele><time>2025-10-22T08:13:06.138Z</time></trkpt><trkpt lat="42.778713" lon="-7.499482"><ele>639.211</ele><time>2025-10-22T08:13:12.139Z</time></trkpt><trkpt lat="42.778665" lon="-7.499514"><ele>639.509</ele><time>2025-10-22T08:13:17.138Z</time></trkpt><trkpt lat="42.778621" lon="-7.499549"><ele>639.764</ele><time>2025-10-22T08:13:23.138Z</time></trkpt><trkpt lat="42.778574" lon="-7.499584"><ele>639.945</ele><time>2025-10-22T08:13:29.139Z</time></trkpt><trkpt lat="42.778523" lon="-7.499614"><ele>639.999</ele><time>2025-10-22T08:13:34.138Z</time></trkpt><trkpt lat="42.778490" lon="-7.499660"><ele>640.123</ele><time>2025-10-22T08:13:38.138Z</time></trkpt><trkpt lat="42.778452" lon="-7.499700"><ele>640.396</ele><time>2025-10-22T08:13:42.139Z</time></trkpt><trkpt lat="42.778416" lon="-7.499738"><ele>640.319</ele><time>2025-10-22T08:13:46.138Z</time></trkpt><trkpt lat="42.778381" lon="-7.499782"><ele>640.244</ele><time>2025-10-22T08:13:50.138Z</time></trkpt><trkpt lat="42.778344" lon="-7.499837"><ele>640.097</ele><time>2025-10-22T08:13:55.138Z</time></trkpt><trkpt lat="42.778309" lon="-7.499895"><ele>639.663</ele><time>2025-10-22T08:14:00.138Z</time></trkpt><trkpt lat="42.778276" lon="-7.499939"><ele>639.188</ele><time>2025-10-22T08:14:04.138Z</time></trkpt><trkpt lat="42.778242" lon="-7.499979"><ele>638.724</ele><time>2025-10-22T08:14:08.138Z</time></trkpt><trkpt lat="42.778205" lon="-7.500019"><ele>638.126</ele><time>2025-10-22T08:14:12.139Z</time></trkpt><trkpt lat="42.778158" lon="-7.500064"><ele>637.509</ele><time>2025-10-22T08:14:17.138Z</time></trkpt><trkpt lat="42.778114" lon="-7.500108"><ele>637.160</ele><time>2025-10-22T08:14:22.139Z</time></trkpt><trkpt lat="42.778074" lon="-7.500137"><ele>636.711</ele><time>2025-10-22T08:14:26.139Z</time></trkpt><trkpt lat="42.778042" lon="-7.500197"><ele>636.695</ele><time>2025-10-22T08:14:31.138Z</time></trkpt><trkpt lat="42.777997" lon="-7.500231"><ele>636.259</ele><time>2025-10-22T08:14:36.139Z</time></trkpt><trkpt lat="42.777956" lon="-7.500256"><ele>635.882</ele><time>2025-10-22T08:14:40.138Z</time></trkpt><trkpt lat="42.777920" lon="-7.500293"><ele>635.635</ele><time>2025-10-22T08:14:44.138Z</time></trkpt><trkpt lat="42.777890" lon="-7.500345"><ele>635.780</ele><time>2025-10-22T08:14:48.138Z</time></trkpt><trkpt lat="42.777864" lon="-7.500404"><ele>635.883</ele><time>2025-10-22T08:14:52.138Z</time></trkpt><trkpt lat="42.777849" lon="-7.500466"><ele>636.119</ele><time>2025-10-22T08:14:56.138Z</time></trkpt><trkpt lat="42.777830" lon="-7.500530"><ele>636.434</ele><time>2025-10-22T08:15:00.138Z</time></trkpt><trkpt lat="42.777815" lon="-7.500591"><ele>636.755</ele><time>2025-10-22T08:15:04.138Z</time></trkpt><trkpt lat="42.777816" lon="-7.500654"><ele>637.110</ele><time>2025-10-22T08:15:08.138Z</time></trkpt><trkpt lat="42.777823" lon="-7.500716"><ele>637.609</ele><time>2025-10-22T08:15:12.138Z</time></trkpt><trkpt lat="42.777828" lon="-7.500780"><ele>638.235</ele><time>2025-10-22T08:15:16.138Z</time></trkpt><trkpt lat="42.777831" lon="-7.500845"><ele>638.746</ele><time>2025-10-22T08:15:20.138Z</time></trkpt><trkpt lat="42.777826" lon="-7.500912"><ele>639.050</ele><time>2025-10-22T08:15:24.138Z</time></trkpt><trkpt lat="42.777809" lon="-7.500985"><ele>639.474</ele><time>2025-10-22T08:15:29.139Z</time></trkpt><trkpt lat="42.777789" lon="-7.501047"><ele>639.667</ele><time>2025-10-22T08:15:33.138Z</time></trkpt><trkpt lat="42.777773" lon="-7.501109"><ele>639.950</ele><time>2025-10-22T08:15:37.138Z</time></trkpt><trkpt lat="42.777760" lon="-7.501170"><ele>640.055</ele><time>2025-10-22T08:15:41.138Z</time></trkpt><trkpt lat="42.777746" lon="-7.501231"><ele>640.138</ele><time>2025-10-22T08:15:45.138Z</time></trkpt><trkpt lat="42.777730" lon="-7.501294"><ele>640.394</ele><time>2025-10-22T08:15:49.139Z</time></trkpt><trkpt lat="42.777703" lon="-7.501348"><ele>640.354</ele><time>2025-10-22T08:15:53.138Z</time></trkpt><trkpt lat="42.777680" lon="-7.501410"><ele>640.556</ele><time>2025-10-22T08:15:57.138Z</time></trkpt><trkpt lat="42.777663" lon="-7.501472"><ele>640.911</ele><time>2025-10-22T08:16:01.138Z</time></trkpt><trkpt lat="42.777682" lon="-7.501533"><ele>641.509</ele><time>2025-10-22T08:16:05.138Z</time></trkpt><trkpt lat="42.777653" lon="-7.501596"><ele>641.987</ele><time>2025-10-22T08:16:10.138Z</time></trkpt><trkpt lat="42.777630" lon="-7.501652"><ele>642.378</ele><time>2025-10-22T08:16:14.139Z</time></trkpt><trkpt lat="42.777601" lon="-7.501707"><ele>642.482</ele><time>2025-10-22T08:16:18.138Z</time></trkpt><trkpt lat="42.777575" lon="-7.501759"><ele>642.466</ele><time>2025-10-22T08:16:22.139Z</time></trkpt><trkpt lat="42.777543" lon="-7.501810"><ele>642.249</ele><time>2025-10-22T08:16:26.139Z</time></trkpt><trkpt lat="42.777510" lon="-7.501860"><ele>642.172</ele><time>2025-10-22T08:16:30.138Z</time></trkpt><trkpt lat="42.777483" lon="-7.501916"><ele>641.847</ele><time>2025-10-22T08:16:34.138Z</time></trkpt><trkpt lat="42.777460" lon="-7.501974"><ele>641.530</ele><time>2025-10-22T08:16:38.139Z</time></trkpt><trkpt lat="42.777442" lon="-7.502031"><ele>641.226</ele><time>2025-10-22T08:16:42.138Z</time></trkpt><trkpt lat="42.777426" lon="-7.502094"><ele>640.957</ele><time>2025-10-22T08:16:46.138Z</time></trkpt><trkpt lat="42.777411" lon="-7.502153"><ele>640.800</ele><time>2025-10-22T08:16:50.138Z</time></trkpt><trkpt lat="42.777414" lon="-7.502220"><ele>640.720</ele><time>2025-10-22T08:16:54.138Z</time></trkpt><trkpt lat="42.777418" lon="-7.502290"><ele>640.509</ele><time>2025-10-22T08:16:58.138Z</time></trkpt><trkpt lat="42.777415" lon="-7.502359"><ele>640.247</ele><time>2025-10-22T08:17:02.138Z</time></trkpt><trkpt lat="42.777407" lon="-7.502420"><ele>640.088</ele><time>2025-10-22T08:17:06.139Z</time></trkpt><trkpt lat="42.777376" lon="-7.502472"><ele>639.752</ele><time>2025-10-22T08:17:11.138Z</time></trkpt><trkpt lat="42.777358" lon="-7.502532"><ele>639.746</ele><time>2025-10-22T08:17:16.138Z</time></trkpt><trkpt lat="42.777355" lon="-7.502596"><ele>640.069</ele><time>2025-10-22T08:17:20.139Z</time></trkpt><trkpt lat="42.777344" lon="-7.502668"><ele>640.312</ele><time>2025-10-22T08:17:25.138Z</time></trkpt><trkpt lat="42.777324" lon="-7.502739"><ele>640.577</ele><time>2025-10-22T08:17:30.139Z</time></trkpt><trkpt lat="42.777305" lon="-7.502809"><ele>640.770</ele><time>2025-10-22T08:17:35.138Z</time></trkpt><trkpt lat="42.777299" lon="-7.502871"><ele>641.016</ele><time>2025-10-22T08:17:39.138Z</time></trkpt><trkpt lat="42.777301" lon="-7.502935"><ele>641.327</ele><time>2025-10-22T08:17:43.138Z</time></trkpt><trkpt lat="42.777309" lon="-7.502996"><ele>641.768</ele><time>2025-10-22T08:17:47.139Z</time></trkpt><trkpt lat="42.777283" lon="-7.503051"><ele>641.614</ele><time>2025-10-22T08:18:31.138Z</time></trkpt><trkpt lat="42.777294" lon="-7.503113"><ele>642.009</ele><time>2025-10-22T08:18:34.138Z</time></trkpt><trkpt lat="42.777298" lon="-7.503177"><ele>642.434</ele><time>2025-10-22T08:18:38.138Z</time></trkpt><trkpt lat="42.777299" lon="-7.503245"><ele>642.725</ele><time>2025-10-22T08:18:42.139Z</time></trkpt><trkpt lat="42.777295" lon="-7.503312"><ele>643.089</ele><time>2025-10-22T08:18:46.138Z</time></trkpt><trkpt lat="42.777307" lon="-7.503387"><ele>643.233</ele><time>2025-10-22T08:18:51.138Z</time></trkpt><trkpt lat="42.777333" lon="-7.503457"><ele>643.636</ele><time>2025-10-22T08:18:56.139Z</time></trkpt><trkpt lat="42.777372" lon="-7.503507"><ele>644.279</ele><time>2025-10-22T08:19:00.138Z</time></trkpt><trkpt lat="42.777395" lon="-7.503560"><ele>644.524</ele><time>2025-10-22T08:19:08.138Z</time></trkpt><trkpt lat="42.777438" lon="-7.503599"><ele>645.187</ele><time>2025-10-22T08:19:13.138Z</time></trkpt><trkpt lat="42.777469" lon="-7.503661"><ele>645.413</ele><time>2025-10-22T08:19:18.138Z</time></trkpt><trkpt lat="42.777505" lon="-7.503713"><ele>645.728</ele><time>2025-10-22T08:19:26.138Z</time></trkpt><trkpt lat="42.777528" lon="-7.503768"><ele>645.689</ele><time>2025-10-22T08:19:30.139Z</time></trkpt><trkpt lat="42.777531" lon="-7.503829"><ele>645.417</ele><time>2025-10-22T08:19:41.138Z</time></trkpt><trkpt lat="42.777534" lon="-7.503898"><ele>645.209</ele><time>2025-10-22T08:19:46.138Z</time></trkpt><trkpt lat="42.777529" lon="-7.503975"><ele>644.694</ele><time>2025-10-22T08:19:51.139Z</time></trkpt><trkpt lat="42.777524" lon="-7.504041"><ele>644.145</ele><time>2025-10-22T08:19:55.138Z</time></trkpt><trkpt lat="42.777524" lon="-7.504109"><ele>643.619</ele><time>2025-10-22T08:19:59.138Z</time></trkpt><trkpt lat="42.777521" lon="-7.504185"><ele>643.193</ele><time>2025-10-22T08:20:03.138Z</time></trkpt><trkpt lat="42.777519" lon="-7.504263"><ele>642.836</ele><time>2025-10-22T08:20:07.138Z</time></trkpt><trkpt lat="42.777514" lon="-7.504343"><ele>642.469</ele><time>2025-10-22T08:20:11.138Z</time></trkpt><trkpt lat="42.777522" lon="-7.504420"><ele>642.254</ele><time>2025-10-22T08:20:15.138Z</time></trkpt><trkpt lat="42.777521" lon="-7.504500"><ele>641.757</ele><time>2025-10-22T08:20:19.138Z</time></trkpt><trkpt lat="42.777515" lon="-7.504576"><ele>641.173</ele><time>2025-10-22T08:20:23.138Z</time></trkpt><trkpt lat="42.777495" lon="-7.504648"><ele>640.582</ele><time>2025-10-22T08:20:27.138Z</time></trkpt><trkpt lat="42.777475" lon="-7.504704"><ele>639.943</ele><time>2025-10-22T08:20:30.138Z</time></trkpt><trkpt lat="42.777444" lon="-7.504763"><ele>639.417</ele><time>2025-10-22T08:20:34.138Z</time></trkpt><trkpt lat="42.777413" lon="-7.504831"><ele>638.809</ele><time>2025-10-22T08:20:38.138Z</time></trkpt><trkpt lat="42.777376" lon="-7.504889"><ele>638.490</ele><time>2025-10-22T08:20:42.138Z</time></trkpt><trkpt lat="42.777344" lon="-7.504949"><ele>638.231</ele><time>2025-10-22T08:20:46.139Z</time></trkpt><trkpt lat="42.777318" lon="-7.505014"><ele>637.925</ele><time>2025-10-22T08:20:50.138Z</time></trkpt><trkpt lat="42.777303" lon="-7.505088"><ele>637.549</ele><time>2025-10-22T08:20:54.138Z</time></trkpt><trkpt lat="42.777270" lon="-7.505136"><ele>637.142</ele><time>2025-10-22T08:20:58.138Z</time></trkpt><trkpt lat="42.777255" lon="-7.505200"><ele>636.655</ele><time>2025-10-22T08:21:03.138Z</time></trkpt><trkpt lat="42.777238" lon="-7.505258"><ele>636.260</ele><time>2025-10-22T08:21:07.139Z</time></trkpt><trkpt lat="42.777223" lon="-7.505321"><ele>635.823</ele><time>2025-10-22T08:21:11.138Z</time></trkpt><trkpt lat="42.777207" lon="-7.505381"><ele>635.699</ele><time>2025-10-22T08:21:15.138Z</time></trkpt><trkpt lat="42.777198" lon="-7.505445"><ele>635.358</ele><time>2025-10-22T08:21:23Z</time></trkpt><trkpt lat="42.777188" lon="-7.505511"><ele>635.152</ele><time>2025-10-22T08:21:27.139Z</time></trkpt><trkpt lat="42.777178" lon="-7.505576"><ele>634.817</ele><time>2025-10-22T08:21:31.138Z</time></trkpt><trkpt lat="42.777170" lon="-7.505640"><ele>634.509</ele><time>2025-10-22T08:21:35.138Z</time></trkpt><trkpt lat="42.777174" lon="-7.505716"><ele>634.287</ele><time>2025-10-22T08:21:39.138Z</time></trkpt><trkpt lat="42.777173" lon="-7.505790"><ele>634.058</ele><time>2025-10-22T08:21:43.138Z</time></trkpt><trkpt lat="42.777168" lon="-7.505852"><ele>633.782</ele><time>2025-10-22T08:21:47.139Z</time></trkpt><trkpt lat="42.777167" lon="-7.505917"><ele>633.586</ele><time>2025-10-22T08:21:51Z</time></trkpt><trkpt lat="42.777164" lon="-7.505989"><ele>633.219</ele><time>2025-10-22T08:21:55.138Z</time></trkpt><trkpt lat="42.777186" lon="-7.506049"><ele>633.122</ele><time>2025-10-22T08:21:59.138Z</time></trkpt><trkpt lat="42.777199" lon="-7.506116"><ele>632.937</ele><time>2025-10-22T08:22:03Z</time></trkpt><trkpt lat="42.777221" lon="-7.506177"><ele>632.820</ele><time>2025-10-22T08:22:08.138Z</time></trkpt><trkpt lat="42.777249" lon="-7.506233"><ele>632.696</ele><time>2025-10-22T08:22:13.139Z</time></trkpt><trkpt lat="42.777284" lon="-7.506277"><ele>632.596</ele><time>2025-10-22T08:22:18.139Z</time></trkpt><trkpt lat="42.777312" lon="-7.506336"><ele>632.331</ele><time>2025-10-22T08:22:23.139Z</time></trkpt><trkpt lat="42.777337" lon="-7.506399"><ele>631.924</ele><time>2025-10-22T08:22:28.138Z</time></trkpt><trkpt lat="42.777365" lon="-7.506466"><ele>631.309</ele><time>2025-10-22T08:22:33.138Z</time></trkpt><trkpt lat="42.777394" lon="-7.506528"><ele>630.851</ele><time>2025-10-22T08:22:38.138Z</time></trkpt><trkpt lat="42.777417" lon="-7.506593"><ele>630.342</ele><time>2025-10-22T08:22:43.138Z</time></trkpt><trkpt lat="42.777443" lon="-7.506654"><ele>629.996</ele><time>2025-10-22T08:22:48.138Z</time></trkpt><trkpt lat="42.777481" lon="-7.506710"><ele>629.520</ele><time>2025-10-22T08:22:53.138Z</time></trkpt><trkpt lat="42.777513" lon="-7.506753"><ele>629.143</ele><time>2025-10-22T08:22:57.138Z</time></trkpt><trkpt lat="42.777547" lon="-7.506795"><ele>628.776</ele><time>2025-10-22T08:23:01.138Z</time></trkpt><trkpt lat="42.777560" lon="-7.506863"><ele>628.051</ele><time>2025-10-22T08:23:05.138Z</time></trkpt><trkpt lat="42.777571" lon="-7.506929"><ele>627.444</ele><time>2025-10-22T08:23:12.138Z</time></trkpt><trkpt lat="42.777618" lon="-7.506957"><ele>627.380</ele><time>2025-10-22T08:23:16.138Z</time></trkpt><trkpt lat="42.777657" lon="-7.506993"><ele>627.296</ele><time>2025-10-22T08:23:20.139Z</time></trkpt><trkpt lat="42.777695" lon="-7.507032"><ele>627.131</ele><time>2025-10-22T08:23:24.139Z</time></trkpt><trkpt lat="42.777730" lon="-7.507078"><ele>626.924</ele><time>2025-10-22T08:23:28Z</time></trkpt><trkpt lat="42.777765" lon="-7.507122"><ele>626.709</ele><time>2025-10-22T08:23:32.139Z</time></trkpt><trkpt lat="42.777801" lon="-7.507166"><ele>626.491</ele><time>2025-10-22T08:23:36.138Z</time></trkpt><trkpt lat="42.777833" lon="-7.507212"><ele>626.192</ele><time>2025-10-22T08:23:40.139Z</time></trkpt><trkpt lat="42.777863" lon="-7.507276"><ele>625.656</ele><time>2025-10-22T08:23:45.138Z</time></trkpt><trkpt lat="42.777893" lon="-7.507326"><ele>625.380</ele><time>2025-10-22T08:23:49.138Z</time></trkpt><trkpt lat="42.777925" lon="-7.507373"><ele>624.953</ele><time>2025-10-22T08:23:53.138Z</time></trkpt><trkpt lat="42.777954" lon="-7.507423"><ele>624.676</ele><time>2025-10-22T08:23:57.138Z</time></trkpt><trkpt lat="42.777991" lon="-7.507464"><ele>624.321</ele><time>2025-10-22T08:24:01.139Z</time></trkpt><trkpt lat="42.778025" lon="-7.507521"><ele>623.884</ele><time>2025-10-22T08:24:06.138Z</time></trkpt><trkpt lat="42.778055" lon="-7.507570"><ele>623.260</ele><time>2025-10-22T08:24:10.138Z</time></trkpt><trkpt lat="42.778086" lon="-7.507620"><ele>622.959</ele><time>2025-10-22T08:24:14.139Z</time></trkpt><trkpt lat="42.778122" lon="-7.507674"><ele>622.603</ele><time>2025-10-22T08:24:19.139Z</time></trkpt><trkpt lat="42.778154" lon="-7.507721"><ele>622.323</ele><time>2025-10-22T08:24:23.139Z</time></trkpt><trkpt lat="42.778187" lon="-7.507763"><ele>622.109</ele><time>2025-10-22T08:24:27.139Z</time></trkpt><trkpt lat="42.778213" lon="-7.507830"><ele>621.357</ele><time>2025-10-22T08:24:32.138Z</time></trkpt><trkpt lat="42.778244" lon="-7.507878"><ele>620.758</ele><time>2025-10-22T08:24:36.138Z</time></trkpt><trkpt lat="42.778274" lon="-7.507927"><ele>620.032</ele><time>2025-10-22T08:24:40.138Z</time></trkpt><trkpt lat="42.778322" lon="-7.507960"><ele>619.716</ele><time>2025-10-22T08:24:45.138Z</time></trkpt><trkpt lat="42.778357" lon="-7.508016"><ele>618.919</ele><time>2025-10-22T08:24:50.139Z</time></trkpt><trkpt lat="42.778382" lon="-7.508076"><ele>618.082</ele><time>2025-10-22T08:24:55.138Z</time></trkpt><trkpt lat="42.778411" lon="-7.508129"><ele>617.487</ele><time>2025-10-22T08:25:00.138Z</time></trkpt><trkpt lat="42.778449" lon="-7.508167"><ele>617.110</ele><time>2025-10-22T08:25:05.138Z</time></trkpt><trkpt lat="42.778472" lon="-7.508222"><ele>616.366</ele><time>2025-10-22T08:25:10.138Z</time></trkpt><trkpt lat="42.778516" lon="-7.508243"><ele>616.265</ele><time>2025-10-22T08:25:16.138Z</time></trkpt><trkpt lat="42.778563" lon="-7.508237"><ele>616.568</ele><time>2025-10-22T08:25:21.138Z</time></trkpt><trkpt lat="42.778611" lon="-7.508243"><ele>616.614</ele><time>2025-10-22T08:25:26.138Z</time></trkpt><trkpt lat="42.778656" lon="-7.508258"><ele>616.609</ele><time>2025-10-22T08:25:31.138Z</time></trkpt><trkpt lat="42.778700" lon="-7.508293"><ele>616.318</ele><time>2025-10-22T08:25:36.138Z</time></trkpt><trkpt lat="42.778734" lon="-7.508333"><ele>615.989</ele><time>2025-10-22T08:25:40.139Z</time></trkpt><trkpt lat="42.778770" lon="-7.508390"><ele>615.583</ele><time>2025-10-22T08:25:45.138Z</time></trkpt><trkpt lat="42.778800" lon="-7.508455"><ele>615.057</ele><time>2025-10-22T08:25:50.138Z</time></trkpt><trkpt lat="42.778812" lon="-7.508528"><ele>614.310</ele><time>2025-10-22T08:25:55.138Z</time></trkpt><trkpt lat="42.778795" lon="-7.508586"><ele>613.633</ele><time>2025-10-22T08:25:59Z</time></trkpt><trkpt lat="42.778770" lon="-7.508642"><ele>613.118</ele><time>2025-10-22T08:26:03.138Z</time></trkpt><trkpt lat="42.778741" lon="-7.508692"><ele>612.941</ele><time>2025-10-22T08:26:07.139Z</time></trkpt><trkpt lat="42.778720" lon="-7.508760"><ele>612.837</ele><time>2025-10-22T08:26:12.138Z</time></trkpt><trkpt lat="42.778715" lon="-7.508829"><ele>612.766</ele><time>2025-10-22T08:26:17.139Z</time></trkpt><trkpt lat="42.778708" lon="-7.508892"><ele>612.729</ele><time>2025-10-22T08:26:21.138Z</time></trkpt><trkpt lat="42.778695" lon="-7.508963"><ele>613.321</ele><time>2025-10-22T08:26:26.139Z</time></trkpt><trkpt lat="42.778678" lon="-7.509032"><ele>613.909</ele><time>2025-10-22T08:26:31.138Z</time></trkpt><trkpt lat="42.778656" lon="-7.509087"><ele>614.368</ele><time>2025-10-22T08:26:35.138Z</time></trkpt><trkpt lat="42.778630" lon="-7.509141"><ele>614.819</ele><time>2025-10-22T08:26:39.138Z</time></trkpt><trkpt lat="42.778604" lon="-7.509208"><ele>615.723</ele><time>2025-10-22T08:26:44.138Z</time></trkpt><trkpt lat="42.778570" lon="-7.509271"><ele>616.677</ele><time>2025-10-22T08:26:49.139Z</time></trkpt><trkpt lat="42.778544" lon="-7.509325"><ele>617.420</ele><time>2025-10-22T08:26:53.138Z</time></trkpt><trkpt lat="42.778503" lon="-7.509358"><ele>617.733</ele><time>2025-10-22T08:26:57.139Z</time></trkpt><trkpt lat="42.778455" lon="-7.509394"><ele>618.048</ele><time>2025-10-22T08:27:01.138Z</time></trkpt><trkpt lat="42.778423" lon="-7.509449"><ele>618.771</ele><time>2025-10-22T08:27:12.138Z</time></trkpt><trkpt lat="42.778398" lon="-7.509515"><ele>620.017</ele><time>2025-10-22T08:27:16.138Z</time></trkpt><trkpt lat="42.778381" lon="-7.509578"><ele>621.292</ele><time>2025-10-22T08:27:20.138Z</time></trkpt><trkpt lat="42.778354" lon="-7.509634"><ele>622.273</ele><time>2025-10-22T08:27:25.138Z</time></trkpt><trkpt lat="42.778324" lon="-7.509697"><ele>623.320</ele><time>2025-10-22T08:27:30.138Z</time></trkpt><trkpt lat="42.778326" lon="-7.509771"><ele>624.409</ele><time>2025-10-22T08:27:35.139Z</time></trkpt><trkpt lat="42.778335" lon="-7.509837"><ele>625.341</ele><time>2025-10-22T08:27:39.138Z</time></trkpt><trkpt lat="42.778352" lon="-7.509906"><ele>626.242</ele><time>2025-10-22T08:27:43.138Z</time></trkpt><trkpt lat="42.778357" lon="-7.509970"><ele>627.026</ele><time>2025-10-22T08:27:47.138Z</time></trkpt><trkpt lat="42.778378" lon="-7.510040"><ele>627.940</ele><time>2025-10-22T08:27:58.139Z</time></trkpt><trkpt lat="42.778407" lon="-7.510094"><ele>628.653</ele><time>2025-10-22T08:28:03.138Z</time></trkpt><trkpt lat="42.778417" lon="-7.510156"><ele>629.266</ele><time>2025-10-22T08:28:09.138Z</time></trkpt><trkpt lat="42.778428" lon="-7.510223"><ele>629.781</ele><time>2025-10-22T08:28:15.139Z</time></trkpt><trkpt lat="42.778441" lon="-7.510285"><ele>630.284</ele><time>2025-10-22T08:28:21.138Z</time></trkpt><trkpt lat="42.778461" lon="-7.510341"><ele>630.510</ele><time>2025-10-22T08:28:27.138Z</time></trkpt><trkpt lat="42.778477" lon="-7.510408"><ele>630.851</ele><time>2025-10-22T08:28:44.138Z</time></trkpt><trkpt lat="42.778482" lon="-7.510475"><ele>630.901</ele><time>2025-10-22T08:28:50.138Z</time></trkpt><trkpt lat="42.778501" lon="-7.510537"><ele>631.211</ele><time>2025-10-22T08:28:56.139Z</time></trkpt><trkpt lat="42.778526" lon="-7.510602"><ele>631.609</ele><time>2025-10-22T08:29:02.139Z</time></trkpt><trkpt lat="42.778541" lon="-7.510660"><ele>632.057</ele><time>2025-10-22T08:29:06.138Z</time></trkpt><trkpt lat="42.778566" lon="-7.510724"><ele>632.478</ele><time>2025-10-22T08:29:11.138Z</time></trkpt><trkpt lat="42.778587" lon="-7.510783"><ele>632.712</ele><time>2025-10-22T08:29:15.138Z</time></trkpt><trkpt lat="42.778607" lon="-7.510842"><ele>633.016</ele><time>2025-10-22T08:29:19.137Z</time></trkpt><trkpt lat="42.778622" lon="-7.510910"><ele>633.279</ele><time>2025-10-22T08:29:23.137Z</time></trkpt><trkpt lat="42.778634" lon="-7.510976"><ele>633.412</ele><time>2025-10-22T08:29:27.137Z</time></trkpt><trkpt lat="42.778643" lon="-7.511040"><ele>633.617</ele><time>2025-10-22T08:29:31.137Z</time></trkpt><trkpt lat="42.778658" lon="-7.511106"><ele>633.840</ele><time>2025-10-22T08:29:36.137Z</time></trkpt><trkpt lat="42.778691" lon="-7.511154"><ele>633.966</ele><time>2025-10-22T08:29:41.137Z</time></trkpt><trkpt lat="42.778723" lon="-7.511216"><ele>634.181</ele><time>2025-10-22T08:29:46.137Z</time></trkpt><trkpt lat="42.778749" lon="-7.511283"><ele>634.461</ele><time>2025-10-22T08:29:50.137Z</time></trkpt><trkpt lat="42.778766" lon="-7.511340"><ele>634.717</ele><time>2025-10-22T08:29:54.138Z</time></trkpt><trkpt lat="42.778779" lon="-7.511399"><ele>635.109</ele><time>2025-10-22T08:29:58.138Z</time></trkpt><trkpt lat="42.778786" lon="-7.511463"><ele>635.480</ele><time>2025-10-22T08:30:02.137Z</time></trkpt><trkpt lat="42.778788" lon="-7.511537"><ele>635.961</ele><time>2025-10-22T08:30:07.138Z</time></trkpt><trkpt lat="42.778786" lon="-7.511603"><ele>636.325</ele><time>2025-10-22T08:30:11.137Z</time></trkpt><trkpt lat="42.778784" lon="-7.511665"><ele>636.649</ele><time>2025-10-22T08:30:15.137Z</time></trkpt><trkpt lat="42.778786" lon="-7.511729"><ele>637.032</ele><time>2025-10-22T08:30:19.137Z</time></trkpt><trkpt lat="42.778771" lon="-7.511803"><ele>637.365</ele><time>2025-10-22T08:30:23.137Z</time></trkpt><trkpt lat="42.778773" lon="-7.511865"><ele>637.740</ele><time>2025-10-22T08:30:33.137Z</time></trkpt><trkpt lat="42.778778" lon="-7.511937"><ele>638.283</ele><time>2025-10-22T08:30:38.137Z</time></trkpt><trkpt lat="42.778777" lon="-7.512007"><ele>638.559</ele><time>2025-10-22T08:30:42.137Z</time></trkpt><trkpt lat="42.778767" lon="-7.512073"><ele>638.816</ele><time>2025-10-22T08:30:46.137Z</time></trkpt><trkpt lat="42.778762" lon="-7.512139"><ele>639.176</ele><time>2025-10-22T08:30:50.137Z</time></trkpt><trkpt lat="42.778754" lon="-7.512201"><ele>639.413</ele><time>2025-10-22T08:30:54Z</time></trkpt><trkpt lat="42.778752" lon="-7.512265"><ele>639.709</ele><time>2025-10-22T08:30:59.138Z</time></trkpt><trkpt lat="42.778738" lon="-7.512334"><ele>639.923</ele><time>2025-10-22T08:31:04.138Z</time></trkpt><trkpt lat="42.778726" lon="-7.512393"><ele>640.074</ele><time>2025-10-22T08:31:08.137Z</time></trkpt><trkpt lat="42.778711" lon="-7.512459"><ele>640.228</ele><time>2025-10-22T08:31:12.137Z</time></trkpt><trkpt lat="42.778696" lon="-7.512520"><ele>640.482</ele><time>2025-10-22T08:31:16.137Z</time></trkpt><trkpt lat="42.778704" lon="-7.512592"><ele>640.755</ele><time>2025-10-22T08:31:24.137Z</time></trkpt><trkpt lat="42.778721" lon="-7.512654"><ele>641.028</ele><time>2025-10-22T08:31:30.137Z</time></trkpt><trkpt lat="42.778736" lon="-7.512717"><ele>641.293</ele><time>2025-10-22T08:31:34.137Z</time></trkpt><trkpt lat="42.778753" lon="-7.512774"><ele>641.546</ele><time>2025-10-22T08:31:38.137Z</time></trkpt><trkpt lat="42.778768" lon="-7.512838"><ele>641.862</ele><time>2025-10-22T08:31:43.138Z</time></trkpt><trkpt lat="42.778778" lon="-7.512899"><ele>642.037</ele><time>2025-10-22T08:31:47.137Z</time></trkpt><trkpt lat="42.778798" lon="-7.512960"><ele>642.349</ele><time>2025-10-22T08:31:52.137Z</time></trkpt><trkpt lat="42.778804" lon="-7.513023"><ele>642.613</ele><time>2025-10-22T08:31:56.137Z</time></trkpt><trkpt lat="42.778824" lon="-7.513095"><ele>642.809</ele><time>2025-10-22T08:32:01.137Z</time></trkpt><trkpt lat="42.778846" lon="-7.513163"><ele>642.985</ele><time>2025-10-22T08:32:06.137Z</time></trkpt><trkpt lat="42.778868" lon="-7.513228"><ele>643.096</ele><time>2025-10-22T08:32:11.137Z</time></trkpt><trkpt lat="42.778892" lon="-7.513285"><ele>643.010</ele><time>2025-10-22T08:32:15.137Z</time></trkpt><trkpt lat="42.778925" lon="-7.513348"><ele>643.554</ele><time>2025-10-22T08:32:20.137Z</time></trkpt><trkpt lat="42.778950" lon="-7.513399"><ele>644.137</ele><time>2025-10-22T08:32:24.137Z</time></trkpt><trkpt lat="42.778973" lon="-7.513455"><ele>644.850</ele><time>2025-10-22T08:32:28.138Z</time></trkpt><trkpt lat="42.778988" lon="-7.513514"><ele>645.445</ele><time>2025-10-22T08:32:32.137Z</time></trkpt><trkpt lat="42.779010" lon="-7.513569"><ele>646.028</ele><time>2025-10-22T08:32:36.137Z</time></trkpt><trkpt lat="42.779021" lon="-7.513635"><ele>646.694</ele><time>2025-10-22T08:32:40.138Z</time></trkpt><trkpt lat="42.779028" lon="-7.513702"><ele>647.387</ele><time>2025-10-22T08:32:44.137Z</time></trkpt><trkpt lat="42.779039" lon="-7.513775"><ele>648.142</ele><time>2025-10-22T08:32:49.137Z</time></trkpt><trkpt lat="42.779041" lon="-7.513839"><ele>648.726</ele><time>2025-10-22T08:32:53.137Z</time></trkpt><trkpt lat="42.779038" lon="-7.513905"><ele>649.109</ele><time>2025-10-22T08:32:57.138Z</time></trkpt><trkpt lat="42.779026" lon="-7.513970"><ele>649.380</ele><time>2025-10-22T08:33:01.137Z</time></trkpt><trkpt lat="42.779012" lon="-7.514036"><ele>649.451</ele><time>2025-10-22T08:33:05.137Z</time></trkpt><trkpt lat="42.778995" lon="-7.514095"><ele>649.555</ele><time>2025-10-22T08:33:09.137Z</time></trkpt><trkpt lat="42.778984" lon="-7.514157"><ele>649.769</ele><time>2025-10-22T08:33:13.137Z</time></trkpt><trkpt lat="42.778976" lon="-7.514222"><ele>649.672</ele><time>2025-10-22T08:33:17.137Z</time></trkpt><trkpt lat="42.778965" lon="-7.514284"><ele>649.585</ele><time>2025-10-22T08:33:21.137Z</time></trkpt><trkpt lat="42.778959" lon="-7.514352"><ele>649.560</ele><time>2025-10-22T08:33:25.137Z</time></trkpt><trkpt lat="42.778970" lon="-7.514421"><ele>649.613</ele><time>2025-10-22T08:33:30.137Z</time></trkpt><trkpt lat="42.778988" lon="-7.514492"><ele>649.979</ele><time>2025-10-22T08:33:35.138Z</time></trkpt><trkpt lat="42.779019" lon="-7.514550"><ele>650.528</ele><time>2025-10-22T08:33:40.137Z</time></trkpt><trkpt lat="42.779054" lon="-7.514600"><ele>651.189</ele><time>2025-10-22T08:33:45.137Z</time></trkpt><trkpt lat="42.779094" lon="-7.514644"><ele>651.717</ele><time>2025-10-22T08:33:50.138Z</time></trkpt><trkpt lat="42.779131" lon="-7.514691"><ele>652.409</ele><time>2025-10-22T08:33:55.137Z</time></trkpt><trkpt lat="42.779167" lon="-7.514746"><ele>653.294</ele><time>2025-10-22T08:34:01.137Z</time></trkpt><trkpt lat="42.779200" lon="-7.514794"><ele>653.915</ele><time>2025-10-22T08:34:06Z</time></trkpt><trkpt lat="42.779220" lon="-7.514857"><ele>654.559</ele><time>2025-10-22T08:34:12.138Z</time></trkpt><trkpt lat="42.779240" lon="-7.514916"><ele>655.263</ele><time>2025-10-22T08:34:17.137Z</time></trkpt><trkpt lat="42.779246" lon="-7.514991"><ele>655.836</ele><time>2025-10-22T08:34:23.137Z</time></trkpt><trkpt lat="42.779235" lon="-7.515057"><ele>655.829</ele><time>2025-10-22T08:34:28.137Z</time></trkpt><trkpt lat="42.779228" lon="-7.515130"><ele>655.834</ele><time>2025-10-22T08:34:33.137Z</time></trkpt><trkpt lat="42.779215" lon="-7.515189"><ele>655.627</ele><time>2025-10-22T08:34:41.137Z</time></trkpt><trkpt lat="42.779241" lon="-7.515241"><ele>656.023</ele><time>2025-10-22T08:35:15.137Z</time></trkpt><trkpt lat="42.779268" lon="-7.515295"><ele>656.479</ele><time>2025-10-22T08:35:21.137Z</time></trkpt><trkpt lat="42.779306" lon="-7.515343"><ele>656.905</ele><time>2025-10-22T08:35:28Z</time></trkpt><trkpt lat="42.779353" lon="-7.515372"><ele>657.525</ele><time>2025-10-22T08:35:34.137Z</time></trkpt><trkpt lat="42.779394" lon="-7.515409"><ele>657.909</ele><time>2025-10-22T08:35:43.137Z</time></trkpt><trkpt lat="42.779427" lon="-7.515453"><ele>658.289</ele><time>2025-10-22T08:35:49.137Z</time></trkpt><trkpt lat="42.779461" lon="-7.515502"><ele>658.420</ele><time>2025-10-22T08:35:55.137Z</time></trkpt><trkpt lat="42.779496" lon="-7.515549"><ele>658.684</ele><time>2025-10-22T08:36:00.137Z</time></trkpt><trkpt lat="42.779528" lon="-7.515601"><ele>659.018</ele><time>2025-10-22T08:36:05.137Z</time></trkpt><trkpt lat="42.779565" lon="-7.515639"><ele>659.491</ele><time>2025-10-22T08:36:10.137Z</time></trkpt><trkpt lat="42.779597" lon="-7.515690"><ele>659.944</ele><time>2025-10-22T08:36:15.137Z</time></trkpt><trkpt lat="42.779617" lon="-7.515758"><ele>660.379</ele><time>2025-10-22T08:36:20Z</time></trkpt><trkpt lat="42.779632" lon="-7.515821"><ele>660.762</ele><time>2025-10-22T08:36:24.137Z</time></trkpt><trkpt lat="42.779639" lon="-7.515883"><ele>660.568</ele><time>2025-10-22T08:36:28.137Z</time></trkpt><trkpt lat="42.779649" lon="-7.515943"><ele>660.392</ele><time>2025-10-22T08:36:32.137Z</time></trkpt><trkpt lat="42.779665" lon="-7.516018"><ele>660.073</ele><time>2025-10-22T08:36:37Z</time></trkpt><trkpt lat="42.779670" lon="-7.516088"><ele>659.620</ele><time>2025-10-22T08:36:41.137Z</time></trkpt><trkpt lat="42.779679" lon="-7.516163"><ele>659.509</ele><time>2025-10-22T08:36:45.137Z</time></trkpt><trkpt lat="42.779687" lon="-7.516229"><ele>659.691</ele><time>2025-10-22T08:36:49.137Z</time></trkpt><trkpt lat="42.779696" lon="-7.516290"><ele>659.732</ele><time>2025-10-22T08:36:53.138Z</time></trkpt><trkpt lat="42.779701" lon="-7.516357"><ele>659.736</ele><time>2025-10-22T08:36:58.137Z</time></trkpt><trkpt lat="42.779702" lon="-7.516422"><ele>659.660</ele><time>2025-10-22T08:37:07.137Z</time></trkpt><trkpt lat="42.779699" lon="-7.516491"><ele>659.353</ele><time>2025-10-22T08:37:15.138Z</time></trkpt><trkpt lat="42.779697" lon="-7.516552"><ele>659.126</ele><time>2025-10-22T08:37:20.137Z</time></trkpt><trkpt lat="42.779699" lon="-7.516615"><ele>658.911</ele><time>2025-10-22T08:37:25.137Z</time></trkpt><trkpt lat="42.779704" lon="-7.516687"><ele>658.864</ele><time>2025-10-22T08:37:30.137Z</time></trkpt><trkpt lat="42.779714" lon="-7.516756"><ele>658.960</ele><time>2025-10-22T08:37:35.137Z</time></trkpt><trkpt lat="42.779730" lon="-7.516814"><ele>659.046</ele><time>2025-10-22T08:37:39Z</time></trkpt><trkpt lat="42.779758" lon="-7.516864"><ele>659.288</ele><time>2025-10-22T08:37:43.137Z</time></trkpt><trkpt lat="42.779781" lon="-7.516931"><ele>659.216</ele><time>2025-10-22T08:37:48.138Z</time></trkpt><trkpt lat="42.779803" lon="-7.517000"><ele>659.309</ele><time>2025-10-22T08:37:53.137Z</time></trkpt><trkpt lat="42.779821" lon="-7.517056"><ele>659.466</ele><time>2025-10-22T08:37:57.137Z</time></trkpt><trkpt lat="42.779844" lon="-7.517111"><ele>659.417</ele><time>2025-10-22T08:38:01.137Z</time></trkpt><trkpt lat="42.779869" lon="-7.517177"><ele>659.591</ele><time>2025-10-22T08:38:06.138Z</time></trkpt><trkpt lat="42.779890" lon="-7.517239"><ele>659.795</ele><time>2025-10-22T08:38:10.137Z</time></trkpt><trkpt lat="42.779920" lon="-7.517294"><ele>660.048</ele><time>2025-10-22T08:38:15Z</time></trkpt><trkpt lat="42.779950" lon="-7.517361"><ele>660.361</ele><time>2025-10-22T08:38:20Z</time></trkpt><trkpt lat="42.779973" lon="-7.517417"><ele>660.696</ele><time>2025-10-22T08:38:24.138Z</time></trkpt><trkpt lat="42.779998" lon="-7.517470"><ele>660.979</ele><time>2025-10-22T08:38:28.137Z</time></trkpt><trkpt lat="42.780022" lon="-7.517527"><ele>661.385</ele><time>2025-10-22T08:38:32.138Z</time></trkpt><trkpt lat="42.780038" lon="-7.517588"><ele>661.998</ele><time>2025-10-22T08:38:36.137Z</time></trkpt><trkpt lat="42.780069" lon="-7.517649"><ele>662.415</ele><time>2025-10-22T08:38:41.137Z</time></trkpt><trkpt lat="42.780089" lon="-7.517719"><ele>663.026</ele><time>2025-10-22T08:38:46.138Z</time></trkpt><trkpt lat="42.780103" lon="-7.517778"><ele>663.409</ele><time>2025-10-22T08:38:50.137Z</time></trkpt><trkpt lat="42.780121" lon="-7.517844"><ele>663.751</ele><time>2025-10-22T08:38:55.137Z</time></trkpt><trkpt lat="42.780137" lon="-7.517914"><ele>664.062</ele><time>2025-10-22T08:39:00.137Z</time></trkpt><trkpt lat="42.780154" lon="-7.517986"><ele>664.336</ele><time>2025-10-22T08:39:05.138Z</time></trkpt><trkpt lat="42.780170" lon="-7.518045"><ele>664.690</ele><time>2025-10-22T08:39:09.138Z</time></trkpt><trkpt lat="42.780182" lon="-7.518117"><ele>664.623</ele><time>2025-10-22T08:39:14.138Z</time></trkpt><trkpt lat="42.780204" lon="-7.518174"><ele>664.646</ele><time>2025-10-22T08:39:19.137Z</time></trkpt><trkpt lat="42.780218" lon="-7.518246"><ele>664.691</ele><time>2025-10-22T08:39:24.137Z</time></trkpt><trkpt lat="42.780218" lon="-7.518314"><ele>664.684</ele><time>2025-10-22T08:39:30.138Z</time></trkpt><trkpt lat="42.780229" lon="-7.518381"><ele>664.690</ele><time>2025-10-22T08:39:34.137Z</time></trkpt><trkpt lat="42.780238" lon="-7.518456"><ele>664.728</ele><time>2025-10-22T08:39:39.137Z</time></trkpt><trkpt lat="42.780253" lon="-7.518521"><ele>664.889</ele><time>2025-10-22T08:39:44.137Z</time></trkpt><trkpt lat="42.780263" lon="-7.518591"><ele>664.917</ele><time>2025-10-22T08:39:49.137Z</time></trkpt><trkpt lat="42.780280" lon="-7.518662"><ele>665.009</ele><time>2025-10-22T08:39:54.137Z</time></trkpt><trkpt lat="42.780293" lon="-7.518724"><ele>665.034</ele><time>2025-10-22T08:39:58.137Z</time></trkpt><trkpt lat="42.780314" lon="-7.518780"><ele>665.135</ele><time>2025-10-22T08:40:02.138Z</time></trkpt><trkpt lat="42.780339" lon="-7.518848"><ele>665.069</ele><time>2025-10-22T08:40:07.137Z</time></trkpt><trkpt lat="42.780358" lon="-7.518907"><ele>665.063</ele><time>2025-10-22T08:40:11.138Z</time></trkpt><trkpt lat="42.780378" lon="-7.518970"><ele>664.966</ele><time>2025-10-22T08:40:16.137Z</time></trkpt><trkpt lat="42.780402" lon="-7.519037"><ele>664.859</ele><time>2025-10-22T08:40:21Z</time></trkpt><trkpt lat="42.780416" lon="-7.519097"><ele>664.694</ele><time>2025-10-22T08:40:25.138Z</time></trkpt><trkpt lat="42.780436" lon="-7.519154"><ele>664.597</ele><time>2025-10-22T08:40:29.138Z</time></trkpt><trkpt lat="42.780427" lon="-7.519231"><ele>664.313</ele><time>2025-10-22T08:40:33.138Z</time></trkpt><trkpt lat="42.780450" lon="-7.519284"><ele>664.199</ele><time>2025-10-22T08:40:37.138Z</time></trkpt><trkpt lat="42.780487" lon="-7.519330"><ele>663.807</ele><time>2025-10-22T08:40:42.137Z</time></trkpt><trkpt lat="42.780527" lon="-7.519376"><ele>663.427</ele><time>2025-10-22T08:40:47.138Z</time></trkpt><trkpt lat="42.780561" lon="-7.519416"><ele>663.109</ele><time>2025-10-22T08:40:51.138Z</time></trkpt><trkpt lat="42.780588" lon="-7.519468"><ele>662.861</ele><time>2025-10-22T08:40:55.138Z</time></trkpt><trkpt lat="42.780617" lon="-7.519518"><ele>662.592</ele><time>2025-10-22T08:40:59.137Z</time></trkpt><trkpt lat="42.780656" lon="-7.519552"><ele>662.346</ele><time>2025-10-22T08:41:03.137Z</time></trkpt><trkpt lat="42.780702" lon="-7.519584"><ele>662.060</ele><time>2025-10-22T08:41:08.137Z</time></trkpt><trkpt lat="42.780748" lon="-7.519593"><ele>661.823</ele><time>2025-10-22T08:41:12.137Z</time></trkpt><trkpt lat="42.780794" lon="-7.519594"><ele>661.646</ele><time>2025-10-22T08:41:16.137Z</time></trkpt><trkpt lat="42.780828" lon="-7.519647"><ele>661.381</ele><time>2025-10-22T08:41:21.137Z</time></trkpt><trkpt lat="42.780866" lon="-7.519687"><ele>661.024</ele><time>2025-10-22T08:41:29.137Z</time></trkpt><trkpt lat="42.780903" lon="-7.519730"><ele>660.710</ele><time>2025-10-22T08:41:34.137Z</time></trkpt><trkpt lat="42.780940" lon="-7.519776"><ele>660.196</ele><time>2025-10-22T08:41:39.137Z</time></trkpt><trkpt lat="42.780978" lon="-7.519822"><ele>659.631</ele><time>2025-10-22T08:41:44.137Z</time></trkpt><trkpt lat="42.781016" lon="-7.519868"><ele>659.124</ele><time>2025-10-22T08:41:49.138Z</time></trkpt><trkpt lat="42.781037" lon="-7.519929"><ele>658.609</ele><time>2025-10-22T08:42:01.138Z</time></trkpt><trkpt lat="42.781080" lon="-7.519968"><ele>658.231</ele><time>2025-10-22T08:42:06.137Z</time></trkpt><trkpt lat="42.781119" lon="-7.520020"><ele>657.982</ele><time>2025-10-22T08:42:11.137Z</time></trkpt><trkpt lat="42.781158" lon="-7.520071"><ele>657.886</ele><time>2025-10-22T08:42:16.137Z</time></trkpt><trkpt lat="42.781186" lon="-7.520121"><ele>657.640</ele><time>2025-10-22T08:42:20.137Z</time></trkpt><trkpt lat="42.781213" lon="-7.520184"><ele>657.293</ele><time>2025-10-22T08:42:25.137Z</time></trkpt><trkpt lat="42.781236" lon="-7.520242"><ele>656.876</ele><time>2025-10-22T08:42:29.137Z</time></trkpt><trkpt lat="42.781258" lon="-7.520310"><ele>656.471</ele><time>2025-10-22T08:42:34.137Z</time></trkpt><trkpt lat="42.781284" lon="-7.520375"><ele>656.134</ele><time>2025-10-22T08:42:39.138Z</time></trkpt><trkpt lat="42.781309" lon="-7.520427"><ele>655.840</ele><time>2025-10-22T08:42:43.138Z</time></trkpt><trkpt lat="42.781333" lon="-7.520482"><ele>655.529</ele><time>2025-10-22T08:42:47.137Z</time></trkpt><trkpt lat="42.781354" lon="-7.520536"><ele>655.100</ele><time>2025-10-22T08:42:51.138Z</time></trkpt><trkpt lat="42.781375" lon="-7.520591"><ele>654.720</ele><time>2025-10-22T08:42:55.137Z</time></trkpt><trkpt lat="42.781404" lon="-7.520642"><ele>654.509</ele><time>2025-10-22T08:42:59.137Z</time></trkpt><trkpt lat="42.781436" lon="-7.520692"><ele>654.354</ele><time>2025-10-22T08:43:03.137Z</time></trkpt><trkpt lat="42.781475" lon="-7.520731"><ele>654.255</ele><time>2025-10-22T08:43:07.137Z</time></trkpt><trkpt lat="42.781522" lon="-7.520748"><ele>654.269</ele><time>2025-10-22T08:43:11.137Z</time></trkpt><trkpt lat="42.781571" lon="-7.520747"><ele>654.543</ele><time>2025-10-22T08:43:15.137Z</time></trkpt><trkpt lat="42.781620" lon="-7.520745"><ele>654.756</ele><time>2025-10-22T08:43:19.137Z</time></trkpt><trkpt lat="42.781669" lon="-7.520733"><ele>655.149</ele><time>2025-10-22T08:43:23.137Z</time></trkpt><trkpt lat="42.781717" lon="-7.520719"><ele>655.864</ele><time>2025-10-22T08:43:27.137Z</time></trkpt><trkpt lat="42.781765" lon="-7.520713"><ele>656.447</ele><time>2025-10-22T08:43:31.137Z</time></trkpt><trkpt lat="42.781815" lon="-7.520720"><ele>656.873</ele><time>2025-10-22T08:43:35.137Z</time></trkpt><trkpt lat="42.781860" lon="-7.520750"><ele>657.094</ele><time>2025-10-22T08:43:39.137Z</time></trkpt><trkpt lat="42.781901" lon="-7.520789"><ele>657.057</ele><time>2025-10-22T08:43:43.137Z</time></trkpt><trkpt lat="42.781939" lon="-7.520831"><ele>657.022</ele><time>2025-10-22T08:43:47.137Z</time></trkpt><trkpt lat="42.781970" lon="-7.520887"><ele>656.609</ele><time>2025-10-22T08:43:51.137Z</time></trkpt><trkpt lat="42.781997" lon="-7.520945"><ele>656.261</ele><time>2025-10-22T08:43:55.137Z</time></trkpt><trkpt lat="42.782022" lon="-7.520999"><ele>655.822</ele><time>2025-10-22T08:43:59.137Z</time></trkpt><trkpt lat="42.782022" lon="-7.521077"><ele>654.986</ele><time>2025-10-22T08:44:03.138Z</time></trkpt><trkpt lat="42.782046" lon="-7.521140"><ele>654.410</ele><time>2025-10-22T08:44:10.137Z</time></trkpt><trkpt lat="42.782076" lon="-7.521193"><ele>653.943</ele><time>2025-10-22T08:44:16.137Z</time></trkpt><trkpt lat="42.782119" lon="-7.521219"><ele>653.886</ele><time>2025-10-22T08:44:20.137Z</time></trkpt><trkpt lat="42.782171" lon="-7.521229"><ele>654.031</ele><time>2025-10-22T08:44:25.137Z</time></trkpt><trkpt lat="42.782217" lon="-7.521226"><ele>654.354</ele><time>2025-10-22T08:44:30.137Z</time></trkpt><trkpt lat="42.782266" lon="-7.521217"><ele>654.270</ele><time>2025-10-22T08:44:35.137Z</time></trkpt><trkpt lat="42.782311" lon="-7.521209"><ele>654.038</ele><time>2025-10-22T08:44:40.137Z</time></trkpt><trkpt lat="42.782359" lon="-7.521201"><ele>653.770</ele><time>2025-10-22T08:44:51.137Z</time></trkpt><trkpt lat="42.782397" lon="-7.521239"><ele>652.917</ele><time>2025-10-22T08:45:37.137Z</time></trkpt><trkpt lat="42.782411" lon="-7.521176"><ele>653.709</ele><time>2025-10-22T08:46:42.138Z</time></trkpt><trkpt lat="42.782451" lon="-7.521135"><ele>654.015</ele><time>2025-10-22T08:46:49.138Z</time></trkpt><trkpt lat="42.782491" lon="-7.521101"><ele>654.226</ele><time>2025-10-22T08:47:22.137Z</time></trkpt><trkpt lat="42.782520" lon="-7.521044"><ele>654.870</ele><time>2025-10-22T08:47:29.137Z</time></trkpt><trkpt lat="42.782474" lon="-7.521040"><ele>655.284</ele><time>2025-10-22T08:48:28.138Z</time></trkpt><trkpt lat="42.782501" lon="-7.521099"><ele>654.247</ele><time>2025-10-22T08:48:35.137Z</time></trkpt><trkpt lat="42.782549" lon="-7.521094"><ele>653.960</ele><time>2025-10-22T08:57:50.137Z</time></trkpt><trkpt lat="42.782601" lon="-7.521077"><ele>653.885</ele><time>2025-10-22T08:58:36.139Z</time></trkpt><trkpt lat="42.782654" lon="-7.521082"><ele>653.448</ele><time>2025-10-22T08:58:52.139Z</time></trkpt><trkpt lat="42.782708" lon="-7.521096"><ele>652.874</ele><time>2025-10-22T08:59:07.138Z</time></trkpt><trkpt lat="42.782755" lon="-7.521080"><ele>652.711</ele><time>2025-10-22T08:59:11.138Z</time></trkpt><trkpt lat="42.782802" lon="-7.521072"><ele>652.821</ele><time>2025-10-22T08:59:15.139Z</time></trkpt><trkpt lat="42.782846" lon="-7.521088"><ele>652.703</ele><time>2025-10-22T08:59:19.138Z</time></trkpt><trkpt lat="42.782887" lon="-7.521130"><ele>652.009</ele><time>2025-10-22T08:59:24.138Z</time></trkpt><trkpt lat="42.782904" lon="-7.521195"><ele>650.653</ele><time>2025-10-22T08:59:29.138Z</time></trkpt><trkpt lat="42.782944" lon="-7.521228"><ele>650.154</ele><time>2025-10-22T08:59:38.138Z</time></trkpt><trkpt lat="42.782989" lon="-7.521200"><ele>650.878</ele><time>2025-10-22T08:59:56.138Z</time></trkpt><trkpt lat="42.783022" lon="-7.521244"><ele>650.022</ele><time>2025-10-22T09:00:47.138Z</time></trkpt><trkpt lat="42.783065" lon="-7.521217"><ele>650.865</ele><time>2025-10-22T09:01:02.139Z</time></trkpt><trkpt lat="42.783118" lon="-7.521216"><ele>651.028</ele><time>2025-10-22T09:01:08.138Z</time></trkpt><trkpt lat="42.783165" lon="-7.521228"><ele>651.093</ele><time>2025-10-22T09:01:48.138Z</time></trkpt><trkpt lat="42.783200" lon="-7.521166"><ele>652.416</ele><time>2025-10-22T09:03:53Z</time></trkpt><trkpt lat="42.783253" lon="-7.521215"><ele>651.732</ele><time>2025-10-22T09:03:56.139Z</time></trkpt><trkpt lat="42.783300" lon="-7.521233"><ele>651.661</ele><time>2025-10-22T09:04:02.139Z</time></trkpt><trkpt lat="42.783344" lon="-7.521263"><ele>651.221</ele><time>2025-10-22T09:04:08.138Z</time></trkpt><trkpt lat="42.783385" lon="-7.521295"><ele>650.613</ele><time>2025-10-22T09:04:12.138Z</time></trkpt><trkpt lat="42.783426" lon="-7.521341"><ele>649.709</ele><time>2025-10-22T09:04:17.138Z</time></trkpt><trkpt lat="42.783467" lon="-7.521375"><ele>649.298</ele><time>2025-10-22T09:04:22.138Z</time></trkpt><trkpt lat="42.783517" lon="-7.521389"><ele>649.029</ele><time>2025-10-22T09:04:27.139Z</time></trkpt><trkpt lat="42.783569" lon="-7.521390"><ele>649.093</ele><time>2025-10-22T09:04:32.138Z</time></trkpt><trkpt lat="42.783615" lon="-7.521370"><ele>649.137</ele><time>2025-10-22T09:04:37.138Z</time></trkpt><trkpt lat="42.783672" lon="-7.521351"><ele>648.640</ele><time>2025-10-22T09:04:43.138Z</time></trkpt><trkpt lat="42.783714" lon="-7.521328"><ele>648.393</ele><time>2025-10-22T09:04:47.139Z</time></trkpt><trkpt lat="42.783754" lon="-7.521288"><ele>648.268</ele><time>2025-10-22T09:04:52Z</time></trkpt><trkpt lat="42.783792" lon="-7.521237"><ele>648.451</ele><time>2025-10-22T09:04:57.138Z</time></trkpt><trkpt lat="42.783839" lon="-7.521206"><ele>648.267</ele><time>2025-10-22T09:05:02.138Z</time></trkpt><trkpt lat="42.783884" lon="-7.521163"><ele>648.325</ele><time>2025-10-22T09:05:07.138Z</time></trkpt><trkpt lat="42.783924" lon="-7.521122"><ele>648.226</ele><time>2025-10-22T09:05:11.138Z</time></trkpt><trkpt lat="42.783965" lon="-7.521086"><ele>648.108</ele><time>2025-10-22T09:05:15.138Z</time></trkpt><trkpt lat="42.784008" lon="-7.521058"><ele>647.809</ele><time>2025-10-22T09:05:19.138Z</time></trkpt><trkpt lat="42.784058" lon="-7.521044"><ele>647.224</ele><time>2025-10-22T09:05:23.138Z</time></trkpt><trkpt lat="42.784109" lon="-7.521049"><ele>646.225</ele><time>2025-10-22T09:05:27.138Z</time></trkpt><trkpt lat="42.784155" lon="-7.521073"><ele>644.929</ele><time>2025-10-22T09:05:31.138Z</time></trkpt><trkpt lat="42.784199" lon="-7.521084"><ele>644.583</ele><time>2025-10-22T09:05:35.138Z</time></trkpt><trkpt lat="42.784242" lon="-7.521111"><ele>644.086</ele><time>2025-10-22T09:05:39.138Z</time></trkpt><trkpt lat="42.784283" lon="-7.521145"><ele>643.859</ele><time>2025-10-22T09:05:43.138Z</time></trkpt><trkpt lat="42.784333" lon="-7.521179"><ele>643.784</ele><time>2025-10-22T09:05:48.138Z</time></trkpt><trkpt lat="42.784382" lon="-7.521201"><ele>643.687</ele><time>2025-10-22T09:05:53.138Z</time></trkpt><trkpt lat="42.784425" lon="-7.521222"><ele>643.673</ele><time>2025-10-22T09:05:57.139Z</time></trkpt><trkpt lat="42.784469" lon="-7.521243"><ele>643.975</ele><time>2025-10-22T09:06:01.138Z</time></trkpt><trkpt lat="42.784514" lon="-7.521251"><ele>644.628</ele><time>2025-10-22T09:06:17.138Z</time></trkpt><trkpt lat="42.784578" lon="-7.521310"><ele>645.620</ele><time>2025-10-22T09:06:30.138Z</time></trkpt><trkpt lat="42.784638" lon="-7.521326"><ele>646.609</ele><time>2025-10-22T09:06:32.138Z</time></trkpt><trkpt lat="42.784680" lon="-7.521359"><ele>647.319</ele><time>2025-10-22T09:06:36.138Z</time></trkpt><trkpt lat="42.784729" lon="-7.521383"><ele>648.140</ele><time>2025-10-22T09:06:40.138Z</time></trkpt><trkpt lat="42.784771" lon="-7.521409"><ele>648.654</ele><time>2025-10-22T09:06:44.139Z</time></trkpt><trkpt lat="42.784819" lon="-7.521436"><ele>649.258</ele><time>2025-10-22T09:06:48.138Z</time></trkpt><trkpt lat="42.784866" lon="-7.521455"><ele>649.851</ele><time>2025-10-22T09:06:52.139Z</time></trkpt><trkpt lat="42.784912" lon="-7.521479"><ele>650.414</ele><time>2025-10-22T09:06:56.139Z</time></trkpt><trkpt lat="42.784947" lon="-7.521518"><ele>650.849</ele><time>2025-10-22T09:07:00.138Z</time></trkpt><trkpt lat="42.784988" lon="-7.521553"><ele>651.252</ele><time>2025-10-22T09:07:04.139Z</time></trkpt><trkpt lat="42.785017" lon="-7.521608"><ele>651.428</ele><time>2025-10-22T09:07:08.138Z</time></trkpt><trkpt lat="42.785051" lon="-7.521651"><ele>651.689</ele><time>2025-10-22T09:07:12.138Z</time></trkpt><trkpt lat="42.785090" lon="-7.521692"><ele>652.006</ele><time>2025-10-22T09:07:16.138Z</time></trkpt><trkpt lat="42.785109" lon="-7.521760"><ele>652.326</ele><time>2025-10-22T09:07:20.139Z</time></trkpt><trkpt lat="42.785118" lon="-7.521828"><ele>652.509</ele><time>2025-10-22T09:07:25.138Z</time></trkpt><trkpt lat="42.785158" lon="-7.521883"><ele>653.130</ele><time>2025-10-22T09:07:29.139Z</time></trkpt><trkpt lat="42.785187" lon="-7.521931"><ele>653.781</ele><time>2025-10-22T09:07:33.138Z</time></trkpt><trkpt lat="42.785230" lon="-7.521978"><ele>654.625</ele><time>2025-10-22T09:07:38Z</time></trkpt><trkpt lat="42.785264" lon="-7.522021"><ele>655.459</ele><time>2025-10-22T09:07:42.139Z</time></trkpt><trkpt lat="42.785300" lon="-7.522080"><ele>656.562</ele><time>2025-10-22T09:07:47.138Z</time></trkpt><trkpt lat="42.785303" lon="-7.522148"><ele>657.155</ele><time>2025-10-22T09:07:51.138Z</time></trkpt><trkpt lat="42.785300" lon="-7.522222"><ele>657.640</ele><time>2025-10-22T09:07:56.139Z</time></trkpt><trkpt lat="42.785295" lon="-7.522283"><ele>657.933</ele><time>2025-10-22T09:08:00.139Z</time></trkpt><trkpt lat="42.785285" lon="-7.522347"><ele>658.129</ele><time>2025-10-22T09:08:04.138Z</time></trkpt><trkpt lat="42.785277" lon="-7.522420"><ele>658.429</ele><time>2025-10-22T09:08:09.138Z</time></trkpt><trkpt lat="42.785264" lon="-7.522493"><ele>658.700</ele><time>2025-10-22T09:08:14.139Z</time></trkpt><trkpt lat="42.785239" lon="-7.522556"><ele>658.520</ele><time>2025-10-22T09:08:19.138Z</time></trkpt><trkpt lat="42.785218" lon="-7.522628"><ele>658.509</ele><time>2025-10-22T09:08:24.138Z</time></trkpt><trkpt lat="42.785193" lon="-7.522686"><ele>658.324</ele><time>2025-10-22T09:08:28.138Z</time></trkpt><trkpt lat="42.785172" lon="-7.522752"><ele>658.375</ele><time>2025-10-22T09:08:33.139Z</time></trkpt><trkpt lat="42.785153" lon="-7.522815"><ele>658.419</ele><time>2025-10-22T09:08:38.138Z</time></trkpt><trkpt lat="42.785131" lon="-7.522879"><ele>658.493</ele><time>2025-10-22T09:08:43.138Z</time></trkpt><trkpt lat="42.785098" lon="-7.522931"><ele>658.316</ele><time>2025-10-22T09:08:48.138Z</time></trkpt><trkpt lat="42.785074" lon="-7.522991"><ele>658.449</ele><time>2025-10-22T09:08:53.138Z</time></trkpt><trkpt lat="42.785055" lon="-7.523055"><ele>658.674</ele><time>2025-10-22T09:08:58.139Z</time></trkpt><trkpt lat="42.785033" lon="-7.523117"><ele>658.847</ele><time>2025-10-22T09:09:03.138Z</time></trkpt><trkpt lat="42.785004" lon="-7.523172"><ele>658.983</ele><time>2025-10-22T09:09:08.138Z</time></trkpt><trkpt lat="42.784977" lon="-7.523231"><ele>659.154</ele><time>2025-10-22T09:09:13.138Z</time></trkpt><trkpt lat="42.784956" lon="-7.523293"><ele>659.456</ele><time>2025-10-22T09:09:18.138Z</time></trkpt><trkpt lat="42.784932" lon="-7.523356"><ele>659.611</ele><time>2025-10-22T09:09:23.139Z</time></trkpt><trkpt lat="42.784902" lon="-7.523409"><ele>659.609</ele><time>2025-10-22T09:09:27.138Z</time></trkpt><trkpt lat="42.784875" lon="-7.523463"><ele>659.677</ele><time>2025-10-22T09:09:31Z</time></trkpt><trkpt lat="42.784847" lon="-7.523512"><ele>659.598</ele><time>2025-10-22T09:09:35.138Z</time></trkpt><trkpt lat="42.784821" lon="-7.523576"><ele>659.332</ele><time>2025-10-22T09:09:40.138Z</time></trkpt><trkpt lat="42.784799" lon="-7.523634"><ele>659.226</ele><time>2025-10-22T09:09:44Z</time></trkpt><trkpt lat="42.784771" lon="-7.523688"><ele>659.289</ele><time>2025-10-22T09:09:48.138Z</time></trkpt><trkpt lat="42.784742" lon="-7.523752"><ele>659.382</ele><time>2025-10-22T09:09:53.138Z</time></trkpt><trkpt lat="42.784711" lon="-7.523798"><ele>659.327</ele><time>2025-10-22T09:09:57.138Z</time></trkpt><trkpt lat="42.784681" lon="-7.523849"><ele>659.630</ele><time>2025-10-22T09:10:01.139Z</time></trkpt><trkpt lat="42.784654" lon="-7.523905"><ele>659.816</ele><time>2025-10-22T09:10:05.140Z</time></trkpt><trkpt lat="42.784634" lon="-7.523966"><ele>660.036</ele><time>2025-10-22T09:10:09Z</time></trkpt><trkpt lat="42.784613" lon="-7.524023"><ele>660.117</ele><time>2025-10-22T09:10:13.139Z</time></trkpt><trkpt lat="42.784598" lon="-7.524081"><ele>660.218</ele><time>2025-10-22T09:10:17.140Z</time></trkpt><trkpt lat="42.784582" lon="-7.524139"><ele>660.409</ele><time>2025-10-22T09:10:21.139Z</time></trkpt><trkpt lat="42.784564" lon="-7.524210"><ele>660.655</ele><time>2025-10-22T09:10:26.140Z</time></trkpt><trkpt lat="42.784548" lon="-7.524274"><ele>660.766</ele><time>2025-10-22T09:10:30Z</time></trkpt><trkpt lat="42.784526" lon="-7.524334"><ele>660.630</ele><time>2025-10-22T09:10:34.139Z</time></trkpt><trkpt lat="42.784505" lon="-7.524396"><ele>660.614</ele><time>2025-10-22T09:10:38.139Z</time></trkpt><trkpt lat="42.784488" lon="-7.524463"><ele>660.527</ele><time>2025-10-22T09:10:43.139Z</time></trkpt><trkpt lat="42.784466" lon="-7.524524"><ele>660.290</ele><time>2025-10-22T09:10:47.139Z</time></trkpt><trkpt lat="42.784451" lon="-7.524587"><ele>660.125</ele><time>2025-10-22T09:10:51.140Z</time></trkpt><trkpt lat="42.784429" lon="-7.524645"><ele>659.988</ele><time>2025-10-22T09:10:55.139Z</time></trkpt><trkpt lat="42.784415" lon="-7.524717"><ele>659.824</ele><time>2025-10-22T09:11:00Z</time></trkpt><trkpt lat="42.784401" lon="-7.524779"><ele>659.818</ele><time>2025-10-22T09:11:04.140Z</time></trkpt><trkpt lat="42.784381" lon="-7.524842"><ele>659.898</ele><time>2025-10-22T09:11:08.139Z</time></trkpt><trkpt lat="42.784367" lon="-7.524902"><ele>659.717</ele><time>2025-10-22T09:11:12.140Z</time></trkpt><trkpt lat="42.784348" lon="-7.524967"><ele>659.609</ele><time>2025-10-22T09:11:16.140Z</time></trkpt><trkpt lat="42.784328" lon="-7.525028"><ele>659.453</ele><time>2025-10-22T09:11:20.139Z</time></trkpt><trkpt lat="42.784306" lon="-7.525085"><ele>659.334</ele><time>2025-10-22T09:11:24Z</time></trkpt><trkpt lat="42.784290" lon="-7.525145"><ele>659.358</ele><time>2025-10-22T09:11:28.139Z</time></trkpt><trkpt lat="42.784267" lon="-7.525211"><ele>659.242</ele><time>2025-10-22T09:11:33.139Z</time></trkpt><trkpt lat="42.784219" lon="-7.525242"><ele>658.645</ele><time>2025-10-22T09:11:38.139Z</time></trkpt><trkpt lat="42.784186" lon="-7.525296"><ele>658.348</ele><time>2025-10-22T09:11:44.139Z</time></trkpt><trkpt lat="42.784172" lon="-7.525355"><ele>658.443</ele><time>2025-10-22T09:11:48.139Z</time></trkpt><trkpt lat="42.784146" lon="-7.525407"><ele>658.246</ele><time>2025-10-22T09:11:52.139Z</time></trkpt><trkpt lat="42.784123" lon="-7.525463"><ele>658.212</ele><time>2025-10-22T09:11:56.140Z</time></trkpt><trkpt lat="42.784096" lon="-7.525515"><ele>658.117</ele><time>2025-10-22T09:12:00.139Z</time></trkpt><trkpt lat="42.784070" lon="-7.525581"><ele>658.087</ele><time>2025-10-22T09:12:05Z</time></trkpt><trkpt lat="42.784056" lon="-7.525641"><ele>657.815</ele><time>2025-10-22T09:12:09.139Z</time></trkpt><trkpt lat="42.784034" lon="-7.525710"><ele>657.609</ele><time>2025-10-22T09:12:14.139Z</time></trkpt><trkpt lat="42.784044" lon="-7.525773"><ele>657.723</ele><time>2025-10-22T09:12:18.139Z</time></trkpt><trkpt lat="42.784052" lon="-7.525840"><ele>657.714</ele><time>2025-10-22T09:12:22.139Z</time></trkpt><trkpt lat="42.784059" lon="-7.525906"><ele>657.688</ele><time>2025-10-22T09:12:26.139Z</time></trkpt><trkpt lat="42.784070" lon="-7.525968"><ele>657.512</ele><time>2025-10-22T09:12:30.139Z</time></trkpt><trkpt lat="42.784081" lon="-7.526031"><ele>657.495</ele><time>2025-10-22T09:12:34.139Z</time></trkpt><trkpt lat="42.784092" lon="-7.526091"><ele>657.398</ele><time>2025-10-22T09:12:38.139Z</time></trkpt><trkpt lat="42.784103" lon="-7.526154"><ele>657.493</ele><time>2025-10-22T09:12:42.139Z</time></trkpt><trkpt lat="42.784104" lon="-7.526222"><ele>657.676</ele><time>2025-10-22T09:12:46.139Z</time></trkpt><trkpt lat="42.784101" lon="-7.526296"><ele>657.862</ele><time>2025-10-22T09:12:50.140Z</time></trkpt><trkpt lat="42.784093" lon="-7.526362"><ele>657.938</ele><time>2025-10-22T09:12:54.139Z</time></trkpt><trkpt lat="42.784083" lon="-7.526422"><ele>658.070</ele><time>2025-10-22T09:12:58.139Z</time></trkpt><trkpt lat="42.784060" lon="-7.526496"><ele>658.117</ele><time>2025-10-22T09:13:03.139Z</time></trkpt><trkpt lat="42.784032" lon="-7.526563"><ele>658.009</ele><time>2025-10-22T09:13:07Z</time></trkpt><trkpt lat="42.784003" lon="-7.526629"><ele>657.955</ele><time>2025-10-22T09:13:11.139Z</time></trkpt><trkpt lat="42.783974" lon="-7.526687"><ele>657.786</ele><time>2025-10-22T09:13:15.139Z</time></trkpt><trkpt lat="42.783950" lon="-7.526746"><ele>657.730</ele><time>2025-10-22T09:13:19.139Z</time></trkpt><trkpt lat="42.783926" lon="-7.526800"><ele>657.634</ele><time>2025-10-22T09:13:23.140Z</time></trkpt><trkpt lat="42.783901" lon="-7.526859"><ele>657.617</ele><time>2025-10-22T09:13:27.139Z</time></trkpt><trkpt lat="42.783874" lon="-7.526914"><ele>657.560</ele><time>2025-10-22T09:13:31.140Z</time></trkpt><trkpt lat="42.783847" lon="-7.526968"><ele>657.345</ele><time>2025-10-22T09:13:35.139Z</time></trkpt><trkpt lat="42.783823" lon="-7.527021"><ele>657.298</ele><time>2025-10-22T09:13:39.139Z</time></trkpt><trkpt lat="42.783796" lon="-7.527075"><ele>657.114</ele><time>2025-10-22T09:13:43Z</time></trkpt><trkpt lat="42.783770" lon="-7.527144"><ele>657.248</ele><time>2025-10-22T09:13:48.139Z</time></trkpt><trkpt lat="42.783747" lon="-7.527202"><ele>657.361</ele><time>2025-10-22T09:13:52.139Z</time></trkpt><trkpt lat="42.783725" lon="-7.527256"><ele>657.217</ele><time>2025-10-22T09:13:56.139Z</time></trkpt><trkpt lat="42.783704" lon="-7.527314"><ele>657.009</ele><time>2025-10-22T09:14:00.139Z</time></trkpt><trkpt lat="42.783691" lon="-7.527379"><ele>657.076</ele><time>2025-10-22T09:14:04.139Z</time></trkpt><trkpt lat="42.783676" lon="-7.527442"><ele>657.087</ele><time>2025-10-22T09:14:08.140Z</time></trkpt><trkpt lat="42.783660" lon="-7.527510"><ele>656.961</ele><time>2025-10-22T09:14:13.139Z</time></trkpt><trkpt lat="42.783659" lon="-7.527571"><ele>656.965</ele><time>2025-10-22T09:14:17.139Z</time></trkpt><trkpt lat="42.783664" lon="-7.527632"><ele>657.068</ele><time>2025-10-22T09:14:21.139Z</time></trkpt><trkpt lat="42.783682" lon="-7.527697"><ele>657.341</ele><time>2025-10-22T09:14:26.139Z</time></trkpt><trkpt lat="42.783690" lon="-7.527765"><ele>657.416</ele><time>2025-10-22T09:14:54.139Z</time></trkpt><trkpt lat="42.783673" lon="-7.527823"><ele>657.069</ele><time>2025-10-22T09:14:58.139Z</time></trkpt><trkpt lat="42.783662" lon="-7.527888"><ele>656.575</ele><time>2025-10-22T09:15:02.140Z</time></trkpt><trkpt lat="42.783660" lon="-7.527958"><ele>656.262</ele><time>2025-10-22T09:15:06.139Z</time></trkpt><trkpt lat="42.783664" lon="-7.528029"><ele>656.083</ele><time>2025-10-22T09:15:10.139Z</time></trkpt><trkpt lat="42.783671" lon="-7.528094"><ele>655.811</ele><time>2025-10-22T09:15:14.139Z</time></trkpt><trkpt lat="42.783684" lon="-7.528157"><ele>655.709</ele><time>2025-10-22T09:15:18.139Z</time></trkpt><trkpt lat="42.783698" lon="-7.528220"><ele>655.698</ele><time>2025-10-22T09:15:22.139Z</time></trkpt><trkpt lat="42.783724" lon="-7.528278"><ele>655.819</ele><time>2025-10-22T09:15:26.139Z</time></trkpt><trkpt lat="42.783729" lon="-7.528341"><ele>655.553</ele><time>2025-10-22T09:15:30Z</time></trkpt><trkpt lat="42.783727" lon="-7.528404"><ele>655.417</ele><time>2025-10-22T09:15:34.139Z</time></trkpt><trkpt lat="42.783744" lon="-7.528475"><ele>655.620</ele><time>2025-10-22T09:15:38.139Z</time></trkpt><trkpt lat="42.783746" lon="-7.528544"><ele>655.533</ele><time>2025-10-22T09:15:42.139Z</time></trkpt><trkpt lat="42.783752" lon="-7.528622"><ele>655.518</ele><time>2025-10-22T09:15:47.139Z</time></trkpt><trkpt lat="42.783761" lon="-7.528690"><ele>655.741</ele><time>2025-10-22T09:15:51.139Z</time></trkpt><trkpt lat="42.783767" lon="-7.528751"><ele>655.877</ele><time>2025-10-22T09:15:55.139Z</time></trkpt><trkpt lat="42.783770" lon="-7.528820"><ele>655.994</ele><time>2025-10-22T09:15:59.139Z</time></trkpt><trkpt lat="42.783774" lon="-7.528885"><ele>655.957</ele><time>2025-10-22T09:16:03.139Z</time></trkpt><trkpt lat="42.783781" lon="-7.528954"><ele>655.822</ele><time>2025-10-22T09:16:07.140Z</time></trkpt><trkpt lat="42.783793" lon="-7.529022"><ele>655.809</ele><time>2025-10-22T09:16:11.139Z</time></trkpt><trkpt lat="42.783804" lon="-7.529090"><ele>655.771</ele><time>2025-10-22T09:16:15.140Z</time></trkpt><trkpt lat="42.783814" lon="-7.529153"><ele>655.722</ele><time>2025-10-22T09:16:19.140Z</time></trkpt><trkpt lat="42.783831" lon="-7.529214"><ele>656.126</ele><time>2025-10-22T09:16:23.139Z</time></trkpt><trkpt lat="42.783839" lon="-7.529282"><ele>656.430</ele><time>2025-10-22T09:16:27.139Z</time></trkpt><trkpt lat="42.783841" lon="-7.529359"><ele>656.733</ele><time>2025-10-22T09:16:31.140Z</time></trkpt><trkpt lat="42.783838" lon="-7.529427"><ele>656.986</ele><time>2025-10-22T09:16:35.139Z</time></trkpt><trkpt lat="42.783836" lon="-7.529498"><ele>657.121</ele><time>2025-10-22T09:16:39.139Z</time></trkpt><trkpt lat="42.783842" lon="-7.529565"><ele>657.494</ele><time>2025-10-22T09:16:43.139Z</time></trkpt><trkpt lat="42.783880" lon="-7.529609"><ele>658.410</ele><time>2025-10-22T09:16:47.140Z</time></trkpt><trkpt lat="42.783915" lon="-7.529650"><ele>659.121</ele><time>2025-10-22T09:16:51.140Z</time></trkpt><trkpt lat="42.783938" lon="-7.529718"><ele>659.741</ele><time>2025-10-22T09:16:56.139Z</time></trkpt><trkpt lat="42.783946" lon="-7.529789"><ele>659.905</ele><time>2025-10-22T09:17:01.139Z</time></trkpt><trkpt lat="42.783943" lon="-7.529860"><ele>659.909</ele><time>2025-10-22T09:17:06.139Z</time></trkpt><trkpt lat="42.783985" lon="-7.529890"><ele>660.694</ele><time>2025-10-22T09:17:13.139Z</time></trkpt><trkpt lat="42.783970" lon="-7.529960"><ele>660.425</ele><time>2025-10-22T09:17:18.139Z</time></trkpt><trkpt lat="42.783965" lon="-7.530021"><ele>660.499</ele><time>2025-10-22T09:17:22.139Z</time></trkpt><trkpt lat="42.783960" lon="-7.530095"><ele>660.593</ele><time>2025-10-22T09:17:27.139Z</time></trkpt><trkpt lat="42.783958" lon="-7.530166"><ele>660.766</ele><time>2025-10-22T09:17:32Z</time></trkpt><trkpt lat="42.783961" lon="-7.530242"><ele>660.949</ele><time>2025-10-22T09:17:37.139Z</time></trkpt><trkpt lat="42.783966" lon="-7.530303"><ele>661.284</ele><time>2025-10-22T09:17:41.140Z</time></trkpt><trkpt lat="42.783967" lon="-7.530377"><ele>661.557</ele><time>2025-10-22T09:17:46.139Z</time></trkpt><trkpt lat="42.783968" lon="-7.530452"><ele>661.863</ele><time>2025-10-22T09:17:51.139Z</time></trkpt><trkpt lat="42.783935" lon="-7.530506"><ele>661.537</ele><time>2025-10-22T09:17:55.139Z</time></trkpt><trkpt lat="42.783935" lon="-7.530572"><ele>661.849</ele><time>2025-10-22T09:17:59.139Z</time></trkpt><trkpt lat="42.783918" lon="-7.530641"><ele>662.113</ele><time>2025-10-22T09:18:04.139Z</time></trkpt><trkpt lat="42.783892" lon="-7.530708"><ele>662.109</ele><time>2025-10-22T09:18:09.139Z</time></trkpt><trkpt lat="42.783870" lon="-7.530762"><ele>662.195</ele><time>2025-10-22T09:18:13.139Z</time></trkpt><trkpt lat="42.783854" lon="-7.530820"><ele>662.256</ele><time>2025-10-22T09:18:17.140Z</time></trkpt><trkpt lat="42.783827" lon="-7.530880"><ele>662.060</ele><time>2025-10-22T09:18:21.139Z</time></trkpt><trkpt lat="42.783800" lon="-7.530934"><ele>661.864</ele><time>2025-10-22T09:18:25.139Z</time></trkpt><trkpt lat="42.783768" lon="-7.530986"><ele>661.597</ele><time>2025-10-22T09:18:29.139Z</time></trkpt><trkpt lat="42.783730" lon="-7.531024"><ele>660.910</ele><time>2025-10-22T09:18:33.140Z</time></trkpt><trkpt lat="42.783691" lon="-7.531062"><ele>660.425</ele><time>2025-10-22T09:18:37.139Z</time></trkpt><trkpt lat="42.783636" lon="-7.531049"><ele>659.198</ele><time>2025-10-22T09:18:42Z</time></trkpt><trkpt lat="42.783592" lon="-7.531091"><ele>658.464</ele><time>2025-10-22T09:18:48.140Z</time></trkpt><trkpt lat="42.783562" lon="-7.531152"><ele>658.361</ele><time>2025-10-22T09:18:53.139Z</time></trkpt><trkpt lat="42.783563" lon="-7.531224"><ele>658.821</ele><time>2025-10-22T09:18:58.140Z</time></trkpt><trkpt lat="42.783518" lon="-7.531258"><ele>658.213</ele><time>2025-10-22T09:19:10Z</time></trkpt><trkpt lat="42.783495" lon="-7.531319"><ele>658.309</ele><time>2025-10-22T09:19:14.139Z</time></trkpt><trkpt lat="42.783478" lon="-7.531391"><ele>658.638</ele><time>2025-10-22T09:19:19.139Z</time></trkpt><trkpt lat="42.783467" lon="-7.531460"><ele>658.999</ele><time>2025-10-22T09:19:53.139Z</time></trkpt><trkpt lat="42.783458" lon="-7.531531"><ele>659.393</ele><time>2025-10-22T09:19:58.139Z</time></trkpt><trkpt lat="42.783450" lon="-7.531606"><ele>659.867</ele><time>2025-10-22T09:20:05.139Z</time></trkpt><trkpt lat="42.783449" lon="-7.531671"><ele>660.370</ele><time>2025-10-22T09:20:09.139Z</time></trkpt><trkpt lat="42.783452" lon="-7.531742"><ele>660.653</ele><time>2025-10-22T09:20:14.140Z</time></trkpt><trkpt lat="42.783456" lon="-7.531814"><ele>660.928</ele><time>2025-10-22T09:20:19.139Z</time></trkpt><trkpt lat="42.783461" lon="-7.531884"><ele>661.221</ele><time>2025-10-22T09:20:23.139Z</time></trkpt><trkpt lat="42.783463" lon="-7.531950"><ele>661.417</ele><time>2025-10-22T09:20:27.139Z</time></trkpt><trkpt lat="42.783466" lon="-7.532020"><ele>661.794</ele><time>2025-10-22T09:20:32.139Z</time></trkpt><trkpt lat="42.783475" lon="-7.532093"><ele>662.157</ele><time>2025-10-22T09:20:37.140Z</time></trkpt><trkpt lat="42.783474" lon="-7.532167"><ele>662.322</ele><time>2025-10-22T09:20:42.139Z</time></trkpt><trkpt lat="42.783478" lon="-7.532231"><ele>662.609</ele><time>2025-10-22T09:20:47.139Z</time></trkpt><trkpt lat="42.783480" lon="-7.532301"><ele>662.671</ele><time>2025-10-22T09:20:52.139Z</time></trkpt><trkpt lat="42.783487" lon="-7.532370"><ele>662.692</ele><time>2025-10-22T09:20:57.139Z</time></trkpt><trkpt lat="42.783498" lon="-7.532432"><ele>662.656</ele><time>2025-10-22T09:21:01.139Z</time></trkpt><trkpt lat="42.783505" lon="-7.532501"><ele>662.680</ele><time>2025-10-22T09:21:05.140Z</time></trkpt><trkpt lat="42.783527" lon="-7.532569"><ele>662.783</ele><time>2025-10-22T09:21:10.139Z</time></trkpt><trkpt lat="42.783546" lon="-7.532639"><ele>662.896</ele><time>2025-10-22T09:21:15.139Z</time></trkpt><trkpt lat="42.783545" lon="-7.532706"><ele>662.871</ele><time>2025-10-22T09:21:19Z</time></trkpt><trkpt lat="42.783555" lon="-7.532767"><ele>662.874</ele><time>2025-10-22T09:21:23.139Z</time></trkpt><trkpt lat="42.783562" lon="-7.532830"><ele>662.760</ele><time>2025-10-22T09:21:27.139Z</time></trkpt><trkpt lat="42.783576" lon="-7.532904"><ele>662.511</ele><time>2025-10-22T09:21:32.139Z</time></trkpt><trkpt lat="42.783576" lon="-7.532969"><ele>662.321</ele><time>2025-10-22T09:21:36.139Z</time></trkpt><trkpt lat="42.783589" lon="-7.533038"><ele>662.103</ele><time>2025-10-22T09:21:41.139Z</time></trkpt><trkpt lat="42.783603" lon="-7.533101"><ele>662.009</ele><time>2025-10-22T09:21:45.140Z</time></trkpt><trkpt lat="42.783615" lon="-7.533176"><ele>662.073</ele><time>2025-10-22T09:21:49.139Z</time></trkpt><trkpt lat="42.783629" lon="-7.533239"><ele>662.144</ele><time>2025-10-22T09:21:53.139Z</time></trkpt><trkpt lat="42.783630" lon="-7.533312"><ele>662.128</ele><time>2025-10-22T09:21:57.140Z</time></trkpt><trkpt lat="42.783621" lon="-7.533375"><ele>661.952</ele><time>2025-10-22T09:22:01.139Z</time></trkpt><trkpt lat="42.783585" lon="-7.533419"><ele>661.755</ele><time>2025-10-22T09:22:06.139Z</time></trkpt><trkpt lat="42.783543" lon="-7.533456"><ele>661.768</ele><time>2025-10-22T09:22:11.139Z</time></trkpt><trkpt lat="42.783501" lon="-7.533501"><ele>661.653</ele><time>2025-10-22T09:22:16.140Z</time></trkpt><trkpt lat="42.783494" lon="-7.533566"><ele>661.576</ele><time>2025-10-22T09:22:20.139Z</time></trkpt><trkpt lat="42.783493" lon="-7.533633"><ele>661.382</ele><time>2025-10-22T09:22:24.139Z</time></trkpt><trkpt lat="42.783495" lon="-7.533706"><ele>660.925</ele><time>2025-10-22T09:22:29.139Z</time></trkpt><trkpt lat="42.783493" lon="-7.533772"><ele>660.526</ele><time>2025-10-22T09:22:33.139Z</time></trkpt><trkpt lat="42.783492" lon="-7.533834"><ele>660.208</ele><time>2025-10-22T09:22:37.139Z</time></trkpt><trkpt lat="42.783498" lon="-7.533896"><ele>659.709</ele><time>2025-10-22T09:22:41.140Z</time></trkpt><trkpt lat="42.783503" lon="-7.533961"><ele>658.994</ele><time>2025-10-22T09:22:45.140Z</time></trkpt><trkpt lat="42.783504" lon="-7.534027"><ele>658.275</ele><time>2025-10-22T09:22:49.139Z</time></trkpt><trkpt lat="42.783504" lon="-7.534094"><ele>657.499</ele><time>2025-10-22T09:22:53.139Z</time></trkpt><trkpt lat="42.783522" lon="-7.534158"><ele>656.493</ele><time>2025-10-22T09:22:59.139Z</time></trkpt><trkpt lat="42.783540" lon="-7.534217"><ele>655.726</ele><time>2025-10-22T09:23:17.139Z</time></trkpt><trkpt lat="42.783527" lon="-7.534285"><ele>655.449</ele><time>2025-10-22T09:23:21.140Z</time></trkpt><trkpt lat="42.783519" lon="-7.534350"><ele>655.024</ele><time>2025-10-22T09:23:25.140Z</time></trkpt><trkpt lat="42.783513" lon="-7.534417"><ele>654.657</ele><time>2025-10-22T09:23:29.139Z</time></trkpt><trkpt lat="42.783514" lon="-7.534489"><ele>654.223</ele><time>2025-10-22T09:23:33.140Z</time></trkpt><trkpt lat="42.783518" lon="-7.534559"><ele>653.959</ele><time>2025-10-22T09:23:37.139Z</time></trkpt><trkpt lat="42.783522" lon="-7.534627"><ele>653.603</ele><time>2025-10-22T09:23:41.139Z</time></trkpt><trkpt lat="42.783520" lon="-7.534693"><ele>653.423</ele><time>2025-10-22T09:23:45.139Z</time></trkpt><trkpt lat="42.783526" lon="-7.534767"><ele>653.009</ele><time>2025-10-22T09:23:50.140Z</time></trkpt><trkpt lat="42.783535" lon="-7.534830"><ele>652.667</ele><time>2025-10-22T09:23:54.140Z</time></trkpt><trkpt lat="42.783541" lon="-7.534896"><ele>652.298</ele><time>2025-10-22T09:23:58.139Z</time></trkpt><trkpt lat="42.783547" lon="-7.534957"><ele>651.982</ele><time>2025-10-22T09:24:02Z</time></trkpt><trkpt lat="42.783557" lon="-7.535033"><ele>651.356</ele><time>2025-10-22T09:24:07.140Z</time></trkpt><trkpt lat="42.783563" lon="-7.535100"><ele>650.519</ele><time>2025-10-22T09:24:11.140Z</time></trkpt><trkpt lat="42.783573" lon="-7.535171"><ele>649.622</ele><time>2025-10-22T09:24:16.140Z</time></trkpt><trkpt lat="42.783584" lon="-7.535261"><ele>648.697</ele><time>2025-10-22T09:24:29.139Z</time></trkpt><trkpt lat="42.783594" lon="-7.535335"><ele>647.680</ele><time>2025-10-22T09:24:31.140Z</time></trkpt><trkpt lat="42.783612" lon="-7.535400"><ele>646.726</ele><time>2025-10-22T09:24:34.139Z</time></trkpt><trkpt lat="42.783629" lon="-7.535474"><ele>645.698</ele><time>2025-10-22T09:24:38.139Z</time></trkpt><trkpt lat="42.783643" lon="-7.535542"><ele>644.615</ele><time>2025-10-22T09:24:42.139Z</time></trkpt><trkpt lat="42.783658" lon="-7.535605"><ele>643.626</ele><time>2025-10-22T09:24:46.140Z</time></trkpt><trkpt lat="42.783671" lon="-7.535664"><ele>642.709</ele><time>2025-10-22T09:24:50.140Z</time></trkpt><trkpt lat="42.783682" lon="-7.535724"><ele>641.851</ele><time>2025-10-22T09:24:54.139Z</time></trkpt><trkpt lat="42.783699" lon="-7.535795"><ele>640.612</ele><time>2025-10-22T09:24:59.139Z</time></trkpt><trkpt lat="42.783712" lon="-7.535854"><ele>639.696</ele><time>2025-10-22T09:25:03.140Z</time></trkpt><trkpt lat="42.783722" lon="-7.535914"><ele>638.870</ele><time>2025-10-22T09:25:07.139Z</time></trkpt><trkpt lat="42.783735" lon="-7.535974"><ele>638.033</ele><time>2025-10-22T09:25:11.139Z</time></trkpt><trkpt lat="42.783749" lon="-7.536044"><ele>637.126</ele><time>2025-10-22T09:25:16.139Z</time></trkpt><trkpt lat="42.783758" lon="-7.536108"><ele>636.481</ele><time>2025-10-22T09:25:20.139Z</time></trkpt><trkpt lat="42.783774" lon="-7.536176"><ele>635.924</ele><time>2025-10-22T09:25:25.139Z</time></trkpt><trkpt lat="42.783820" lon="-7.536174"><ele>635.560</ele><time>2025-10-22T09:26:03.139Z</time></trkpt><trkpt lat="42.783779" lon="-7.536147"><ele>636.057</ele><time>2025-10-22T09:26:27.139Z</time></trkpt><trkpt lat="42.783745" lon="-7.536192"><ele>636.100</ele><time>2025-10-22T09:26:32.139Z</time></trkpt><trkpt lat="42.783765" lon="-7.536260"><ele>635.620</ele><time>2025-10-22T09:27:57.140Z</time></trkpt><trkpt lat="42.783781" lon="-7.536321"><ele>635.109</ele><time>2025-10-22T09:28:03.140Z</time></trkpt><trkpt lat="42.783795" lon="-7.536390"><ele>634.767</ele><time>2025-10-22T09:28:09.141Z</time></trkpt><trkpt lat="42.783808" lon="-7.536451"><ele>634.558</ele><time>2025-10-22T09:28:14.140Z</time></trkpt><trkpt lat="42.783800" lon="-7.536516"><ele>634.392</ele><time>2025-10-22T09:28:20.140Z</time></trkpt><trkpt lat="42.783759" lon="-7.536547"><ele>634.486</ele><time>2025-10-22T09:28:34.140Z</time></trkpt><trkpt lat="42.783714" lon="-7.536565"><ele>634.549</ele><time>2025-10-22T09:28:40.140Z</time></trkpt><trkpt lat="42.783772" lon="-7.536576"><ele>634.352</ele><time>2025-10-22T09:28:44.140Z</time></trkpt><trkpt lat="42.783798" lon="-7.536634"><ele>634.127</ele><time>2025-10-22T09:28:49.141Z</time></trkpt><trkpt lat="42.783789" lon="-7.536707"><ele>633.930</ele><time>2025-10-22T09:28:59.140Z</time></trkpt><trkpt lat="42.783784" lon="-7.536775"><ele>633.966</ele><time>2025-10-22T09:29:03.140Z</time></trkpt><trkpt lat="42.783776" lon="-7.536848"><ele>633.795</ele><time>2025-10-22T09:29:08.140Z</time></trkpt><trkpt lat="42.783749" lon="-7.536904"><ele>633.649</ele><time>2025-10-22T09:29:13.140Z</time></trkpt><trkpt lat="42.783780" lon="-7.536965"><ele>633.723</ele><time>2025-10-22T09:29:50.140Z</time></trkpt><trkpt lat="42.783803" lon="-7.537025"><ele>633.909</ele><time>2025-10-22T09:29:54.140Z</time></trkpt><trkpt lat="42.783824" lon="-7.537085"><ele>634.291</ele><time>2025-10-22T09:29:59.140Z</time></trkpt><trkpt lat="42.783822" lon="-7.537162"><ele>634.412</ele><time>2025-10-22T09:30:09.140Z</time></trkpt><trkpt lat="42.783835" lon="-7.537224"><ele>634.646</ele><time>2025-10-22T09:30:13.141Z</time></trkpt><trkpt lat="42.783879" lon="-7.537253"><ele>635.060</ele><time>2025-10-22T09:30:23.140Z</time></trkpt><trkpt lat="42.783846" lon="-7.537310"><ele>635.043</ele><time>2025-10-22T09:30:55.140Z</time></trkpt><trkpt lat="42.783874" lon="-7.537363"><ele>635.466</ele><time>2025-10-22T09:31:06.141Z</time></trkpt><trkpt lat="42.783891" lon="-7.537426"><ele>635.811</ele><time>2025-10-22T09:31:11.140Z</time></trkpt><trkpt lat="42.783911" lon="-7.537498"><ele>636.274</ele><time>2025-10-22T09:31:16.140Z</time></trkpt><trkpt lat="42.783926" lon="-7.537557"><ele>636.650</ele><time>2025-10-22T09:31:20.140Z</time></trkpt><trkpt lat="42.783935" lon="-7.537629"><ele>637.018</ele><time>2025-10-22T09:31:25Z</time></trkpt><trkpt lat="42.783958" lon="-7.537683"><ele>637.498</ele><time>2025-10-22T09:31:32.140Z</time></trkpt><trkpt lat="42.783973" lon="-7.537742"><ele>637.817</ele><time>2025-10-22T09:31:36.140Z</time></trkpt><trkpt lat="42.783986" lon="-7.537813"><ele>638.109</ele><time>2025-10-22T09:31:40.140Z</time></trkpt><trkpt lat="42.784002" lon="-7.537883"><ele>638.523</ele><time>2025-10-22T09:31:44.140Z</time></trkpt><trkpt lat="42.784015" lon="-7.537950"><ele>638.994</ele><time>2025-10-22T09:31:48.140Z</time></trkpt><trkpt lat="42.784031" lon="-7.538018"><ele>639.488</ele><time>2025-10-22T09:31:52.141Z</time></trkpt><trkpt lat="42.784047" lon="-7.538078"><ele>640.012</ele><time>2025-10-22T09:31:56.141Z</time></trkpt><trkpt lat="42.784064" lon="-7.538139"><ele>640.815</ele><time>2025-10-22T09:32:00.140Z</time></trkpt><trkpt lat="42.784085" lon="-7.538197"><ele>641.558</ele><time>2025-10-22T09:32:04.140Z</time></trkpt><trkpt lat="42.784103" lon="-7.538259"><ele>642.363</ele><time>2025-10-22T09:32:08.140Z</time></trkpt><trkpt lat="42.784123" lon="-7.538323"><ele>643.116</ele><time>2025-10-22T09:32:12.141Z</time></trkpt><trkpt lat="42.784141" lon="-7.538382"><ele>643.642</ele><time>2025-10-22T09:32:16.140Z</time></trkpt><trkpt lat="42.784155" lon="-7.538441"><ele>643.881</ele><time>2025-10-22T09:32:20.140Z</time></trkpt><trkpt lat="42.784172" lon="-7.538502"><ele>644.161</ele><time>2025-10-22T09:32:24.140Z</time></trkpt><trkpt lat="42.784188" lon="-7.538563"><ele>644.417</ele><time>2025-10-22T09:32:28.140Z</time></trkpt><trkpt lat="42.784206" lon="-7.538622"><ele>644.709</ele><time>2025-10-22T09:32:32.140Z</time></trkpt><trkpt lat="42.784215" lon="-7.538688"><ele>644.870</ele><time>2025-10-22T09:32:36.141Z</time></trkpt><trkpt lat="42.784219" lon="-7.538751"><ele>644.881</ele><time>2025-10-22T09:32:40.140Z</time></trkpt><trkpt lat="42.784228" lon="-7.538827"><ele>644.995</ele><time>2025-10-22T09:32:45.140Z</time></trkpt><trkpt lat="42.784237" lon="-7.538903"><ele>645.189</ele><time>2025-10-22T09:32:50.140Z</time></trkpt><trkpt lat="42.784247" lon="-7.538966"><ele>645.482</ele><time>2025-10-22T09:32:54.141Z</time></trkpt><trkpt lat="42.784253" lon="-7.539037"><ele>645.635</ele><time>2025-10-22T09:32:59.141Z</time></trkpt><trkpt lat="42.784266" lon="-7.539108"><ele>645.950</ele><time>2025-10-22T09:33:04.140Z</time></trkpt><trkpt lat="42.784266" lon="-7.539182"><ele>646.033</ele><time>2025-10-22T09:33:09.140Z</time></trkpt><trkpt lat="42.784261" lon="-7.539258"><ele>645.669</ele><time>2025-10-22T09:33:14.140Z</time></trkpt><trkpt lat="42.784255" lon="-7.539320"><ele>645.279</ele><time>2025-10-22T09:33:18.140Z</time></trkpt><trkpt lat="42.784244" lon="-7.539380"><ele>644.905</ele><time>2025-10-22T09:33:22.140Z</time></trkpt><trkpt lat="42.784232" lon="-7.539452"><ele>644.425</ele><time>2025-10-22T09:33:27.140Z</time></trkpt><trkpt lat="42.784233" lon="-7.539518"><ele>643.909</ele><time>2025-10-22T09:33:31.140Z</time></trkpt><trkpt lat="42.784236" lon="-7.539584"><ele>643.429</ele><time>2025-10-22T09:33:35.140Z</time></trkpt><trkpt lat="42.784247" lon="-7.539646"><ele>642.930</ele><time>2025-10-22T09:33:39.140Z</time></trkpt><trkpt lat="42.784250" lon="-7.539713"><ele>642.454</ele><time>2025-10-22T09:33:44.140Z</time></trkpt><trkpt lat="42.784256" lon="-7.539779"><ele>642.058</ele><time>2025-10-22T09:33:52.140Z</time></trkpt><trkpt lat="42.784267" lon="-7.539849"><ele>641.831</ele><time>2025-10-22T09:33:57.140Z</time></trkpt><trkpt lat="42.784276" lon="-7.539912"><ele>641.644</ele><time>2025-10-22T09:34:01.140Z</time></trkpt><trkpt lat="42.784286" lon="-7.539975"><ele>641.489</ele><time>2025-10-22T09:34:05.140Z</time></trkpt><trkpt lat="42.784295" lon="-7.540036"><ele>641.172</ele><time>2025-10-22T09:34:09Z</time></trkpt><trkpt lat="42.784301" lon="-7.540109"><ele>640.728</ele><time>2025-10-22T09:34:14.140Z</time></trkpt><trkpt lat="42.784307" lon="-7.540175"><ele>640.357</ele><time>2025-10-22T09:34:18.140Z</time></trkpt><trkpt lat="42.784318" lon="-7.540240"><ele>639.900</ele><time>2025-10-22T09:34:22.141Z</time></trkpt><trkpt lat="42.784328" lon="-7.540303"><ele>639.620</ele><time>2025-10-22T09:34:26.140Z</time></trkpt><trkpt lat="42.784340" lon="-7.540363"><ele>639.509</ele><time>2025-10-22T09:34:30.140Z</time></trkpt><trkpt lat="42.784353" lon="-7.540423"><ele>639.387</ele><time>2025-10-22T09:34:34.140Z</time></trkpt><trkpt lat="42.784372" lon="-7.540489"><ele>639.328</ele><time>2025-10-22T09:34:38.140Z</time></trkpt><trkpt lat="42.784391" lon="-7.540547"><ele>639.352</ele><time>2025-10-22T09:34:42.140Z</time></trkpt><trkpt lat="42.784377" lon="-7.540615"><ele>638.696</ele><time>2025-10-22T09:34:46.140Z</time></trkpt><trkpt lat="42.784412" lon="-7.540663"><ele>638.819</ele><time>2025-10-22T09:34:51.141Z</time></trkpt><trkpt lat="42.784443" lon="-7.540723"><ele>638.812</ele><time>2025-10-22T09:34:56.141Z</time></trkpt><trkpt lat="42.784476" lon="-7.540780"><ele>638.787</ele><time>2025-10-22T09:35:01.140Z</time></trkpt><trkpt lat="42.784498" lon="-7.540846"><ele>638.520</ele><time>2025-10-22T09:35:06.140Z</time></trkpt><trkpt lat="42.784529" lon="-7.540907"><ele>638.626</ele><time>2025-10-22T09:35:11.140Z</time></trkpt><trkpt lat="42.784555" lon="-7.540959"><ele>638.655</ele><time>2025-10-22T09:35:15.140Z</time></trkpt><trkpt lat="42.784587" lon="-7.541018"><ele>638.507</ele><time>2025-10-22T09:35:19.140Z</time></trkpt><trkpt lat="42.784620" lon="-7.541069"><ele>638.517</ele><time>2025-10-22T09:35:23.140Z</time></trkpt><trkpt lat="42.784659" lon="-7.541122"><ele>638.509</ele><time>2025-10-22T09:35:27.140Z</time></trkpt><trkpt lat="42.784690" lon="-7.541177"><ele>638.337</ele><time>2025-10-22T09:35:31.140Z</time></trkpt><trkpt lat="42.784699" lon="-7.541239"><ele>637.988</ele><time>2025-10-22T09:35:37.140Z</time></trkpt><trkpt lat="42.784733" lon="-7.541281"><ele>637.892</ele><time>2025-10-22T09:35:41.140Z</time></trkpt><trkpt lat="42.784772" lon="-7.541323"><ele>637.886</ele><time>2025-10-22T09:35:45.140Z</time></trkpt><trkpt lat="42.784806" lon="-7.541367"><ele>637.719</ele><time>2025-10-22T09:35:49.141Z</time></trkpt><trkpt lat="42.784831" lon="-7.541424"><ele>637.682</ele><time>2025-10-22T09:35:53.140Z</time></trkpt><trkpt lat="42.784860" lon="-7.541478"><ele>637.777</ele><time>2025-10-22T09:35:57.140Z</time></trkpt><trkpt lat="42.784887" lon="-7.541531"><ele>637.880</ele><time>2025-10-22T09:36:01.140Z</time></trkpt><trkpt lat="42.784916" lon="-7.541579"><ele>638.026</ele><time>2025-10-22T09:36:05.140Z</time></trkpt><trkpt lat="42.784953" lon="-7.541624"><ele>638.412</ele><time>2025-10-22T09:36:09.140Z</time></trkpt><trkpt lat="42.784957" lon="-7.541692"><ele>638.432</ele><time>2025-10-22T09:36:13.141Z</time></trkpt><trkpt lat="42.784971" lon="-7.541752"><ele>638.605</ele><time>2025-10-22T09:36:18.140Z</time></trkpt><trkpt lat="42.784973" lon="-7.541823"><ele>638.609</ele><time>2025-10-22T09:36:26.141Z</time></trkpt><trkpt lat="42.784970" lon="-7.541895"><ele>638.653</ele><time>2025-10-22T09:36:31.140Z</time></trkpt><trkpt lat="42.784988" lon="-7.541961"><ele>638.894</ele><time>2025-10-22T09:36:38.140Z</time></trkpt><trkpt lat="42.785013" lon="-7.542014"><ele>639.138</ele><time>2025-10-22T09:36:42.141Z</time></trkpt><trkpt lat="42.785035" lon="-7.542071"><ele>639.422</ele><time>2025-10-22T09:36:46.140Z</time></trkpt><trkpt lat="42.785051" lon="-7.542129"><ele>639.635</ele><time>2025-10-22T09:36:50.140Z</time></trkpt><trkpt lat="42.785081" lon="-7.542192"><ele>639.958</ele><time>2025-10-22T09:37:10.140Z</time></trkpt><trkpt lat="42.785097" lon="-7.542257"><ele>640.053</ele><time>2025-10-22T09:37:16Z</time></trkpt><trkpt lat="42.785110" lon="-7.542322"><ele>640.226</ele><time>2025-10-22T09:37:21.140Z</time></trkpt><trkpt lat="42.785077" lon="-7.542375"><ele>639.812</ele><time>2025-10-22T09:37:27.140Z</time></trkpt><trkpt lat="42.785029" lon="-7.542389"><ele>639.368</ele><time>2025-10-22T09:37:33.140Z</time></trkpt><trkpt lat="42.784984" lon="-7.542401"><ele>638.842</ele><time>2025-10-22T09:37:38.141Z</time></trkpt><trkpt lat="42.784948" lon="-7.542355"><ele>638.326</ele><time>2025-10-22T09:37:43.140Z</time></trkpt><trkpt lat="42.784896" lon="-7.542395"><ele>637.509</ele><time>2025-10-22T09:37:53Z</time></trkpt><trkpt lat="42.784859" lon="-7.542450"><ele>637.098</ele><time>2025-10-22T09:37:57.141Z</time></trkpt><trkpt lat="42.784843" lon="-7.542513"><ele>636.789</ele><time>2025-10-22T09:38:01.140Z</time></trkpt><trkpt lat="42.784809" lon="-7.542560"><ele>636.313</ele><time>2025-10-22T09:38:04.141Z</time></trkpt><trkpt lat="42.784774" lon="-7.542612"><ele>635.777</ele><time>2025-10-22T09:38:08.140Z</time></trkpt><trkpt lat="42.784754" lon="-7.542673"><ele>635.580</ele><time>2025-10-22T09:38:17.140Z</time></trkpt><trkpt lat="42.784756" lon="-7.542739"><ele>635.553</ele><time>2025-10-22T09:38:21.140Z</time></trkpt><trkpt lat="42.784769" lon="-7.542803"><ele>635.518</ele><time>2025-10-22T09:38:25.140Z</time></trkpt><trkpt lat="42.784777" lon="-7.542869"><ele>635.221</ele><time>2025-10-22T09:38:29.141Z</time></trkpt><trkpt lat="42.784777" lon="-7.542931"><ele>634.887</ele><time>2025-10-22T09:38:34.141Z</time></trkpt><trkpt lat="42.784758" lon="-7.543001"><ele>634.066</ele><time>2025-10-22T09:38:41.140Z</time></trkpt><trkpt lat="42.784739" lon="-7.543072"><ele>633.129</ele><time>2025-10-22T09:38:46.140Z</time></trkpt><trkpt lat="42.784765" lon="-7.543137"><ele>632.821</ele><time>2025-10-22T09:38:51.140Z</time></trkpt><trkpt lat="42.784809" lon="-7.543180"><ele>633.109</ele><time>2025-10-22T09:38:56.140Z</time></trkpt><trkpt lat="42.784839" lon="-7.543237"><ele>632.998</ele><time>2025-10-22T09:39:01.140Z</time></trkpt><trkpt lat="42.784858" lon="-7.543294"><ele>632.489</ele><time>2025-10-22T09:39:06.141Z</time></trkpt><trkpt lat="42.784882" lon="-7.543351"><ele>632.123</ele><time>2025-10-22T09:39:12.140Z</time></trkpt><trkpt lat="42.784901" lon="-7.543408"><ele>631.757</ele><time>2025-10-22T09:39:17.141Z</time></trkpt><trkpt lat="42.784918" lon="-7.543474"><ele>631.120</ele><time>2025-10-22T09:39:22.140Z</time></trkpt><trkpt lat="42.784947" lon="-7.543531"><ele>630.723</ele><time>2025-10-22T09:39:36.141Z</time></trkpt><trkpt lat="42.784951" lon="-7.543602"><ele>629.848</ele><time>2025-10-22T09:39:43.140Z</time></trkpt><trkpt lat="42.784955" lon="-7.543666"><ele>629.151</ele><time>2025-10-22T09:39:49.141Z</time></trkpt><trkpt lat="42.784960" lon="-7.543730"><ele>628.547</ele><time>2025-10-22T09:39:55.140Z</time></trkpt><trkpt lat="42.784955" lon="-7.543799"><ele>627.815</ele><time>2025-10-22T09:40:01.140Z</time></trkpt><trkpt lat="42.784956" lon="-7.543866"><ele>627.165</ele><time>2025-10-22T09:40:08.140Z</time></trkpt><trkpt lat="42.784954" lon="-7.543935"><ele>626.711</ele><time>2025-10-22T09:40:14.140Z</time></trkpt><trkpt lat="42.784968" lon="-7.543995"><ele>626.509</ele><time>2025-10-22T09:40:21.140Z</time></trkpt><trkpt lat="42.784968" lon="-7.544061"><ele>626.363</ele><time>2025-10-22T09:40:27.140Z</time></trkpt><trkpt lat="42.784963" lon="-7.544122"><ele>626.034</ele><time>2025-10-22T09:40:33.140Z</time></trkpt><trkpt lat="42.784952" lon="-7.544190"><ele>625.888</ele><time>2025-10-22T09:40:38.141Z</time></trkpt><trkpt lat="42.784946" lon="-7.544261"><ele>625.582</ele><time>2025-10-22T09:40:42.140Z</time></trkpt><trkpt lat="42.784933" lon="-7.544320"><ele>625.395</ele><time>2025-10-22T09:40:46.140Z</time></trkpt><trkpt lat="42.784937" lon="-7.544382"><ele>625.288</ele><time>2025-10-22T09:40:50.140Z</time></trkpt><trkpt lat="42.784936" lon="-7.544454"><ele>625.083</ele><time>2025-10-22T09:40:55.141Z</time></trkpt><trkpt lat="42.784929" lon="-7.544527"><ele>625.316</ele><time>2025-10-22T09:41:00.140Z</time></trkpt><trkpt lat="42.784921" lon="-7.544604"><ele>625.682</ele><time>2025-10-22T09:41:05Z</time></trkpt><trkpt lat="42.784913" lon="-7.544667"><ele>625.898</ele><time>2025-10-22T09:41:10.140Z</time></trkpt><trkpt lat="42.784914" lon="-7.544729"><ele>626.115</ele><time>2025-10-22T09:41:15.140Z</time></trkpt><trkpt lat="42.784894" lon="-7.544798"><ele>626.826</ele><time>2025-10-22T09:41:20.140Z</time></trkpt><trkpt lat="42.784874" lon="-7.544863"><ele>627.509</ele><time>2025-10-22T09:41:26.140Z</time></trkpt><trkpt lat="42.784841" lon="-7.544908"><ele>628.091</ele><time>2025-10-22T09:41:31.140Z</time></trkpt><trkpt lat="42.784795" lon="-7.544957"><ele>628.552</ele><time>2025-10-22T09:41:36.140Z</time></trkpt><trkpt lat="42.784762" lon="-7.545004"><ele>629.036</ele><time>2025-10-22T09:41:40.140Z</time></trkpt><trkpt lat="42.784756" lon="-7.545070"><ele>629.810</ele><time>2025-10-22T09:42:00.141Z</time></trkpt><trkpt lat="42.784713" lon="-7.545090"><ele>629.963</ele><time>2025-10-22T09:42:04.141Z</time></trkpt><trkpt lat="42.784665" lon="-7.545117"><ele>630.076</ele><time>2025-10-22T09:42:08.141Z</time></trkpt><trkpt lat="42.784620" lon="-7.545142"><ele>630.031</ele><time>2025-10-22T09:42:13.141Z</time></trkpt><trkpt lat="42.784600" lon="-7.545198"><ele>630.474</ele><time>2025-10-22T09:42:19.140Z</time></trkpt><trkpt lat="42.784569" lon="-7.545250"><ele>630.740</ele><time>2025-10-22T09:42:25.140Z</time></trkpt><trkpt lat="42.784549" lon="-7.545307"><ele>630.912</ele><time>2025-10-22T09:42:30.140Z</time></trkpt><trkpt lat="42.784525" lon="-7.545368"><ele>631.132</ele><time>2025-10-22T09:42:35.141Z</time></trkpt><trkpt lat="42.784500" lon="-7.545424"><ele>631.105</ele><time>2025-10-22T09:42:40.140Z</time></trkpt><trkpt lat="42.784475" lon="-7.545486"><ele>631.109</ele><time>2025-10-22T09:42:45.141Z</time></trkpt><trkpt lat="42.784449" lon="-7.545551"><ele>631.063</ele><time>2025-10-22T09:42:50.140Z</time></trkpt><trkpt lat="42.784428" lon="-7.545614"><ele>630.834</ele><time>2025-10-22T09:42:55.140Z</time></trkpt><trkpt lat="42.784418" lon="-7.545687"><ele>630.658</ele><time>2025-10-22T09:43:00.141Z</time></trkpt><trkpt lat="42.784419" lon="-7.545756"><ele>630.662</ele><time>2025-10-22T09:43:04.141Z</time></trkpt><trkpt lat="42.784415" lon="-7.545824"><ele>630.635</ele><time>2025-10-22T09:43:08.140Z</time></trkpt><trkpt lat="42.784417" lon="-7.545886"><ele>630.628</ele><time>2025-10-22T09:43:12.141Z</time></trkpt><trkpt lat="42.784440" lon="-7.545947"><ele>630.943</ele><time>2025-10-22T09:43:17.140Z</time></trkpt><trkpt lat="42.784483" lon="-7.545981"><ele>631.656</ele><time>2025-10-22T09:43:22.141Z</time></trkpt><trkpt lat="42.784518" lon="-7.546032"><ele>632.242</ele><time>2025-10-22T09:43:27.140Z</time></trkpt><trkpt lat="42.784559" lon="-7.546065"><ele>633.076</ele><time>2025-10-22T09:43:32.140Z</time></trkpt><trkpt lat="42.784598" lon="-7.546103"><ele>633.790</ele><time>2025-10-22T09:43:37.140Z</time></trkpt><trkpt lat="42.784638" lon="-7.546131"><ele>634.619</ele><time>2025-10-22T09:43:42.141Z</time></trkpt><trkpt lat="42.784678" lon="-7.546161"><ele>635.409</ele><time>2025-10-22T09:43:48.141Z</time></trkpt><trkpt lat="42.784725" lon="-7.546193"><ele>636.319</ele><time>2025-10-22T09:43:55.140Z</time></trkpt><trkpt lat="42.784773" lon="-7.546216"><ele>637.320</ele><time>2025-10-22T09:44:01.140Z</time></trkpt><trkpt lat="42.784822" lon="-7.546230"><ele>638.214</ele><time>2025-10-22T09:44:07.140Z</time></trkpt><trkpt lat="42.784872" lon="-7.546239"><ele>639.218</ele><time>2025-10-22T09:44:14.140Z</time></trkpt><trkpt lat="42.784919" lon="-7.546260"><ele>640.111</ele><time>2025-10-22T09:44:21.141Z</time></trkpt><trkpt lat="42.784969" lon="-7.546271"><ele>641.054</ele><time>2025-10-22T09:44:28.140Z</time></trkpt><trkpt lat="42.785016" lon="-7.546284"><ele>641.979</ele><time>2025-10-22T09:44:34.140Z</time></trkpt><trkpt lat="42.785060" lon="-7.546311"><ele>642.852</ele><time>2025-10-22T09:44:40.140Z</time></trkpt><trkpt lat="42.785102" lon="-7.546348"><ele>643.988</ele><time>2025-10-22T09:44:47.140Z</time></trkpt><trkpt lat="42.785109" lon="-7.546416"><ele>644.698</ele><time>2025-10-22T09:45:00.141Z</time></trkpt><trkpt lat="42.785089" lon="-7.546477"><ele>644.915</ele><time>2025-10-22T09:45:06.141Z</time></trkpt><trkpt lat="42.785066" lon="-7.546537"><ele>645.026</ele><time>2025-10-22T09:45:13.140Z</time></trkpt><trkpt lat="42.785043" lon="-7.546596"><ele>645.209</ele><time>2025-10-22T09:45:20.140Z</time></trkpt><trkpt lat="42.785027" lon="-7.546657"><ele>645.541</ele><time>2025-10-22T09:45:26.140Z</time></trkpt><trkpt lat="42.785015" lon="-7.546721"><ele>645.752</ele><time>2025-10-22T09:45:32.140Z</time></trkpt><trkpt lat="42.784992" lon="-7.546777"><ele>645.686</ele><time>2025-10-22T09:45:37.140Z</time></trkpt><trkpt lat="42.784967" lon="-7.546831"><ele>645.570</ele><time>2025-10-22T09:45:42.141Z</time></trkpt><trkpt lat="42.784933" lon="-7.546892"><ele>645.243</ele><time>2025-10-22T09:45:47.140Z</time></trkpt><trkpt lat="42.784894" lon="-7.546943"><ele>644.796</ele><time>2025-10-22T09:45:52.140Z</time></trkpt><trkpt lat="42.784857" lon="-7.546986"><ele>643.851</ele><time>2025-10-22T09:45:57.140Z</time></trkpt><trkpt lat="42.784812" lon="-7.547026"><ele>642.834</ele><time>2025-10-22T09:46:02.140Z</time></trkpt><trkpt lat="42.784767" lon="-7.547061"><ele>641.910</ele><time>2025-10-22T09:46:07.140Z</time></trkpt><trkpt lat="42.784721" lon="-7.547093"><ele>641.074</ele><time>2025-10-22T09:46:12.140Z</time></trkpt><trkpt lat="42.784674" lon="-7.547133"><ele>640.456</ele><time>2025-10-22T09:46:18.140Z</time></trkpt><trkpt lat="42.784636" lon="-7.547173"><ele>640.021</ele><time>2025-10-22T09:46:23.141Z</time></trkpt><trkpt lat="42.784598" lon="-7.547217"><ele>639.609</ele><time>2025-10-22T09:46:28.140Z</time></trkpt><trkpt lat="42.784573" lon="-7.547283"><ele>639.669</ele><time>2025-10-22T09:46:33.140Z</time></trkpt><trkpt lat="42.784554" lon="-7.547348"><ele>639.650</ele><time>2025-10-22T09:46:38.140Z</time></trkpt><trkpt lat="42.784536" lon="-7.547418"><ele>639.774</ele><time>2025-10-22T09:46:43.140Z</time></trkpt><trkpt lat="42.784525" lon="-7.547479"><ele>639.888</ele><time>2025-10-22T09:46:47.140Z</time></trkpt><trkpt lat="42.784510" lon="-7.547547"><ele>639.941</ele><time>2025-10-22T09:46:52Z</time></trkpt><trkpt lat="42.784495" lon="-7.547605"><ele>639.974</ele><time>2025-10-22T09:46:56.140Z</time></trkpt><trkpt lat="42.784483" lon="-7.547679"><ele>640.129</ele><time>2025-10-22T09:47:01.141Z</time></trkpt><trkpt lat="42.784465" lon="-7.547747"><ele>640.172</ele><time>2025-10-22T09:47:06.140Z</time></trkpt><trkpt lat="42.784447" lon="-7.547814"><ele>640.248</ele><time>2025-10-22T09:47:11.140Z</time></trkpt><trkpt lat="42.784423" lon="-7.547878"><ele>640.136</ele><time>2025-10-22T09:47:16.140Z</time></trkpt><trkpt lat="42.784397" lon="-7.547929"><ele>640.017</ele><time>2025-10-22T09:47:20.141Z</time></trkpt><trkpt lat="42.784366" lon="-7.547986"><ele>639.918</ele><time>2025-10-22T09:47:25.140Z</time></trkpt><trkpt lat="42.784337" lon="-7.548034"><ele>639.809</ele><time>2025-10-22T09:47:29.140Z</time></trkpt><trkpt lat="42.784302" lon="-7.548086"><ele>639.665</ele><time>2025-10-22T09:47:34.140Z</time></trkpt><trkpt lat="42.784269" lon="-7.548147"><ele>639.446</ele><time>2025-10-22T09:47:39.141Z</time></trkpt><trkpt lat="42.784239" lon="-7.548195"><ele>639.390</ele><time>2025-10-22T09:47:43.140Z</time></trkpt><trkpt lat="42.784210" lon="-7.548251"><ele>639.264</ele><time>2025-10-22T09:47:48.140Z</time></trkpt><trkpt lat="42.784181" lon="-7.548302"><ele>639.037</ele><time>2025-10-22T09:47:53.140Z</time></trkpt><trkpt lat="42.784154" lon="-7.548359"><ele>639.020</ele><time>2025-10-22T09:47:58.140Z</time></trkpt><trkpt lat="42.784123" lon="-7.548416"><ele>638.845</ele><time>2025-10-22T09:48:03.140Z</time></trkpt><trkpt lat="42.784106" lon="-7.548479"><ele>638.738</ele><time>2025-10-22T09:48:08.140Z</time></trkpt><trkpt lat="42.784098" lon="-7.548549"><ele>638.684</ele><time>2025-10-22T09:48:13.140Z</time></trkpt><trkpt lat="42.784097" lon="-7.548618"><ele>638.555</ele><time>2025-10-22T09:48:18.140Z</time></trkpt><trkpt lat="42.784087" lon="-7.548692"><ele>638.607</ele><time>2025-10-22T09:48:23.140Z</time></trkpt><trkpt lat="42.784074" lon="-7.548752"><ele>638.717</ele><time>2025-10-22T09:48:27.140Z</time></trkpt><trkpt lat="42.784061" lon="-7.548823"><ele>638.709</ele><time>2025-10-22T09:48:32.140Z</time></trkpt><trkpt lat="42.784047" lon="-7.548894"><ele>638.717</ele><time>2025-10-22T09:48:37.140Z</time></trkpt><trkpt lat="42.784034" lon="-7.548963"><ele>639.198</ele><time>2025-10-22T09:48:42.140Z</time></trkpt><trkpt lat="42.784026" lon="-7.549030"><ele>639.542</ele><time>2025-10-22T09:48:47.140Z</time></trkpt><trkpt lat="42.784015" lon="-7.549098"><ele>639.976</ele><time>2025-10-22T09:48:52.140Z</time></trkpt><trkpt lat="42.784007" lon="-7.549170"><ele>640.379</ele><time>2025-10-22T09:48:57Z</time></trkpt><trkpt lat="42.784009" lon="-7.549234"><ele>640.692</ele><time>2025-10-22T09:49:03.141Z</time></trkpt><trkpt lat="42.784063" lon="-7.549231"><ele>641.337</ele><time>2025-10-22T09:49:07.140Z</time></trkpt><trkpt lat="42.784039" lon="-7.549291"><ele>641.390</ele><time>2025-10-22T09:49:16.141Z</time></trkpt><trkpt lat="42.784023" lon="-7.549356"><ele>641.546</ele><time>2025-10-22T09:49:21Z</time></trkpt><trkpt lat="42.784014" lon="-7.549422"><ele>641.756</ele><time>2025-10-22T09:49:26.141Z</time></trkpt><trkpt lat="42.784002" lon="-7.549481"><ele>641.659</ele><time>2025-10-22T09:49:29.141Z</time></trkpt><trkpt lat="42.783988" lon="-7.549553"><ele>641.414</ele><time>2025-10-22T09:49:33.141Z</time></trkpt><trkpt lat="42.783985" lon="-7.549617"><ele>641.409</ele><time>2025-10-22T09:49:37.140Z</time></trkpt><trkpt lat="42.783977" lon="-7.549680"><ele>641.337</ele><time>2025-10-22T09:49:41.140Z</time></trkpt><trkpt lat="42.783981" lon="-7.549744"><ele>641.288</ele><time>2025-10-22T09:49:45.140Z</time></trkpt><trkpt lat="42.783983" lon="-7.549806"><ele>641.192</ele><time>2025-10-22T09:49:49.140Z</time></trkpt><trkpt lat="42.783975" lon="-7.549874"><ele>640.796</ele><time>2025-10-22T09:49:54.141Z</time></trkpt><trkpt lat="42.783971" lon="-7.549947"><ele>640.479</ele><time>2025-10-22T09:49:59.140Z</time></trkpt><trkpt lat="42.783975" lon="-7.550019"><ele>640.192</ele><time>2025-10-22T09:50:04.141Z</time></trkpt><trkpt lat="42.783986" lon="-7.550091"><ele>639.627</ele><time>2025-10-22T09:50:09.140Z</time></trkpt><trkpt lat="42.783998" lon="-7.550162"><ele>639.260</ele><time>2025-10-22T09:50:14.140Z</time></trkpt><trkpt lat="42.784024" lon="-7.550230"><ele>638.936</ele><time>2025-10-22T09:50:19.141Z</time></trkpt><trkpt lat="42.784041" lon="-7.550292"><ele>638.622</ele><time>2025-10-22T09:50:23.141Z</time></trkpt><trkpt lat="42.784059" lon="-7.550352"><ele>638.462</ele><time>2025-10-22T09:50:27.141Z</time></trkpt><trkpt lat="42.784076" lon="-7.550412"><ele>638.208</ele><time>2025-10-22T09:50:31.141Z</time></trkpt><trkpt lat="42.784101" lon="-7.550471"><ele>638.109</ele><time>2025-10-22T09:50:35.141Z</time></trkpt><trkpt lat="42.784125" lon="-7.550527"><ele>637.984</ele><time>2025-10-22T09:50:39.141Z</time></trkpt><trkpt lat="42.784150" lon="-7.550592"><ele>637.545</ele><time>2025-10-22T09:50:44.141Z</time></trkpt><trkpt lat="42.784168" lon="-7.550662"><ele>636.919</ele><time>2025-10-22T09:50:49.141Z</time></trkpt><trkpt lat="42.784189" lon="-7.550722"><ele>636.423</ele><time>2025-10-22T09:50:54.142Z</time></trkpt><trkpt lat="42.784211" lon="-7.550788"><ele>635.816</ele><time>2025-10-22T09:50:59.141Z</time></trkpt><trkpt lat="42.784233" lon="-7.550858"><ele>635.269</ele><time>2025-10-22T09:51:04.141Z</time></trkpt><trkpt lat="42.784249" lon="-7.550927"><ele>634.734</ele><time>2025-10-22T09:51:09Z</time></trkpt><trkpt lat="42.784265" lon="-7.550997"><ele>634.197</ele><time>2025-10-22T09:51:14.142Z</time></trkpt><trkpt lat="42.784276" lon="-7.551069"><ele>633.653</ele><time>2025-10-22T09:51:19.141Z</time></trkpt><trkpt lat="42.784283" lon="-7.551130"><ele>633.292</ele><time>2025-10-22T09:51:23.142Z</time></trkpt><trkpt lat="42.784286" lon="-7.551205"><ele>633.173</ele><time>2025-10-22T09:51:28.141Z</time></trkpt><trkpt lat="42.784282" lon="-7.551275"><ele>632.920</ele><time>2025-10-22T09:51:34.141Z</time></trkpt><trkpt lat="42.784273" lon="-7.551337"><ele>632.609</ele><time>2025-10-22T09:51:39.141Z</time></trkpt><trkpt lat="42.784264" lon="-7.551407"><ele>632.431</ele><time>2025-10-22T09:51:44.141Z</time></trkpt><trkpt lat="42.784253" lon="-7.551466"><ele>632.192</ele><time>2025-10-22T09:51:48.141Z</time></trkpt><trkpt lat="42.784238" lon="-7.551539"><ele>631.896</ele><time>2025-10-22T09:51:53.141Z</time></trkpt><trkpt lat="42.784230" lon="-7.551601"><ele>631.510</ele><time>2025-10-22T09:51:57.141Z</time></trkpt><trkpt lat="42.784217" lon="-7.551663"><ele>631.153</ele><time>2025-10-22T09:52:01.142Z</time></trkpt><trkpt lat="42.784209" lon="-7.551725"><ele>631.236</ele><time>2025-10-22T09:52:05.141Z</time></trkpt><trkpt lat="42.784214" lon="-7.551801"><ele>631.631</ele><time>2025-10-22T09:52:10.142Z</time></trkpt><trkpt lat="42.784224" lon="-7.551865"><ele>632.174</ele><time>2025-10-22T09:52:14.141Z</time></trkpt><trkpt lat="42.784217" lon="-7.551929"><ele>632.210</ele><time>2025-10-22T09:52:18.141Z</time></trkpt><trkpt lat="42.784230" lon="-7.552002"><ele>633.048</ele><time>2025-10-22T09:52:23.141Z</time></trkpt><trkpt lat="42.784238" lon="-7.552077"><ele>633.661</ele><time>2025-10-22T09:52:28.142Z</time></trkpt><trkpt lat="42.784247" lon="-7.552144"><ele>634.317</ele><time>2025-10-22T09:52:33.141Z</time></trkpt><trkpt lat="42.784244" lon="-7.552214"><ele>634.609</ele><time>2025-10-22T09:52:38.141Z</time></trkpt><trkpt lat="42.784235" lon="-7.552282"><ele>634.966</ele><time>2025-10-22T09:52:43.141Z</time></trkpt><trkpt lat="42.784226" lon="-7.552344"><ele>635.237</ele><time>2025-10-22T09:52:47.141Z</time></trkpt><trkpt lat="42.784184" lon="-7.552405"><ele>634.781</ele><time>2025-10-22T09:52:57.141Z</time></trkpt><trkpt lat="42.784181" lon="-7.552475"><ele>635.175</ele><time>2025-10-22T09:53:02.142Z</time></trkpt><trkpt lat="42.784179" lon="-7.552538"><ele>635.898</ele><time>2025-10-22T09:53:07.141Z</time></trkpt><trkpt lat="42.784174" lon="-7.552602"><ele>636.631</ele><time>2025-10-22T09:53:12.141Z</time></trkpt><trkpt lat="42.784167" lon="-7.552666"><ele>637.486</ele><time>2025-10-22T09:53:17.141Z</time></trkpt><trkpt lat="42.784152" lon="-7.552736"><ele>638.139</ele><time>2025-10-22T09:53:23.141Z</time></trkpt><trkpt lat="42.784130" lon="-7.552795"><ele>638.565</ele><time>2025-10-22T09:53:28.141Z</time></trkpt><trkpt lat="42.784116" lon="-7.552864"><ele>638.816</ele><time>2025-10-22T09:53:33.141Z</time></trkpt><trkpt lat="42.784103" lon="-7.552927"><ele>639.176</ele><time>2025-10-22T09:53:38.141Z</time></trkpt><trkpt lat="42.784078" lon="-7.552988"><ele>639.213</ele><time>2025-10-22T09:53:43.141Z</time></trkpt><trkpt lat="42.784060" lon="-7.553053"><ele>639.409</ele><time>2025-10-22T09:53:48.141Z</time></trkpt><trkpt lat="42.784034" lon="-7.553119"><ele>639.353</ele><time>2025-10-22T09:53:53.141Z</time></trkpt><trkpt lat="42.784019" lon="-7.553180"><ele>639.364</ele><time>2025-10-22T09:53:58.141Z</time></trkpt><trkpt lat="42.784008" lon="-7.553244"><ele>639.438</ele><time>2025-10-22T09:54:03.141Z</time></trkpt><trkpt lat="42.784006" lon="-7.553307"><ele>639.642</ele><time>2025-10-22T09:54:07.141Z</time></trkpt><trkpt lat="42.784009" lon="-7.553371"><ele>639.935</ele><time>2025-10-22T09:54:11.141Z</time></trkpt><trkpt lat="42.784004" lon="-7.553439"><ele>640.278</ele><time>2025-10-22T09:54:16.141Z</time></trkpt><trkpt lat="42.783996" lon="-7.553512"><ele>640.483</ele><time>2025-10-22T09:54:21.142Z</time></trkpt><trkpt lat="42.783989" lon="-7.553579"><ele>640.626</ele><time>2025-10-22T09:54:26Z</time></trkpt><trkpt lat="42.783976" lon="-7.553652"><ele>640.922</ele><time>2025-10-22T09:54:31.141Z</time></trkpt><trkpt lat="42.783959" lon="-7.553719"><ele>641.143</ele><time>2025-10-22T09:54:36.141Z</time></trkpt><trkpt lat="42.783942" lon="-7.553785"><ele>641.364</ele><time>2025-10-22T09:54:41.141Z</time></trkpt><trkpt lat="42.783932" lon="-7.553853"><ele>641.710</ele><time>2025-10-22T09:54:46Z</time></trkpt><trkpt lat="42.783916" lon="-7.553913"><ele>641.809</ele><time>2025-10-22T09:54:50.141Z</time></trkpt><trkpt lat="42.783900" lon="-7.553972"><ele>642.156</ele><time>2025-10-22T09:54:54.142Z</time></trkpt><trkpt lat="42.783881" lon="-7.554041"><ele>642.577</ele><time>2025-10-22T09:54:59.141Z</time></trkpt><trkpt lat="42.783865" lon="-7.554100"><ele>642.751</ele><time>2025-10-22T09:55:03.141Z</time></trkpt><trkpt lat="42.783843" lon="-7.554165"><ele>643.035</ele><time>2025-10-22T09:55:08Z</time></trkpt><trkpt lat="42.783826" lon="-7.554236"><ele>643.418</ele><time>2025-10-22T09:55:13.141Z</time></trkpt><trkpt lat="42.783799" lon="-7.554295"><ele>643.461</ele><time>2025-10-22T09:55:18.141Z</time></trkpt><trkpt lat="42.783765" lon="-7.554335"><ele>643.176</ele><time>2025-10-22T09:55:22.141Z</time></trkpt><trkpt lat="42.783726" lon="-7.554377"><ele>642.829</ele><time>2025-10-22T09:55:26.141Z</time></trkpt><trkpt lat="42.783689" lon="-7.554430"><ele>642.545</ele><time>2025-10-22T09:55:31.141Z</time></trkpt><trkpt lat="42.783656" lon="-7.554487"><ele>642.381</ele><time>2025-10-22T09:55:36.141Z</time></trkpt><trkpt lat="42.783620" lon="-7.554541"><ele>641.961</ele><time>2025-10-22T09:55:41.142Z</time></trkpt><trkpt lat="42.783583" lon="-7.554596"><ele>641.617</ele><time>2025-10-22T09:55:46.141Z</time></trkpt><trkpt lat="42.783548" lon="-7.554638"><ele>641.409</ele><time>2025-10-22T09:55:50.141Z</time></trkpt><trkpt lat="42.783505" lon="-7.554671"><ele>641.040</ele><time>2025-10-22T09:55:55.141Z</time></trkpt><trkpt lat="42.783462" lon="-7.554718"><ele>640.841</ele><time>2025-10-22T09:56:00.141Z</time></trkpt><trkpt lat="42.783419" lon="-7.554760"><ele>640.725</ele><time>2025-10-22T09:56:05.141Z</time></trkpt><trkpt lat="42.783384" lon="-7.554821"><ele>641.079</ele><time>2025-10-22T09:56:10.141Z</time></trkpt><trkpt lat="42.783353" lon="-7.554868"><ele>641.312</ele><time>2025-10-22T09:56:14.142Z</time></trkpt><trkpt lat="42.783311" lon="-7.554916"><ele>641.555</ele><time>2025-10-22T09:56:19.141Z</time></trkpt><trkpt lat="42.783265" lon="-7.554956"><ele>641.630</ele><time>2025-10-22T09:56:24.142Z</time></trkpt><trkpt lat="42.783225" lon="-7.555001"><ele>641.893</ele><time>2025-10-22T09:56:29.141Z</time></trkpt><trkpt lat="42.783186" lon="-7.555045"><ele>642.079</ele><time>2025-10-22T09:56:34.141Z</time></trkpt><trkpt lat="42.783145" lon="-7.555091"><ele>642.224</ele><time>2025-10-22T09:56:39.142Z</time></trkpt><trkpt lat="42.783102" lon="-7.555138"><ele>642.404</ele><time>2025-10-22T09:56:44.141Z</time></trkpt><trkpt lat="42.783068" lon="-7.555182"><ele>642.714</ele><time>2025-10-22T09:56:48.141Z</time></trkpt><trkpt lat="42.783030" lon="-7.555235"><ele>643.009</ele><time>2025-10-22T09:56:53.141Z</time></trkpt><trkpt lat="42.782993" lon="-7.555291"><ele>643.184</ele><time>2025-10-22T09:56:58.142Z</time></trkpt><trkpt lat="42.782955" lon="-7.555338"><ele>642.865</ele><time>2025-10-22T09:57:03.142Z</time></trkpt><trkpt lat="42.782914" lon="-7.555374"><ele>642.399</ele><time>2025-10-22T09:57:08Z</time></trkpt><trkpt lat="42.782870" lon="-7.555415"><ele>641.893</ele><time>2025-10-22T09:57:13.142Z</time></trkpt><trkpt lat="42.782842" lon="-7.555467"><ele>641.636</ele><time>2025-10-22T09:57:17.142Z</time></trkpt><trkpt lat="42.782824" lon="-7.555530"><ele>641.619</ele><time>2025-10-22T09:57:22.141Z</time></trkpt><trkpt lat="42.782809" lon="-7.555594"><ele>641.644</ele><time>2025-10-22T09:57:27.141Z</time></trkpt><trkpt lat="42.782805" lon="-7.555667"><ele>641.817</ele><time>2025-10-22T09:57:32.141Z</time></trkpt><trkpt lat="42.782822" lon="-7.555738"><ele>642.263</ele><time>2025-10-22T09:57:37.141Z</time></trkpt><trkpt lat="42.782850" lon="-7.555789"><ele>642.774</ele><time>2025-10-22T09:57:41.141Z</time></trkpt><trkpt lat="42.782878" lon="-7.555851"><ele>643.156</ele><time>2025-10-22T09:57:46.141Z</time></trkpt><trkpt lat="42.782902" lon="-7.555917"><ele>643.221</ele><time>2025-10-22T09:57:51.141Z</time></trkpt><trkpt lat="42.782924" lon="-7.555984"><ele>643.309</ele><time>2025-10-22T09:57:56.141Z</time></trkpt><trkpt lat="42.782934" lon="-7.556045"><ele>643.359</ele><time>2025-10-22T09:58:00.141Z</time></trkpt><trkpt lat="42.782950" lon="-7.556103"><ele>643.310</ele><time>2025-10-22T09:58:04.141Z</time></trkpt><trkpt lat="42.782964" lon="-7.556172"><ele>643.364</ele><time>2025-10-22T09:58:09.141Z</time></trkpt><trkpt lat="42.782977" lon="-7.556235"><ele>643.388</ele><time>2025-10-22T09:58:13.141Z</time></trkpt><trkpt lat="42.782982" lon="-7.556308"><ele>643.311</ele><time>2025-10-22T09:58:18.141Z</time></trkpt><trkpt lat="42.782992" lon="-7.556369"><ele>643.334</ele><time>2025-10-22T09:58:22.141Z</time></trkpt><trkpt lat="42.783022" lon="-7.556426"><ele>643.419</ele><time>2025-10-22T09:58:27.141Z</time></trkpt><trkpt lat="42.783058" lon="-7.556482"><ele>643.432</ele><time>2025-10-22T09:58:32.142Z</time></trkpt><trkpt lat="42.783098" lon="-7.556521"><ele>643.488</ele><time>2025-10-22T09:58:37.142Z</time></trkpt><trkpt lat="42.783131" lon="-7.556571"><ele>643.424</ele><time>2025-10-22T09:58:42.141Z</time></trkpt><trkpt lat="42.783165" lon="-7.556629"><ele>643.404</ele><time>2025-10-22T09:58:47.141Z</time></trkpt><trkpt lat="42.783197" lon="-7.556676"><ele>643.414</ele><time>2025-10-22T09:58:51.141Z</time></trkpt><trkpt lat="42.783236" lon="-7.556707"><ele>643.309</ele><time>2025-10-22T09:58:55.142Z</time></trkpt><trkpt lat="42.783274" lon="-7.556743"><ele>643.064</ele><time>2025-10-22T09:58:59.142Z</time></trkpt><trkpt lat="42.783317" lon="-7.556788"><ele>642.745</ele><time>2025-10-22T09:59:04.141Z</time></trkpt><trkpt lat="42.783361" lon="-7.556834"><ele>642.269</ele><time>2025-10-22T09:59:09.141Z</time></trkpt><trkpt lat="42.783397" lon="-7.556878"><ele>641.843</ele><time>2025-10-22T09:59:13.141Z</time></trkpt><trkpt lat="42.783444" lon="-7.556913"><ele>641.796</ele><time>2025-10-22T09:59:18.141Z</time></trkpt><trkpt lat="42.783488" lon="-7.556928"><ele>641.929</ele><time>2025-10-22T09:59:22.141Z</time></trkpt><trkpt lat="42.783541" lon="-7.556940"><ele>642.384</ele><time>2025-10-22T09:59:27.142Z</time></trkpt><trkpt lat="42.783586" lon="-7.556962"><ele>642.517</ele><time>2025-10-22T09:59:32.141Z</time></trkpt><trkpt lat="42.783634" lon="-7.556991"><ele>642.453</ele><time>2025-10-22T09:59:37.142Z</time></trkpt><trkpt lat="42.783674" lon="-7.557023"><ele>642.047</ele><time>2025-10-22T09:59:41.141Z</time></trkpt><trkpt lat="42.783719" lon="-7.557064"><ele>641.629</ele><time>2025-10-22T09:59:46.141Z</time></trkpt><trkpt lat="42.783765" lon="-7.557102"><ele>641.421</ele><time>2025-10-22T09:59:51Z</time></trkpt><trkpt lat="42.783807" lon="-7.557126"><ele>641.309</ele><time>2025-10-22T09:59:55.141Z</time></trkpt><trkpt lat="42.783858" lon="-7.557150"><ele>641.496</ele><time>2025-10-22T10:00:00.141Z</time></trkpt><trkpt lat="42.783901" lon="-7.557174"><ele>641.397</ele><time>2025-10-22T10:00:04.141Z</time></trkpt><trkpt lat="42.783952" lon="-7.557199"><ele>640.971</ele><time>2025-10-22T10:00:09.141Z</time></trkpt><trkpt lat="42.784003" lon="-7.557227"><ele>640.515</ele><time>2025-10-22T10:00:14.141Z</time></trkpt><trkpt lat="42.784048" lon="-7.557260"><ele>640.018</ele><time>2025-10-22T10:00:19.141Z</time></trkpt><trkpt lat="42.784092" lon="-7.557281"><ele>639.661</ele><time>2025-10-22T10:00:23.141Z</time></trkpt><trkpt lat="42.784145" lon="-7.557302"><ele>639.296</ele><time>2025-10-22T10:00:28.141Z</time></trkpt><trkpt lat="42.784194" lon="-7.557335"><ele>639.099</ele><time>2025-10-22T10:00:33.142Z</time></trkpt><trkpt lat="42.784239" lon="-7.557373"><ele>638.995</ele><time>2025-10-22T10:00:38.141Z</time></trkpt><trkpt lat="42.784281" lon="-7.557419"><ele>638.717</ele><time>2025-10-22T10:00:43.141Z</time></trkpt><trkpt lat="42.784320" lon="-7.557465"><ele>638.587</ele><time>2025-10-22T10:00:48.141Z</time></trkpt><trkpt lat="42.784361" lon="-7.557513"><ele>638.215</ele><time>2025-10-22T10:00:53.142Z</time></trkpt><trkpt lat="42.784396" lon="-7.557571"><ele>637.409</ele><time>2025-10-22T10:00:58.142Z</time></trkpt><trkpt lat="42.784418" lon="-7.557626"><ele>636.593</ele><time>2025-10-22T10:01:02.141Z</time></trkpt><trkpt lat="42.784429" lon="-7.557690"><ele>635.554</ele><time>2025-10-22T10:01:07Z</time></trkpt><trkpt lat="42.784463" lon="-7.557737"><ele>635.058</ele><time>2025-10-22T10:01:12.141Z</time></trkpt><trkpt lat="42.784500" lon="-7.557794"><ele>634.662</ele><time>2025-10-22T10:01:18.141Z</time></trkpt><trkpt lat="42.784522" lon="-7.557860"><ele>634.175</ele><time>2025-10-22T10:01:23.141Z</time></trkpt><trkpt lat="42.784547" lon="-7.557927"><ele>633.788</ele><time>2025-10-22T10:01:28.142Z</time></trkpt><trkpt lat="42.784573" lon="-7.557989"><ele>633.273</ele><time>2025-10-22T10:01:33.141Z</time></trkpt><trkpt lat="42.784595" lon="-7.558051"><ele>632.716</ele><time>2025-10-22T10:01:38.142Z</time></trkpt><trkpt lat="42.784616" lon="-7.558116"><ele>632.482</ele><time>2025-10-22T10:01:43.141Z</time></trkpt><trkpt lat="42.784633" lon="-7.558187"><ele>632.149</ele><time>2025-10-22T10:01:48.141Z</time></trkpt><trkpt lat="42.784644" lon="-7.558257"><ele>631.702</ele><time>2025-10-22T10:01:53.141Z</time></trkpt><trkpt lat="42.784663" lon="-7.558320"><ele>631.522</ele><time>2025-10-22T10:01:58.142Z</time></trkpt><trkpt lat="42.784674" lon="-7.558381"><ele>631.109</ele><time>2025-10-22T10:02:02.141Z</time></trkpt><trkpt lat="42.784670" lon="-7.558455"><ele>630.596</ele><time>2025-10-22T10:02:07.141Z</time></trkpt><trkpt lat="42.784644" lon="-7.558515"><ele>629.757</ele><time>2025-10-22T10:02:12.142Z</time></trkpt><trkpt lat="42.784632" lon="-7.558588"><ele>628.961</ele><time>2025-10-22T10:02:17.141Z</time></trkpt><trkpt lat="42.784621" lon="-7.558648"><ele>628.295</ele><time>2025-10-22T10:02:21.141Z</time></trkpt><trkpt lat="42.784607" lon="-7.558720"><ele>627.438</ele><time>2025-10-22T10:02:26.141Z</time></trkpt><trkpt lat="42.784592" lon="-7.558790"><ele>626.581</ele><time>2025-10-22T10:02:31.142Z</time></trkpt><trkpt lat="42.784579" lon="-7.558850"><ele>625.836</ele><time>2025-10-22T10:02:35.141Z</time></trkpt><trkpt lat="42.784553" lon="-7.558914"><ele>624.799</ele><time>2025-10-22T10:02:40.142Z</time></trkpt><trkpt lat="42.784540" lon="-7.558987"><ele>623.835</ele><time>2025-10-22T10:02:45Z</time></trkpt><trkpt lat="42.784545" lon="-7.559049"><ele>623.363</ele><time>2025-10-22T10:02:49.142Z</time></trkpt><trkpt lat="42.784567" lon="-7.559113"><ele>623.144</ele><time>2025-10-22T10:02:54.141Z</time></trkpt><trkpt lat="42.784613" lon="-7.559155"><ele>623.718</ele><time>2025-10-22T10:02:59.142Z</time></trkpt><trkpt lat="42.784661" lon="-7.559189"><ele>624.509</ele><time>2025-10-22T10:03:04.141Z</time></trkpt><trkpt lat="42.784711" lon="-7.559217"><ele>625.298</ele><time>2025-10-22T10:03:09.142Z</time></trkpt><trkpt lat="42.784753" lon="-7.559240"><ele>625.539</ele><time>2025-10-22T10:03:13.142Z</time></trkpt><trkpt lat="42.784804" lon="-7.559266"><ele>625.743</ele><time>2025-10-22T10:03:18.141Z</time></trkpt><trkpt lat="42.784838" lon="-7.559309"><ele>625.547</ele><time>2025-10-22T10:03:22.141Z</time></trkpt><trkpt lat="42.784871" lon="-7.559351"><ele>625.330</ele><time>2025-10-22T10:03:26.141Z</time></trkpt><trkpt lat="42.784909" lon="-7.559408"><ele>624.843</ele><time>2025-10-22T10:03:31.141Z</time></trkpt><trkpt lat="42.784942" lon="-7.559453"><ele>624.578</ele><time>2025-10-22T10:03:35.141Z</time></trkpt><trkpt lat="42.784976" lon="-7.559511"><ele>623.931</ele><time>2025-10-22T10:03:40.141Z</time></trkpt><trkpt lat="42.785005" lon="-7.559561"><ele>623.487</ele><time>2025-10-22T10:03:44Z</time></trkpt><trkpt lat="42.785039" lon="-7.559618"><ele>622.982</ele><time>2025-10-22T10:03:49.141Z</time></trkpt><trkpt lat="42.785068" lon="-7.559675"><ele>622.443</ele><time>2025-10-22T10:03:54Z</time></trkpt><trkpt lat="42.785097" lon="-7.559736"><ele>621.817</ele><time>2025-10-22T10:03:59.141Z</time></trkpt><trkpt lat="42.785122" lon="-7.559805"><ele>620.909</ele><time>2025-10-22T10:04:04.142Z</time></trkpt><trkpt lat="42.785141" lon="-7.559863"><ele>620.060</ele><time>2025-10-22T10:04:10.141Z</time></trkpt><trkpt lat="42.785187" lon="-7.559893"><ele>619.731</ele><time>2025-10-22T10:04:15.141Z</time></trkpt><trkpt lat="42.785229" lon="-7.559919"><ele>619.535</ele><time>2025-10-22T10:04:20.142Z</time></trkpt><trkpt lat="42.785274" lon="-7.559938"><ele>619.359</ele><time>2025-10-22T10:04:25.141Z</time></trkpt><trkpt lat="42.785314" lon="-7.559970"><ele>618.982</ele><time>2025-10-22T10:04:31.141Z</time></trkpt><trkpt lat="42.785350" lon="-7.560019"><ele>618.145</ele><time>2025-10-22T10:04:37.141Z</time></trkpt><trkpt lat="42.785386" lon="-7.560059"><ele>617.640</ele><time>2025-10-22T10:04:42.141Z</time></trkpt><trkpt lat="42.785426" lon="-7.560094"><ele>617.273</ele><time>2025-10-22T10:04:47.141Z</time></trkpt><trkpt lat="42.785463" lon="-7.560141"><ele>616.669</ele><time>2025-10-22T10:04:52.142Z</time></trkpt><trkpt lat="42.785498" lon="-7.560193"><ele>616.093</ele><time>2025-10-22T10:04:57.142Z</time></trkpt><trkpt lat="42.785532" lon="-7.560239"><ele>615.565</ele><time>2025-10-22T10:05:02.142Z</time></trkpt><trkpt lat="42.785570" lon="-7.560287"><ele>615.021</ele><time>2025-10-22T10:05:07.142Z</time></trkpt><trkpt lat="42.785615" lon="-7.560323"><ele>614.709</ele><time>2025-10-22T10:05:12.142Z</time></trkpt><trkpt lat="42.785637" lon="-7.560391"><ele>613.721</ele><time>2025-10-22T10:05:17.142Z</time></trkpt><trkpt lat="42.785681" lon="-7.560423"><ele>613.782</ele><time>2025-10-22T10:05:21.143Z</time></trkpt><trkpt lat="42.785725" lon="-7.560462"><ele>613.736</ele><time>2025-10-22T10:05:25.142Z</time></trkpt><trkpt lat="42.785758" lon="-7.560515"><ele>613.330</ele><time>2025-10-22T10:05:29.142Z</time></trkpt><trkpt lat="42.785797" lon="-7.560567"><ele>613.143</ele><time>2025-10-22T10:05:34.142Z</time></trkpt><trkpt lat="42.785835" lon="-7.560622"><ele>612.886</ele><time>2025-10-22T10:05:39.143Z</time></trkpt><trkpt lat="42.785877" lon="-7.560648"><ele>613.271</ele><time>2025-10-22T10:05:43.142Z</time></trkpt><trkpt lat="42.785916" lon="-7.560702"><ele>613.074</ele><time>2025-10-22T10:05:48.142Z</time></trkpt><trkpt lat="42.785962" lon="-7.560744"><ele>613.290</ele><time>2025-10-22T10:05:53.142Z</time></trkpt><trkpt lat="42.785998" lon="-7.560800"><ele>613.181</ele><time>2025-10-22T10:05:58.142Z</time></trkpt><trkpt lat="42.786027" lon="-7.560863"><ele>612.761</ele><time>2025-10-22T10:06:03.142Z</time></trkpt><trkpt lat="42.786058" lon="-7.560922"><ele>612.317</ele><time>2025-10-22T10:06:08.142Z</time></trkpt><trkpt lat="42.786083" lon="-7.560988"><ele>611.709</ele><time>2025-10-22T10:06:13.142Z</time></trkpt><trkpt lat="42.786092" lon="-7.561063"><ele>610.510</ele><time>2025-10-22T10:06:18.143Z</time></trkpt><trkpt lat="42.786099" lon="-7.561134"><ele>609.541</ele><time>2025-10-22T10:06:23.142Z</time></trkpt><trkpt lat="42.786099" lon="-7.561211"><ele>608.725</ele><time>2025-10-22T10:06:28.143Z</time></trkpt><trkpt lat="42.786095" lon="-7.561274"><ele>608.039</ele><time>2025-10-22T10:06:32.142Z</time></trkpt><trkpt lat="42.786089" lon="-7.561341"><ele>607.152</ele><time>2025-10-22T10:06:36.143Z</time></trkpt><trkpt lat="42.786092" lon="-7.561403"><ele>606.535</ele><time>2025-10-22T10:06:40.142Z</time></trkpt><trkpt lat="42.786103" lon="-7.561479"><ele>605.980</ele><time>2025-10-22T10:06:45.142Z</time></trkpt><trkpt lat="42.786114" lon="-7.561555"><ele>605.293</ele><time>2025-10-22T10:06:50.142Z</time></trkpt><trkpt lat="42.786128" lon="-7.561615"><ele>604.829</ele><time>2025-10-22T10:06:54.142Z</time></trkpt><trkpt lat="42.786149" lon="-7.561685"><ele>604.495</ele><time>2025-10-22T10:06:59.143Z</time></trkpt><trkpt lat="42.786171" lon="-7.561752"><ele>604.249</ele><time>2025-10-22T10:07:04.142Z</time></trkpt><trkpt lat="42.786174" lon="-7.561815"><ele>603.723</ele><time>2025-10-22T10:07:09.142Z</time></trkpt><trkpt lat="42.786209" lon="-7.561864"><ele>603.709</ele><time>2025-10-22T10:07:14.142Z</time></trkpt><trkpt lat="42.786243" lon="-7.561915"><ele>603.781</ele><time>2025-10-22T10:07:19.142Z</time></trkpt><trkpt lat="42.786263" lon="-7.561973"><ele>603.382</ele><time>2025-10-22T10:07:23.143Z</time></trkpt><trkpt lat="42.786279" lon="-7.562032"><ele>602.836</ele><time>2025-10-22T10:07:27.142Z</time></trkpt><trkpt lat="42.786297" lon="-7.562097"><ele>602.210</ele><time>2025-10-22T10:07:32.142Z</time></trkpt><trkpt lat="42.786309" lon="-7.562165"><ele>601.453</ele><time>2025-10-22T10:07:37Z</time></trkpt><trkpt lat="42.786323" lon="-7.562231"><ele>600.616</ele><time>2025-10-22T10:07:42.142Z</time></trkpt><trkpt lat="42.786356" lon="-7.562278"><ele>600.111</ele><time>2025-10-22T10:07:48Z</time></trkpt><trkpt lat="42.786350" lon="-7.562345"><ele>599.274</ele><time>2025-10-22T10:07:52.142Z</time></trkpt><trkpt lat="42.786402" lon="-7.562335"><ele>599.420</ele><time>2025-10-22T10:07:57Z</time></trkpt><trkpt lat="42.786446" lon="-7.562365"><ele>598.949</ele><time>2025-10-22T10:08:03.142Z</time></trkpt><trkpt lat="42.786483" lon="-7.562410"><ele>598.302</ele><time>2025-10-22T10:08:09.143Z</time></trkpt><trkpt lat="42.786522" lon="-7.562446"><ele>597.822</ele><time>2025-10-22T10:08:14.143Z</time></trkpt><trkpt lat="42.786538" lon="-7.562504"><ele>596.909</ele><time>2025-10-22T10:08:19.143Z</time></trkpt><trkpt lat="42.786577" lon="-7.562535"><ele>596.416</ele><time>2025-10-22T10:08:24.142Z</time></trkpt><trkpt lat="42.786614" lon="-7.562575"><ele>595.767</ele><time>2025-10-22T10:08:29.142Z</time></trkpt><trkpt lat="42.786654" lon="-7.562619"><ele>594.921</ele><time>2025-10-22T10:08:35.142Z</time></trkpt><trkpt lat="42.786684" lon="-7.562670"><ele>593.965</ele><time>2025-10-22T10:08:40.142Z</time></trkpt><trkpt lat="42.786724" lon="-7.562717"><ele>593.118</ele><time>2025-10-22T10:08:45.143Z</time></trkpt><trkpt lat="42.786758" lon="-7.562770"><ele>592.161</ele><time>2025-10-22T10:08:50.142Z</time></trkpt><trkpt lat="42.786803" lon="-7.562798"><ele>591.676</ele><time>2025-10-22T10:08:55.142Z</time></trkpt><trkpt lat="42.786848" lon="-7.562816"><ele>591.239</ele><time>2025-10-22T10:09:00.142Z</time></trkpt><trkpt lat="42.786893" lon="-7.562788"><ele>591.865</ele><time>2025-10-22T10:09:06Z</time></trkpt><trkpt lat="42.786941" lon="-7.562802"><ele>591.555</ele><time>2025-10-22T10:09:12.142Z</time></trkpt><trkpt lat="42.786975" lon="-7.562851"><ele>590.307</ele><time>2025-10-22T10:09:19.142Z</time></trkpt><trkpt lat="42.786989" lon="-7.562911"><ele>589.017</ele><time>2025-10-22T10:09:24.143Z</time></trkpt><trkpt lat="42.786973" lon="-7.562969"><ele>587.809</ele><time>2025-10-22T10:10:20.143Z</time></trkpt><trkpt lat="42.786981" lon="-7.563032"><ele>586.517</ele><time>2025-10-22T10:10:26.142Z</time></trkpt><trkpt lat="42.787004" lon="-7.563094"><ele>585.368</ele><time>2025-10-22T10:10:32.142Z</time></trkpt><trkpt lat="42.787010" lon="-7.563159"><ele>584.282</ele><time>2025-10-22T10:10:38.142Z</time></trkpt><trkpt lat="42.786998" lon="-7.563229"><ele>583.056</ele><time>2025-10-22T10:10:47.142Z</time></trkpt><trkpt lat="42.786983" lon="-7.563289"><ele>581.929</ele><time>2025-10-22T10:10:53.142Z</time></trkpt><trkpt lat="42.786971" lon="-7.563360"><ele>581.152</ele><time>2025-10-22T10:10:59.142Z</time></trkpt><trkpt lat="42.786984" lon="-7.563426"><ele>581.127</ele><time>2025-10-22T10:11:05.143Z</time></trkpt><trkpt lat="42.786995" lon="-7.563492"><ele>581.270</ele><time>2025-10-22T10:11:10.142Z</time></trkpt><trkpt lat="42.787017" lon="-7.563561"><ele>581.386</ele><time>2025-10-22T10:11:15.142Z</time></trkpt><trkpt lat="42.787041" lon="-7.563626"><ele>581.226</ele><time>2025-10-22T10:11:19.142Z</time></trkpt><trkpt lat="42.787078" lon="-7.563675"><ele>581.047</ele><time>2025-10-22T10:11:23.142Z</time></trkpt><trkpt lat="42.787113" lon="-7.563723"><ele>580.811</ele><time>2025-10-22T10:11:27.142Z</time></trkpt><trkpt lat="42.787145" lon="-7.563781"><ele>580.509</ele><time>2025-10-22T10:11:32.142Z</time></trkpt><trkpt lat="42.787185" lon="-7.563822"><ele>580.394</ele><time>2025-10-22T10:11:36.142Z</time></trkpt><trkpt lat="42.787208" lon="-7.563886"><ele>580.095</ele><time>2025-10-22T10:11:40.143Z</time></trkpt><trkpt lat="42.787227" lon="-7.563945"><ele>579.269</ele><time>2025-10-22T10:11:44.142Z</time></trkpt><trkpt lat="42.787259" lon="-7.564007"><ele>578.623</ele><time>2025-10-22T10:11:49.142Z</time></trkpt><trkpt lat="42.787294" lon="-7.564056"><ele>578.196</ele><time>2025-10-22T10:11:54.142Z</time></trkpt><trkpt lat="42.787320" lon="-7.564116"><ele>577.449</ele><time>2025-10-22T10:11:59.143Z</time></trkpt><trkpt lat="42.787348" lon="-7.564177"><ele>576.784</ele><time>2025-10-22T10:12:04.143Z</time></trkpt><trkpt lat="42.787360" lon="-7.564240"><ele>575.767</ele><time>2025-10-22T10:12:18.142Z</time></trkpt><trkpt lat="42.787399" lon="-7.564275"><ele>575.253</ele><time>2025-10-22T10:12:30.142Z</time></trkpt><trkpt lat="42.787415" lon="-7.564335"><ele>574.165</ele><time>2025-10-22T10:12:37.142Z</time></trkpt><trkpt lat="42.787436" lon="-7.564397"><ele>572.968</ele><time>2025-10-22T10:12:42.143Z</time></trkpt><trkpt lat="42.787451" lon="-7.564455"><ele>571.914</ele><time>2025-10-22T10:12:46.142Z</time></trkpt><trkpt lat="42.787463" lon="-7.564515"><ele>571.209</ele><time>2025-10-22T10:12:50.143Z</time></trkpt><trkpt lat="42.787472" lon="-7.564579"><ele>570.598</ele><time>2025-10-22T10:12:55.143Z</time></trkpt><trkpt lat="42.787487" lon="-7.564640"><ele>569.949</ele><time>2025-10-22T10:12:59.143Z</time></trkpt><trkpt lat="42.787503" lon="-7.564701"><ele>569.363</ele><time>2025-10-22T10:13:03.142Z</time></trkpt><trkpt lat="42.787526" lon="-7.564758"><ele>568.867</ele><time>2025-10-22T10:13:08.142Z</time></trkpt><trkpt lat="42.787544" lon="-7.564823"><ele>568.230</ele><time>2025-10-22T10:13:13.142Z</time></trkpt><trkpt lat="42.787563" lon="-7.564885"><ele>567.783</ele><time>2025-10-22T10:13:18.142Z</time></trkpt><trkpt lat="42.787579" lon="-7.564957"><ele>567.018</ele><time>2025-10-22T10:13:23.142Z</time></trkpt><trkpt lat="42.787600" lon="-7.565025"><ele>566.521</ele><time>2025-10-22T10:13:28.143Z</time></trkpt><trkpt lat="42.787623" lon="-7.565093"><ele>566.197</ele><time>2025-10-22T10:13:33.143Z</time></trkpt><trkpt lat="42.787648" lon="-7.565157"><ele>565.638</ele><time>2025-10-22T10:13:38.142Z</time></trkpt><trkpt lat="42.787670" lon="-7.565227"><ele>565.170</ele><time>2025-10-22T10:13:43.143Z</time></trkpt><trkpt lat="42.787693" lon="-7.565281"><ele>564.717</ele><time>2025-10-22T10:13:47.143Z</time></trkpt><trkpt lat="42.787720" lon="-7.565343"><ele>564.609</ele><time>2025-10-22T10:13:52.142Z</time></trkpt><trkpt lat="42.787744" lon="-7.565410"><ele>564.495</ele><time>2025-10-22T10:13:57.142Z</time></trkpt><trkpt lat="42.787777" lon="-7.565459"><ele>564.316</ele><time>2025-10-22T10:14:01.142Z</time></trkpt><trkpt lat="42.787807" lon="-7.565515"><ele>564.650</ele><time>2025-10-22T10:14:05.142Z</time></trkpt><trkpt lat="42.787839" lon="-7.565571"><ele>564.874</ele><time>2025-10-22T10:14:09.142Z</time></trkpt><trkpt lat="42.787872" lon="-7.565621"><ele>565.057</ele><time>2025-10-22T10:14:13.142Z</time></trkpt><trkpt lat="42.787905" lon="-7.565667"><ele>565.260</ele><time>2025-10-22T10:14:17.143Z</time></trkpt><trkpt lat="42.787937" lon="-7.565712"><ele>565.445</ele><time>2025-10-22T10:14:21.142Z</time></trkpt><trkpt lat="42.787960" lon="-7.565768"><ele>565.438</ele><time>2025-10-22T10:14:25.142Z</time></trkpt><trkpt lat="42.787987" lon="-7.565826"><ele>565.314</ele><time>2025-10-22T10:14:41.142Z</time></trkpt><trkpt lat="42.787979" lon="-7.565888"><ele>564.825</ele><time>2025-10-22T10:14:55.143Z</time></trkpt><trkpt lat="42.787988" lon="-7.565962"><ele>564.326</ele><time>2025-10-22T10:15:00.142Z</time></trkpt><trkpt lat="42.788004" lon="-7.566022"><ele>564.108</ele><time>2025-10-22T10:15:04.143Z</time></trkpt><trkpt lat="42.788018" lon="-7.566086"><ele>563.809</ele><time>2025-10-22T10:15:08.142Z</time></trkpt><trkpt lat="42.788038" lon="-7.566151"><ele>563.294</ele><time>2025-10-22T10:15:12.142Z</time></trkpt><trkpt lat="42.788058" lon="-7.566211"><ele>562.685</ele><time>2025-10-22T10:15:16.142Z</time></trkpt><trkpt lat="42.788070" lon="-7.566270"><ele>562.079</ele><time>2025-10-22T10:15:20.142Z</time></trkpt><trkpt lat="42.788085" lon="-7.566332"><ele>561.363</ele><time>2025-10-22T10:15:24.142Z</time></trkpt><trkpt lat="42.788099" lon="-7.566400"><ele>560.756</ele><time>2025-10-22T10:15:28.142Z</time></trkpt><trkpt lat="42.788114" lon="-7.566468"><ele>560.469</ele><time>2025-10-22T10:15:32.143Z</time></trkpt><trkpt lat="42.788134" lon="-7.566534"><ele>560.254</ele><time>2025-10-22T10:15:36.142Z</time></trkpt><trkpt lat="42.788156" lon="-7.566592"><ele>560.197</ele><time>2025-10-22T10:15:40.142Z</time></trkpt><trkpt lat="42.788184" lon="-7.566653"><ele>560.033</ele><time>2025-10-22T10:15:44.142Z</time></trkpt><trkpt lat="42.788219" lon="-7.566701"><ele>560.199</ele><time>2025-10-22T10:15:48.142Z</time></trkpt><trkpt lat="42.788260" lon="-7.566749"><ele>560.307</ele><time>2025-10-22T10:15:53.142Z</time></trkpt><trkpt lat="42.788306" lon="-7.566796"><ele>560.327</ele><time>2025-10-22T10:15:58.142Z</time></trkpt><trkpt lat="42.788345" lon="-7.566835"><ele>560.209</ele><time>2025-10-22T10:16:02.142Z</time></trkpt><trkpt lat="42.788380" lon="-7.566880"><ele>560.041</ele><time>2025-10-22T10:16:06.142Z</time></trkpt><trkpt lat="42.788412" lon="-7.566930"><ele>559.712</ele><time>2025-10-22T10:16:10.143Z</time></trkpt><trkpt lat="42.788445" lon="-7.566976"><ele>559.726</ele><time>2025-10-22T10:16:14.143Z</time></trkpt><trkpt lat="42.788480" lon="-7.567016"><ele>559.830</ele><time>2025-10-22T10:16:24.142Z</time></trkpt><trkpt lat="42.788507" lon="-7.567072"><ele>559.813</ele><time>2025-10-22T10:16:32.143Z</time></trkpt><trkpt lat="42.788517" lon="-7.567142"><ele>559.626</ele><time>2025-10-22T10:16:36.142Z</time></trkpt><trkpt lat="42.788517" lon="-7.567215"><ele>559.351</ele><time>2025-10-22T10:16:40Z</time></trkpt><trkpt lat="42.788519" lon="-7.567279"><ele>558.974</ele><time>2025-10-22T10:16:44.143Z</time></trkpt><trkpt lat="42.788515" lon="-7.567342"><ele>558.450</ele><time>2025-10-22T10:16:49.142Z</time></trkpt><trkpt lat="42.788520" lon="-7.567408"><ele>558.012</ele><time>2025-10-22T10:16:54.142Z</time></trkpt><trkpt lat="42.788515" lon="-7.567479"><ele>557.532</ele><time>2025-10-22T10:16:58.142Z</time></trkpt><trkpt lat="42.788506" lon="-7.567541"><ele>556.805</ele><time>2025-10-22T10:17:02.143Z</time></trkpt><trkpt lat="42.788520" lon="-7.567603"><ele>556.209</ele><time>2025-10-22T10:17:07.142Z</time></trkpt><trkpt lat="42.788552" lon="-7.567658"><ele>555.933</ele><time>2025-10-22T10:17:12.143Z</time></trkpt><trkpt lat="42.788587" lon="-7.567707"><ele>555.614</ele><time>2025-10-22T10:17:16.142Z</time></trkpt><trkpt lat="42.788620" lon="-7.567751"><ele>555.498</ele><time>2025-10-22T10:17:20.142Z</time></trkpt><trkpt lat="42.788654" lon="-7.567810"><ele>555.222</ele><time>2025-10-22T10:17:25.142Z</time></trkpt><trkpt lat="42.788668" lon="-7.567880"><ele>554.925</ele><time>2025-10-22T10:17:29.142Z</time></trkpt><trkpt lat="42.788714" lon="-7.567894"><ele>555.398</ele><time>2025-10-22T10:17:35.142Z</time></trkpt><trkpt lat="42.788737" lon="-7.567949"><ele>555.133</ele><time>2025-10-22T10:17:40.142Z</time></trkpt><trkpt lat="42.788742" lon="-7.568014"><ele>554.756</ele><time>2025-10-22T10:17:44.143Z</time></trkpt><trkpt lat="42.788751" lon="-7.568084"><ele>554.382</ele><time>2025-10-22T10:17:49.142Z</time></trkpt><trkpt lat="42.788750" lon="-7.568157"><ele>553.871</ele><time>2025-10-22T10:18:04.142Z</time></trkpt><trkpt lat="42.788740" lon="-7.568221"><ele>553.241</ele><time>2025-10-22T10:18:08.142Z</time></trkpt><trkpt lat="42.788727" lon="-7.568289"><ele>552.415</ele><time>2025-10-22T10:18:12.142Z</time></trkpt><trkpt lat="42.788718" lon="-7.568353"><ele>551.709</ele><time>2025-10-22T10:18:16.142Z</time></trkpt><trkpt lat="42.788707" lon="-7.568413"><ele>550.759</ele><time>2025-10-22T10:18:20.142Z</time></trkpt><trkpt lat="42.788694" lon="-7.568483"><ele>549.620</ele><time>2025-10-22T10:18:25.142Z</time></trkpt><trkpt lat="42.788674" lon="-7.568553"><ele>548.424</ele><time>2025-10-22T10:18:30.142Z</time></trkpt><trkpt lat="42.788650" lon="-7.568612"><ele>547.488</ele><time>2025-10-22T10:18:35.142Z</time></trkpt><trkpt lat="42.788677" lon="-7.568679"><ele>547.021</ele><time>2025-10-22T10:18:41.143Z</time></trkpt><trkpt lat="42.788700" lon="-7.568734"><ele>546.634</ele><time>2025-10-22T10:18:45.142Z</time></trkpt><trkpt lat="42.788726" lon="-7.568797"><ele>546.219</ele><time>2025-10-22T10:18:49.142Z</time></trkpt><trkpt lat="42.788772" lon="-7.568809"><ele>546.612</ele><time>2025-10-22T10:18:53.143Z</time></trkpt><trkpt lat="42.788774" lon="-7.568875"><ele>545.968</ele><time>2025-10-22T10:19:01.143Z</time></trkpt><trkpt lat="42.788780" lon="-7.568944"><ele>545.068</ele><time>2025-10-22T10:19:05.142Z</time></trkpt><trkpt lat="42.788784" lon="-7.569019"><ele>543.942</ele><time>2025-10-22T10:19:09.142Z</time></trkpt><trkpt lat="42.788795" lon="-7.569089"><ele>542.926</ele><time>2025-10-22T10:19:13.142Z</time></trkpt><trkpt lat="42.788809" lon="-7.569154"><ele>541.909</ele><time>2025-10-22T10:19:17.142Z</time></trkpt><trkpt lat="42.788822" lon="-7.569226"><ele>541.358</ele><time>2025-10-22T10:19:21Z</time></trkpt><trkpt lat="42.788837" lon="-7.569296"><ele>540.829</ele><time>2025-10-22T10:19:25.142Z</time></trkpt><trkpt lat="42.788861" lon="-7.569355"><ele>540.563</ele><time>2025-10-22T10:19:29.142Z</time></trkpt><trkpt lat="42.788871" lon="-7.569416"><ele>540.127</ele><time>2025-10-22T10:19:34.142Z</time></trkpt><trkpt lat="42.788893" lon="-7.569477"><ele>539.850</ele><time>2025-10-22T10:19:40.143Z</time></trkpt><trkpt lat="42.788921" lon="-7.569525"><ele>539.493</ele><time>2025-10-22T10:19:45.142Z</time></trkpt><trkpt lat="42.788951" lon="-7.569586"><ele>539.098</ele><time>2025-10-22T10:19:50.142Z</time></trkpt><trkpt lat="42.788983" lon="-7.569635"><ele>538.681</ele><time>2025-10-22T10:19:55.142Z</time></trkpt><trkpt lat="42.789021" lon="-7.569679"><ele>538.387</ele><time>2025-10-22T10:20:00.142Z</time></trkpt><trkpt lat="42.789043" lon="-7.569738"><ele>537.956</ele><time>2025-10-22T10:20:07.142Z</time></trkpt><trkpt lat="42.789071" lon="-7.569796"><ele>537.759</ele><time>2025-10-22T10:20:12.143Z</time></trkpt><trkpt lat="42.789102" lon="-7.569858"><ele>537.514</ele><time>2025-10-22T10:20:17.143Z</time></trkpt><trkpt lat="42.789126" lon="-7.569919"><ele>537.309</ele><time>2025-10-22T10:20:22.142Z</time></trkpt><trkpt lat="42.789150" lon="-7.569980"><ele>537.147</ele><time>2025-10-22T10:20:27.142Z</time></trkpt><trkpt lat="42.789174" lon="-7.570045"><ele>537.068</ele><time>2025-10-22T10:20:32.142Z</time></trkpt><trkpt lat="42.789197" lon="-7.570103"><ele>537.032</ele><time>2025-10-22T10:20:37.142Z</time></trkpt><trkpt lat="42.789221" lon="-7.570159"><ele>537.076</ele><time>2025-10-22T10:20:42.143Z</time></trkpt><trkpt lat="42.789248" lon="-7.570222"><ele>537.069</ele><time>2025-10-22T10:20:47.142Z</time></trkpt><trkpt lat="42.789276" lon="-7.570285"><ele>537.022</ele><time>2025-10-22T10:20:52.142Z</time></trkpt><trkpt lat="42.789305" lon="-7.570345"><ele>536.827</ele><time>2025-10-22T10:20:57.142Z</time></trkpt><trkpt lat="42.789342" lon="-7.570399"><ele>536.620</ele><time>2025-10-22T10:21:02.143Z</time></trkpt><trkpt lat="42.789371" lon="-7.570448"><ele>536.476</ele><time>2025-10-22T10:21:06.142Z</time></trkpt><trkpt lat="42.789407" lon="-7.570508"><ele>536.296</ele><time>2025-10-22T10:21:11.142Z</time></trkpt><trkpt lat="42.789434" lon="-7.570559"><ele>536.031</ele><time>2025-10-22T10:21:15Z</time></trkpt><trkpt lat="42.789477" lon="-7.570577"><ele>535.924</ele><time>2025-10-22T10:21:21.142Z</time></trkpt><trkpt lat="42.789503" lon="-7.570643"><ele>535.709</ele><time>2025-10-22T10:21:27Z</time></trkpt><trkpt lat="42.789525" lon="-7.570697"><ele>535.581</ele><time>2025-10-22T10:21:32.142Z</time></trkpt><trkpt lat="42.789551" lon="-7.570758"><ele>535.352</ele><time>2025-10-22T10:21:38.143Z</time></trkpt><trkpt lat="42.789587" lon="-7.570805"><ele>535.146</ele><time>2025-10-22T10:21:43.142Z</time></trkpt><trkpt lat="42.789626" lon="-7.570846"><ele>534.990</ele><time>2025-10-22T10:21:48.142Z</time></trkpt><trkpt lat="42.789675" lon="-7.570870"><ele>534.743</ele><time>2025-10-22T10:21:53.143Z</time></trkpt><trkpt lat="42.789721" lon="-7.570906"><ele>534.556</ele><time>2025-10-22T10:21:58.142Z</time></trkpt><trkpt lat="42.789767" lon="-7.570950"><ele>534.131</ele><time>2025-10-22T10:22:03.142Z</time></trkpt><trkpt lat="42.789818" lon="-7.570979"><ele>533.894</ele><time>2025-10-22T10:22:18.143Z</time></trkpt><trkpt lat="42.789855" lon="-7.571026"><ele>533.580</ele><time>2025-10-22T10:22:23.142Z</time></trkpt><trkpt lat="42.789893" lon="-7.571073"><ele>533.248</ele><time>2025-10-22T10:22:28.142Z</time></trkpt><trkpt lat="42.789933" lon="-7.571125"><ele>533.061</ele><time>2025-10-22T10:22:33.143Z</time></trkpt><trkpt lat="42.789969" lon="-7.571170"><ele>532.817</ele><time>2025-10-22T10:22:38.142Z</time></trkpt><trkpt lat="42.790007" lon="-7.571218"><ele>532.609</ele><time>2025-10-22T10:22:43.142Z</time></trkpt><trkpt lat="42.790048" lon="-7.571265"><ele>532.546</ele><time>2025-10-22T10:22:48.143Z</time></trkpt><trkpt lat="42.790090" lon="-7.571312"><ele>532.537</ele><time>2025-10-22T10:22:53.143Z</time></trkpt><trkpt lat="42.790136" lon="-7.571353"><ele>532.671</ele><time>2025-10-22T10:22:58.143Z</time></trkpt><trkpt lat="42.790173" lon="-7.571405"><ele>532.615</ele><time>2025-10-22T10:23:03.142Z</time></trkpt><trkpt lat="42.790213" lon="-7.571448"><ele>532.698</ele><time>2025-10-22T10:23:17.142Z</time></trkpt><trkpt lat="42.790257" lon="-7.571483"><ele>532.641</ele><time>2025-10-22T10:23:21Z</time></trkpt><trkpt lat="42.790302" lon="-7.571520"><ele>532.756</ele><time>2025-10-22T10:23:25.143Z</time></trkpt><trkpt lat="42.790339" lon="-7.571558"><ele>532.819</ele><time>2025-10-22T10:23:29.142Z</time></trkpt><trkpt lat="42.790381" lon="-7.571607"><ele>533.095</ele><time>2025-10-22T10:23:34.142Z</time></trkpt><trkpt lat="42.790422" lon="-7.571652"><ele>533.115</ele><time>2025-10-22T10:23:39.142Z</time></trkpt><trkpt lat="42.790458" lon="-7.571703"><ele>533.365</ele><time>2025-10-22T10:23:44.143Z</time></trkpt><trkpt lat="42.790492" lon="-7.571749"><ele>533.511</ele><time>2025-10-22T10:23:48.142Z</time></trkpt><trkpt lat="42.790523" lon="-7.571796"><ele>533.809</ele><time>2025-10-22T10:23:52.142Z</time></trkpt><trkpt lat="42.790556" lon="-7.571839"><ele>534.073</ele><time>2025-10-22T10:23:56.142Z</time></trkpt><trkpt lat="42.790581" lon="-7.571892"><ele>534.174</ele><time>2025-10-22T10:24:01.142Z</time></trkpt><trkpt lat="42.790617" lon="-7.571944"><ele>534.238</ele><time>2025-10-22T10:24:13.142Z</time></trkpt><trkpt lat="42.790654" lon="-7.571989"><ele>534.392</ele><time>2025-10-22T10:24:18.142Z</time></trkpt><trkpt lat="42.790693" lon="-7.572036"><ele>534.365</ele><time>2025-10-22T10:24:23.142Z</time></trkpt><trkpt lat="42.790722" lon="-7.572086"><ele>534.378</ele><time>2025-10-22T10:24:30.142Z</time></trkpt><trkpt lat="42.790746" lon="-7.572145"><ele>534.243</ele><time>2025-10-22T10:24:50.143Z</time></trkpt><trkpt lat="42.790770" lon="-7.572210"><ele>534.056</ele><time>2025-10-22T10:24:55.142Z</time></trkpt><trkpt lat="42.790811" lon="-7.572239"><ele>533.992</ele><time>2025-10-22T10:25:01.142Z</time></trkpt><trkpt lat="42.790785" lon="-7.572292"><ele>533.725</ele><time>2025-10-22T10:25:33.142Z</time></trkpt><trkpt lat="42.790818" lon="-7.572243"><ele>533.926</ele><time>2025-10-22T10:28:05.142Z</time></trkpt><trkpt lat="42.790829" lon="-7.572306"><ele>533.708</ele><time>2025-10-22T10:28:18.142Z</time></trkpt><trkpt lat="42.790836" lon="-7.572371"><ele>533.509</ele><time>2025-10-22T10:28:51.142Z</time></trkpt><trkpt lat="42.790868" lon="-7.572432"><ele>533.524</ele><time>2025-10-22T10:29:02.142Z</time></trkpt><trkpt lat="42.790883" lon="-7.572500"><ele>533.425</ele><time>2025-10-22T10:29:06.142Z</time></trkpt><trkpt lat="42.790897" lon="-7.572563"><ele>533.799</ele><time>2025-10-22T10:29:10.142Z</time></trkpt><trkpt lat="42.790911" lon="-7.572628"><ele>534.083</ele><time>2025-10-22T10:29:14.143Z</time></trkpt><trkpt lat="42.790920" lon="-7.572697"><ele>534.396</ele><time>2025-10-22T10:29:18.142Z</time></trkpt><trkpt lat="42.790928" lon="-7.572761"><ele>534.629</ele><time>2025-10-22T10:29:22.142Z</time></trkpt><trkpt lat="42.790937" lon="-7.572826"><ele>535.274</ele><time>2025-10-22T10:29:26.142Z</time></trkpt><trkpt lat="42.790938" lon="-7.572898"><ele>535.857</ele><time>2025-10-22T10:29:30.142Z</time></trkpt><trkpt lat="42.790937" lon="-7.572968"><ele>536.493</ele><time>2025-10-22T10:29:34.142Z</time></trkpt><trkpt lat="42.790934" lon="-7.573033"><ele>536.941</ele><time>2025-10-22T10:29:38.143Z</time></trkpt><trkpt lat="42.790937" lon="-7.573099"><ele>537.481</ele><time>2025-10-22T10:29:42.142Z</time></trkpt><trkpt lat="42.790933" lon="-7.573160"><ele>537.809</ele><time>2025-10-22T10:29:46.142Z</time></trkpt><trkpt lat="42.790939" lon="-7.573232"><ele>538.409</ele><time>2025-10-22T10:29:51.142Z</time></trkpt><trkpt lat="42.790946" lon="-7.573294"><ele>538.986</ele><time>2025-10-22T10:29:55.142Z</time></trkpt><trkpt lat="42.790952" lon="-7.573363"><ele>539.517</ele><time>2025-10-22T10:30:00.142Z</time></trkpt><trkpt lat="42.790951" lon="-7.573427"><ele>539.931</ele><time>2025-10-22T10:30:05.142Z</time></trkpt><trkpt lat="42.790957" lon="-7.573492"><ele>540.545</ele><time>2025-10-22T10:30:11.142Z</time></trkpt><trkpt lat="42.790960" lon="-7.573561"><ele>541.078</ele><time>2025-10-22T10:30:18.142Z</time></trkpt><trkpt lat="42.790959" lon="-7.573626"><ele>541.411</ele><time>2025-10-22T10:30:25.142Z</time></trkpt><trkpt lat="42.790971" lon="-7.573690"><ele>541.996</ele><time>2025-10-22T10:30:31.142Z</time></trkpt><trkpt lat="42.790977" lon="-7.573761"><ele>542.449</ele><time>2025-10-22T10:30:37.142Z</time></trkpt><trkpt lat="42.790972" lon="-7.573829"><ele>542.785</ele><time>2025-10-22T10:30:43.143Z</time></trkpt><trkpt lat="42.790972" lon="-7.573898"><ele>543.111</ele><time>2025-10-22T10:30:50.142Z</time></trkpt><trkpt lat="42.790964" lon="-7.573973"><ele>543.521</ele><time>2025-10-22T10:30:55.142Z</time></trkpt><trkpt lat="42.790949" lon="-7.574040"><ele>543.803</ele><time>2025-10-22T10:31:00.142Z</time></trkpt><trkpt lat="42.790936" lon="-7.574111"><ele>544.109</ele><time>2025-10-22T10:31:05.142Z</time></trkpt><trkpt lat="42.790925" lon="-7.574171"><ele>544.363</ele><time>2025-10-22T10:31:09.142Z</time></trkpt><trkpt lat="42.790917" lon="-7.574246"><ele>544.434</ele><time>2025-10-22T10:31:14.142Z</time></trkpt><trkpt lat="42.790911" lon="-7.574315"><ele>544.558</ele><time>2025-10-22T10:31:19.142Z</time></trkpt><trkpt lat="42.790905" lon="-7.574379"><ele>544.632</ele><time>2025-10-22T10:31:24.142Z</time></trkpt><trkpt lat="42.790900" lon="-7.574450"><ele>544.745</ele><time>2025-10-22T10:31:29.142Z</time></trkpt><trkpt lat="42.790889" lon="-7.574520"><ele>544.978</ele><time>2025-10-22T10:31:34.142Z</time></trkpt><trkpt lat="42.790877" lon="-7.574589"><ele>545.043</ele><time>2025-10-22T10:31:39.142Z</time></trkpt><trkpt lat="42.790873" lon="-7.574658"><ele>545.236</ele><time>2025-10-22T10:31:44.142Z</time></trkpt><trkpt lat="42.790885" lon="-7.574728"><ele>545.672</ele><time>2025-10-22T10:31:49.142Z</time></trkpt><trkpt lat="42.790897" lon="-7.574792"><ele>546.083</ele><time>2025-10-22T10:31:54.142Z</time></trkpt><trkpt lat="42.790902" lon="-7.574862"><ele>546.425</ele><time>2025-10-22T10:31:59.142Z</time></trkpt><trkpt lat="42.790909" lon="-7.574929"><ele>546.817</ele><time>2025-10-22T10:32:04.142Z</time></trkpt><trkpt lat="42.790915" lon="-7.574992"><ele>547.109</ele><time>2025-10-22T10:32:08.143Z</time></trkpt><trkpt lat="42.790926" lon="-7.575065"><ele>547.730</ele><time>2025-10-22T10:32:13.142Z</time></trkpt><trkpt lat="42.790942" lon="-7.575127"><ele>548.381</ele><time>2025-10-22T10:32:18.143Z</time></trkpt><trkpt lat="42.790958" lon="-7.575195"><ele>548.985</ele><time>2025-10-22T10:32:23.142Z</time></trkpt><trkpt lat="42.790974" lon="-7.575265"><ele>549.599</ele><time>2025-10-22T10:32:28.142Z</time></trkpt><trkpt lat="42.790978" lon="-7.575331"><ele>549.792</ele><time>2025-10-22T10:32:33.142Z</time></trkpt><trkpt lat="42.790989" lon="-7.575400"><ele>549.925</ele><time>2025-10-22T10:32:38.142Z</time></trkpt><trkpt lat="42.790987" lon="-7.575468"><ele>550.010</ele><time>2025-10-22T10:32:43.142Z</time></trkpt><trkpt lat="42.791006" lon="-7.575526"><ele>550.453</ele><time>2025-10-22T10:32:47.142Z</time></trkpt><trkpt lat="42.791014" lon="-7.575587"><ele>550.759</ele><time>2025-10-22T10:32:51.142Z</time></trkpt><trkpt lat="42.791018" lon="-7.575648"><ele>551.115</ele><time>2025-10-22T10:32:55.143Z</time></trkpt><trkpt lat="42.791027" lon="-7.575719"><ele>551.665</ele><time>2025-10-22T10:33:00.144Z</time></trkpt><trkpt lat="42.791030" lon="-7.575790"><ele>552.011</ele><time>2025-10-22T10:33:05.143Z</time></trkpt><trkpt lat="42.791030" lon="-7.575863"><ele>552.409</ele><time>2025-10-22T10:33:10.144Z</time></trkpt><trkpt lat="42.791034" lon="-7.575932"><ele>552.783</ele><time>2025-10-22T10:33:15.144Z</time></trkpt><trkpt lat="42.791034" lon="-7.576004"><ele>552.984</ele><time>2025-10-22T10:33:20.143Z</time></trkpt><trkpt lat="42.791031" lon="-7.576072"><ele>553.188</ele><time>2025-10-22T10:33:25.143Z</time></trkpt><trkpt lat="42.791030" lon="-7.576142"><ele>553.332</ele><time>2025-10-22T10:33:30.143Z</time></trkpt><trkpt lat="42.791033" lon="-7.576217"><ele>553.495</ele><time>2025-10-22T10:33:35.143Z</time></trkpt><trkpt lat="42.791028" lon="-7.576278"><ele>553.478</ele><time>2025-10-22T10:33:39Z</time></trkpt><trkpt lat="42.791022" lon="-7.576348"><ele>553.323</ele><time>2025-10-22T10:33:44.143Z</time></trkpt><trkpt lat="42.791025" lon="-7.576418"><ele>553.696</ele><time>2025-10-22T10:33:49.143Z</time></trkpt><trkpt lat="42.791026" lon="-7.576484"><ele>553.972</ele><time>2025-10-22T10:33:53.143Z</time></trkpt><trkpt lat="42.791028" lon="-7.576547"><ele>554.233</ele><time>2025-10-22T10:33:57.143Z</time></trkpt><trkpt lat="42.791023" lon="-7.576620"><ele>554.523</ele><time>2025-10-22T10:34:02.143Z</time></trkpt><trkpt lat="42.791012" lon="-7.576697"><ele>554.815</ele><time>2025-10-22T10:34:07.143Z</time></trkpt><trkpt lat="42.791008" lon="-7.576763"><ele>555.109</ele><time>2025-10-22T10:34:11.143Z</time></trkpt><trkpt lat="42.791000" lon="-7.576824"><ele>555.325</ele><time>2025-10-22T10:34:15.143Z</time></trkpt><trkpt lat="42.790989" lon="-7.576897"><ele>555.556</ele><time>2025-10-22T10:34:20.143Z</time></trkpt><trkpt lat="42.790980" lon="-7.576962"><ele>555.730</ele><time>2025-10-22T10:34:24.143Z</time></trkpt><trkpt lat="42.790972" lon="-7.577031"><ele>555.824</ele><time>2025-10-22T10:34:29.143Z</time></trkpt><trkpt lat="42.790958" lon="-7.577093"><ele>555.857</ele><time>2025-10-22T10:34:33.143Z</time></trkpt><trkpt lat="42.790943" lon="-7.577166"><ele>555.880</ele><time>2025-10-22T10:34:38.143Z</time></trkpt><trkpt lat="42.790935" lon="-7.577226"><ele>555.875</ele><time>2025-10-22T10:34:42.144Z</time></trkpt><trkpt lat="42.790944" lon="-7.577291"><ele>556.128</ele><time>2025-10-22T10:34:48.143Z</time></trkpt><trkpt lat="42.790921" lon="-7.577360"><ele>555.794</ele><time>2025-10-22T10:34:53.144Z</time></trkpt><trkpt lat="42.790897" lon="-7.577425"><ele>555.351</ele><time>2025-10-22T10:34:58.143Z</time></trkpt><trkpt lat="42.790885" lon="-7.577486"><ele>555.101</ele><time>2025-10-22T10:35:02.143Z</time></trkpt><trkpt lat="42.790870" lon="-7.577551"><ele>554.911</ele><time>2025-10-22T10:35:06.144Z</time></trkpt><trkpt lat="42.790862" lon="-7.577612"><ele>554.909</ele><time>2025-10-22T10:35:10.143Z</time></trkpt><trkpt lat="42.790852" lon="-7.577673"><ele>554.967</ele><time>2025-10-22T10:35:14.144Z</time></trkpt><trkpt lat="42.790844" lon="-7.577733"><ele>555.078</ele><time>2025-10-22T10:35:18.144Z</time></trkpt><trkpt lat="42.790846" lon="-7.577804"><ele>555.092</ele><time>2025-10-22T10:35:24.143Z</time></trkpt><trkpt lat="42.790830" lon="-7.577867"><ele>554.366</ele><time>2025-10-22T10:35:29.143Z</time></trkpt><trkpt lat="42.790818" lon="-7.577934"><ele>553.419</ele><time>2025-10-22T10:35:34.143Z</time></trkpt><trkpt lat="42.790809" lon="-7.578004"><ele>552.742</ele><time>2025-10-22T10:35:39.144Z</time></trkpt><trkpt lat="42.790801" lon="-7.578070"><ele>552.117</ele><time>2025-10-22T10:35:44.143Z</time></trkpt><trkpt lat="42.790794" lon="-7.578140"><ele>551.420</ele><time>2025-10-22T10:35:49.143Z</time></trkpt><trkpt lat="42.790786" lon="-7.578203"><ele>550.866</ele><time>2025-10-22T10:35:53.143Z</time></trkpt><trkpt lat="42.790779" lon="-7.578279"><ele>550.215</ele><time>2025-10-22T10:35:58.143Z</time></trkpt><trkpt lat="42.790773" lon="-7.578345"><ele>549.765</ele><time>2025-10-22T10:36:02.143Z</time></trkpt><trkpt lat="42.790767" lon="-7.578410"><ele>549.611</ele><time>2025-10-22T10:36:06.143Z</time></trkpt><trkpt lat="42.790763" lon="-7.578474"><ele>549.609</ele><time>2025-10-22T10:36:10.143Z</time></trkpt><trkpt lat="42.790756" lon="-7.578538"><ele>549.533</ele><time>2025-10-22T10:36:14.143Z</time></trkpt><trkpt lat="42.790755" lon="-7.578604"><ele>549.684</ele><time>2025-10-22T10:36:18.144Z</time></trkpt><trkpt lat="42.790784" lon="-7.578652"><ele>550.328</ele><time>2025-10-22T10:36:23.144Z</time></trkpt><trkpt lat="42.790784" lon="-7.578720"><ele>550.692</ele><time>2025-10-22T10:36:28Z</time></trkpt><trkpt lat="42.790765" lon="-7.578779"><ele>550.515</ele><time>2025-10-22T10:36:33.143Z</time></trkpt><trkpt lat="42.790756" lon="-7.578853"><ele>550.798</ele><time>2025-10-22T10:36:38.143Z</time></trkpt><trkpt lat="42.790755" lon="-7.578917"><ele>550.933</ele><time>2025-10-22T10:36:42.143Z</time></trkpt><trkpt lat="42.790755" lon="-7.578982"><ele>551.176</ele><time>2025-10-22T10:36:46.143Z</time></trkpt><trkpt lat="42.790757" lon="-7.579047"><ele>551.312</ele><time>2025-10-22T10:36:50.144Z</time></trkpt><trkpt lat="42.790759" lon="-7.579109"><ele>551.599</ele><time>2025-10-22T10:36:54.143Z</time></trkpt><trkpt lat="42.790763" lon="-7.579173"><ele>551.807</ele><time>2025-10-22T10:36:58.143Z</time></trkpt><trkpt lat="42.790764" lon="-7.579241"><ele>552.127</ele><time>2025-10-22T10:37:02.143Z</time></trkpt><trkpt lat="42.790768" lon="-7.579306"><ele>552.409</ele><time>2025-10-22T10:37:06.143Z</time></trkpt><trkpt lat="42.790771" lon="-7.579376"><ele>552.811</ele><time>2025-10-22T10:37:10.143Z</time></trkpt><trkpt lat="42.790775" lon="-7.579444"><ele>553.282</ele><time>2025-10-22T10:37:14.143Z</time></trkpt><trkpt lat="42.790784" lon="-7.579512"><ele>553.326</ele><time>2025-10-22T10:37:18.144Z</time></trkpt><trkpt lat="42.790789" lon="-7.579577"><ele>553.470</ele><time>2025-10-22T10:37:22.143Z</time></trkpt><trkpt lat="42.790802" lon="-7.579636"><ele>553.633</ele><time>2025-10-22T10:37:26.144Z</time></trkpt><trkpt lat="42.790811" lon="-7.579712"><ele>553.886</ele><time>2025-10-22T10:37:31.143Z</time></trkpt><trkpt lat="42.790816" lon="-7.579780"><ele>554.071</ele><time>2025-10-22T10:37:35Z</time></trkpt><trkpt lat="42.790827" lon="-7.579840"><ele>554.464</ele><time>2025-10-22T10:37:39.143Z</time></trkpt><trkpt lat="42.790833" lon="-7.579901"><ele>554.690</ele><time>2025-10-22T10:37:43.143Z</time></trkpt><trkpt lat="42.790847" lon="-7.579974"><ele>554.919</ele><time>2025-10-22T10:37:48Z</time></trkpt><trkpt lat="42.790854" lon="-7.580038"><ele>554.909</ele><time>2025-10-22T10:37:52.143Z</time></trkpt><trkpt lat="42.790860" lon="-7.580101"><ele>554.719</ele><time>2025-10-22T10:37:56.143Z</time></trkpt><trkpt lat="42.790863" lon="-7.580165"><ele>554.509</ele><time>2025-10-22T10:38:00.143Z</time></trkpt><trkpt lat="42.790872" lon="-7.580231"><ele>554.383</ele><time>2025-10-22T10:38:05.143Z</time></trkpt><trkpt lat="42.790881" lon="-7.580293"><ele>554.154</ele><time>2025-10-22T10:38:09.144Z</time></trkpt><trkpt lat="42.790886" lon="-7.580355"><ele>553.948</ele><time>2025-10-22T10:38:13.143Z</time></trkpt><trkpt lat="42.790895" lon="-7.580422"><ele>553.712</ele><time>2025-10-22T10:38:17.143Z</time></trkpt><trkpt lat="42.790903" lon="-7.580484"><ele>553.555</ele><time>2025-10-22T10:38:21.143Z</time></trkpt><trkpt lat="42.790905" lon="-7.580548"><ele>553.318</ele><time>2025-10-22T10:38:25.143Z</time></trkpt><trkpt lat="42.790906" lon="-7.580612"><ele>553.113</ele><time>2025-10-22T10:38:29.143Z</time></trkpt><trkpt lat="42.790915" lon="-7.580673"><ele>552.936</ele><time>2025-10-22T10:38:33.143Z</time></trkpt><trkpt lat="42.790925" lon="-7.580735"><ele>552.792</ele><time>2025-10-22T10:38:37.143Z</time></trkpt><trkpt lat="42.790935" lon="-7.580797"><ele>552.533</ele><time>2025-10-22T10:38:41.143Z</time></trkpt><trkpt lat="42.790944" lon="-7.580860"><ele>552.423</ele><time>2025-10-22T10:38:45.144Z</time></trkpt><trkpt lat="42.790952" lon="-7.580926"><ele>552.315</ele><time>2025-10-22T10:38:49.143Z</time></trkpt><trkpt lat="42.790963" lon="-7.580997"><ele>552.209</ele><time>2025-10-22T10:38:54.143Z</time></trkpt><trkpt lat="42.790970" lon="-7.581070"><ele>552.165</ele><time>2025-10-22T10:38:59.143Z</time></trkpt><trkpt lat="42.790977" lon="-7.581146"><ele>551.836</ele><time>2025-10-22T10:39:04.144Z</time></trkpt><trkpt lat="42.790986" lon="-7.581213"><ele>551.580</ele><time>2025-10-22T10:39:08.143Z</time></trkpt><trkpt lat="42.790996" lon="-7.581280"><ele>551.194</ele><time>2025-10-22T10:39:12Z</time></trkpt><trkpt lat="42.791003" lon="-7.581346"><ele>550.847</ele><time>2025-10-22T10:39:16.143Z</time></trkpt><trkpt lat="42.791011" lon="-7.581407"><ele>550.560</ele><time>2025-10-22T10:39:20.143Z</time></trkpt><trkpt lat="42.791022" lon="-7.581477"><ele>550.195</ele><time>2025-10-22T10:39:25Z</time></trkpt><trkpt lat="42.791032" lon="-7.581549"><ele>549.788</ele><time>2025-10-22T10:39:30.143Z</time></trkpt><trkpt lat="42.791036" lon="-7.581621"><ele>549.384</ele><time>2025-10-22T10:39:35.143Z</time></trkpt><trkpt lat="42.791043" lon="-7.581692"><ele>548.943</ele><time>2025-10-22T10:39:40.143Z</time></trkpt><trkpt lat="42.791055" lon="-7.581764"><ele>548.764</ele><time>2025-10-22T10:39:45.143Z</time></trkpt><trkpt lat="42.791066" lon="-7.581837"><ele>548.410</ele><time>2025-10-22T10:39:50.144Z</time></trkpt><trkpt lat="42.791076" lon="-7.581910"><ele>548.109</ele><time>2025-10-22T10:39:55.143Z</time></trkpt><trkpt lat="42.791086" lon="-7.581975"><ele>547.826</ele><time>2025-10-22T10:40:00.143Z</time></trkpt><trkpt lat="42.791079" lon="-7.582048"><ele>547.377</ele><time>2025-10-22T10:40:05.144Z</time></trkpt><trkpt lat="42.791097" lon="-7.582117"><ele>546.841</ele><time>2025-10-22T10:40:09.143Z</time></trkpt><trkpt lat="42.791108" lon="-7.582178"><ele>546.375</ele><time>2025-10-22T10:40:13.143Z</time></trkpt><trkpt lat="42.791118" lon="-7.582252"><ele>546.058</ele><time>2025-10-22T10:40:18.143Z</time></trkpt><trkpt lat="42.791130" lon="-7.582314"><ele>545.941</ele><time>2025-10-22T10:40:22.143Z</time></trkpt><trkpt lat="42.791138" lon="-7.582379"><ele>545.796</ele><time>2025-10-22T10:40:26.143Z</time></trkpt><trkpt lat="42.791152" lon="-7.582441"><ele>545.529</ele><time>2025-10-22T10:40:30.143Z</time></trkpt><trkpt lat="42.791165" lon="-7.582500"><ele>545.445</ele><time>2025-10-22T10:40:34.143Z</time></trkpt><trkpt lat="42.791179" lon="-7.582562"><ele>545.025</ele><time>2025-10-22T10:40:38.143Z</time></trkpt><trkpt lat="42.791195" lon="-7.582622"><ele>544.726</ele><time>2025-10-22T10:40:42.143Z</time></trkpt><trkpt lat="42.791212" lon="-7.582682"><ele>544.408</ele><time>2025-10-22T10:40:46.143Z</time></trkpt><trkpt lat="42.791230" lon="-7.582740"><ele>544.109</ele><time>2025-10-22T10:40:50.143Z</time></trkpt><trkpt lat="42.791260" lon="-7.582791"><ele>543.934</ele><time>2025-10-22T10:40:54.143Z</time></trkpt><trkpt lat="42.791282" lon="-7.582851"><ele>543.355</ele><time>2025-10-22T10:40:58.143Z</time></trkpt><trkpt lat="42.791310" lon="-7.582906"><ele>542.769</ele><time>2025-10-22T10:41:03.143Z</time></trkpt><trkpt lat="42.791330" lon="-7.582962"><ele>542.163</ele><time>2025-10-22T10:41:07.143Z</time></trkpt><trkpt lat="42.791351" lon="-7.583017"><ele>541.416</ele><time>2025-10-22T10:41:11.143Z</time></trkpt><trkpt lat="42.791370" lon="-7.583073"><ele>540.799</ele><time>2025-10-22T10:41:15.143Z</time></trkpt><trkpt lat="42.791380" lon="-7.583134"><ele>539.924</ele><time>2025-10-22T10:41:19Z</time></trkpt><trkpt lat="42.791393" lon="-7.583207"><ele>538.877</ele><time>2025-10-22T10:41:24.143Z</time></trkpt><trkpt lat="42.791416" lon="-7.583261"><ele>537.953</ele><time>2025-10-22T10:41:28.143Z</time></trkpt><trkpt lat="42.791430" lon="-7.583321"><ele>537.038</ele><time>2025-10-22T10:41:32.143Z</time></trkpt><trkpt lat="42.791447" lon="-7.583382"><ele>536.370</ele><time>2025-10-22T10:41:36.143Z</time></trkpt><trkpt lat="42.791460" lon="-7.583453"><ele>535.617</ele><time>2025-10-22T10:41:41.143Z</time></trkpt><trkpt lat="42.791497" lon="-7.583510"><ele>535.009</ele><time>2025-10-22T10:41:46.144Z</time></trkpt><trkpt lat="42.791536" lon="-7.583556"><ele>534.545</ele><time>2025-10-22T10:41:51.143Z</time></trkpt><trkpt lat="42.791586" lon="-7.583589"><ele>534.266</ele><time>2025-10-22T10:41:56.143Z</time></trkpt><trkpt lat="42.791624" lon="-7.583632"><ele>533.920</ele><time>2025-10-22T10:42:00.144Z</time></trkpt><trkpt lat="42.791672" lon="-7.583661"><ele>533.874</ele><time>2025-10-22T10:42:05.143Z</time></trkpt><trkpt lat="42.791713" lon="-7.583700"><ele>533.557</ele><time>2025-10-22T10:42:10.143Z</time></trkpt><trkpt lat="42.791760" lon="-7.583731"><ele>533.180</ele><time>2025-10-22T10:42:15.143Z</time></trkpt><trkpt lat="42.791804" lon="-7.583775"><ele>532.615</ele><time>2025-10-22T10:42:20.143Z</time></trkpt><trkpt lat="42.791845" lon="-7.583826"><ele>532.118</ele><time>2025-10-22T10:42:25.143Z</time></trkpt><trkpt lat="42.791877" lon="-7.583869"><ele>531.694</ele><time>2025-10-22T10:42:29.143Z</time></trkpt><trkpt lat="42.791919" lon="-7.583911"><ele>531.199</ele><time>2025-10-22T10:42:34Z</time></trkpt><trkpt lat="42.791969" lon="-7.583948"><ele>530.707</ele><time>2025-10-22T10:42:39.143Z</time></trkpt><trkpt lat="42.792015" lon="-7.583969"><ele>530.427</ele><time>2025-10-22T10:42:43.143Z</time></trkpt><trkpt lat="42.792060" lon="-7.583982"><ele>530.109</ele><time>2025-10-22T10:42:47.143Z</time></trkpt><trkpt lat="42.792117" lon="-7.583984"><ele>529.831</ele><time>2025-10-22T10:42:52.143Z</time></trkpt><trkpt lat="42.792162" lon="-7.583971"><ele>529.722</ele><time>2025-10-22T10:42:56.143Z</time></trkpt><trkpt lat="42.792207" lon="-7.583969"><ele>529.546</ele><time>2025-10-22T10:43:00.143Z</time></trkpt><trkpt lat="42.792258" lon="-7.583962"><ele>529.530</ele><time>2025-10-22T10:43:05.143Z</time></trkpt><trkpt lat="42.792308" lon="-7.583987"><ele>529.373</ele><time>2025-10-22T10:43:10.143Z</time></trkpt><trkpt lat="42.792356" lon="-7.584022"><ele>529.066</ele><time>2025-10-22T10:43:15.143Z</time></trkpt><trkpt lat="42.792393" lon="-7.584058"><ele>528.891</ele><time>2025-10-22T10:43:19.143Z</time></trkpt><trkpt lat="42.792433" lon="-7.584109"><ele>528.434</ele><time>2025-10-22T10:43:24.143Z</time></trkpt><trkpt lat="42.792477" lon="-7.584153"><ele>528.110</ele><time>2025-10-22T10:43:29.143Z</time></trkpt><trkpt lat="42.792519" lon="-7.584193"><ele>527.891</ele><time>2025-10-22T10:43:34.143Z</time></trkpt><trkpt lat="42.792561" lon="-7.584243"><ele>527.581</ele><time>2025-10-22T10:43:39.144Z</time></trkpt><trkpt lat="42.792591" lon="-7.584317"><ele>526.919</ele><time>2025-10-22T10:43:44.143Z</time></trkpt><trkpt lat="42.792637" lon="-7.584328"><ele>526.809</ele><time>2025-10-22T10:43:55.143Z</time></trkpt><trkpt lat="42.792683" lon="-7.584356"><ele>526.641</ele><time>2025-10-22T10:44:01.143Z</time></trkpt><trkpt lat="42.792721" lon="-7.584403"><ele>526.392</ele><time>2025-10-22T10:44:11.143Z</time></trkpt><trkpt lat="42.792761" lon="-7.584432"><ele>526.196</ele><time>2025-10-22T10:44:16.143Z</time></trkpt><trkpt lat="42.792809" lon="-7.584463"><ele>525.810</ele><time>2025-10-22T10:44:22.143Z</time></trkpt><trkpt lat="42.792858" lon="-7.584496"><ele>525.323</ele><time>2025-10-22T10:44:28.144Z</time></trkpt><trkpt lat="42.792903" lon="-7.584530"><ele>524.726</ele><time>2025-10-22T10:44:33.143Z</time></trkpt><trkpt lat="42.792949" lon="-7.584562"><ele>523.991</ele><time>2025-10-22T10:44:38.143Z</time></trkpt><trkpt lat="42.792991" lon="-7.584597"><ele>523.114</ele><time>2025-10-22T10:44:43.143Z</time></trkpt><trkpt lat="42.793034" lon="-7.584638"><ele>522.020</ele><time>2025-10-22T10:44:48.143Z</time></trkpt><trkpt lat="42.793081" lon="-7.584670"><ele>520.873</ele><time>2025-10-22T10:44:53.143Z</time></trkpt><trkpt lat="42.793122" lon="-7.584713"><ele>519.285</ele><time>2025-10-22T10:44:58.144Z</time></trkpt><trkpt lat="42.793161" lon="-7.584751"><ele>518.013</ele><time>2025-10-22T10:45:03.143Z</time></trkpt><trkpt lat="42.793192" lon="-7.584800"><ele>516.809</ele><time>2025-10-22T10:45:08.143Z</time></trkpt><trkpt lat="42.793218" lon="-7.584854"><ele>515.649</ele><time>2025-10-22T10:45:13.143Z</time></trkpt><trkpt lat="42.793239" lon="-7.584913"><ele>514.450</ele><time>2025-10-22T10:45:18.144Z</time></trkpt><trkpt lat="42.793261" lon="-7.584980"><ele>513.144</ele><time>2025-10-22T10:45:23.144Z</time></trkpt><trkpt lat="42.793277" lon="-7.585049"><ele>512.058</ele><time>2025-10-22T10:45:28.143Z</time></trkpt><trkpt lat="42.793293" lon="-7.585111"><ele>511.171</ele><time>2025-10-22T10:45:33.143Z</time></trkpt><trkpt lat="42.793309" lon="-7.585174"><ele>510.354</ele><time>2025-10-22T10:45:38.143Z</time></trkpt><trkpt lat="42.793326" lon="-7.585236"><ele>509.529</ele><time>2025-10-22T10:45:43.143Z</time></trkpt><trkpt lat="42.793349" lon="-7.585301"><ele>508.892</ele><time>2025-10-22T10:45:48.143Z</time></trkpt><trkpt lat="42.793368" lon="-7.585360"><ele>508.428</ele><time>2025-10-22T10:45:53.143Z</time></trkpt><trkpt lat="42.793393" lon="-7.585417"><ele>508.026</ele><time>2025-10-22T10:45:58.144Z</time></trkpt><trkpt lat="42.793415" lon="-7.585478"><ele>507.647</ele><time>2025-10-22T10:46:03.143Z</time></trkpt><trkpt lat="42.793438" lon="-7.585533"><ele>507.211</ele><time>2025-10-22T10:46:08.143Z</time></trkpt><trkpt lat="42.793462" lon="-7.585598"><ele>506.709</ele><time>2025-10-22T10:46:14.144Z</time></trkpt><trkpt lat="42.793485" lon="-7.585656"><ele>506.374</ele><time>2025-10-22T10:46:20.143Z</time></trkpt><trkpt lat="42.793509" lon="-7.585708"><ele>505.925</ele><time>2025-10-22T10:46:25.143Z</time></trkpt><trkpt lat="42.793532" lon="-7.585765"><ele>505.559</ele><time>2025-10-22T10:46:30.143Z</time></trkpt><trkpt lat="42.793551" lon="-7.585827"><ele>505.083</ele><time>2025-10-22T10:46:35.143Z</time></trkpt><trkpt lat="42.793567" lon="-7.585885"><ele>504.516</ele><time>2025-10-22T10:46:40.143Z</time></trkpt><trkpt lat="42.793586" lon="-7.585943"><ele>503.979</ele><time>2025-10-22T10:46:45.144Z</time></trkpt><trkpt lat="42.793605" lon="-7.586005"><ele>503.214</ele><time>2025-10-22T10:46:50.144Z</time></trkpt><trkpt lat="42.793624" lon="-7.586070"><ele>502.467</ele><time>2025-10-22T10:46:56.144Z</time></trkpt><trkpt lat="42.793645" lon="-7.586127"><ele>501.833</ele><time>2025-10-22T10:47:01.143Z</time></trkpt><trkpt lat="42.793668" lon="-7.586184"><ele>501.248</ele><time>2025-10-22T10:47:06.143Z</time></trkpt><trkpt lat="42.793694" lon="-7.586247"><ele>500.461</ele><time>2025-10-22T10:47:11.143Z</time></trkpt><trkpt lat="42.793721" lon="-7.586304"><ele>499.617</ele><time>2025-10-22T10:47:16.143Z</time></trkpt><trkpt lat="42.793746" lon="-7.586368"><ele>498.809</ele><time>2025-10-22T10:47:21Z</time></trkpt><trkpt lat="42.793780" lon="-7.586422"><ele>498.146</ele><time>2025-10-22T10:47:26.144Z</time></trkpt><trkpt lat="42.793816" lon="-7.586472"><ele>497.687</ele><time>2025-10-22T10:47:31.143Z</time></trkpt><trkpt lat="42.793839" lon="-7.586528"><ele>497.121</ele><time>2025-10-22T10:47:36.143Z</time></trkpt><trkpt lat="42.793862" lon="-7.586585"><ele>496.645</ele><time>2025-10-22T10:47:41.143Z</time></trkpt><trkpt lat="42.793889" lon="-7.586637"><ele>496.278</ele><time>2025-10-22T10:47:46.144Z</time></trkpt><trkpt lat="42.793918" lon="-7.586692"><ele>495.611</ele><time>2025-10-22T10:47:51.143Z</time></trkpt><trkpt lat="42.793948" lon="-7.586744"><ele>495.046</ele><time>2025-10-22T10:47:56.144Z</time></trkpt><trkpt lat="42.793975" lon="-7.586800"><ele>494.439</ele><time>2025-10-22T10:48:01.143Z</time></trkpt><trkpt lat="42.793995" lon="-7.586857"><ele>493.965</ele><time>2025-10-22T10:48:06.144Z</time></trkpt><trkpt lat="42.794013" lon="-7.586917"><ele>493.396</ele><time>2025-10-22T10:48:11.143Z</time></trkpt><trkpt lat="42.794030" lon="-7.586980"><ele>492.731</ele><time>2025-10-22T10:48:16.143Z</time></trkpt><trkpt lat="42.794030" lon="-7.587042"><ele>492.324</ele><time>2025-10-22T10:48:22.143Z</time></trkpt><trkpt lat="42.794043" lon="-7.587104"><ele>491.709</ele><time>2025-10-22T10:48:27.143Z</time></trkpt><trkpt lat="42.794036" lon="-7.587176"><ele>491.381</ele><time>2025-10-22T10:48:33.143Z</time></trkpt><trkpt lat="42.794043" lon="-7.587237"><ele>490.822</ele><time>2025-10-22T10:48:40.143Z</time></trkpt><trkpt lat="42.794032" lon="-7.587298"><ele>490.656</ele><time>2025-10-22T10:48:45.143Z</time></trkpt><trkpt lat="42.794003" lon="-7.587345"><ele>490.560</ele><time>2025-10-22T10:48:50.144Z</time></trkpt><trkpt lat="42.793978" lon="-7.587397"><ele>490.323</ele><time>2025-10-22T10:48:56.144Z</time></trkpt><trkpt lat="42.793953" lon="-7.587448"><ele>490.196</ele><time>2025-10-22T10:49:02.143Z</time></trkpt><trkpt lat="42.793937" lon="-7.587517"><ele>489.831</ele><time>2025-10-22T10:49:08.143Z</time></trkpt><trkpt lat="42.793926" lon="-7.587578"><ele>489.524</ele><time>2025-10-22T10:49:13.143Z</time></trkpt><trkpt lat="42.793920" lon="-7.587646"><ele>489.310</ele><time>2025-10-22T10:49:18.143Z</time></trkpt><trkpt lat="42.793921" lon="-7.587714"><ele>489.021</ele><time>2025-10-22T10:49:23.143Z</time></trkpt><trkpt lat="42.793937" lon="-7.587772"><ele>488.741</ele><time>2025-10-22T10:49:29.143Z</time></trkpt><trkpt lat="42.793940" lon="-7.587839"><ele>488.205</ele><time>2025-10-22T10:49:35.143Z</time></trkpt><trkpt lat="42.793942" lon="-7.587909"><ele>487.809</ele><time>2025-10-22T10:49:41.143Z</time></trkpt><trkpt lat="42.793947" lon="-7.587979"><ele>487.334</ele><time>2025-10-22T10:49:47.143Z</time></trkpt><trkpt lat="42.793959" lon="-7.588041"><ele>486.875</ele><time>2025-10-22T10:49:53.143Z</time></trkpt><trkpt lat="42.793986" lon="-7.588096"><ele>486.589</ele><time>2025-10-22T10:50:16.143Z</time></trkpt><trkpt lat="42.794015" lon="-7.588148"><ele>486.263</ele><time>2025-10-22T10:50:27.143Z</time></trkpt><trkpt lat="42.794062" lon="-7.588184"><ele>485.946</ele><time>2025-10-22T10:50:32.144Z</time></trkpt><trkpt lat="42.794085" lon="-7.588239"><ele>485.679</ele><time>2025-10-22T10:50:42.143Z</time></trkpt><trkpt lat="42.794104" lon="-7.588296"><ele>485.464</ele><time>2025-10-22T10:50:46.143Z</time></trkpt><trkpt lat="42.794121" lon="-7.588356"><ele>485.117</ele><time>2025-10-22T10:50:50.144Z</time></trkpt><trkpt lat="42.794131" lon="-7.588429"><ele>484.843</ele><time>2025-10-22T10:50:55.143Z</time></trkpt><trkpt lat="42.794133" lon="-7.588495"><ele>484.596</ele><time>2025-10-22T10:50:59.143Z</time></trkpt><trkpt lat="42.794140" lon="-7.588561"><ele>484.331</ele><time>2025-10-22T10:51:03.143Z</time></trkpt><trkpt lat="42.794150" lon="-7.588628"><ele>483.924</ele><time>2025-10-22T10:51:07.143Z</time></trkpt><trkpt lat="42.794159" lon="-7.588693"><ele>483.409</ele><time>2025-10-22T10:51:11.143Z</time></trkpt><trkpt lat="42.794171" lon="-7.588756"><ele>482.961</ele><time>2025-10-22T10:51:15.143Z</time></trkpt><trkpt lat="42.794181" lon="-7.588821"><ele>482.542</ele><time>2025-10-22T10:51:19.143Z</time></trkpt><trkpt lat="42.794188" lon="-7.588884"><ele>482.026</ele><time>2025-10-22T10:51:23.144Z</time></trkpt><trkpt lat="42.794201" lon="-7.588949"><ele>481.820</ele><time>2025-10-22T10:51:27.144Z</time></trkpt><trkpt lat="42.794210" lon="-7.589012"><ele>481.683</ele><time>2025-10-22T10:51:31.144Z</time></trkpt><trkpt lat="42.794227" lon="-7.589072"><ele>481.346</ele><time>2025-10-22T10:51:35.143Z</time></trkpt><trkpt lat="42.794243" lon="-7.589130"><ele>481.111</ele><time>2025-10-22T10:51:39.144Z</time></trkpt><trkpt lat="42.794238" lon="-7.589200"><ele>480.944</ele><time>2025-10-22T10:51:48.143Z</time></trkpt><trkpt lat="42.794240" lon="-7.589277"><ele>480.640</ele><time>2025-10-22T10:51:53.143Z</time></trkpt><trkpt lat="42.794243" lon="-7.589347"><ele>480.489</ele><time>2025-10-22T10:51:57.144Z</time></trkpt><trkpt lat="42.794252" lon="-7.589412"><ele>480.106</ele><time>2025-10-22T10:52:01.143Z</time></trkpt><trkpt lat="42.794262" lon="-7.589476"><ele>480.026</ele><time>2025-10-22T10:52:05.143Z</time></trkpt><trkpt lat="42.794272" lon="-7.589553"><ele>480.009</ele><time>2025-10-22T10:52:10.143Z</time></trkpt><trkpt lat="42.794284" lon="-7.589620"><ele>480.020</ele><time>2025-10-22T10:52:14.143Z</time></trkpt><trkpt lat="42.794298" lon="-7.589688"><ele>480.091</ele><time>2025-10-22T10:52:18.143Z</time></trkpt><trkpt lat="42.794312" lon="-7.589754"><ele>479.965</ele><time>2025-10-22T10:52:22.143Z</time></trkpt><trkpt lat="42.794321" lon="-7.589818"><ele>479.719</ele><time>2025-10-22T10:52:26.143Z</time></trkpt><trkpt lat="42.794330" lon="-7.589886"><ele>479.472</ele><time>2025-10-22T10:52:30.143Z</time></trkpt><trkpt lat="42.794340" lon="-7.589960"><ele>479.145</ele><time>2025-10-22T10:52:35.144Z</time></trkpt><trkpt lat="42.794349" lon="-7.590034"><ele>478.960</ele><time>2025-10-22T10:52:40.143Z</time></trkpt><trkpt lat="42.794356" lon="-7.590109"><ele>478.693</ele><time>2025-10-22T10:52:45.143Z</time></trkpt><trkpt lat="42.794364" lon="-7.590183"><ele>478.329</ele><time>2025-10-22T10:52:50.143Z</time></trkpt><trkpt lat="42.794383" lon="-7.590239"><ele>478.198</ele><time>2025-10-22T10:52:55.144Z</time></trkpt><trkpt lat="42.794382" lon="-7.590303"><ele>477.915</ele><time>2025-10-22T10:52:59.143Z</time></trkpt><trkpt lat="42.794378" lon="-7.590379"><ele>477.726</ele><time>2025-10-22T10:53:04.143Z</time></trkpt><trkpt lat="42.794380" lon="-7.590458"><ele>477.509</ele><time>2025-10-22T10:53:09Z</time></trkpt><trkpt lat="42.794382" lon="-7.590530"><ele>477.341</ele><time>2025-10-22T10:53:14.144Z</time></trkpt><trkpt lat="42.794380" lon="-7.590592"><ele>477.362</ele><time>2025-10-22T10:53:18.144Z</time></trkpt><trkpt lat="42.794376" lon="-7.590668"><ele>477.676</ele><time>2025-10-22T10:53:23.144Z</time></trkpt><trkpt lat="42.794370" lon="-7.590742"><ele>477.820</ele><time>2025-10-22T10:53:28.143Z</time></trkpt><trkpt lat="42.794358" lon="-7.590802"><ele>477.913</ele><time>2025-10-22T10:53:32.143Z</time></trkpt><trkpt lat="42.794347" lon="-7.590874"><ele>478.066</ele><time>2025-10-22T10:53:37.143Z</time></trkpt><trkpt lat="42.794335" lon="-7.590941"><ele>478.011</ele><time>2025-10-22T10:53:42.143Z</time></trkpt><trkpt lat="42.794326" lon="-7.591008"><ele>478.094</ele><time>2025-10-22T10:53:47.143Z</time></trkpt><trkpt lat="42.794316" lon="-7.591082"><ele>478.010</ele><time>2025-10-22T10:53:52.143Z</time></trkpt><trkpt lat="42.794308" lon="-7.591147"><ele>477.926</ele><time>2025-10-22T10:53:56.143Z</time></trkpt><trkpt lat="42.794311" lon="-7.591216"><ele>477.847</ele><time>2025-10-22T10:54:01Z</time></trkpt><trkpt lat="42.794288" lon="-7.591272"><ele>477.711</ele><time>2025-10-22T10:54:04.144Z</time></trkpt><trkpt lat="42.794297" lon="-7.591332"><ele>477.609</ele><time>2025-10-22T10:54:11.144Z</time></trkpt><trkpt lat="42.794313" lon="-7.591391"><ele>477.564</ele><time>2025-10-22T10:54:16.143Z</time></trkpt><trkpt lat="42.794328" lon="-7.591455"><ele>477.485</ele><time>2025-10-22T10:54:21.144Z</time></trkpt><trkpt lat="42.794330" lon="-7.591522"><ele>477.439</ele><time>2025-10-22T10:54:27.143Z</time></trkpt><trkpt lat="42.794344" lon="-7.591588"><ele>477.473</ele><time>2025-10-22T10:54:33.143Z</time></trkpt><trkpt lat="42.794370" lon="-7.591646"><ele>477.396</ele><time>2025-10-22T10:54:38Z</time></trkpt><trkpt lat="42.794392" lon="-7.591702"><ele>477.219</ele><time>2025-10-22T10:54:43.144Z</time></trkpt><trkpt lat="42.794412" lon="-7.591764"><ele>477.164</ele><time>2025-10-22T10:54:48.143Z</time></trkpt><trkpt lat="42.794432" lon="-7.591826"><ele>477.077</ele><time>2025-10-22T10:54:53.144Z</time></trkpt><trkpt lat="42.794447" lon="-7.591895"><ele>477.033</ele><time>2025-10-22T10:54:58.143Z</time></trkpt><trkpt lat="42.794458" lon="-7.591964"><ele>476.851</ele><time>2025-10-22T10:55:03.143Z</time></trkpt><trkpt lat="42.794459" lon="-7.592029"><ele>476.301</ele><time>2025-10-22T10:55:08.144Z</time></trkpt><trkpt lat="42.794479" lon="-7.592098"><ele>475.711</ele><time>2025-10-22T10:55:13.143Z</time></trkpt><trkpt lat="42.794499" lon="-7.592164"><ele>475.209</ele><time>2025-10-22T10:55:18.143Z</time></trkpt><trkpt lat="42.794518" lon="-7.592226"><ele>474.757</ele><time>2025-10-22T10:55:23.143Z</time></trkpt><trkpt lat="42.794537" lon="-7.592285"><ele>474.418</ele><time>2025-10-22T10:55:28.143Z</time></trkpt><trkpt lat="42.794561" lon="-7.592352"><ele>474.142</ele><time>2025-10-22T10:55:34.143Z</time></trkpt><trkpt lat="42.794585" lon="-7.592416"><ele>473.846</ele><time>2025-10-22T10:55:39.143Z</time></trkpt><trkpt lat="42.794609" lon="-7.592477"><ele>473.529</ele><time>2025-10-22T10:55:47.144Z</time></trkpt><trkpt lat="42.794631" lon="-7.592538"><ele>473.192</ele><time>2025-10-22T10:55:52Z</time></trkpt><trkpt lat="42.794656" lon="-7.592605"><ele>472.857</ele><time>2025-10-22T10:55:58.143Z</time></trkpt><trkpt lat="42.794674" lon="-7.592674"><ele>472.460</ele><time>2025-10-22T10:56:03.144Z</time></trkpt><trkpt lat="42.794690" lon="-7.592742"><ele>472.116</ele><time>2025-10-22T10:56:08.143Z</time></trkpt><trkpt lat="42.794694" lon="-7.592812"><ele>471.993</ele><time>2025-10-22T10:56:18.143Z</time></trkpt><trkpt lat="42.794699" lon="-7.592884"><ele>471.765</ele><time>2025-10-22T10:57:51.143Z</time></trkpt><trkpt lat="42.794718" lon="-7.592952"><ele>471.421</ele><time>2025-10-22T10:57:56Z</time></trkpt><trkpt lat="42.794743" lon="-7.593012"><ele>471.109</ele><time>2025-10-22T10:58:01.144Z</time></trkpt><trkpt lat="42.794759" lon="-7.593076"><ele>470.921</ele><time>2025-10-22T10:58:06.144Z</time></trkpt><trkpt lat="42.794771" lon="-7.593142"><ele>470.642</ele><time>2025-10-22T10:58:11.143Z</time></trkpt><trkpt lat="42.794786" lon="-7.593210"><ele>470.356</ele><time>2025-10-22T10:58:16Z</time></trkpt><trkpt lat="42.794797" lon="-7.593281"><ele>470.090</ele><time>2025-10-22T10:58:21.143Z</time></trkpt><trkpt lat="42.794818" lon="-7.593350"><ele>469.623</ele><time>2025-10-22T10:58:26.143Z</time></trkpt><trkpt lat="42.794834" lon="-7.593418"><ele>469.336</ele><time>2025-10-22T10:58:31.143Z</time></trkpt><trkpt lat="42.794842" lon="-7.593496"><ele>469.021</ele><time>2025-10-22T10:58:36.144Z</time></trkpt><trkpt lat="42.794860" lon="-7.593559"><ele>468.774</ele><time>2025-10-22T10:58:40.143Z</time></trkpt><trkpt lat="42.794871" lon="-7.593635"><ele>468.520</ele><time>2025-10-22T10:58:45.143Z</time></trkpt><trkpt lat="42.794881" lon="-7.593699"><ele>468.436</ele><time>2025-10-22T10:58:49.143Z</time></trkpt><trkpt lat="42.794889" lon="-7.593773"><ele>468.417</ele><time>2025-10-22T10:58:54Z</time></trkpt><trkpt lat="42.794890" lon="-7.593844"><ele>468.418</ele><time>2025-10-22T10:58:59.143Z</time></trkpt><trkpt lat="42.794895" lon="-7.593919"><ele>468.309</ele><time>2025-10-22T10:59:04.143Z</time></trkpt><trkpt lat="42.794893" lon="-7.593989"><ele>468.265</ele><time>2025-10-22T10:59:09.143Z</time></trkpt><trkpt lat="42.794881" lon="-7.594053"><ele>468.176</ele><time>2025-10-22T10:59:14.144Z</time></trkpt><trkpt lat="42.794892" lon="-7.594125"><ele>467.990</ele><time>2025-10-22T10:59:20.143Z</time></trkpt><trkpt lat="42.794902" lon="-7.594191"><ele>467.724</ele><time>2025-10-22T10:59:25.143Z</time></trkpt><trkpt lat="42.794907" lon="-7.594264"><ele>467.787</ele><time>2025-10-22T10:59:31.143Z</time></trkpt><trkpt lat="42.794911" lon="-7.594342"><ele>467.670</ele><time>2025-10-22T10:59:43.143Z</time></trkpt><trkpt lat="42.794926" lon="-7.594404"><ele>467.535</ele><time>2025-10-22T10:59:54.143Z</time></trkpt><trkpt lat="42.794946" lon="-7.594460"><ele>467.358</ele><time>2025-10-22T11:00:00.143Z</time></trkpt><trkpt lat="42.794961" lon="-7.594520"><ele>467.034</ele><time>2025-10-22T11:00:07.143Z</time></trkpt><trkpt lat="42.794980" lon="-7.594577"><ele>466.723</ele><time>2025-10-22T11:00:13.144Z</time></trkpt><trkpt lat="42.794993" lon="-7.594646"><ele>466.383</ele><time>2025-10-22T11:00:20.143Z</time></trkpt><trkpt lat="42.794998" lon="-7.594712"><ele>466.111</ele><time>2025-10-22T11:00:26.143Z</time></trkpt><trkpt lat="42.795010" lon="-7.594782"><ele>465.709</ele><time>2025-10-22T11:00:32.143Z</time></trkpt><trkpt lat="42.795026" lon="-7.594848"><ele>465.374</ele><time>2025-10-22T11:00:38.143Z</time></trkpt><trkpt lat="42.795045" lon="-7.594912"><ele>464.895</ele><time>2025-10-22T11:00:57.144Z</time></trkpt><trkpt lat="42.795067" lon="-7.594976"><ele>464.469</ele><time>2025-10-22T11:01:03.143Z</time></trkpt><trkpt lat="42.795088" lon="-7.595043"><ele>463.673</ele><time>2025-10-22T11:01:09.143Z</time></trkpt><trkpt lat="42.795111" lon="-7.595109"><ele>462.826</ele><time>2025-10-22T11:01:15.143Z</time></trkpt><trkpt lat="42.795127" lon="-7.595173"><ele>462.089</ele><time>2025-10-22T11:01:21.143Z</time></trkpt><trkpt lat="42.795132" lon="-7.595244"><ele>461.464</ele><time>2025-10-22T11:01:29.143Z</time></trkpt><trkpt lat="42.795152" lon="-7.595304"><ele>460.657</ele><time>2025-10-22T11:01:34.143Z</time></trkpt><trkpt lat="42.795170" lon="-7.595360"><ele>459.823</ele><time>2025-10-22T11:01:39.143Z</time></trkpt><trkpt lat="42.795186" lon="-7.595420"><ele>459.097</ele><time>2025-10-22T11:01:45.144Z</time></trkpt><trkpt lat="42.795198" lon="-7.595485"><ele>458.123</ele><time>2025-10-22T11:01:51.144Z</time></trkpt><trkpt lat="42.795201" lon="-7.595549"><ele>457.425</ele><time>2025-10-22T11:01:57.143Z</time></trkpt><trkpt lat="42.795209" lon="-7.595616"><ele>456.709</ele><time>2025-10-22T11:02:03.144Z</time></trkpt><trkpt lat="42.795213" lon="-7.595680"><ele>456.171</ele><time>2025-10-22T11:02:10.144Z</time></trkpt><trkpt lat="42.795220" lon="-7.595745"><ele>455.452</ele><time>2025-10-22T11:02:16.143Z</time></trkpt><trkpt lat="42.795216" lon="-7.595815"><ele>454.896</ele><time>2025-10-22T11:02:22.143Z</time></trkpt><trkpt lat="42.795220" lon="-7.595878"><ele>454.290</ele><time>2025-10-22T11:02:28.143Z</time></trkpt><trkpt lat="42.795219" lon="-7.595941"><ele>453.663</ele><time>2025-10-22T11:02:34.143Z</time></trkpt><trkpt lat="42.795230" lon="-7.596009"><ele>452.786</ele><time>2025-10-22T11:02:40.143Z</time></trkpt><trkpt lat="42.795243" lon="-7.596077"><ele>451.981</ele><time>2025-10-22T11:02:46Z</time></trkpt><trkpt lat="42.795249" lon="-7.596141"><ele>451.264</ele><time>2025-10-22T11:02:51.143Z</time></trkpt><trkpt lat="42.795268" lon="-7.596200"><ele>450.540</ele><time>2025-10-22T11:02:57.143Z</time></trkpt><trkpt lat="42.795287" lon="-7.596266"><ele>449.815</ele><time>2025-10-22T11:03:05.143Z</time></trkpt><trkpt lat="42.795293" lon="-7.596328"><ele>449.365</ele><time>2025-10-22T11:03:11.143Z</time></trkpt><trkpt lat="42.795289" lon="-7.596392"><ele>448.911</ele><time>2025-10-22T11:03:16.143Z</time></trkpt><trkpt lat="42.795279" lon="-7.596453"><ele>448.509</ele><time>2025-10-22T11:03:21.143Z</time></trkpt><trkpt lat="42.795267" lon="-7.596524"><ele>448.163</ele><time>2025-10-22T11:03:27.143Z</time></trkpt><trkpt lat="42.795258" lon="-7.596594"><ele>447.754</ele><time>2025-10-22T11:03:33.143Z</time></trkpt><trkpt lat="42.795240" lon="-7.596656"><ele>447.578</ele><time>2025-10-22T11:03:38.143Z</time></trkpt><trkpt lat="42.795229" lon="-7.596718"><ele>447.332</ele><time>2025-10-22T11:03:43.143Z</time></trkpt><trkpt lat="42.795222" lon="-7.596791"><ele>447.115</ele><time>2025-10-22T11:03:48.143Z</time></trkpt><trkpt lat="42.795209" lon="-7.596865"><ele>446.978</ele><time>2025-10-22T11:03:53.143Z</time></trkpt><trkpt lat="42.795201" lon="-7.596932"><ele>446.663</ele><time>2025-10-22T11:03:58.143Z</time></trkpt><trkpt lat="42.795201" lon="-7.597003"><ele>446.186</ele><time>2025-10-22T11:04:03Z</time></trkpt><trkpt lat="42.795214" lon="-7.597066"><ele>445.652</ele><time>2025-10-22T11:04:08.144Z</time></trkpt><trkpt lat="42.795238" lon="-7.597128"><ele>445.098</ele><time>2025-10-22T11:04:14.143Z</time></trkpt><trkpt lat="42.795259" lon="-7.597192"><ele>444.415</ele><time>2025-10-22T11:04:20.144Z</time></trkpt><trkpt lat="42.795275" lon="-7.597250"><ele>443.926</ele><time>2025-10-22T11:04:27.144Z</time></trkpt><trkpt lat="42.795296" lon="-7.597314"><ele>443.509</ele><time>2025-10-22T11:04:34.144Z</time></trkpt><trkpt lat="42.795315" lon="-7.597380"><ele>443.171</ele><time>2025-10-22T11:04:41.143Z</time></trkpt><trkpt lat="42.795335" lon="-7.597447"><ele>442.662</ele><time>2025-10-22T11:04:47.143Z</time></trkpt><trkpt lat="42.795360" lon="-7.597510"><ele>442.016</ele><time>2025-10-22T11:04:53.143Z</time></trkpt><trkpt lat="42.795378" lon="-7.597569"><ele>441.430</ele><time>2025-10-22T11:05:00.143Z</time></trkpt><trkpt lat="42.795381" lon="-7.597630"><ele>440.943</ele><time>2025-10-22T11:05:11.143Z</time></trkpt><trkpt lat="42.795392" lon="-7.597690"><ele>440.456</ele><time>2025-10-22T11:05:16.143Z</time></trkpt><trkpt lat="42.795407" lon="-7.597752"><ele>439.861</ele><time>2025-10-22T11:05:21.143Z</time></trkpt><trkpt lat="42.795419" lon="-7.597816"><ele>439.384</ele><time>2025-10-22T11:05:26.143Z</time></trkpt><trkpt lat="42.795432" lon="-7.597884"><ele>438.890</ele><time>2025-10-22T11:05:32.143Z</time></trkpt><trkpt lat="42.795443" lon="-7.597946"><ele>438.456</ele><time>2025-10-22T11:05:37.143Z</time></trkpt><trkpt lat="42.795456" lon="-7.598016"><ele>437.959</ele><time>2025-10-22T11:05:43.143Z</time></trkpt><trkpt lat="42.795467" lon="-7.598085"><ele>437.514</ele><time>2025-10-22T11:05:49.144Z</time></trkpt><trkpt lat="42.795487" lon="-7.598149"><ele>437.209</ele><time>2025-10-22T11:05:55.144Z</time></trkpt><trkpt lat="42.795504" lon="-7.598212"><ele>436.887</ele><time>2025-10-22T11:06:01.144Z</time></trkpt><trkpt lat="42.795519" lon="-7.598271"><ele>436.588</ele><time>2025-10-22T11:06:06.143Z</time></trkpt><trkpt lat="42.795538" lon="-7.598336"><ele>436.132</ele><time>2025-10-22T11:06:12.143Z</time></trkpt><trkpt lat="42.795548" lon="-7.598406"><ele>435.826</ele><time>2025-10-22T11:06:18Z</time></trkpt><trkpt lat="42.795557" lon="-7.598478"><ele>435.529</ele><time>2025-10-22T11:06:24.143Z</time></trkpt><trkpt lat="42.795560" lon="-7.598550"><ele>435.292</ele><time>2025-10-22T11:06:30.143Z</time></trkpt><trkpt lat="42.795555" lon="-7.598612"><ele>435.087</ele><time>2025-10-22T11:06:35.143Z</time></trkpt><trkpt lat="42.795551" lon="-7.598684"><ele>434.580</ele><time>2025-10-22T11:06:40.143Z</time></trkpt><trkpt lat="42.795550" lon="-7.598750"><ele>434.086</ele><time>2025-10-22T11:06:46.143Z</time></trkpt><trkpt lat="42.795543" lon="-7.598824"><ele>433.597</ele><time>2025-10-22T11:06:52.143Z</time></trkpt><trkpt lat="42.795535" lon="-7.598889"><ele>433.123</ele><time>2025-10-22T11:06:57.144Z</time></trkpt><trkpt lat="42.795527" lon="-7.598954"><ele>432.825</ele><time>2025-10-22T11:07:02.143Z</time></trkpt><trkpt lat="42.795518" lon="-7.599018"><ele>432.609</ele><time>2025-10-22T11:07:07.143Z</time></trkpt><trkpt lat="42.795507" lon="-7.599083"><ele>432.431</ele><time>2025-10-22T11:07:12.143Z</time></trkpt><trkpt lat="42.795504" lon="-7.599152"><ele>432.172</ele><time>2025-10-22T11:07:18.143Z</time></trkpt><trkpt lat="42.795498" lon="-7.599216"><ele>431.936</ele><time>2025-10-22T11:07:24.143Z</time></trkpt><trkpt lat="42.795504" lon="-7.599282"><ele>431.750</ele><time>2025-10-22T11:07:47.143Z</time></trkpt><trkpt lat="42.795509" lon="-7.599346"><ele>431.583</ele><time>2025-10-22T11:08:08.145Z</time></trkpt><trkpt lat="42.795506" lon="-7.599418"><ele>431.316</ele><time>2025-10-22T11:08:14.144Z</time></trkpt><trkpt lat="42.795508" lon="-7.599481"><ele>431.171</ele><time>2025-10-22T11:08:19.144Z</time></trkpt><trkpt lat="42.795511" lon="-7.599551"><ele>431.124</ele><time>2025-10-22T11:08:24.145Z</time></trkpt><trkpt lat="42.795519" lon="-7.599620"><ele>431.070</ele><time>2025-10-22T11:08:29.145Z</time></trkpt><trkpt lat="42.795522" lon="-7.599693"><ele>431.013</ele><time>2025-10-22T11:08:34.144Z</time></trkpt><trkpt lat="42.795533" lon="-7.599767"><ele>430.843</ele><time>2025-10-22T11:08:39.144Z</time></trkpt><trkpt lat="42.795537" lon="-7.599839"><ele>430.607</ele><time>2025-10-22T11:08:44.144Z</time></trkpt><trkpt lat="42.795538" lon="-7.599913"><ele>430.309</ele><time>2025-10-22T11:08:49.144Z</time></trkpt><trkpt lat="42.795542" lon="-7.599984"><ele>430.183</ele><time>2025-10-22T11:08:54.144Z</time></trkpt><trkpt lat="42.795554" lon="-7.600058"><ele>429.864</ele><time>2025-10-22T11:08:59.144Z</time></trkpt><trkpt lat="42.795559" lon="-7.600130"><ele>429.548</ele><time>2025-10-22T11:09:04.144Z</time></trkpt><trkpt lat="42.795567" lon="-7.600201"><ele>429.372</ele><time>2025-10-22T11:09:09.144Z</time></trkpt><trkpt lat="42.795577" lon="-7.600275"><ele>429.155</ele><time>2025-10-22T11:09:14.144Z</time></trkpt><trkpt lat="42.795584" lon="-7.600348"><ele>429.358</ele><time>2025-10-22T11:09:19.144Z</time></trkpt><trkpt lat="42.795591" lon="-7.600418"><ele>429.513</ele><time>2025-10-22T11:09:24.144Z</time></trkpt><trkpt lat="42.795597" lon="-7.600490"><ele>429.726</ele><time>2025-10-22T11:09:30.144Z</time></trkpt><trkpt lat="42.795608" lon="-7.600560"><ele>429.852</ele><time>2025-10-22T11:09:35.144Z</time></trkpt><trkpt lat="42.795616" lon="-7.600622"><ele>429.684</ele><time>2025-10-22T11:09:40.144Z</time></trkpt><trkpt lat="42.795622" lon="-7.600692"><ele>429.407</ele><time>2025-10-22T11:09:45.145Z</time></trkpt><trkpt lat="42.795627" lon="-7.600754"><ele>429.217</ele><time>2025-10-22T11:09:50.144Z</time></trkpt><trkpt lat="42.795611" lon="-7.600822"><ele>429.009</ele><time>2025-10-22T11:09:55.144Z</time></trkpt><trkpt lat="42.795594" lon="-7.600884"><ele>429.080</ele><time>2025-10-22T11:10:00.144Z</time></trkpt><trkpt lat="42.795579" lon="-7.600945"><ele>429.041</ele><time>2025-10-22T11:10:05.144Z</time></trkpt><trkpt lat="42.795562" lon="-7.601013"><ele>429.065</ele><time>2025-10-22T11:10:11.144Z</time></trkpt><trkpt lat="42.795550" lon="-7.601079"><ele>429.059</ele><time>2025-10-22T11:10:21.144Z</time></trkpt><trkpt lat="42.795537" lon="-7.601144"><ele>428.912</ele><time>2025-10-22T11:10:26.144Z</time></trkpt><trkpt lat="42.795534" lon="-7.601205"><ele>428.915</ele><time>2025-10-22T11:10:31.144Z</time></trkpt><trkpt lat="42.795529" lon="-7.601278"><ele>428.960</ele><time>2025-10-22T11:10:37.145Z</time></trkpt><trkpt lat="42.795522" lon="-7.601349"><ele>428.983</ele><time>2025-10-22T11:10:43.145Z</time></trkpt><trkpt lat="42.795507" lon="-7.601412"><ele>428.819</ele><time>2025-10-22T11:10:50.144Z</time></trkpt><trkpt lat="42.795501" lon="-7.601477"><ele>428.812</ele><time>2025-10-22T11:10:55.144Z</time></trkpt><trkpt lat="42.795498" lon="-7.601544"><ele>428.832</ele><time>2025-10-22T11:11:00.144Z</time></trkpt><trkpt lat="42.795475" lon="-7.601606"><ele>428.705</ele><time>2025-10-22T11:11:28.144Z</time></trkpt><trkpt lat="42.795469" lon="-7.601676"><ele>428.709</ele><time>2025-10-22T11:11:33.144Z</time></trkpt><trkpt lat="42.795447" lon="-7.601735"><ele>428.623</ele><time>2025-10-22T11:11:42.145Z</time></trkpt><trkpt lat="42.795437" lon="-7.601810"><ele>428.644</ele><time>2025-10-22T11:11:48.145Z</time></trkpt><trkpt lat="42.795432" lon="-7.601880"><ele>428.678</ele><time>2025-10-22T11:11:56.145Z</time></trkpt><trkpt lat="42.795448" lon="-7.601951"><ele>428.632</ele><time>2025-10-22T11:12:00.144Z</time></trkpt><trkpt lat="42.795466" lon="-7.602011"><ele>428.455</ele><time>2025-10-22T11:12:04.144Z</time></trkpt><trkpt lat="42.795493" lon="-7.602070"><ele>428.348</ele><time>2025-10-22T11:12:09.144Z</time></trkpt><trkpt lat="42.795510" lon="-7.602137"><ele>428.153</ele><time>2025-10-22T11:12:13.144Z</time></trkpt><trkpt lat="42.795537" lon="-7.602199"><ele>428.076</ele><time>2025-10-22T11:12:18.144Z</time></trkpt><trkpt lat="42.795576" lon="-7.602252"><ele>427.992</ele><time>2025-10-22T11:12:30.144Z</time></trkpt><trkpt lat="42.795611" lon="-7.602293"><ele>427.823</ele><time>2025-10-22T11:12:37.144Z</time></trkpt><trkpt lat="42.795656" lon="-7.602316"><ele>427.883</ele><time>2025-10-22T11:12:41.145Z</time></trkpt><trkpt lat="42.795675" lon="-7.602384"><ele>427.711</ele><time>2025-10-22T11:12:45.145Z</time></trkpt><trkpt lat="42.795676" lon="-7.602458"><ele>427.509</ele><time>2025-10-22T11:12:49.144Z</time></trkpt><trkpt lat="42.795675" lon="-7.602522"><ele>427.444</ele><time>2025-10-22T11:12:53.144Z</time></trkpt><trkpt lat="42.795671" lon="-7.602585"><ele>427.335</ele><time>2025-10-22T11:12:57.144Z</time></trkpt><trkpt lat="42.795664" lon="-7.602649"><ele>427.249</ele><time>2025-10-22T11:13:01.144Z</time></trkpt><trkpt lat="42.795658" lon="-7.602719"><ele>427.163</ele><time>2025-10-22T11:13:05.144Z</time></trkpt><trkpt lat="42.795667" lon="-7.602795"><ele>427.046</ele><time>2025-10-22T11:13:09.144Z</time></trkpt><trkpt lat="42.795677" lon="-7.602861"><ele>427.059</ele><time>2025-10-22T11:13:13.144Z</time></trkpt><trkpt lat="42.795677" lon="-7.602925"><ele>427.034</ele><time>2025-10-22T11:13:17.145Z</time></trkpt><trkpt lat="42.795672" lon="-7.602990"><ele>427.017</ele><time>2025-10-22T11:13:21.145Z</time></trkpt><trkpt lat="42.795667" lon="-7.603056"><ele>427.083</ele><time>2025-10-22T11:13:25.144Z</time></trkpt><trkpt lat="42.795663" lon="-7.603120"><ele>426.879</ele><time>2025-10-22T11:13:29.144Z</time></trkpt><trkpt lat="42.795664" lon="-7.603186"><ele>426.505</ele><time>2025-10-22T11:13:33.144Z</time></trkpt><trkpt lat="42.795659" lon="-7.603250"><ele>426.325</ele><time>2025-10-22T11:13:37.144Z</time></trkpt><trkpt lat="42.795655" lon="-7.603311"><ele>426.109</ele><time>2025-10-22T11:13:41.145Z</time></trkpt><trkpt lat="42.795648" lon="-7.603374"><ele>425.879</ele><time>2025-10-22T11:13:45.144Z</time></trkpt><trkpt lat="42.795630" lon="-7.603446"><ele>425.480</ele><time>2025-10-22T11:13:50.144Z</time></trkpt><trkpt lat="42.795597" lon="-7.603490"><ele>425.384</ele><time>2025-10-22T11:13:54.144Z</time></trkpt><trkpt lat="42.795563" lon="-7.603532"><ele>425.298</ele><time>2025-10-22T11:13:59.144Z</time></trkpt><trkpt lat="42.795513" lon="-7.603556"><ele>425.571</ele><time>2025-10-22T11:14:17.144Z</time></trkpt><trkpt lat="42.795469" lon="-7.603583"><ele>425.764</ele><time>2025-10-22T11:14:21.144Z</time></trkpt><trkpt lat="42.795424" lon="-7.603589"><ele>426.069</ele><time>2025-10-22T11:14:31.144Z</time></trkpt><trkpt lat="42.795396" lon="-7.603638"><ele>426.122</ele><time>2025-10-22T11:14:35.144Z</time></trkpt><trkpt lat="42.795370" lon="-7.603700"><ele>426.048</ele><time>2025-10-22T11:14:39.144Z</time></trkpt><trkpt lat="42.795347" lon="-7.603767"><ele>425.961</ele><time>2025-10-22T11:14:43.144Z</time></trkpt><trkpt lat="42.795324" lon="-7.603820"><ele>425.921</ele><time>2025-10-22T11:14:46.144Z</time></trkpt><trkpt lat="42.795294" lon="-7.603870"><ele>426.013</ele><time>2025-10-22T11:14:50.144Z</time></trkpt><trkpt lat="42.795264" lon="-7.603917"><ele>425.909</ele><time>2025-10-22T11:14:54.145Z</time></trkpt><trkpt lat="42.795225" lon="-7.603966"><ele>425.968</ele><time>2025-10-22T11:14:59.144Z</time></trkpt><trkpt lat="42.795188" lon="-7.604008"><ele>425.939</ele><time>2025-10-22T11:15:03.144Z</time></trkpt><trkpt lat="42.795148" lon="-7.604050"><ele>425.913</ele><time>2025-10-22T11:15:07.145Z</time></trkpt><trkpt lat="42.795118" lon="-7.604114"><ele>425.897</ele><time>2025-10-22T11:15:12.144Z</time></trkpt><trkpt lat="42.795088" lon="-7.604159"><ele>425.750</ele><time>2025-10-22T11:15:17.145Z</time></trkpt><trkpt lat="42.795081" lon="-7.604228"><ele>425.653</ele><time>2025-10-22T11:15:23.144Z</time></trkpt><trkpt lat="42.795082" lon="-7.604294"><ele>425.698</ele><time>2025-10-22T11:15:28.144Z</time></trkpt><trkpt lat="42.795087" lon="-7.604357"><ele>425.531</ele><time>2025-10-22T11:15:33.145Z</time></trkpt><trkpt lat="42.795109" lon="-7.604418"><ele>425.347</ele><time>2025-10-22T11:15:39.144Z</time></trkpt><trkpt lat="42.795083" lon="-7.604479"><ele>425.488</ele><time>2025-10-22T11:15:45.144Z</time></trkpt><trkpt lat="42.795088" lon="-7.604540"><ele>425.324</ele><time>2025-10-22T11:15:50.144Z</time></trkpt><trkpt lat="42.795089" lon="-7.604606"><ele>425.226</ele><time>2025-10-22T11:15:55.144Z</time></trkpt><trkpt lat="42.795088" lon="-7.604679"><ele>425.109</ele><time>2025-10-22T11:16:00.145Z</time></trkpt><trkpt lat="42.795095" lon="-7.604750"><ele>424.920</ele><time>2025-10-22T11:16:05.144Z</time></trkpt><trkpt lat="42.795105" lon="-7.604813"><ele>424.541</ele><time>2025-10-22T11:16:10.145Z</time></trkpt><trkpt lat="42.795118" lon="-7.604875"><ele>424.245</ele><time>2025-10-22T11:16:15.145Z</time></trkpt><trkpt lat="42.795130" lon="-7.604939"><ele>423.879</ele><time>2025-10-22T11:16:20.144Z</time></trkpt><trkpt lat="42.795149" lon="-7.605002"><ele>423.482</ele><time>2025-10-22T11:16:25.144Z</time></trkpt><trkpt lat="42.795169" lon="-7.605064"><ele>423.265</ele><time>2025-10-22T11:16:30.144Z</time></trkpt><trkpt lat="42.795183" lon="-7.605124"><ele>423.090</ele><time>2025-10-22T11:16:34.144Z</time></trkpt><trkpt lat="42.795195" lon="-7.605189"><ele>422.983</ele><time>2025-10-22T11:16:38.144Z</time></trkpt><trkpt lat="42.795212" lon="-7.605249"><ele>422.739</ele><time>2025-10-22T11:16:42.144Z</time></trkpt><trkpt lat="42.795228" lon="-7.605311"><ele>422.489</ele><time>2025-10-22T11:16:46.144Z</time></trkpt><trkpt lat="42.795249" lon="-7.605378"><ele>422.006</ele><time>2025-10-22T11:16:51.144Z</time></trkpt><trkpt lat="42.795247" lon="-7.605439"><ele>421.826</ele><time>2025-10-22T11:16:56.144Z</time></trkpt><trkpt lat="42.795267" lon="-7.605500"><ele>421.309</ele><time>2025-10-22T11:17:11.145Z</time></trkpt><trkpt lat="42.795285" lon="-7.605559"><ele>420.920</ele><time>2025-10-22T11:17:17.144Z</time></trkpt><trkpt lat="42.795333" lon="-7.605580"><ele>420.251</ele><time>2025-10-22T11:17:29.145Z</time></trkpt><trkpt lat="42.795345" lon="-7.605649"><ele>420.185</ele><time>2025-10-22T11:17:35.144Z</time></trkpt><trkpt lat="42.795372" lon="-7.605713"><ele>419.879</ele><time>2025-10-22T11:17:40.144Z</time></trkpt><trkpt lat="42.795395" lon="-7.605779"><ele>419.752</ele><time>2025-10-22T11:17:45.144Z</time></trkpt><trkpt lat="42.795417" lon="-7.605847"><ele>419.575</ele><time>2025-10-22T11:17:50.144Z</time></trkpt><trkpt lat="42.795438" lon="-7.605913"><ele>419.450</ele><time>2025-10-22T11:17:55.144Z</time></trkpt><trkpt lat="42.795452" lon="-7.605982"><ele>419.573</ele><time>2025-10-22T11:18:00.144Z</time></trkpt><trkpt lat="42.795467" lon="-7.606044"><ele>419.599</ele><time>2025-10-22T11:18:11.144Z</time></trkpt><trkpt lat="42.795474" lon="-7.606110"><ele>419.695</ele><time>2025-10-22T11:18:16.144Z</time></trkpt><trkpt lat="42.795480" lon="-7.606174"><ele>419.849</ele><time>2025-10-22T11:18:21.144Z</time></trkpt><trkpt lat="42.795493" lon="-7.606243"><ele>419.923</ele><time>2025-10-22T11:18:31.144Z</time></trkpt><trkpt lat="42.795511" lon="-7.606307"><ele>420.009</ele><time>2025-10-22T11:18:36.145Z</time></trkpt><trkpt lat="42.795534" lon="-7.606375"><ele>420.181</ele><time>2025-10-22T11:18:42.145Z</time></trkpt><trkpt lat="42.795548" lon="-7.606434"><ele>420.242</ele><time>2025-10-22T11:18:47.144Z</time></trkpt><trkpt lat="42.795561" lon="-7.606499"><ele>420.486</ele><time>2025-10-22T11:18:52.144Z</time></trkpt><trkpt lat="42.795576" lon="-7.606568"><ele>420.670</ele><time>2025-10-22T11:18:57.144Z</time></trkpt><trkpt lat="42.795590" lon="-7.606636"><ele>420.853</ele><time>2025-10-22T11:19:02.144Z</time></trkpt><trkpt lat="42.795604" lon="-7.606703"><ele>420.716</ele><time>2025-10-22T11:19:07.144Z</time></trkpt><trkpt lat="42.795615" lon="-7.606772"><ele>420.511</ele><time>2025-10-22T11:19:12.144Z</time></trkpt><trkpt lat="42.795626" lon="-7.606836"><ele>420.344</ele><time>2025-10-22T11:19:17.144Z</time></trkpt><trkpt lat="42.795634" lon="-7.606900"><ele>420.120</ele><time>2025-10-22T11:19:22.145Z</time></trkpt><trkpt lat="42.795636" lon="-7.607000"><ele>419.978</ele><time>2025-10-22T11:19:28.144Z</time></trkpt><trkpt lat="42.795638" lon="-7.607063"><ele>419.933</ele><time>2025-10-22T11:19:35.144Z</time></trkpt><trkpt lat="42.795649" lon="-7.607128"><ele>419.826</ele><time>2025-10-22T11:19:40.144Z</time></trkpt><trkpt lat="42.795653" lon="-7.607195"><ele>419.709</ele><time>2025-10-22T11:19:45.145Z</time></trkpt><trkpt lat="42.795659" lon="-7.607266"><ele>419.869</ele><time>2025-10-22T11:19:50.144Z</time></trkpt><trkpt lat="42.795674" lon="-7.607327"><ele>420.080</ele><time>2025-10-22T11:19:55.144Z</time></trkpt><trkpt lat="42.795682" lon="-7.607396"><ele>420.244</ele><time>2025-10-22T11:20:00.144Z</time></trkpt><trkpt lat="42.795694" lon="-7.607464"><ele>420.468</ele><time>2025-10-22T11:20:05.144Z</time></trkpt><trkpt lat="42.795701" lon="-7.607535"><ele>420.611</ele><time>2025-10-22T11:20:10.144Z</time></trkpt><trkpt lat="42.795703" lon="-7.607606"><ele>420.964</ele><time>2025-10-22T11:20:15.144Z</time></trkpt><trkpt lat="42.795712" lon="-7.607673"><ele>421.129</ele><time>2025-10-22T11:20:20.144Z</time></trkpt><trkpt lat="42.795719" lon="-7.607741"><ele>421.342</ele><time>2025-10-22T11:20:25.145Z</time></trkpt><trkpt lat="42.795728" lon="-7.607803"><ele>421.558</ele><time>2025-10-22T11:20:30.144Z</time></trkpt><trkpt lat="42.795737" lon="-7.607868"><ele>421.743</ele><time>2025-10-22T11:20:35.144Z</time></trkpt><trkpt lat="42.795750" lon="-7.607933"><ele>421.964</ele><time>2025-10-22T11:20:40.144Z</time></trkpt><trkpt lat="42.795764" lon="-7.608005"><ele>422.110</ele><time>2025-10-22T11:20:45.144Z</time></trkpt><trkpt lat="42.795782" lon="-7.608070"><ele>422.209</ele><time>2025-10-22T11:20:50.144Z</time></trkpt><trkpt lat="42.795801" lon="-7.608133"><ele>422.446</ele><time>2025-10-22T11:20:55.144Z</time></trkpt><trkpt lat="42.795823" lon="-7.608190"><ele>422.517</ele><time>2025-10-22T11:21:00.144Z</time></trkpt><trkpt lat="42.795845" lon="-7.608248"><ele>422.781</ele><time>2025-10-22T11:21:05.144Z</time></trkpt><trkpt lat="42.795875" lon="-7.608306"><ele>422.855</ele><time>2025-10-22T11:21:10.144Z</time></trkpt><trkpt lat="42.795895" lon="-7.608369"><ele>422.918</ele><time>2025-10-22T11:21:15.144Z</time></trkpt><trkpt lat="42.795914" lon="-7.608433"><ele>423.121</ele><time>2025-10-22T11:21:20.144Z</time></trkpt><trkpt lat="42.795931" lon="-7.608502"><ele>423.396</ele><time>2025-10-22T11:21:25.144Z</time></trkpt><trkpt lat="42.795939" lon="-7.608570"><ele>423.549</ele><time>2025-10-22T11:21:30.144Z</time></trkpt><trkpt lat="42.795946" lon="-7.608639"><ele>423.725</ele><time>2025-10-22T11:21:35.145Z</time></trkpt><trkpt lat="42.795952" lon="-7.608708"><ele>424.121</ele><time>2025-10-22T11:21:40.145Z</time></trkpt><trkpt lat="42.795964" lon="-7.608774"><ele>424.441</ele><time>2025-10-22T11:21:45.144Z</time></trkpt><trkpt lat="42.796001" lon="-7.608817"><ele>424.605</ele><time>2025-10-22T11:21:52.145Z</time></trkpt><trkpt lat="42.795998" lon="-7.608890"><ele>425.009</ele><time>2025-10-22T11:21:57.144Z</time></trkpt><trkpt lat="42.796005" lon="-7.608961"><ele>425.024</ele><time>2025-10-22T11:22:02.144Z</time></trkpt><trkpt lat="42.796017" lon="-7.609027"><ele>425.045</ele><time>2025-10-22T11:22:07.144Z</time></trkpt><trkpt lat="42.796039" lon="-7.609095"><ele>425.089</ele><time>2025-10-22T11:22:12.145Z</time></trkpt><trkpt lat="42.796065" lon="-7.609158"><ele>425.063</ele><time>2025-10-22T11:22:17.145Z</time></trkpt><trkpt lat="42.796104" lon="-7.609201"><ele>424.936</ele><time>2025-10-22T11:22:22.144Z</time></trkpt><trkpt lat="42.796153" lon="-7.609233"><ele>424.569</ele><time>2025-10-22T11:22:27.144Z</time></trkpt><trkpt lat="42.796202" lon="-7.609264"><ele>424.074</ele><time>2025-10-22T11:22:32.144Z</time></trkpt><trkpt lat="42.796245" lon="-7.609284"><ele>423.617</ele><time>2025-10-22T11:22:36.145Z</time></trkpt><trkpt lat="42.796299" lon="-7.609290"><ele>423.283</ele><time>2025-10-22T11:22:41.144Z</time></trkpt><trkpt lat="42.796344" lon="-7.609267"><ele>423.014</ele><time>2025-10-22T11:22:45.145Z</time></trkpt><trkpt lat="42.796386" lon="-7.609237"><ele>422.854</ele><time>2025-10-22T11:22:49.144Z</time></trkpt><trkpt lat="42.796430" lon="-7.609211"><ele>422.509</ele><time>2025-10-22T11:22:54.145Z</time></trkpt><trkpt lat="42.796477" lon="-7.609202"><ele>422.209</ele><time>2025-10-22T11:23:18.144Z</time></trkpt><trkpt lat="42.796520" lon="-7.609178"><ele>422.033</ele><time>2025-10-22T11:23:24.145Z</time></trkpt><trkpt lat="42.796561" lon="-7.609211"><ele>421.644</ele><time>2025-10-22T11:23:51.144Z</time></trkpt><trkpt lat="42.796564" lon="-7.609280"><ele>421.378</ele><time>2025-10-22T11:23:56.144Z</time></trkpt><trkpt lat="42.796571" lon="-7.609348"><ele>421.022</ele><time>2025-10-22T11:24:02Z</time></trkpt><trkpt lat="42.796574" lon="-7.609409"><ele>420.865</ele><time>2025-10-22T11:24:09.144Z</time></trkpt><trkpt lat="42.796578" lon="-7.609472"><ele>420.568</ele><time>2025-10-22T11:24:15.145Z</time></trkpt><trkpt lat="42.796575" lon="-7.609545"><ele>420.343</ele><time>2025-10-22T11:24:21.144Z</time></trkpt><trkpt lat="42.796571" lon="-7.609608"><ele>420.126</ele><time>2025-10-22T11:24:26.144Z</time></trkpt><trkpt lat="42.796563" lon="-7.609675"><ele>419.922</ele><time>2025-10-22T11:24:31.144Z</time></trkpt><trkpt lat="42.796552" lon="-7.609749"><ele>419.722</ele><time>2025-10-22T11:24:37.144Z</time></trkpt><trkpt lat="42.796545" lon="-7.609810"><ele>419.462</ele><time>2025-10-22T11:24:42.145Z</time></trkpt><trkpt lat="42.796530" lon="-7.609871"><ele>419.208</ele><time>2025-10-22T11:24:54.145Z</time></trkpt><trkpt lat="42.796509" lon="-7.609926"><ele>419.009</ele><time>2025-10-22T11:24:59.145Z</time></trkpt><trkpt lat="42.796497" lon="-7.609992"><ele>418.714</ele><time>2025-10-22T11:25:05.145Z</time></trkpt><trkpt lat="42.796481" lon="-7.610059"><ele>418.595</ele><time>2025-10-22T11:25:11.145Z</time></trkpt><trkpt lat="42.796471" lon="-7.610128"><ele>418.269</ele><time>2025-10-22T11:25:17.144Z</time></trkpt><trkpt lat="42.796458" lon="-7.610198"><ele>418.073</ele><time>2025-10-22T11:25:24.145Z</time></trkpt><trkpt lat="42.796451" lon="-7.610263"><ele>417.896</ele><time>2025-10-22T11:25:30.144Z</time></trkpt><trkpt lat="42.796433" lon="-7.610329"><ele>417.359</ele><time>2025-10-22T11:25:36.144Z</time></trkpt><trkpt lat="42.796426" lon="-7.610391"><ele>416.674</ele><time>2025-10-22T11:25:41.144Z</time></trkpt><trkpt lat="42.796424" lon="-7.610462"><ele>415.857</ele><time>2025-10-22T11:25:46.144Z</time></trkpt><trkpt lat="42.796430" lon="-7.610530"><ele>415.023</ele><time>2025-10-22T11:25:51.144Z</time></trkpt><trkpt lat="42.796446" lon="-7.610592"><ele>414.219</ele><time>2025-10-22T11:25:56.144Z</time></trkpt><trkpt lat="42.796468" lon="-7.610657"><ele>413.309</ele><time>2025-10-22T11:26:02.144Z</time></trkpt><trkpt lat="42.796488" lon="-7.610713"><ele>412.619</ele><time>2025-10-22T11:26:07.144Z</time></trkpt><trkpt lat="42.796518" lon="-7.610770"><ele>411.809</ele><time>2025-10-22T11:26:13.144Z</time></trkpt><trkpt lat="42.796553" lon="-7.610826"><ele>410.923</ele><time>2025-10-22T11:26:19.144Z</time></trkpt><trkpt lat="42.796584" lon="-7.610874"><ele>410.214</ele><time>2025-10-22T11:26:23.145Z</time></trkpt><trkpt lat="42.796619" lon="-7.610924"><ele>409.448</ele><time>2025-10-22T11:26:29.144Z</time></trkpt><trkpt lat="42.796655" lon="-7.610974"><ele>408.622</ele><time>2025-10-22T11:26:35.144Z</time></trkpt><trkpt lat="42.796688" lon="-7.611017"><ele>408.075</ele><time>2025-10-22T11:26:41.144Z</time></trkpt><trkpt lat="42.796725" lon="-7.611057"><ele>407.778</ele><time>2025-10-22T11:26:46.144Z</time></trkpt><trkpt lat="42.796765" lon="-7.611106"><ele>407.453</ele><time>2025-10-22T11:26:52.144Z</time></trkpt><trkpt lat="42.796793" lon="-7.611164"><ele>407.166</ele><time>2025-10-22T11:27:01.144Z</time></trkpt><trkpt lat="42.796832" lon="-7.611200"><ele>407.042</ele><time>2025-10-22T11:27:06.144Z</time></trkpt><trkpt lat="42.796876" lon="-7.611231"><ele>407.168</ele><time>2025-10-22T11:27:11.145Z</time></trkpt><trkpt lat="42.796910" lon="-7.611273"><ele>407.142</ele><time>2025-10-22T11:27:16.144Z</time></trkpt><trkpt lat="42.796953" lon="-7.611310"><ele>407.326</ele><time>2025-10-22T11:27:21.144Z</time></trkpt><trkpt lat="42.796996" lon="-7.611351"><ele>407.309</ele><time>2025-10-22T11:27:27.144Z</time></trkpt><trkpt lat="42.797031" lon="-7.611391"><ele>407.328</ele><time>2025-10-22T11:27:32.144Z</time></trkpt><trkpt lat="42.797068" lon="-7.611432"><ele>407.039</ele><time>2025-10-22T11:27:37.144Z</time></trkpt><trkpt lat="42.797106" lon="-7.611472"><ele>406.713</ele><time>2025-10-22T11:27:42.144Z</time></trkpt><trkpt lat="42.797147" lon="-7.611516"><ele>406.497</ele><time>2025-10-22T11:27:47.144Z</time></trkpt><trkpt lat="42.797189" lon="-7.611553"><ele>406.150</ele><time>2025-10-22T11:27:52.144Z</time></trkpt><trkpt lat="42.797225" lon="-7.611594"><ele>405.863</ele><time>2025-10-22T11:27:57.145Z</time></trkpt><trkpt lat="42.797267" lon="-7.611637"><ele>405.038</ele><time>2025-10-22T11:28:02.145Z</time></trkpt><trkpt lat="42.797307" lon="-7.611684"><ele>404.311</ele><time>2025-10-22T11:28:07.144Z</time></trkpt><trkpt lat="42.797345" lon="-7.611721"><ele>403.897</ele><time>2025-10-22T11:28:12.144Z</time></trkpt><trkpt lat="42.797388" lon="-7.611761"><ele>403.498</ele><time>2025-10-22T11:28:17.144Z</time></trkpt><trkpt lat="42.797427" lon="-7.611802"><ele>403.115</ele><time>2025-10-22T11:28:22.145Z</time></trkpt><trkpt lat="42.797466" lon="-7.611841"><ele>403.026</ele><time>2025-10-22T11:28:27.145Z</time></trkpt><trkpt lat="42.797505" lon="-7.611883"><ele>403.009</ele><time>2025-10-22T11:28:32.145Z</time></trkpt><trkpt lat="42.797549" lon="-7.611927"><ele>402.641</ele><time>2025-10-22T11:28:37.144Z</time></trkpt><trkpt lat="42.797595" lon="-7.611970"><ele>402.312</ele><time>2025-10-22T11:28:42.144Z</time></trkpt><trkpt lat="42.797635" lon="-7.612011"><ele>402.026</ele><time>2025-10-22T11:28:47.144Z</time></trkpt><trkpt lat="42.797675" lon="-7.612055"><ele>401.880</ele><time>2025-10-22T11:28:52.144Z</time></trkpt><trkpt lat="42.797721" lon="-7.612097"><ele>401.763</ele><time>2025-10-22T11:28:57.144Z</time></trkpt><trkpt lat="42.797763" lon="-7.612134"><ele>401.746</ele><time>2025-10-22T11:29:02.144Z</time></trkpt><trkpt lat="42.797804" lon="-7.612173"><ele>401.631</ele><time>2025-10-22T11:29:07.144Z</time></trkpt><trkpt lat="42.797846" lon="-7.612212"><ele>401.554</ele><time>2025-10-22T11:29:12.144Z</time></trkpt><trkpt lat="42.797886" lon="-7.612256"><ele>401.390</ele><time>2025-10-22T11:29:17.144Z</time></trkpt><trkpt lat="42.797924" lon="-7.612305"><ele>401.138</ele><time>2025-10-22T11:29:22.144Z</time></trkpt><trkpt lat="42.797960" lon="-7.612361"><ele>401.070</ele><time>2025-10-22T11:29:27.144Z</time></trkpt><trkpt lat="42.797994" lon="-7.612417"><ele>401.017</ele><time>2025-10-22T11:29:32.144Z</time></trkpt><trkpt lat="42.798026" lon="-7.612467"><ele>401.009</ele><time>2025-10-22T11:29:37.144Z</time></trkpt><trkpt lat="42.798069" lon="-7.612509"><ele>400.965</ele><time>2025-10-22T11:29:43.145Z</time></trkpt><trkpt lat="42.798116" lon="-7.612540"><ele>400.676</ele><time>2025-10-22T11:29:48.144Z</time></trkpt><trkpt lat="42.798160" lon="-7.612569"><ele>400.350</ele><time>2025-10-22T11:29:53.144Z</time></trkpt><trkpt lat="42.798200" lon="-7.612599"><ele>400.124</ele><time>2025-10-22T11:29:58.144Z</time></trkpt><trkpt lat="42.798245" lon="-7.612628"><ele>400.017</ele><time>2025-10-22T11:30:03.144Z</time></trkpt><trkpt lat="42.798291" lon="-7.612653"><ele>399.860</ele><time>2025-10-22T11:30:08.144Z</time></trkpt><trkpt lat="42.798333" lon="-7.612686"><ele>399.715</ele><time>2025-10-22T11:30:13.144Z</time></trkpt><trkpt lat="42.798379" lon="-7.612716"><ele>399.768</ele><time>2025-10-22T11:30:18.144Z</time></trkpt><trkpt lat="42.798423" lon="-7.612748"><ele>399.974</ele><time>2025-10-22T11:30:23.144Z</time></trkpt><trkpt lat="42.798467" lon="-7.612778"><ele>400.082</ele><time>2025-10-22T11:30:28.145Z</time></trkpt><trkpt lat="42.798509" lon="-7.612804"><ele>400.143</ele><time>2025-10-22T11:30:34.144Z</time></trkpt><trkpt lat="42.798550" lon="-7.612836"><ele>400.317</ele><time>2025-10-22T11:30:41.144Z</time></trkpt><trkpt lat="42.798592" lon="-7.612869"><ele>400.409</ele><time>2025-10-22T11:30:46.145Z</time></trkpt><trkpt lat="42.798638" lon="-7.612895"><ele>400.280</ele><time>2025-10-22T11:30:51.144Z</time></trkpt><trkpt lat="42.798683" lon="-7.612929"><ele>399.931</ele><time>2025-10-22T11:30:56.144Z</time></trkpt><trkpt lat="42.798721" lon="-7.612965"><ele>399.885</ele><time>2025-10-22T11:31:00.144Z</time></trkpt><trkpt lat="42.798760" lon="-7.612998"><ele>399.689</ele><time>2025-10-22T11:31:04.144Z</time></trkpt><trkpt lat="42.798793" lon="-7.613039"><ele>399.622</ele><time>2025-10-22T11:31:08.144Z</time></trkpt><trkpt lat="42.798832" lon="-7.613094"><ele>399.515</ele><time>2025-10-22T11:31:13.144Z</time></trkpt><trkpt lat="42.798871" lon="-7.613139"><ele>399.470</ele><time>2025-10-22T11:31:18.145Z</time></trkpt><trkpt lat="42.798912" lon="-7.613184"><ele>399.013</ele><time>2025-10-22T11:31:23.146Z</time></trkpt><trkpt lat="42.798949" lon="-7.613233"><ele>398.639</ele><time>2025-10-22T11:31:28.145Z</time></trkpt><trkpt lat="42.798983" lon="-7.613283"><ele>398.126</ele><time>2025-10-22T11:31:33.146Z</time></trkpt><trkpt lat="42.799009" lon="-7.613340"><ele>397.847</ele><time>2025-10-22T11:31:38.145Z</time></trkpt><trkpt lat="42.799032" lon="-7.613403"><ele>397.611</ele><time>2025-10-22T11:31:43.146Z</time></trkpt><trkpt lat="42.799057" lon="-7.613456"><ele>397.209</ele><time>2025-10-22T11:31:48.145Z</time></trkpt><trkpt lat="42.799082" lon="-7.613509"><ele>397.024</ele><time>2025-10-22T11:31:53.145Z</time></trkpt><trkpt lat="42.799110" lon="-7.613563"><ele>396.715</ele><time>2025-10-22T11:31:58.145Z</time></trkpt><trkpt lat="42.799138" lon="-7.613619"><ele>396.469</ele><time>2025-10-22T11:32:03.145Z</time></trkpt><trkpt lat="42.799162" lon="-7.613672"><ele>395.813</ele><time>2025-10-22T11:32:08.145Z</time></trkpt><trkpt lat="42.799185" lon="-7.613727"><ele>395.336</ele><time>2025-10-22T11:32:13.145Z</time></trkpt><trkpt lat="42.799207" lon="-7.613787"><ele>394.739</ele><time>2025-10-22T11:32:18.145Z</time></trkpt><trkpt lat="42.799224" lon="-7.613855"><ele>394.394</ele><time>2025-10-22T11:32:23.145Z</time></trkpt><trkpt lat="42.799238" lon="-7.613925"><ele>393.887</ele><time>2025-10-22T11:32:28.145Z</time></trkpt><trkpt lat="42.799247" lon="-7.613990"><ele>393.563</ele><time>2025-10-22T11:32:33.146Z</time></trkpt><trkpt lat="42.799248" lon="-7.614059"><ele>393.216</ele><time>2025-10-22T11:32:38.145Z</time></trkpt><trkpt lat="42.799262" lon="-7.614127"><ele>392.876</ele><time>2025-10-22T11:32:44.145Z</time></trkpt><trkpt lat="42.799297" lon="-7.614168"><ele>392.113</ele><time>2025-10-22T11:32:49.145Z</time></trkpt><trkpt lat="42.799333" lon="-7.614214"><ele>391.509</ele><time>2025-10-22T11:32:54.146Z</time></trkpt><trkpt lat="42.799370" lon="-7.614253"><ele>391.023</ele><time>2025-10-22T11:32:59.146Z</time></trkpt><trkpt lat="42.799411" lon="-7.614285"><ele>390.424</ele><time>2025-10-22T11:33:04.145Z</time></trkpt><trkpt lat="42.799457" lon="-7.614322"><ele>390.098</ele><time>2025-10-22T11:33:10.146Z</time></trkpt><trkpt lat="42.799496" lon="-7.614354"><ele>389.992</ele><time>2025-10-22T11:33:15.145Z</time></trkpt><trkpt lat="42.799537" lon="-7.614386"><ele>389.965</ele><time>2025-10-22T11:33:20.145Z</time></trkpt><trkpt lat="42.799578" lon="-7.614426"><ele>390.018</ele><time>2025-10-22T11:33:25.146Z</time></trkpt><trkpt lat="42.799621" lon="-7.614464"><ele>390.043</ele><time>2025-10-22T11:33:30.145Z</time></trkpt><trkpt lat="42.799660" lon="-7.614498"><ele>390.066</ele><time>2025-10-22T11:33:35.145Z</time></trkpt><trkpt lat="42.799703" lon="-7.614535"><ele>390.032</ele><time>2025-10-22T11:33:40.145Z</time></trkpt><trkpt lat="42.799747" lon="-7.614566"><ele>390.123</ele><time>2025-10-22T11:33:45.145Z</time></trkpt><trkpt lat="42.799792" lon="-7.614611"><ele>390.183</ele><time>2025-10-22T11:33:50.145Z</time></trkpt><trkpt lat="42.799831" lon="-7.614659"><ele>390.111</ele><time>2025-10-22T11:33:55.145Z</time></trkpt><trkpt lat="42.799868" lon="-7.614706"><ele>390.009</ele><time>2025-10-22T11:34:00.145Z</time></trkpt><trkpt lat="42.799906" lon="-7.614752"><ele>389.944</ele><time>2025-10-22T11:34:05.145Z</time></trkpt><trkpt lat="42.799947" lon="-7.614798"><ele>389.865</ele><time>2025-10-22T11:34:10.146Z</time></trkpt><trkpt lat="42.799980" lon="-7.614843"><ele>389.669</ele><time>2025-10-22T11:34:14.145Z</time></trkpt><trkpt lat="42.800001" lon="-7.614900"><ele>389.483</ele><time>2025-10-22T11:34:18.145Z</time></trkpt><trkpt lat="42.800027" lon="-7.614963"><ele>389.156</ele><time>2025-10-22T11:34:23.146Z</time></trkpt><trkpt lat="42.800057" lon="-7.615017"><ele>388.949</ele><time>2025-10-22T11:34:28.146Z</time></trkpt><trkpt lat="42.800086" lon="-7.615067"><ele>388.834</ele><time>2025-10-22T11:34:33.146Z</time></trkpt><trkpt lat="42.800129" lon="-7.615142"><ele>388.517</ele><time>2025-10-22T11:34:38.145Z</time></trkpt><trkpt lat="42.800143" lon="-7.615208"><ele>388.383</ele><time>2025-10-22T11:34:44.145Z</time></trkpt><trkpt lat="42.800160" lon="-7.615271"><ele>388.056</ele><time>2025-10-22T11:34:49.146Z</time></trkpt><trkpt lat="42.800178" lon="-7.615332"><ele>387.859</ele><time>2025-10-22T11:34:54.145Z</time></trkpt><trkpt lat="42.800195" lon="-7.615394"><ele>387.614</ele><time>2025-10-22T11:34:59.146Z</time></trkpt><trkpt lat="42.800212" lon="-7.615459"><ele>387.309</ele><time>2025-10-22T11:35:04.145Z</time></trkpt><trkpt lat="42.800222" lon="-7.615526"><ele>387.187</ele><time>2025-10-22T11:35:09.145Z</time></trkpt><trkpt lat="42.800224" lon="-7.615601"><ele>386.718</ele><time>2025-10-22T11:35:14.145Z</time></trkpt><trkpt lat="42.800255" lon="-7.615656"><ele>386.322</ele><time>2025-10-22T11:35:21.146Z</time></trkpt><trkpt lat="42.800295" lon="-7.615701"><ele>385.996</ele><time>2025-10-22T11:35:27.145Z</time></trkpt><trkpt lat="42.800334" lon="-7.615737"><ele>385.449</ele><time>2025-10-22T11:35:32.145Z</time></trkpt><trkpt lat="42.800356" lon="-7.615794"><ele>384.892</ele><time>2025-10-22T11:35:40.145Z</time></trkpt><trkpt lat="42.800400" lon="-7.615816"><ele>384.327</ele><time>2025-10-22T11:35:47.146Z</time></trkpt><trkpt lat="42.800439" lon="-7.615854"><ele>383.550</ele><time>2025-10-22T11:35:54.145Z</time></trkpt><trkpt lat="42.800486" lon="-7.615884"><ele>382.886</ele><time>2025-10-22T11:35:59.145Z</time></trkpt><trkpt lat="42.800522" lon="-7.615933"><ele>381.889</ele><time>2025-10-22T11:36:04.145Z</time></trkpt><trkpt lat="42.800564" lon="-7.615956"><ele>381.106</ele><time>2025-10-22T11:36:11.146Z</time></trkpt><trkpt lat="42.800595" lon="-7.616002"><ele>380.026</ele><time>2025-10-22T11:36:19.145Z</time></trkpt><trkpt lat="42.800618" lon="-7.616056"><ele>378.809</ele><time>2025-10-22T11:36:53.145Z</time></trkpt><trkpt lat="42.800646" lon="-7.616114"><ele>377.320</ele><time>2025-10-22T11:37:01.146Z</time></trkpt><trkpt lat="42.800616" lon="-7.616027"><ele>379.351</ele><time>2025-10-22T11:37:15.145Z</time></trkpt><trkpt lat="42.800682" lon="-7.616048"><ele>377.845</ele><time>2025-10-22T11:37:28.145Z</time></trkpt><trkpt lat="42.800686" lon="-7.616112"><ele>376.669</ele><time>2025-10-22T11:37:33.146Z</time></trkpt><trkpt lat="42.800607" lon="-7.616097"><ele>378.342</ele><time>2025-10-22T11:37:36.146Z</time></trkpt><trkpt lat="42.800661" lon="-7.616117"><ele>377.035</ele><time>2025-10-22T11:38:03.146Z</time></trkpt><trkpt lat="42.800654" lon="-7.616190"><ele>375.950</ele><time>2025-10-22T11:38:38.145Z</time></trkpt><trkpt lat="42.800702" lon="-7.616237"><ele>374.343</ele><time>2025-10-22T11:39:00.146Z</time></trkpt><trkpt lat="42.800729" lon="-7.616289"><ele>373.119</ele><time>2025-10-22T11:39:18.145Z</time></trkpt><trkpt lat="42.800747" lon="-7.616350"><ele>371.885</ele><time>2025-10-22T11:39:23.146Z</time></trkpt><trkpt lat="42.800743" lon="-7.616413"><ele>370.889</ele><time>2025-10-22T11:39:33.145Z</time></trkpt><trkpt lat="42.800705" lon="-7.616448"><ele>370.717</ele><time>2025-10-22T11:40:02Z</time></trkpt><trkpt lat="42.800718" lon="-7.616512"><ele>369.209</ele><time>2025-10-22T11:40:35.146Z</time></trkpt><trkpt lat="42.800724" lon="-7.616579"><ele>367.750</ele><time>2025-10-22T11:40:58.145Z</time></trkpt><trkpt lat="42.800725" lon="-7.616647"><ele>366.391</ele><time>2025-10-22T11:41:05.145Z</time></trkpt><trkpt lat="42.800712" lon="-7.616711"><ele>365.525</ele><time>2025-10-22T11:41:15.145Z</time></trkpt><trkpt lat="42.800715" lon="-7.616778"><ele>364.429</ele><time>2025-10-22T11:41:22.145Z</time></trkpt><trkpt lat="42.800717" lon="-7.616842"><ele>363.382</ele><time>2025-10-22T11:41:44.146Z</time></trkpt><trkpt lat="42.800731" lon="-7.616903"><ele>362.155</ele><time>2025-10-22T11:42:04.146Z</time></trkpt><trkpt lat="42.800755" lon="-7.616958"><ele>360.920</ele><time>2025-10-22T11:42:44.145Z</time></trkpt><trkpt lat="42.800776" lon="-7.617016"><ele>359.823</ele><time>2025-10-22T11:43:05.145Z</time></trkpt><trkpt lat="42.800816" lon="-7.617059"><ele>358.679</ele><time>2025-10-22T11:43:26.145Z</time></trkpt><trkpt lat="42.800826" lon="-7.617121"><ele>357.656</ele><time>2025-10-22T11:43:58.145Z</time></trkpt><trkpt lat="42.800873" lon="-7.617111"><ele>356.759</ele><time>2025-10-22T11:44:16.145Z</time></trkpt><trkpt lat="42.800922" lon="-7.617110"><ele>355.614</ele><time>2025-10-22T11:44:48.145Z</time></trkpt><trkpt lat="42.800977" lon="-7.617098"><ele>354.509</ele><time>2025-10-22T11:44:53.146Z</time></trkpt><trkpt lat="42.801022" lon="-7.617068"><ele>353.887</ele><time>2025-10-22T11:45:00.145Z</time></trkpt><trkpt lat="42.801060" lon="-7.617023"><ele>353.418</ele><time>2025-10-22T11:45:06.145Z</time></trkpt><trkpt lat="42.801094" lon="-7.616965"><ele>353.282</ele><time>2025-10-22T11:45:12.145Z</time></trkpt><trkpt lat="42.801124" lon="-7.616909"><ele>353.176</ele><time>2025-10-22T11:45:17.145Z</time></trkpt><trkpt lat="42.801159" lon="-7.616857"><ele>352.889</ele><time>2025-10-22T11:45:22.145Z</time></trkpt><trkpt lat="42.801190" lon="-7.616812"><ele>352.512</ele><time>2025-10-22T11:45:28.145Z</time></trkpt><trkpt lat="42.801227" lon="-7.616761"><ele>352.017</ele><time>2025-10-22T11:45:35.145Z</time></trkpt><trkpt lat="42.801254" lon="-7.616712"><ele>351.840</ele><time>2025-10-22T11:45:40.145Z</time></trkpt><trkpt lat="42.801286" lon="-7.616654"><ele>351.696</ele><time>2025-10-22T11:45:46.145Z</time></trkpt><trkpt lat="42.801318" lon="-7.616598"><ele>351.585</ele><time>2025-10-22T11:45:52.145Z</time></trkpt><trkpt lat="42.801365" lon="-7.616581"><ele>350.389</ele><time>2025-10-22T11:45:58.145Z</time></trkpt><trkpt lat="42.801410" lon="-7.616569"><ele>349.117</ele><time>2025-10-22T11:47:52.146Z</time></trkpt><trkpt lat="42.801443" lon="-7.616515"><ele>349.009</ele><time>2025-10-22T11:47:58.146Z</time></trkpt><trkpt lat="42.801473" lon="-7.616464"><ele>348.930</ele><time>2025-10-22T11:48:04.146Z</time></trkpt><trkpt lat="42.801494" lon="-7.616408"><ele>349.351</ele><time>2025-10-22T11:48:58.146Z</time></trkpt><trkpt lat="42.801525" lon="-7.616347"><ele>349.345</ele><time>2025-10-22T11:49:04.146Z</time></trkpt><trkpt lat="42.801558" lon="-7.616306"><ele>349.199</ele><time>2025-10-22T11:49:09.146Z</time></trkpt><trkpt lat="42.801585" lon="-7.616251"><ele>349.392</ele><time>2025-10-22T11:49:14.146Z</time></trkpt><trkpt lat="42.801622" lon="-7.616202"><ele>349.355</ele><time>2025-10-22T11:49:19.146Z</time></trkpt><trkpt lat="42.801658" lon="-7.616153"><ele>349.340</ele><time>2025-10-22T11:49:24.147Z</time></trkpt><trkpt lat="42.801695" lon="-7.616099"><ele>349.753</ele><time>2025-10-22T11:49:29.146Z</time></trkpt><trkpt lat="42.801721" lon="-7.616046"><ele>350.389</ele><time>2025-10-22T11:49:33.147Z</time></trkpt><trkpt lat="42.801752" lon="-7.615985"><ele>351.096</ele><time>2025-10-22T11:49:41.146Z</time></trkpt><trkpt lat="42.801785" lon="-7.615937"><ele>351.531</ele><time>2025-10-22T11:49:45.146Z</time></trkpt><trkpt lat="42.801820" lon="-7.615897"><ele>351.724</ele><time>2025-10-22T11:49:49.146Z</time></trkpt><trkpt lat="42.801854" lon="-7.615854"><ele>352.109</ele><time>2025-10-22T11:49:53.146Z</time></trkpt><trkpt lat="42.801890" lon="-7.615811"><ele>352.331</ele><time>2025-10-22T11:49:57.146Z</time></trkpt><trkpt lat="42.801925" lon="-7.615760"><ele>352.292</ele><time>2025-10-22T11:50:01.146Z</time></trkpt><trkpt lat="42.801959" lon="-7.615714"><ele>351.286</ele><time>2025-10-22T11:50:05.146Z</time></trkpt><trkpt lat="42.801993" lon="-7.615671"><ele>349.160</ele><time>2025-10-22T11:50:11.146Z</time></trkpt><trkpt lat="42.802016" lon="-7.615618"><ele>347.873</ele><time>2025-10-22T11:50:32Z</time></trkpt><trkpt lat="42.802058" lon="-7.615584"><ele>344.846</ele><time>2025-10-22T11:50:39.146Z</time></trkpt><trkpt lat="42.802058" lon="-7.615511"><ele>346.121</ele><time>2025-10-22T11:51:54.146Z</time></trkpt><trkpt lat="42.802074" lon="-7.615452"><ele>346.644</ele><time>2025-10-22T11:52:04.146Z</time></trkpt><trkpt lat="42.802085" lon="-7.615392"><ele>347.670</ele><time>2025-10-22T11:52:08.147Z</time></trkpt><trkpt lat="42.802095" lon="-7.615321"><ele>349.289</ele><time>2025-10-22T11:52:13.146Z</time></trkpt><trkpt lat="42.802105" lon="-7.615251"><ele>350.306</ele><time>2025-10-22T11:52:19.147Z</time></trkpt><trkpt lat="42.802124" lon="-7.615190"><ele>350.026</ele><time>2025-10-22T11:52:24.146Z</time></trkpt><trkpt lat="42.802158" lon="-7.615140"><ele>348.909</ele><time>2025-10-22T11:52:29.146Z</time></trkpt><trkpt lat="42.802205" lon="-7.615129"><ele>346.870</ele><time>2025-10-22T11:52:34.146Z</time></trkpt><trkpt lat="42.802253" lon="-7.615147"><ele>344.471</ele><time>2025-10-22T11:52:49.146Z</time></trkpt><trkpt lat="42.802299" lon="-7.615174"><ele>341.915</ele><time>2025-10-22T11:52:54.146Z</time></trkpt><trkpt lat="42.802341" lon="-7.615204"><ele>339.799</ele><time>2025-10-22T11:52:59.146Z</time></trkpt><trkpt lat="42.802383" lon="-7.615235"><ele>337.692</ele><time>2025-10-22T11:53:04.146Z</time></trkpt><trkpt lat="42.802428" lon="-7.615265"><ele>335.435</ele><time>2025-10-22T11:53:10.147Z</time></trkpt><trkpt lat="42.802477" lon="-7.615294"><ele>333.030</ele><time>2025-10-22T11:53:16.147Z</time></trkpt><trkpt lat="42.802519" lon="-7.615320"><ele>332.073</ele><time>2025-10-22T11:53:21.146Z</time></trkpt><trkpt lat="42.802547" lon="-7.615375"><ele>332.079</ele><time>2025-10-22T11:53:26.147Z</time></trkpt><trkpt lat="42.802589" lon="-7.615352"><ele>332.046</ele><time>2025-10-22T11:53:44.147Z</time></trkpt><trkpt lat="42.802642" lon="-7.615385"><ele>332.088</ele><time>2025-10-22T11:53:48.146Z</time></trkpt><trkpt lat="42.802690" lon="-7.615405"><ele>332.016</ele><time>2025-10-22T11:53:52.146Z</time></trkpt><trkpt lat="42.802732" lon="-7.615428"><ele>332.009</ele><time>2025-10-22T11:53:56.146Z</time></trkpt><trkpt lat="42.802771" lon="-7.615464"><ele>332.046</ele><time>2025-10-22T11:54:05.147Z</time></trkpt><trkpt lat="42.802817" lon="-7.615496"><ele>332.077</ele><time>2025-10-22T11:54:09.146Z</time></trkpt><trkpt lat="42.802863" lon="-7.615526"><ele>332.071</ele><time>2025-10-22T11:54:13.146Z</time></trkpt><trkpt lat="42.802913" lon="-7.615556"><ele>332.075</ele><time>2025-10-22T11:54:17.146Z</time></trkpt><trkpt lat="42.802956" lon="-7.615586"><ele>332.098</ele><time>2025-10-22T11:54:21.146Z</time></trkpt><trkpt lat="42.803001" lon="-7.615624"><ele>332.061</ele><time>2025-10-22T11:54:26.146Z</time></trkpt><trkpt lat="42.803046" lon="-7.615653"><ele>332.056</ele><time>2025-10-22T11:54:32.146Z</time></trkpt><trkpt lat="42.803089" lon="-7.615680"><ele>332.059</ele><time>2025-10-22T11:54:39.146Z</time></trkpt><trkpt lat="42.803130" lon="-7.615710"><ele>332.055</ele><time>2025-10-22T11:54:44.146Z</time></trkpt><trkpt lat="42.803178" lon="-7.615732"><ele>332.026</ele><time>2025-10-22T11:54:49.146Z</time></trkpt><trkpt lat="42.803219" lon="-7.615758"><ele>332.047</ele><time>2025-10-22T11:54:56.146Z</time></trkpt><trkpt lat="42.803258" lon="-7.615805"><ele>332.011</ele><time>2025-10-22T11:55:00.146Z</time></trkpt><trkpt lat="42.803309" lon="-7.615817"><ele>332.009</ele><time>2025-10-22T11:55:04.146Z</time></trkpt><trkpt lat="42.803355" lon="-7.615852"><ele>332.064</ele><time>2025-10-22T11:55:18.146Z</time></trkpt><trkpt lat="42.803403" lon="-7.615886"><ele>332.095</ele><time>2025-10-22T11:55:23.146Z</time></trkpt><trkpt lat="42.803442" lon="-7.615918"><ele>332.029</ele><time>2025-10-22T11:55:27.146Z</time></trkpt><trkpt lat="42.803485" lon="-7.615947"><ele>332.083</ele><time>2025-10-22T11:55:31.146Z</time></trkpt><trkpt lat="42.803532" lon="-7.615975"><ele>332.016</ele><time>2025-10-22T11:55:35.147Z</time></trkpt><trkpt lat="42.803580" lon="-7.615999"><ele>332.049</ele><time>2025-10-22T11:55:39.146Z</time></trkpt><trkpt lat="42.803626" lon="-7.616026"><ele>332.034</ele><time>2025-10-22T11:55:43.146Z</time></trkpt><trkpt lat="42.803672" lon="-7.616053"><ele>332.017</ele><time>2025-10-22T11:55:47.147Z</time></trkpt><trkpt lat="42.803716" lon="-7.616082"><ele>332.033</ele><time>2025-10-22T11:55:51.146Z</time></trkpt><trkpt lat="42.803758" lon="-7.616112"><ele>332.096</ele><time>2025-10-22T11:55:55.146Z</time></trkpt><trkpt lat="42.803799" lon="-7.616141"><ele>332.031</ele><time>2025-10-22T11:55:59.146Z</time></trkpt><trkpt lat="42.803846" lon="-7.616171"><ele>332.024</ele><time>2025-10-22T11:56:04.147Z</time></trkpt><trkpt lat="42.803890" lon="-7.616188"><ele>332.009</ele><time>2025-10-22T11:56:16.147Z</time></trkpt><trkpt lat="42.803932" lon="-7.616215"><ele>332.081</ele><time>2025-10-22T11:56:20.146Z</time></trkpt><trkpt lat="42.803980" lon="-7.616257"><ele>332.092</ele><time>2025-10-22T11:56:25.146Z</time></trkpt><trkpt lat="42.804024" lon="-7.616290"><ele>332.016</ele><time>2025-10-22T11:56:29.146Z</time></trkpt><trkpt lat="42.804068" lon="-7.616321"><ele>332.050</ele><time>2025-10-22T11:56:33.146Z</time></trkpt><trkpt lat="42.804110" lon="-7.616353"><ele>332.083</ele><time>2025-10-22T11:56:37.146Z</time></trkpt><trkpt lat="42.804151" lon="-7.616382"><ele>332.026</ele><time>2025-10-22T11:56:41.146Z</time></trkpt><trkpt lat="42.804190" lon="-7.616431"><ele>332.341</ele><time>2025-10-22T11:56:57.146Z</time></trkpt><trkpt lat="42.804241" lon="-7.616450"><ele>332.944</ele><time>2025-10-22T11:57:01.146Z</time></trkpt><trkpt lat="42.804286" lon="-7.616475"><ele>333.680</ele><time>2025-10-22T11:57:05.147Z</time></trkpt><trkpt lat="42.804327" lon="-7.616504"><ele>334.263</ele><time>2025-10-22T11:57:09.146Z</time></trkpt><trkpt lat="42.804375" lon="-7.616534"><ele>335.044</ele><time>2025-10-22T11:57:14.146Z</time></trkpt><trkpt lat="42.804423" lon="-7.616564"><ele>335.918</ele><time>2025-10-22T11:57:19.146Z</time></trkpt><trkpt lat="42.804470" lon="-7.616597"><ele>337.009</ele><time>2025-10-22T11:57:24.146Z</time></trkpt><trkpt lat="42.804520" lon="-7.616627"><ele>338.148</ele><time>2025-10-22T11:57:29.146Z</time></trkpt><trkpt lat="42.804570" lon="-7.616654"><ele>339.229</ele><time>2025-10-22T11:57:34.146Z</time></trkpt><trkpt lat="42.804616" lon="-7.616685"><ele>340.183</ele><time>2025-10-22T11:57:39.146Z</time></trkpt><trkpt lat="42.804655" lon="-7.616717"><ele>340.847</ele><time>2025-10-22T11:57:43.147Z</time></trkpt><trkpt lat="42.804700" lon="-7.616750"><ele>341.620</ele><time>2025-10-22T11:57:48.146Z</time></trkpt><trkpt lat="42.804749" lon="-7.616776"><ele>342.573</ele><time>2025-10-22T11:57:53.146Z</time></trkpt><trkpt lat="42.804796" lon="-7.616813"><ele>343.558</ele><time>2025-10-22T11:57:59.146Z</time></trkpt><trkpt lat="42.804841" lon="-7.616846"><ele>344.471</ele><time>2025-10-22T11:58:05.146Z</time></trkpt><trkpt lat="42.804890" lon="-7.616875"><ele>345.537</ele><time>2025-10-22T11:58:11.146Z</time></trkpt><trkpt lat="42.804941" lon="-7.616883"><ele>346.629</ele><time>2025-10-22T11:58:16.146Z</time></trkpt><trkpt lat="42.804990" lon="-7.616877"><ele>347.600</ele><time>2025-10-22T11:58:22.146Z</time></trkpt><trkpt lat="42.805035" lon="-7.616892"><ele>348.820</ele><time>2025-10-22T11:58:32.146Z</time></trkpt><trkpt lat="42.805077" lon="-7.616920"><ele>350.109</ele><time>2025-10-22T11:59:57.146Z</time></trkpt><trkpt lat="42.805122" lon="-7.616940"><ele>351.594</ele><time>2025-10-22T12:00:09.146Z</time></trkpt><trkpt lat="42.805161" lon="-7.616971"><ele>352.685</ele><time>2025-10-22T12:00:36.147Z</time></trkpt><trkpt lat="42.805211" lon="-7.617006"><ele>354.079</ele><time>2025-10-22T12:00:50.146Z</time></trkpt><trkpt lat="42.805253" lon="-7.617048"><ele>355.363</ele><time>2025-10-22T12:00:55.146Z</time></trkpt><trkpt lat="42.805300" lon="-7.617083"><ele>356.646</ele><time>2025-10-22T12:01:03.146Z</time></trkpt><trkpt lat="42.805345" lon="-7.617110"><ele>357.739</ele><time>2025-10-22T12:01:10.147Z</time></trkpt><trkpt lat="42.805381" lon="-7.617150"><ele>358.854</ele><time>2025-10-22T12:01:18.146Z</time></trkpt><trkpt lat="42.805410" lon="-7.617201"><ele>359.767</ele><time>2025-10-22T12:01:25.146Z</time></trkpt><trkpt lat="42.805458" lon="-7.617203"><ele>361.133</ele><time>2025-10-22T12:01:36.146Z</time></trkpt><trkpt lat="42.805506" lon="-7.617189"><ele>362.447</ele><time>2025-10-22T12:01:41.146Z</time></trkpt><trkpt lat="42.805560" lon="-7.617177"><ele>363.829</ele><time>2025-10-22T12:01:47.146Z</time></trkpt><trkpt lat="42.805612" lon="-7.617148"><ele>364.721</ele><time>2025-10-22T12:01:52.146Z</time></trkpt><trkpt lat="42.805652" lon="-7.617106"><ele>365.409</ele><time>2025-10-22T12:01:57.146Z</time></trkpt><trkpt lat="42.805676" lon="-7.617044"><ele>365.676</ele><time>2025-10-22T12:02:13.146Z</time></trkpt><trkpt lat="42.805701" lon="-7.616988"><ele>365.977</ele><time>2025-10-22T12:02:20.146Z</time></trkpt><trkpt lat="42.805745" lon="-7.616955"><ele>366.821</ele><time>2025-10-22T12:02:27.147Z</time></trkpt><trkpt lat="42.805780" lon="-7.616912"><ele>367.525</ele><time>2025-10-22T12:02:33.146Z</time></trkpt><trkpt lat="42.805821" lon="-7.616867"><ele>368.468</ele><time>2025-10-22T12:02:39.146Z</time></trkpt><trkpt lat="42.805856" lon="-7.616826"><ele>369.051</ele><time>2025-10-22T12:02:57.146Z</time></trkpt><trkpt lat="42.805893" lon="-7.616791"><ele>369.676</ele><time>2025-10-22T12:03:03.146Z</time></trkpt><trkpt lat="42.805929" lon="-7.616744"><ele>370.299</ele><time>2025-10-22T12:03:09.146Z</time></trkpt><trkpt lat="42.805966" lon="-7.616703"><ele>370.995</ele><time>2025-10-22T12:03:18.146Z</time></trkpt><trkpt lat="42.806007" lon="-7.616671"><ele>371.831</ele><time>2025-10-22T12:03:31.146Z</time></trkpt><trkpt lat="42.806056" lon="-7.616637"><ele>372.861</ele><time>2025-10-22T12:03:37.147Z</time></trkpt><trkpt lat="42.806075" lon="-7.616693"><ele>373.207</ele><time>2025-10-22T12:03:50.146Z</time></trkpt><trkpt lat="42.806115" lon="-7.616647"><ele>374.109</ele><time>2025-10-22T12:04:15.146Z</time></trkpt><trkpt lat="42.806158" lon="-7.616628"><ele>374.765</ele><time>2025-10-22T12:04:19.146Z</time></trkpt><trkpt lat="42.806203" lon="-7.616660"><ele>375.386</ele><time>2025-10-22T12:04:24.146Z</time></trkpt><trkpt lat="42.806249" lon="-7.616664"><ele>376.050</ele><time>2025-10-22T12:04:30.146Z</time></trkpt><trkpt lat="42.806276" lon="-7.616715"><ele>376.474</ele><time>2025-10-22T12:04:37.146Z</time></trkpt><trkpt lat="42.806320" lon="-7.616730"><ele>377.087</ele><time>2025-10-22T12:05:00.146Z</time></trkpt></trkseg></trk></gpx>