<?xml version="1.0" encoding="UTF-8"?><gpx creator="Wikiloc - https://www.wikiloc.com" version="1.1" xmlns="http://www.topografix.com/GPX/1/1" xmlns:xsi="http://www.w3.org/2001/XMLSchema-instance" xsi:schemaLocation="http://www.topografix.com/GPX/1/1 http://www.topografix.com/GPX/1/1/gpx.xsd"><metadata><name>Wikiloc - Camino Santiago Etapa Portomarín - Melide</name><author><name>judanilova</name><link href="https://www.wikiloc.com/wikiloc/user.do?id=3186166"><text>judanilova on Wikiloc</text></link></author><link href="https://www.wikiloc.com/hiking-trails/camino-santiago-etapa-portomarin-melide-108071089"><text>Camino Santiago Etapa Portomarín - Melide on Wikiloc</text></link><time>2022-07-16T18:23:45Z</time></metadata><trk><name>Camino Santiago Etapa Portomarín - Melide - Wikiloc</name><cmt></cmt><desc></desc><trkseg><trkpt lat="42.806572" lon="-7.615730"><ele>375.669</ele><time>2022-07-16T05:15:05Z</time></trkpt><trkpt lat="42.806535" lon="-7.615780"><ele>377.104</ele><time>2022-07-16T05:15:11Z</time></trkpt><trkpt lat="42.806511" lon="-7.615839"><ele>378.224</ele><time>2022-07-16T05:15:16Z</time></trkpt><trkpt lat="42.806481" lon="-7.615890"><ele>378.009</ele><time>2022-07-16T05:15:22Z</time></trkpt><trkpt lat="42.806452" lon="-7.615937"><ele>377.847</ele><time>2022-07-16T05:15:26Z</time></trkpt><trkpt lat="42.806427" lon="-7.615997"><ele>377.726</ele><time>2022-07-16T05:15:31Z</time></trkpt><trkpt lat="42.806446" lon="-7.616070"><ele>377.844</ele><time>2022-07-16T05:15:37Z</time></trkpt><trkpt lat="42.806482" lon="-7.616120"><ele>377.886</ele><time>2022-07-16T05:15:42Z</time></trkpt><trkpt lat="42.806526" lon="-7.616165"><ele>377.893</ele><time>2022-07-16T05:15:48Z</time></trkpt><trkpt lat="42.806557" lon="-7.616232"><ele>378.487</ele><time>2022-07-16T05:15:51Z</time></trkpt><trkpt lat="42.806587" lon="-7.616285"><ele>379.336</ele><time>2022-07-16T05:15:54Z</time></trkpt><trkpt lat="42.806631" lon="-7.616314"><ele>379.564</ele><time>2022-07-16T05:15:59Z</time></trkpt><trkpt lat="42.806670" lon="-7.616358"><ele>379.885</ele><time>2022-07-16T05:16:04Z</time></trkpt><trkpt lat="42.806706" lon="-7.616396"><ele>380.152</ele><time>2022-07-16T05:16:09Z</time></trkpt><trkpt lat="42.806741" lon="-7.616452"><ele>380.653</ele><time>2022-07-16T05:16:16Z</time></trkpt><trkpt lat="42.806787" lon="-7.616576"><ele>381.708</ele><time>2022-07-16T05:16:36Z</time></trkpt><trkpt lat="42.806768" lon="-7.616639"><ele>382.609</ele><time>2022-07-16T05:16:39Z</time></trkpt><trkpt lat="42.806718" lon="-7.616656"><ele>384.066</ele><time>2022-07-16T05:16:41Z</time></trkpt><trkpt lat="42.806669" lon="-7.616702"><ele>384.045</ele><time>2022-07-16T05:16:46Z</time></trkpt><trkpt lat="42.806621" lon="-7.616746"><ele>384.073</ele><time>2022-07-16T05:16:50Z</time></trkpt><trkpt lat="42.806586" lon="-7.616808"><ele>383.625</ele><time>2022-07-16T05:16:55Z</time></trkpt><trkpt lat="42.806571" lon="-7.616875"><ele>383.252</ele><time>2022-07-16T05:16:58Z</time></trkpt><trkpt lat="42.806552" lon="-7.616936"><ele>382.786</ele><time>2022-07-16T05:17:02Z</time></trkpt><trkpt lat="42.806504" lon="-7.616984"><ele>382.415</ele><time>2022-07-16T05:17:06Z</time></trkpt><trkpt lat="42.806477" lon="-7.617042"><ele>382.283</ele><time>2022-07-16T05:17:10Z</time></trkpt><trkpt lat="42.806429" lon="-7.617092"><ele>381.574</ele><time>2022-07-16T05:17:14Z</time></trkpt><trkpt lat="42.806397" lon="-7.617138"><ele>381.353</ele><time>2022-07-16T05:17:18Z</time></trkpt><trkpt lat="42.806375" lon="-7.617197"><ele>381.104</ele><time>2022-07-16T05:17:22Z</time></trkpt><trkpt lat="42.806354" lon="-7.617262"><ele>381.014</ele><time>2022-07-16T05:17:27Z</time></trkpt><trkpt lat="42.806333" lon="-7.617329"><ele>380.809</ele><time>2022-07-16T05:17:32Z</time></trkpt><trkpt lat="42.806315" lon="-7.617396"><ele>380.456</ele><time>2022-07-16T05:17:36Z</time></trkpt><trkpt lat="42.806309" lon="-7.617463"><ele>380.185</ele><time>2022-07-16T05:17:40Z</time></trkpt><trkpt lat="42.806291" lon="-7.617523"><ele>379.833</ele><time>2022-07-16T05:17:44Z</time></trkpt><trkpt lat="42.806282" lon="-7.617596"><ele>379.565</ele><time>2022-07-16T05:17:49Z</time></trkpt><trkpt lat="42.806269" lon="-7.617668"><ele>379.122</ele><time>2022-07-16T05:17:54Z</time></trkpt><trkpt lat="42.806247" lon="-7.617732"><ele>378.726</ele><time>2022-07-16T05:17:58Z</time></trkpt><trkpt lat="42.806232" lon="-7.617802"><ele>378.325</ele><time>2022-07-16T05:18:03Z</time></trkpt><trkpt lat="42.806224" lon="-7.617877"><ele>377.883</ele><time>2022-07-16T05:18:07Z</time></trkpt><trkpt lat="42.806232" lon="-7.617948"><ele>377.584</ele><time>2022-07-16T05:18:11Z</time></trkpt><trkpt lat="42.806236" lon="-7.618014"><ele>377.112</ele><time>2022-07-16T05:18:14Z</time></trkpt><trkpt lat="42.806245" lon="-7.618081"><ele>376.832</ele><time>2022-07-16T05:18:18Z</time></trkpt><trkpt lat="42.806261" lon="-7.618158"><ele>376.505</ele><time>2022-07-16T05:18:22Z</time></trkpt><trkpt lat="42.806267" lon="-7.618228"><ele>376.109</ele><time>2022-07-16T05:18:26Z</time></trkpt><trkpt lat="42.806286" lon="-7.618299"><ele>375.732</ele><time>2022-07-16T05:18:30Z</time></trkpt><trkpt lat="42.806309" lon="-7.618357"><ele>375.351</ele><time>2022-07-16T05:18:34Z</time></trkpt><trkpt lat="42.806327" lon="-7.618418"><ele>374.939</ele><time>2022-07-16T05:18:38Z</time></trkpt><trkpt lat="42.806338" lon="-7.618481"><ele>374.531</ele><time>2022-07-16T05:18:41Z</time></trkpt><trkpt lat="42.806357" lon="-7.618548"><ele>374.178</ele><time>2022-07-16T05:18:45Z</time></trkpt><trkpt lat="42.806382" lon="-7.618621"><ele>373.822</ele><time>2022-07-16T05:18:49Z</time></trkpt><trkpt lat="42.806401" lon="-7.618690"><ele>373.591</ele><time>2022-07-16T05:18:53Z</time></trkpt><trkpt lat="42.806421" lon="-7.618760"><ele>373.119</ele><time>2022-07-16T05:18:57Z</time></trkpt><trkpt lat="42.806442" lon="-7.618828"><ele>372.430</ele><time>2022-07-16T05:19:01Z</time></trkpt><trkpt lat="42.806458" lon="-7.618896"><ele>372.048</ele><time>2022-07-16T05:19:06Z</time></trkpt><trkpt lat="42.806475" lon="-7.618975"><ele>371.661</ele><time>2022-07-16T05:19:10Z</time></trkpt><trkpt lat="42.806494" lon="-7.619043"><ele>371.117</ele><time>2022-07-16T05:19:14Z</time></trkpt><trkpt lat="42.806512" lon="-7.619111"><ele>370.709</ele><time>2022-07-16T05:19:18Z</time></trkpt><trkpt lat="42.806512" lon="-7.619187"><ele>370.445</ele><time>2022-07-16T05:19:22Z</time></trkpt><trkpt lat="42.806526" lon="-7.619261"><ele>369.834</ele><time>2022-07-16T05:19:26Z</time></trkpt><trkpt lat="42.806538" lon="-7.619323"><ele>369.542</ele><time>2022-07-16T05:19:30Z</time></trkpt><trkpt lat="42.806549" lon="-7.619393"><ele>369.074</ele><time>2022-07-16T05:19:34Z</time></trkpt><trkpt lat="42.806552" lon="-7.619465"><ele>368.531</ele><time>2022-07-16T05:19:38Z</time></trkpt><trkpt lat="42.806558" lon="-7.619544"><ele>368.085</ele><time>2022-07-16T05:19:42Z</time></trkpt><trkpt lat="42.806567" lon="-7.619618"><ele>367.574</ele><time>2022-07-16T05:19:46Z</time></trkpt><trkpt lat="42.806555" lon="-7.619682"><ele>367.022</ele><time>2022-07-16T05:19:50Z</time></trkpt><trkpt lat="42.806559" lon="-7.619764"><ele>366.293</ele><time>2022-07-16T05:19:54Z</time></trkpt><trkpt lat="42.806553" lon="-7.619832"><ele>365.849</ele><time>2022-07-16T05:19:58Z</time></trkpt><trkpt lat="42.806545" lon="-7.619906"><ele>365.402</ele><time>2022-07-16T05:20:02Z</time></trkpt><trkpt lat="42.806550" lon="-7.619979"><ele>365.222</ele><time>2022-07-16T05:20:06Z</time></trkpt><trkpt lat="42.806545" lon="-7.620053"><ele>364.709</ele><time>2022-07-16T05:20:10Z</time></trkpt><trkpt lat="42.806542" lon="-7.620124"><ele>364.535</ele><time>2022-07-16T05:20:14Z</time></trkpt><trkpt lat="42.806534" lon="-7.620185"><ele>364.134</ele><time>2022-07-16T05:20:17Z</time></trkpt><trkpt lat="42.806523" lon="-7.620258"><ele>363.822</ele><time>2022-07-16T05:20:21Z</time></trkpt><trkpt lat="42.806517" lon="-7.620334"><ele>363.644</ele><time>2022-07-16T05:20:25Z</time></trkpt><trkpt lat="42.806514" lon="-7.620409"><ele>363.361</ele><time>2022-07-16T05:20:29Z</time></trkpt><trkpt lat="42.806504" lon="-7.620480"><ele>363.075</ele><time>2022-07-16T05:20:33Z</time></trkpt><trkpt lat="42.806503" lon="-7.620542"><ele>362.744</ele><time>2022-07-16T05:20:36Z</time></trkpt><trkpt lat="42.806502" lon="-7.620609"><ele>362.432</ele><time>2022-07-16T05:20:39Z</time></trkpt><trkpt lat="42.806494" lon="-7.620675"><ele>362.243</ele><time>2022-07-16T05:20:43Z</time></trkpt><trkpt lat="42.806494" lon="-7.620746"><ele>362.096</ele><time>2022-07-16T05:20:47Z</time></trkpt><trkpt lat="42.806498" lon="-7.620827"><ele>361.831</ele><time>2022-07-16T05:20:52Z</time></trkpt><trkpt lat="42.806478" lon="-7.620892"><ele>361.524</ele><time>2022-07-16T05:20:57Z</time></trkpt><trkpt lat="42.806422" lon="-7.620878"><ele>361.209</ele><time>2022-07-16T05:21:01Z</time></trkpt><trkpt lat="42.806375" lon="-7.620853"><ele>360.580</ele><time>2022-07-16T05:21:05Z</time></trkpt><trkpt lat="42.806352" lon="-7.620794"><ele>360.139</ele><time>2022-07-16T05:21:09Z</time></trkpt><trkpt lat="42.806338" lon="-7.620724"><ele>359.697</ele><time>2022-07-16T05:21:15Z</time></trkpt><trkpt lat="42.806320" lon="-7.620647"><ele>359.369</ele><time>2022-07-16T05:21:20Z</time></trkpt><trkpt lat="42.806315" lon="-7.620573"><ele>358.936</ele><time>2022-07-16T05:21:24Z</time></trkpt><trkpt lat="42.806312" lon="-7.620497"><ele>358.170</ele><time>2022-07-16T05:21:27Z</time></trkpt><trkpt lat="42.806312" lon="-7.620428"><ele>357.739</ele><time>2022-07-16T05:21:31Z</time></trkpt><trkpt lat="42.806314" lon="-7.620356"><ele>357.417</ele><time>2022-07-16T05:21:35Z</time></trkpt><trkpt lat="42.806319" lon="-7.620295"><ele>357.248</ele><time>2022-07-16T05:21:38Z</time></trkpt><trkpt lat="42.806320" lon="-7.620225"><ele>356.826</ele><time>2022-07-16T05:21:42Z</time></trkpt><trkpt lat="42.806317" lon="-7.620164"><ele>356.547</ele><time>2022-07-16T05:21:45Z</time></trkpt><trkpt lat="42.806308" lon="-7.620103"><ele>356.211</ele><time>2022-07-16T05:21:48Z</time></trkpt><trkpt lat="42.806309" lon="-7.620039"><ele>355.909</ele><time>2022-07-16T05:21:51Z</time></trkpt><trkpt lat="42.806305" lon="-7.619963"><ele>355.743</ele><time>2022-07-16T05:21:55Z</time></trkpt><trkpt lat="42.806299" lon="-7.619885"><ele>355.532</ele><time>2022-07-16T05:21:59Z</time></trkpt><trkpt lat="42.806287" lon="-7.619823"><ele>355.340</ele><time>2022-07-16T05:22:03Z</time></trkpt><trkpt lat="42.806268" lon="-7.619760"><ele>355.112</ele><time>2022-07-16T05:22:07Z</time></trkpt><trkpt lat="42.806254" lon="-7.619693"><ele>354.949</ele><time>2022-07-16T05:22:11Z</time></trkpt><trkpt lat="42.806237" lon="-7.619635"><ele>354.743</ele><time>2022-07-16T05:22:14Z</time></trkpt><trkpt lat="42.806214" lon="-7.619563"><ele>354.642</ele><time>2022-07-16T05:22:18Z</time></trkpt><trkpt lat="42.806188" lon="-7.619508"><ele>354.430</ele><time>2022-07-16T05:22:22Z</time></trkpt><trkpt lat="42.806172" lon="-7.619447"><ele>354.141</ele><time>2022-07-16T05:22:25Z</time></trkpt><trkpt lat="42.806147" lon="-7.619371"><ele>353.811</ele><time>2022-07-16T05:22:29Z</time></trkpt><trkpt lat="42.806114" lon="-7.619304"><ele>353.621</ele><time>2022-07-16T05:22:33Z</time></trkpt><trkpt lat="42.806083" lon="-7.619256"><ele>353.503</ele><time>2022-07-16T05:22:37Z</time></trkpt><trkpt lat="42.806044" lon="-7.619207"><ele>353.409</ele><time>2022-07-16T05:22:41Z</time></trkpt><trkpt lat="42.806006" lon="-7.619151"><ele>353.332</ele><time>2022-07-16T05:22:45Z</time></trkpt><trkpt lat="42.805956" lon="-7.619113"><ele>353.231</ele><time>2022-07-16T05:22:49Z</time></trkpt><trkpt lat="42.805910" lon="-7.619082"><ele>353.239</ele><time>2022-07-16T05:22:53Z</time></trkpt><trkpt lat="42.805864" lon="-7.619048"><ele>353.191</ele><time>2022-07-16T05:22:57Z</time></trkpt><trkpt lat="42.805819" lon="-7.619036"><ele>353.068</ele><time>2022-07-16T05:23:01Z</time></trkpt><trkpt lat="42.805782" lon="-7.619085"><ele>352.982</ele><time>2022-07-16T05:23:06Z</time></trkpt><trkpt lat="42.805757" lon="-7.619147"><ele>352.921</ele><time>2022-07-16T05:23:10Z</time></trkpt><trkpt lat="42.805725" lon="-7.619214"><ele>352.999</ele><time>2022-07-16T05:23:14Z</time></trkpt><trkpt lat="42.805697" lon="-7.619283"><ele>352.920</ele><time>2022-07-16T05:23:18Z</time></trkpt><trkpt lat="42.805674" lon="-7.619336"><ele>352.884</ele><time>2022-07-16T05:23:21Z</time></trkpt><trkpt lat="42.805653" lon="-7.619402"><ele>352.707</ele><time>2022-07-16T05:23:25Z</time></trkpt><trkpt lat="42.805625" lon="-7.619472"><ele>352.617</ele><time>2022-07-16T05:23:29Z</time></trkpt><trkpt lat="42.805599" lon="-7.619537"><ele>352.509</ele><time>2022-07-16T05:23:33Z</time></trkpt><trkpt lat="42.805576" lon="-7.619594"><ele>352.499</ele><time>2022-07-16T05:23:36Z</time></trkpt><trkpt lat="42.805544" lon="-7.619667"><ele>352.498</ele><time>2022-07-16T05:23:40Z</time></trkpt><trkpt lat="42.805494" lon="-7.619713"><ele>352.386</ele><time>2022-07-16T05:23:44Z</time></trkpt><trkpt lat="42.805451" lon="-7.619774"><ele>352.238</ele><time>2022-07-16T05:23:48Z</time></trkpt><trkpt lat="42.805410" lon="-7.619821"><ele>352.185</ele><time>2022-07-16T05:23:52Z</time></trkpt><trkpt lat="42.805375" lon="-7.619870"><ele>351.979</ele><time>2022-07-16T05:23:55Z</time></trkpt><trkpt lat="42.805328" lon="-7.619911"><ele>351.828</ele><time>2022-07-16T05:23:59Z</time></trkpt><trkpt lat="42.805275" lon="-7.619923"><ele>351.646</ele><time>2022-07-16T05:24:02Z</time></trkpt><trkpt lat="42.805227" lon="-7.619930"><ele>351.517</ele><time>2022-07-16T05:24:06Z</time></trkpt><trkpt lat="42.805169" lon="-7.619928"><ele>351.391</ele><time>2022-07-16T05:24:10Z</time></trkpt><trkpt lat="42.805117" lon="-7.619925"><ele>351.181</ele><time>2022-07-16T05:24:14Z</time></trkpt><trkpt lat="42.805060" lon="-7.619903"><ele>350.819</ele><time>2022-07-16T05:24:18Z</time></trkpt><trkpt lat="42.805017" lon="-7.619884"><ele>350.709</ele><time>2022-07-16T05:24:21Z</time></trkpt><trkpt lat="42.804974" lon="-7.619865"><ele>350.610</ele><time>2022-07-16T05:24:25Z</time></trkpt><trkpt lat="42.804929" lon="-7.619849"><ele>350.529</ele><time>2022-07-16T05:24:28Z</time></trkpt><trkpt lat="42.804879" lon="-7.619838"><ele>350.357</ele><time>2022-07-16T05:24:33Z</time></trkpt><trkpt lat="42.804830" lon="-7.619823"><ele>350.229</ele><time>2022-07-16T05:24:39Z</time></trkpt><trkpt lat="42.804780" lon="-7.619795"><ele>350.166</ele><time>2022-07-16T05:24:46Z</time></trkpt><trkpt lat="42.804736" lon="-7.619766"><ele>350.010</ele><time>2022-07-16T05:24:49Z</time></trkpt><trkpt lat="42.804688" lon="-7.619721"><ele>349.949</ele><time>2022-07-16T05:24:53Z</time></trkpt><trkpt lat="42.804616" lon="-7.619683"><ele>349.937</ele><time>2022-07-16T05:24:55Z</time></trkpt><trkpt lat="42.804756" lon="-7.619801"><ele>350.098</ele><time>2022-07-16T05:25:47Z</time></trkpt><trkpt lat="42.804800" lon="-7.619823"><ele>350.294</ele><time>2022-07-16T05:25:50Z</time></trkpt><trkpt lat="42.804845" lon="-7.619850"><ele>350.257</ele><time>2022-07-16T05:25:53Z</time></trkpt><trkpt lat="42.804901" lon="-7.619877"><ele>350.222</ele><time>2022-07-16T05:25:57Z</time></trkpt><trkpt lat="42.804956" lon="-7.619893"><ele>350.209</ele><time>2022-07-16T05:26:01Z</time></trkpt><trkpt lat="42.805007" lon="-7.619910"><ele>350.260</ele><time>2022-07-16T05:26:06Z</time></trkpt><trkpt lat="42.805050" lon="-7.619933"><ele>350.399</ele><time>2022-07-16T05:26:10Z</time></trkpt><trkpt lat="42.805095" lon="-7.619942"><ele>350.457</ele><time>2022-07-16T05:26:13Z</time></trkpt><trkpt lat="42.805144" lon="-7.619963"><ele>350.529</ele><time>2022-07-16T05:26:17Z</time></trkpt><trkpt lat="42.805199" lon="-7.619996"><ele>350.646</ele><time>2022-07-16T05:26:22Z</time></trkpt><trkpt lat="42.805251" lon="-7.620028"><ele>350.730</ele><time>2022-07-16T05:26:27Z</time></trkpt><trkpt lat="42.805299" lon="-7.620032"><ele>350.879</ele><time>2022-07-16T05:26:32Z</time></trkpt><trkpt lat="42.805346" lon="-7.620014"><ele>351.087</ele><time>2022-07-16T05:26:37Z</time></trkpt><trkpt lat="42.805355" lon="-7.620082"><ele>351.248</ele><time>2022-07-16T05:26:47Z</time></trkpt><trkpt lat="42.805399" lon="-7.620130"><ele>351.418</ele><time>2022-07-16T05:26:53Z</time></trkpt><trkpt lat="42.805422" lon="-7.620193"><ele>351.598</ele><time>2022-07-16T05:26:57Z</time></trkpt><trkpt lat="42.805443" lon="-7.620255"><ele>351.517</ele><time>2022-07-16T05:27:01Z</time></trkpt><trkpt lat="42.805457" lon="-7.620321"><ele>351.509</ele><time>2022-07-16T05:27:05Z</time></trkpt><trkpt lat="42.805465" lon="-7.620394"><ele>351.552</ele><time>2022-07-16T05:27:09Z</time></trkpt><trkpt lat="42.805480" lon="-7.620466"><ele>351.431</ele><time>2022-07-16T05:27:13Z</time></trkpt><trkpt lat="42.805465" lon="-7.620534"><ele>351.239</ele><time>2022-07-16T05:27:17Z</time></trkpt><trkpt lat="42.805436" lon="-7.620589"><ele>350.971</ele><time>2022-07-16T05:27:21Z</time></trkpt><trkpt lat="42.805423" lon="-7.620653"><ele>350.758</ele><time>2022-07-16T05:27:25Z</time></trkpt><trkpt lat="42.805400" lon="-7.620716"><ele>350.712</ele><time>2022-07-16T05:27:32Z</time></trkpt><trkpt lat="42.805376" lon="-7.620783"><ele>350.751</ele><time>2022-07-16T05:27:37Z</time></trkpt><trkpt lat="42.805345" lon="-7.620840"><ele>350.879</ele><time>2022-07-16T05:27:41Z</time></trkpt><trkpt lat="42.805321" lon="-7.620898"><ele>351.180</ele><time>2022-07-16T05:27:45Z</time></trkpt><trkpt lat="42.805294" lon="-7.620964"><ele>351.579</ele><time>2022-07-16T05:27:50Z</time></trkpt><trkpt lat="42.805273" lon="-7.621033"><ele>351.905</ele><time>2022-07-16T05:27:55Z</time></trkpt><trkpt lat="42.805250" lon="-7.621089"><ele>352.425</ele><time>2022-07-16T05:27:59Z</time></trkpt><trkpt lat="42.805224" lon="-7.621147"><ele>353.009</ele><time>2022-07-16T05:28:04Z</time></trkpt><trkpt lat="42.805197" lon="-7.621197"><ele>353.568</ele><time>2022-07-16T05:28:07Z</time></trkpt><trkpt lat="42.805192" lon="-7.621259"><ele>354.097</ele><time>2022-07-16T05:28:11Z</time></trkpt><trkpt lat="42.805218" lon="-7.621318"><ele>354.555</ele><time>2022-07-16T05:28:14Z</time></trkpt><trkpt lat="42.805223" lon="-7.621400"><ele>355.087</ele><time>2022-07-16T05:28:18Z</time></trkpt><trkpt lat="42.805238" lon="-7.621472"><ele>355.544</ele><time>2022-07-16T05:28:22Z</time></trkpt><trkpt lat="42.805248" lon="-7.621533"><ele>355.998</ele><time>2022-07-16T05:28:26Z</time></trkpt><trkpt lat="42.805240" lon="-7.621595"><ele>356.277</ele><time>2022-07-16T05:28:31Z</time></trkpt><trkpt lat="42.805263" lon="-7.621695"><ele>356.515</ele><time>2022-07-16T05:29:39Z</time></trkpt><trkpt lat="42.805198" lon="-7.621721"><ele>356.766</ele><time>2022-07-16T05:30:02Z</time></trkpt><trkpt lat="42.805206" lon="-7.621794"><ele>357.119</ele><time>2022-07-16T05:30:41Z</time></trkpt><trkpt lat="42.805214" lon="-7.621861"><ele>357.309</ele><time>2022-07-16T05:30:52Z</time></trkpt><trkpt lat="42.805209" lon="-7.621928"><ele>357.719</ele><time>2022-07-16T05:30:57Z</time></trkpt><trkpt lat="42.805191" lon="-7.622000"><ele>358.309</ele><time>2022-07-16T05:31:03Z</time></trkpt><trkpt lat="42.805185" lon="-7.622067"><ele>358.532</ele><time>2022-07-16T05:31:07Z</time></trkpt><trkpt lat="42.805167" lon="-7.622131"><ele>359.261</ele><time>2022-07-16T05:31:12Z</time></trkpt><trkpt lat="42.805141" lon="-7.622181"><ele>360.139</ele><time>2022-07-16T05:31:16Z</time></trkpt><trkpt lat="42.805117" lon="-7.622249"><ele>360.921</ele><time>2022-07-16T05:31:22Z</time></trkpt><trkpt lat="42.805084" lon="-7.622302"><ele>361.668</ele><time>2022-07-16T05:31:27Z</time></trkpt><trkpt lat="42.805070" lon="-7.622367"><ele>362.322</ele><time>2022-07-16T05:31:32Z</time></trkpt><trkpt lat="42.805036" lon="-7.622452"><ele>363.441</ele><time>2022-07-16T05:31:40Z</time></trkpt><trkpt lat="42.805012" lon="-7.622544"><ele>364.149</ele><time>2022-07-16T05:31:48Z</time></trkpt><trkpt lat="42.805005" lon="-7.622647"><ele>365.240</ele><time>2022-07-16T05:31:59Z</time></trkpt><trkpt lat="42.804992" lon="-7.622710"><ele>366.274</ele><time>2022-07-16T05:32:06Z</time></trkpt><trkpt lat="42.804984" lon="-7.622776"><ele>367.856</ele><time>2022-07-16T05:32:12Z</time></trkpt><trkpt lat="42.804953" lon="-7.622829"><ele>368.621</ele><time>2022-07-16T05:32:17Z</time></trkpt><trkpt lat="42.804927" lon="-7.622879"><ele>369.109</ele><time>2022-07-16T05:32:22Z</time></trkpt><trkpt lat="42.804910" lon="-7.622944"><ele>369.988</ele><time>2022-07-16T05:32:27Z</time></trkpt><trkpt lat="42.804892" lon="-7.623004"><ele>370.667</ele><time>2022-07-16T05:32:32Z</time></trkpt><trkpt lat="42.804869" lon="-7.623063"><ele>371.325</ele><time>2022-07-16T05:32:36Z</time></trkpt><trkpt lat="42.804849" lon="-7.623157"><ele>372.087</ele><time>2022-07-16T05:32:43Z</time></trkpt><trkpt lat="42.804831" lon="-7.623216"><ele>372.784</ele><time>2022-07-16T05:32:47Z</time></trkpt><trkpt lat="42.804799" lon="-7.623266"><ele>373.488</ele><time>2022-07-16T05:32:52Z</time></trkpt><trkpt lat="42.804762" lon="-7.623368"><ele>374.337</ele><time>2022-07-16T05:33:00Z</time></trkpt><trkpt lat="42.804737" lon="-7.623423"><ele>374.885</ele><time>2022-07-16T05:33:04Z</time></trkpt><trkpt lat="42.804706" lon="-7.623499"><ele>375.876</ele><time>2022-07-16T05:33:15Z</time></trkpt><trkpt lat="42.804710" lon="-7.623567"><ele>376.478</ele><time>2022-07-16T05:33:21Z</time></trkpt><trkpt lat="42.804705" lon="-7.623635"><ele>377.433</ele><time>2022-07-16T05:33:26Z</time></trkpt><trkpt lat="42.804708" lon="-7.623712"><ele>377.726</ele><time>2022-07-16T05:33:33Z</time></trkpt><trkpt lat="42.804698" lon="-7.623772"><ele>378.309</ele><time>2022-07-16T05:33:38Z</time></trkpt><trkpt lat="42.804681" lon="-7.623832"><ele>379.168</ele><time>2022-07-16T05:33:43Z</time></trkpt><trkpt lat="42.804677" lon="-7.623906"><ele>380.047</ele><time>2022-07-16T05:33:48Z</time></trkpt><trkpt lat="42.804672" lon="-7.623968"><ele>380.745</ele><time>2022-07-16T05:33:52Z</time></trkpt><trkpt lat="42.804686" lon="-7.624037"><ele>381.237</ele><time>2022-07-16T05:33:57Z</time></trkpt><trkpt lat="42.804697" lon="-7.624103"><ele>381.564</ele><time>2022-07-16T05:34:02Z</time></trkpt><trkpt lat="42.804696" lon="-7.624179"><ele>381.788</ele><time>2022-07-16T05:34:07Z</time></trkpt><trkpt lat="42.804709" lon="-7.624249"><ele>381.937</ele><time>2022-07-16T05:34:12Z</time></trkpt><trkpt lat="42.804713" lon="-7.624310"><ele>382.235</ele><time>2022-07-16T05:34:16Z</time></trkpt><trkpt lat="42.804710" lon="-7.624375"><ele>382.566</ele><time>2022-07-16T05:34:20Z</time></trkpt><trkpt lat="42.804726" lon="-7.624456"><ele>382.742</ele><time>2022-07-16T05:34:25Z</time></trkpt><trkpt lat="42.804720" lon="-7.624518"><ele>382.822</ele><time>2022-07-16T05:34:30Z</time></trkpt><trkpt lat="42.804737" lon="-7.624584"><ele>383.014</ele><time>2022-07-16T05:34:36Z</time></trkpt><trkpt lat="42.804748" lon="-7.624658"><ele>383.209</ele><time>2022-07-16T05:34:43Z</time></trkpt><trkpt lat="42.804732" lon="-7.624749"><ele>383.555</ele><time>2022-07-16T05:34:48Z</time></trkpt><trkpt lat="42.804719" lon="-7.624812"><ele>383.884</ele><time>2022-07-16T05:34:53Z</time></trkpt><trkpt lat="42.804703" lon="-7.624874"><ele>384.142</ele><time>2022-07-16T05:35:16Z</time></trkpt><trkpt lat="42.804678" lon="-7.624933"><ele>384.484</ele><time>2022-07-16T05:35:23Z</time></trkpt><trkpt lat="42.804689" lon="-7.625015"><ele>384.861</ele><time>2022-07-16T05:35:30Z</time></trkpt><trkpt lat="42.804696" lon="-7.625083"><ele>385.055</ele><time>2022-07-16T05:35:36Z</time></trkpt><trkpt lat="42.804705" lon="-7.625173"><ele>385.934</ele><time>2022-07-16T05:35:43Z</time></trkpt><trkpt lat="42.804731" lon="-7.625251"><ele>386.752</ele><time>2022-07-16T05:35:49Z</time></trkpt><trkpt lat="42.804762" lon="-7.625309"><ele>387.423</ele><time>2022-07-16T05:35:54Z</time></trkpt><trkpt lat="42.804791" lon="-7.625363"><ele>387.728</ele><time>2022-07-16T05:35:59Z</time></trkpt><trkpt lat="42.804812" lon="-7.625423"><ele>387.989</ele><time>2022-07-16T05:36:03Z</time></trkpt><trkpt lat="42.804874" lon="-7.625551"><ele>388.117</ele><time>2022-07-16T05:36:15Z</time></trkpt><trkpt lat="42.804957" lon="-7.625724"><ele>389.009</ele><time>2022-07-16T05:36:26Z</time></trkpt><trkpt lat="42.804989" lon="-7.625786"><ele>389.733</ele><time>2022-07-16T05:36:30Z</time></trkpt><trkpt lat="42.805015" lon="-7.625848"><ele>389.912</ele><time>2022-07-16T05:36:35Z</time></trkpt><trkpt lat="42.805026" lon="-7.625908"><ele>390.280</ele><time>2022-07-16T05:36:39Z</time></trkpt><trkpt lat="42.805029" lon="-7.625975"><ele>390.442</ele><time>2022-07-16T05:36:43Z</time></trkpt><trkpt lat="42.805035" lon="-7.626044"><ele>390.619</ele><time>2022-07-16T05:36:47Z</time></trkpt><trkpt lat="42.805053" lon="-7.626118"><ele>390.953</ele><time>2022-07-16T05:36:52Z</time></trkpt><trkpt lat="42.805052" lon="-7.626184"><ele>391.382</ele><time>2022-07-16T05:36:56Z</time></trkpt><trkpt lat="42.805065" lon="-7.626249"><ele>391.730</ele><time>2022-07-16T05:37:01Z</time></trkpt><trkpt lat="42.805063" lon="-7.626312"><ele>392.071</ele><time>2022-07-16T05:37:05Z</time></trkpt><trkpt lat="42.805072" lon="-7.626375"><ele>392.484</ele><time>2022-07-16T05:37:10Z</time></trkpt><trkpt lat="42.805079" lon="-7.626439"><ele>392.807</ele><time>2022-07-16T05:37:15Z</time></trkpt><trkpt lat="42.805075" lon="-7.626503"><ele>393.217</ele><time>2022-07-16T05:37:19Z</time></trkpt><trkpt lat="42.805103" lon="-7.626604"><ele>393.609</ele><time>2022-07-16T05:37:27Z</time></trkpt><trkpt lat="42.805134" lon="-7.626656"><ele>394.129</ele><time>2022-07-16T05:37:30Z</time></trkpt><trkpt lat="42.805158" lon="-7.626854"><ele>395.178</ele><time>2022-07-16T05:37:45Z</time></trkpt><trkpt lat="42.805197" lon="-7.626885"><ele>396.266</ele><time>2022-07-16T05:37:48Z</time></trkpt><trkpt lat="42.805250" lon="-7.627243"><ele>399.238</ele><time>2022-07-16T05:38:11Z</time></trkpt><trkpt lat="42.805301" lon="-7.627350"><ele>400.745</ele><time>2022-07-16T05:38:19Z</time></trkpt><trkpt lat="42.805320" lon="-7.627431"><ele>400.989</ele><time>2022-07-16T05:38:26Z</time></trkpt><trkpt lat="42.805346" lon="-7.627493"><ele>401.238</ele><time>2022-07-16T05:38:29Z</time></trkpt><trkpt lat="42.805377" lon="-7.627623"><ele>401.656</ele><time>2022-07-16T05:38:37Z</time></trkpt><trkpt lat="42.805412" lon="-7.627706"><ele>401.927</ele><time>2022-07-16T05:38:43Z</time></trkpt><trkpt lat="42.805425" lon="-7.627850"><ele>402.341</ele><time>2022-07-16T05:38:54Z</time></trkpt><trkpt lat="42.805429" lon="-7.627925"><ele>402.681</ele><time>2022-07-16T05:38:58Z</time></trkpt><trkpt lat="42.805426" lon="-7.627996"><ele>403.009</ele><time>2022-07-16T05:39:02Z</time></trkpt><trkpt lat="42.805448" lon="-7.628162"><ele>403.209</ele><time>2022-07-16T05:39:13Z</time></trkpt><trkpt lat="42.805455" lon="-7.628231"><ele>403.775</ele><time>2022-07-16T05:39:17Z</time></trkpt><trkpt lat="42.805462" lon="-7.628329"><ele>404.274</ele><time>2022-07-16T05:39:23Z</time></trkpt><trkpt lat="42.805503" lon="-7.628501"><ele>404.642</ele><time>2022-07-16T05:39:37Z</time></trkpt><trkpt lat="42.805521" lon="-7.628585"><ele>405.484</ele><time>2022-07-16T05:39:43Z</time></trkpt><trkpt lat="42.805553" lon="-7.628666"><ele>406.071</ele><time>2022-07-16T05:39:50Z</time></trkpt><trkpt lat="42.805594" lon="-7.628717"><ele>406.455</ele><time>2022-07-16T05:39:53Z</time></trkpt><trkpt lat="42.805616" lon="-7.628772"><ele>406.684</ele><time>2022-07-16T05:39:56Z</time></trkpt><trkpt lat="42.805647" lon="-7.628843"><ele>406.832</ele><time>2022-07-16T05:39:59Z</time></trkpt><trkpt lat="42.805715" lon="-7.629043"><ele>407.113</ele><time>2022-07-16T05:40:15Z</time></trkpt><trkpt lat="42.805749" lon="-7.629083"><ele>407.692</ele><time>2022-07-16T05:40:18Z</time></trkpt><trkpt lat="42.805777" lon="-7.629141"><ele>408.173</ele><time>2022-07-16T05:40:21Z</time></trkpt><trkpt lat="42.805797" lon="-7.629205"><ele>408.320</ele><time>2022-07-16T05:40:24Z</time></trkpt><trkpt lat="42.805800" lon="-7.629270"><ele>408.409</ele><time>2022-07-16T05:40:28Z</time></trkpt><trkpt lat="42.805837" lon="-7.629315"><ele>408.520</ele><time>2022-07-16T05:40:34Z</time></trkpt><trkpt lat="42.805855" lon="-7.629373"><ele>408.859</ele><time>2022-07-16T05:40:38Z</time></trkpt><trkpt lat="42.805870" lon="-7.629435"><ele>409.127</ele><time>2022-07-16T05:40:41Z</time></trkpt><trkpt lat="42.805875" lon="-7.629505"><ele>409.469</ele><time>2022-07-16T05:40:47Z</time></trkpt><trkpt lat="42.805881" lon="-7.629615"><ele>409.796</ele><time>2022-07-16T05:40:55Z</time></trkpt><trkpt lat="42.805895" lon="-7.629721"><ele>410.280</ele><time>2022-07-16T05:41:03Z</time></trkpt><trkpt lat="42.805908" lon="-7.629822"><ele>410.989</ele><time>2022-07-16T05:41:10Z</time></trkpt><trkpt lat="42.805917" lon="-7.629895"><ele>411.387</ele><time>2022-07-16T05:41:13Z</time></trkpt><trkpt lat="42.805949" lon="-7.629954"><ele>411.538</ele><time>2022-07-16T05:41:17Z</time></trkpt><trkpt lat="42.805971" lon="-7.630008"><ele>411.719</ele><time>2022-07-16T05:41:21Z</time></trkpt><trkpt lat="42.806012" lon="-7.630078"><ele>412.009</ele><time>2022-07-16T05:41:26Z</time></trkpt><trkpt lat="42.806013" lon="-7.630150"><ele>412.319</ele><time>2022-07-16T05:41:31Z</time></trkpt><trkpt lat="42.806013" lon="-7.630257"><ele>412.609</ele><time>2022-07-16T05:41:38Z</time></trkpt><trkpt lat="42.806026" lon="-7.630335"><ele>413.022</ele><time>2022-07-16T05:41:43Z</time></trkpt><trkpt lat="42.806027" lon="-7.630412"><ele>413.671</ele><time>2022-07-16T05:41:48Z</time></trkpt><trkpt lat="42.806048" lon="-7.630551"><ele>414.459</ele><time>2022-07-16T05:41:58Z</time></trkpt><trkpt lat="42.806075" lon="-7.630617"><ele>415.281</ele><time>2022-07-16T05:42:02Z</time></trkpt><trkpt lat="42.806133" lon="-7.630847"><ele>416.028</ele><time>2022-07-16T05:42:23Z</time></trkpt><trkpt lat="42.806156" lon="-7.630903"><ele>417.912</ele><time>2022-07-16T05:42:26Z</time></trkpt><trkpt lat="42.806195" lon="-7.630964"><ele>418.211</ele><time>2022-07-16T05:42:29Z</time></trkpt><trkpt lat="42.806234" lon="-7.631030"><ele>418.419</ele><time>2022-07-16T05:42:33Z</time></trkpt><trkpt lat="42.806301" lon="-7.631192"><ele>418.730</ele><time>2022-07-16T05:42:47Z</time></trkpt><trkpt lat="42.806335" lon="-7.631258"><ele>419.783</ele><time>2022-07-16T05:42:52Z</time></trkpt><trkpt lat="42.806374" lon="-7.631317"><ele>420.825</ele><time>2022-07-16T05:42:58Z</time></trkpt><trkpt lat="42.806402" lon="-7.631377"><ele>421.417</ele><time>2022-07-16T05:43:02Z</time></trkpt><trkpt lat="42.806406" lon="-7.631448"><ele>421.709</ele><time>2022-07-16T05:43:07Z</time></trkpt><trkpt lat="42.806454" lon="-7.631531"><ele>422.119</ele><time>2022-07-16T05:43:16Z</time></trkpt><trkpt lat="42.806497" lon="-7.631593"><ele>422.718</ele><time>2022-07-16T05:43:19Z</time></trkpt><trkpt lat="42.806537" lon="-7.631640"><ele>423.646</ele><time>2022-07-16T05:43:23Z</time></trkpt><trkpt lat="42.806613" lon="-7.631734"><ele>424.048</ele><time>2022-07-16T05:43:34Z</time></trkpt><trkpt lat="42.806663" lon="-7.631783"><ele>424.835</ele><time>2022-07-16T05:43:40Z</time></trkpt><trkpt lat="42.806697" lon="-7.631824"><ele>425.419</ele><time>2022-07-16T05:43:44Z</time></trkpt><trkpt lat="42.806735" lon="-7.631865"><ele>426.258</ele><time>2022-07-16T05:43:47Z</time></trkpt><trkpt lat="42.806772" lon="-7.631904"><ele>426.876</ele><time>2022-07-16T05:43:51Z</time></trkpt><trkpt lat="42.806824" lon="-7.631937"><ele>427.047</ele><time>2022-07-16T05:43:56Z</time></trkpt><trkpt lat="42.806865" lon="-7.631976"><ele>427.659</ele><time>2022-07-16T05:43:59Z</time></trkpt><trkpt lat="42.806897" lon="-7.632030"><ele>428.303</ele><time>2022-07-16T05:44:04Z</time></trkpt><trkpt lat="42.806934" lon="-7.632081"><ele>428.923</ele><time>2022-07-16T05:44:09Z</time></trkpt><trkpt lat="42.806975" lon="-7.632120"><ele>429.409</ele><time>2022-07-16T05:44:12Z</time></trkpt><trkpt lat="42.807001" lon="-7.632182"><ele>429.966</ele><time>2022-07-16T05:44:18Z</time></trkpt><trkpt lat="42.807030" lon="-7.632233"><ele>430.345</ele><time>2022-07-16T05:44:22Z</time></trkpt><trkpt lat="42.807073" lon="-7.632284"><ele>430.883</ele><time>2022-07-16T05:44:27Z</time></trkpt><trkpt lat="42.807102" lon="-7.632338"><ele>431.425</ele><time>2022-07-16T05:44:32Z</time></trkpt><trkpt lat="42.807114" lon="-7.632400"><ele>431.922</ele><time>2022-07-16T05:44:37Z</time></trkpt><trkpt lat="42.807147" lon="-7.632447"><ele>432.466</ele><time>2022-07-16T05:44:41Z</time></trkpt><trkpt lat="42.807169" lon="-7.632501"><ele>432.835</ele><time>2022-07-16T05:44:45Z</time></trkpt><trkpt lat="42.807200" lon="-7.632568"><ele>433.283</ele><time>2022-07-16T05:44:51Z</time></trkpt><trkpt lat="42.807225" lon="-7.632623"><ele>433.674</ele><time>2022-07-16T05:44:55Z</time></trkpt><trkpt lat="42.807248" lon="-7.632679"><ele>434.157</ele><time>2022-07-16T05:44:59Z</time></trkpt><trkpt lat="42.807274" lon="-7.632746"><ele>434.600</ele><time>2022-07-16T05:45:04Z</time></trkpt><trkpt lat="42.807306" lon="-7.632803"><ele>435.120</ele><time>2022-07-16T05:45:08Z</time></trkpt><trkpt lat="42.807337" lon="-7.632857"><ele>435.709</ele><time>2022-07-16T05:45:12Z</time></trkpt><trkpt lat="42.807367" lon="-7.632911"><ele>436.286</ele><time>2022-07-16T05:45:15Z</time></trkpt><trkpt lat="42.807395" lon="-7.632962"><ele>436.745</ele><time>2022-07-16T05:45:20Z</time></trkpt><trkpt lat="42.807411" lon="-7.633020"><ele>437.213</ele><time>2022-07-16T05:45:26Z</time></trkpt><trkpt lat="42.807430" lon="-7.633081"><ele>437.875</ele><time>2022-07-16T05:45:31Z</time></trkpt><trkpt lat="42.807457" lon="-7.633141"><ele>438.622</ele><time>2022-07-16T05:45:34Z</time></trkpt><trkpt lat="42.807471" lon="-7.633219"><ele>439.476</ele><time>2022-07-16T05:45:39Z</time></trkpt><trkpt lat="42.807482" lon="-7.633290"><ele>439.925</ele><time>2022-07-16T05:45:45Z</time></trkpt><trkpt lat="42.807496" lon="-7.633367"><ele>440.733</ele><time>2022-07-16T05:45:50Z</time></trkpt><trkpt lat="42.807530" lon="-7.633413"><ele>441.414</ele><time>2022-07-16T05:45:55Z</time></trkpt><trkpt lat="42.807556" lon="-7.633474"><ele>442.054</ele><time>2022-07-16T05:45:59Z</time></trkpt><trkpt lat="42.807569" lon="-7.633535"><ele>442.356</ele><time>2022-07-16T05:46:03Z</time></trkpt><trkpt lat="42.807583" lon="-7.633603"><ele>442.711</ele><time>2022-07-16T05:46:07Z</time></trkpt><trkpt lat="42.807591" lon="-7.633675"><ele>443.009</ele><time>2022-07-16T05:46:11Z</time></trkpt><trkpt lat="42.807604" lon="-7.633745"><ele>443.226</ele><time>2022-07-16T05:46:16Z</time></trkpt><trkpt lat="42.807610" lon="-7.633813"><ele>443.415</ele><time>2022-07-16T05:46:20Z</time></trkpt><trkpt lat="42.807620" lon="-7.633888"><ele>443.653</ele><time>2022-07-16T05:46:24Z</time></trkpt><trkpt lat="42.807615" lon="-7.633952"><ele>443.815</ele><time>2022-07-16T05:46:28Z</time></trkpt><trkpt lat="42.807614" lon="-7.634020"><ele>444.112</ele><time>2022-07-16T05:46:32Z</time></trkpt><trkpt lat="42.807616" lon="-7.634087"><ele>444.446</ele><time>2022-07-16T05:46:37Z</time></trkpt><trkpt lat="42.807601" lon="-7.634155"><ele>444.725</ele><time>2022-07-16T05:46:42Z</time></trkpt><trkpt lat="42.807594" lon="-7.634217"><ele>445.013</ele><time>2022-07-16T05:46:48Z</time></trkpt><trkpt lat="42.807540" lon="-7.634299"><ele>445.474</ele><time>2022-07-16T05:46:55Z</time></trkpt><trkpt lat="42.807516" lon="-7.634361"><ele>445.999</ele><time>2022-07-16T05:46:59Z</time></trkpt><trkpt lat="42.807496" lon="-7.634421"><ele>446.407</ele><time>2022-07-16T05:47:04Z</time></trkpt><trkpt lat="42.807468" lon="-7.634471"><ele>446.627</ele><time>2022-07-16T05:47:08Z</time></trkpt><trkpt lat="42.807439" lon="-7.634531"><ele>446.909</ele><time>2022-07-16T05:47:13Z</time></trkpt><trkpt lat="42.807423" lon="-7.634592"><ele>447.070</ele><time>2022-07-16T05:47:17Z</time></trkpt><trkpt lat="42.807389" lon="-7.634676"><ele>447.229</ele><time>2022-07-16T05:47:24Z</time></trkpt><trkpt lat="42.807375" lon="-7.634737"><ele>447.317</ele><time>2022-07-16T05:47:28Z</time></trkpt><trkpt lat="42.807368" lon="-7.634798"><ele>447.399</ele><time>2022-07-16T05:47:31Z</time></trkpt><trkpt lat="42.807335" lon="-7.634842"><ele>447.336</ele><time>2022-07-16T05:47:35Z</time></trkpt><trkpt lat="42.807312" lon="-7.634902"><ele>447.380</ele><time>2022-07-16T05:47:39Z</time></trkpt><trkpt lat="42.807292" lon="-7.634968"><ele>447.399</ele><time>2022-07-16T05:47:43Z</time></trkpt><trkpt lat="42.807268" lon="-7.635028"><ele>447.327</ele><time>2022-07-16T05:47:48Z</time></trkpt><trkpt lat="42.807270" lon="-7.635103"><ele>447.268</ele><time>2022-07-16T05:47:52Z</time></trkpt><trkpt lat="42.807240" lon="-7.635168"><ele>447.177</ele><time>2022-07-16T05:47:56Z</time></trkpt><trkpt lat="42.807208" lon="-7.635229"><ele>447.061</ele><time>2022-07-16T05:47:59Z</time></trkpt><trkpt lat="42.807195" lon="-7.635298"><ele>447.027</ele><time>2022-07-16T05:48:02Z</time></trkpt><trkpt lat="42.807172" lon="-7.635352"><ele>447.009</ele><time>2022-07-16T05:48:05Z</time></trkpt><trkpt lat="42.807144" lon="-7.635424"><ele>447.038</ele><time>2022-07-16T05:48:08Z</time></trkpt><trkpt lat="42.807124" lon="-7.635479"><ele>446.997</ele><time>2022-07-16T05:48:11Z</time></trkpt><trkpt lat="42.807099" lon="-7.635547"><ele>446.825</ele><time>2022-07-16T05:48:15Z</time></trkpt><trkpt lat="42.807079" lon="-7.635607"><ele>446.717</ele><time>2022-07-16T05:48:18Z</time></trkpt><trkpt lat="42.807061" lon="-7.635664"><ele>446.644</ele><time>2022-07-16T05:48:21Z</time></trkpt><trkpt lat="42.807046" lon="-7.635723"><ele>446.478</ele><time>2022-07-16T05:48:24Z</time></trkpt><trkpt lat="42.807028" lon="-7.635788"><ele>446.267</ele><time>2022-07-16T05:48:28Z</time></trkpt><trkpt lat="42.807006" lon="-7.635854"><ele>446.135</ele><time>2022-07-16T05:48:32Z</time></trkpt><trkpt lat="42.806980" lon="-7.635916"><ele>445.916</ele><time>2022-07-16T05:48:36Z</time></trkpt><trkpt lat="42.806960" lon="-7.635972"><ele>445.673</ele><time>2022-07-16T05:48:39Z</time></trkpt><trkpt lat="42.806932" lon="-7.636034"><ele>445.485</ele><time>2022-07-16T05:48:43Z</time></trkpt><trkpt lat="42.806902" lon="-7.636091"><ele>445.313</ele><time>2022-07-16T05:48:47Z</time></trkpt><trkpt lat="42.806890" lon="-7.636165"><ele>445.209</ele><time>2022-07-16T05:48:52Z</time></trkpt><trkpt lat="42.806863" lon="-7.636222"><ele>445.048</ele><time>2022-07-16T05:48:57Z</time></trkpt><trkpt lat="42.806841" lon="-7.636277"><ele>444.997</ele><time>2022-07-16T05:49:01Z</time></trkpt><trkpt lat="42.806822" lon="-7.636346"><ele>444.735</ele><time>2022-07-16T05:49:06Z</time></trkpt><trkpt lat="42.806792" lon="-7.636414"><ele>444.677</ele><time>2022-07-16T05:49:10Z</time></trkpt><trkpt lat="42.806765" lon="-7.636475"><ele>444.584</ele><time>2022-07-16T05:49:15Z</time></trkpt><trkpt lat="42.806740" lon="-7.636545"><ele>444.428</ele><time>2022-07-16T05:49:19Z</time></trkpt><trkpt lat="42.806719" lon="-7.636604"><ele>444.127</ele><time>2022-07-16T05:49:24Z</time></trkpt><trkpt lat="42.806695" lon="-7.636676"><ele>444.065</ele><time>2022-07-16T05:49:28Z</time></trkpt><trkpt lat="42.806676" lon="-7.636747"><ele>443.996</ele><time>2022-07-16T05:49:32Z</time></trkpt><trkpt lat="42.806656" lon="-7.636813"><ele>443.869</ele><time>2022-07-16T05:49:36Z</time></trkpt><trkpt lat="42.806636" lon="-7.636875"><ele>443.804</ele><time>2022-07-16T05:49:40Z</time></trkpt><trkpt lat="42.806619" lon="-7.636952"><ele>443.724</ele><time>2022-07-16T05:49:45Z</time></trkpt><trkpt lat="42.806611" lon="-7.637013"><ele>443.709</ele><time>2022-07-16T05:49:49Z</time></trkpt><trkpt lat="42.806624" lon="-7.637080"><ele>443.787</ele><time>2022-07-16T05:49:53Z</time></trkpt><trkpt lat="42.806629" lon="-7.637148"><ele>443.726</ele><time>2022-07-16T05:49:57Z</time></trkpt><trkpt lat="42.806625" lon="-7.637223"><ele>443.794</ele><time>2022-07-16T05:50:01Z</time></trkpt><trkpt lat="42.806624" lon="-7.637293"><ele>443.726</ele><time>2022-07-16T05:50:05Z</time></trkpt><trkpt lat="42.806620" lon="-7.637363"><ele>443.763</ele><time>2022-07-16T05:50:09Z</time></trkpt><trkpt lat="42.806622" lon="-7.637433"><ele>443.797</ele><time>2022-07-16T05:50:13Z</time></trkpt><trkpt lat="42.806630" lon="-7.637504"><ele>443.726</ele><time>2022-07-16T05:50:17Z</time></trkpt><trkpt lat="42.806633" lon="-7.637582"><ele>443.764</ele><time>2022-07-16T05:50:21Z</time></trkpt><trkpt lat="42.806634" lon="-7.637645"><ele>443.725</ele><time>2022-07-16T05:50:24Z</time></trkpt><trkpt lat="42.806652" lon="-7.637705"><ele>443.779</ele><time>2022-07-16T05:50:28Z</time></trkpt><trkpt lat="42.806669" lon="-7.637768"><ele>443.705</ele><time>2022-07-16T05:50:32Z</time></trkpt><trkpt lat="42.806684" lon="-7.637828"><ele>443.725</ele><time>2022-07-16T05:50:35Z</time></trkpt><trkpt lat="42.806707" lon="-7.637904"><ele>443.709</ele><time>2022-07-16T05:50:39Z</time></trkpt><trkpt lat="42.806723" lon="-7.637961"><ele>443.738</ele><time>2022-07-16T05:50:43Z</time></trkpt><trkpt lat="42.806749" lon="-7.638032"><ele>443.787</ele><time>2022-07-16T05:50:47Z</time></trkpt><trkpt lat="42.806766" lon="-7.638093"><ele>443.725</ele><time>2022-07-16T05:50:52Z</time></trkpt><trkpt lat="42.806778" lon="-7.638161"><ele>443.667</ele><time>2022-07-16T05:50:57Z</time></trkpt><trkpt lat="42.806798" lon="-7.638221"><ele>443.414</ele><time>2022-07-16T05:51:02Z</time></trkpt><trkpt lat="42.806822" lon="-7.638280"><ele>443.178</ele><time>2022-07-16T05:51:07Z</time></trkpt><trkpt lat="42.806844" lon="-7.638337"><ele>442.817</ele><time>2022-07-16T05:51:14Z</time></trkpt><trkpt lat="42.806882" lon="-7.638455"><ele>442.215</ele><time>2022-07-16T05:51:23Z</time></trkpt><trkpt lat="42.806921" lon="-7.638594"><ele>441.916</ele><time>2022-07-16T05:51:35Z</time></trkpt><trkpt lat="42.806973" lon="-7.638860"><ele>441.444</ele><time>2022-07-16T05:51:55Z</time></trkpt><trkpt lat="42.807005" lon="-7.638930"><ele>441.305</ele><time>2022-07-16T05:51:59Z</time></trkpt><trkpt lat="42.807085" lon="-7.639062"><ele>441.215</ele><time>2022-07-16T05:52:12Z</time></trkpt><trkpt lat="42.807124" lon="-7.639142"><ele>441.209</ele><time>2022-07-16T05:52:15Z</time></trkpt><trkpt lat="42.807164" lon="-7.639219"><ele>441.245</ele><time>2022-07-16T05:52:22Z</time></trkpt><trkpt lat="42.807242" lon="-7.639281"><ele>441.284</ele><time>2022-07-16T05:52:32Z</time></trkpt><trkpt lat="42.807292" lon="-7.639324"><ele>441.192</ele><time>2022-07-16T05:52:36Z</time></trkpt><trkpt lat="42.807340" lon="-7.639369"><ele>441.164</ele><time>2022-07-16T05:52:39Z</time></trkpt><trkpt lat="42.807404" lon="-7.639397"><ele>441.191</ele><time>2022-07-16T05:52:45Z</time></trkpt><trkpt lat="42.807449" lon="-7.639420"><ele>441.135</ele><time>2022-07-16T05:52:48Z</time></trkpt><trkpt lat="42.807495" lon="-7.639442"><ele>441.144</ele><time>2022-07-16T05:52:51Z</time></trkpt><trkpt lat="42.807546" lon="-7.639462"><ele>441.192</ele><time>2022-07-16T05:52:55Z</time></trkpt><trkpt lat="42.807593" lon="-7.639466"><ele>441.113</ele><time>2022-07-16T05:52:58Z</time></trkpt><trkpt lat="42.807648" lon="-7.639488"><ele>441.213</ele><time>2022-07-16T05:53:02Z</time></trkpt><trkpt lat="42.807696" lon="-7.639519"><ele>441.343</ele><time>2022-07-16T05:53:07Z</time></trkpt><trkpt lat="42.807752" lon="-7.639521"><ele>441.407</ele><time>2022-07-16T05:53:12Z</time></trkpt><trkpt lat="42.807796" lon="-7.639540"><ele>441.509</ele><time>2022-07-16T05:53:18Z</time></trkpt><trkpt lat="42.807848" lon="-7.639574"><ele>441.872</ele><time>2022-07-16T05:53:22Z</time></trkpt><trkpt lat="42.807894" lon="-7.639612"><ele>442.021</ele><time>2022-07-16T05:53:26Z</time></trkpt><trkpt lat="42.807934" lon="-7.639666"><ele>442.669</ele><time>2022-07-16T05:53:30Z</time></trkpt><trkpt lat="42.807972" lon="-7.639732"><ele>442.961</ele><time>2022-07-16T05:53:34Z</time></trkpt><trkpt lat="42.808017" lon="-7.639788"><ele>443.358</ele><time>2022-07-16T05:53:38Z</time></trkpt><trkpt lat="42.808059" lon="-7.639844"><ele>443.782</ele><time>2022-07-16T05:53:41Z</time></trkpt><trkpt lat="42.808091" lon="-7.639890"><ele>444.221</ele><time>2022-07-16T05:53:46Z</time></trkpt><trkpt lat="42.808127" lon="-7.639940"><ele>444.539</ele><time>2022-07-16T05:53:50Z</time></trkpt><trkpt lat="42.808157" lon="-7.639998"><ele>445.010</ele><time>2022-07-16T05:53:54Z</time></trkpt><trkpt lat="42.808193" lon="-7.640064"><ele>445.211</ele><time>2022-07-16T05:53:59Z</time></trkpt><trkpt lat="42.808237" lon="-7.640121"><ele>445.721</ele><time>2022-07-16T05:54:04Z</time></trkpt><trkpt lat="42.808269" lon="-7.640170"><ele>446.203</ele><time>2022-07-16T05:54:08Z</time></trkpt><trkpt lat="42.808295" lon="-7.640225"><ele>446.409</ele><time>2022-07-16T05:54:12Z</time></trkpt><trkpt lat="42.808325" lon="-7.640282"><ele>446.722</ele><time>2022-07-16T05:54:16Z</time></trkpt><trkpt lat="42.808345" lon="-7.640340"><ele>446.951</ele><time>2022-07-16T05:54:20Z</time></trkpt><trkpt lat="42.808338" lon="-7.640408"><ele>447.019</ele><time>2022-07-16T05:54:22Z</time></trkpt><trkpt lat="42.808345" lon="-7.640484"><ele>447.091</ele><time>2022-07-16T05:54:27Z</time></trkpt><trkpt lat="42.808267" lon="-7.640500"><ele>447.398</ele><time>2022-07-16T05:55:19Z</time></trkpt><trkpt lat="42.808218" lon="-7.640538"><ele>447.842</ele><time>2022-07-16T05:55:23Z</time></trkpt><trkpt lat="42.808177" lon="-7.640577"><ele>447.831</ele><time>2022-07-16T05:55:28Z</time></trkpt><trkpt lat="42.808132" lon="-7.640611"><ele>447.969</ele><time>2022-07-16T05:55:32Z</time></trkpt><trkpt lat="42.808093" lon="-7.640648"><ele>448.220</ele><time>2022-07-16T05:55:35Z</time></trkpt><trkpt lat="42.808041" lon="-7.640674"><ele>448.344</ele><time>2022-07-16T05:55:39Z</time></trkpt><trkpt lat="42.808004" lon="-7.640714"><ele>448.505</ele><time>2022-07-16T05:55:43Z</time></trkpt><trkpt lat="42.807958" lon="-7.640751"><ele>448.715</ele><time>2022-07-16T05:55:48Z</time></trkpt><trkpt lat="42.807906" lon="-7.640775"><ele>448.909</ele><time>2022-07-16T05:55:52Z</time></trkpt><trkpt lat="42.807865" lon="-7.640814"><ele>449.175</ele><time>2022-07-16T05:55:56Z</time></trkpt><trkpt lat="42.807818" lon="-7.640850"><ele>449.434</ele><time>2022-07-16T05:56:02Z</time></trkpt><trkpt lat="42.807769" lon="-7.640882"><ele>449.732</ele><time>2022-07-16T05:56:07Z</time></trkpt><trkpt lat="42.807728" lon="-7.640917"><ele>450.024</ele><time>2022-07-16T05:56:10Z</time></trkpt><trkpt lat="42.807682" lon="-7.640958"><ele>450.481</ele><time>2022-07-16T05:56:14Z</time></trkpt><trkpt lat="42.807635" lon="-7.640990"><ele>450.775</ele><time>2022-07-16T05:56:17Z</time></trkpt><trkpt lat="42.807592" lon="-7.641031"><ele>450.924</ele><time>2022-07-16T05:56:21Z</time></trkpt><trkpt lat="42.807546" lon="-7.641074"><ele>451.132</ele><time>2022-07-16T05:56:25Z</time></trkpt><trkpt lat="42.807505" lon="-7.641129"><ele>451.473</ele><time>2022-07-16T05:56:30Z</time></trkpt><trkpt lat="42.807477" lon="-7.641180"><ele>451.522</ele><time>2022-07-16T05:56:34Z</time></trkpt><trkpt lat="42.807458" lon="-7.641245"><ele>451.762</ele><time>2022-07-16T05:56:38Z</time></trkpt><trkpt lat="42.807449" lon="-7.641326"><ele>451.908</ele><time>2022-07-16T05:56:43Z</time></trkpt><trkpt lat="42.807434" lon="-7.641402"><ele>452.109</ele><time>2022-07-16T05:56:48Z</time></trkpt><trkpt lat="42.807444" lon="-7.641463"><ele>452.233</ele><time>2022-07-16T05:56:52Z</time></trkpt><trkpt lat="42.807440" lon="-7.641527"><ele>452.322</ele><time>2022-07-16T05:56:56Z</time></trkpt><trkpt lat="42.807436" lon="-7.641594"><ele>452.470</ele><time>2022-07-16T05:57:00Z</time></trkpt><trkpt lat="42.807414" lon="-7.641653"><ele>452.442</ele><time>2022-07-16T05:57:04Z</time></trkpt><trkpt lat="42.807398" lon="-7.641720"><ele>452.449</ele><time>2022-07-16T05:57:08Z</time></trkpt><trkpt lat="42.807389" lon="-7.641789"><ele>452.413</ele><time>2022-07-16T05:57:12Z</time></trkpt><trkpt lat="42.807372" lon="-7.641850"><ele>452.492</ele><time>2022-07-16T05:57:15Z</time></trkpt><trkpt lat="42.807358" lon="-7.641916"><ele>452.440</ele><time>2022-07-16T05:57:19Z</time></trkpt><trkpt lat="42.807343" lon="-7.641991"><ele>452.441</ele><time>2022-07-16T05:57:23Z</time></trkpt><trkpt lat="42.807328" lon="-7.642067"><ele>452.385</ele><time>2022-07-16T05:57:27Z</time></trkpt><trkpt lat="42.807317" lon="-7.642134"><ele>452.189</ele><time>2022-07-16T05:57:31Z</time></trkpt><trkpt lat="42.807309" lon="-7.642204"><ele>451.917</ele><time>2022-07-16T05:57:35Z</time></trkpt><trkpt lat="42.807307" lon="-7.642280"><ele>451.609</ele><time>2022-07-16T05:57:39Z</time></trkpt><trkpt lat="42.807302" lon="-7.642364"><ele>451.469</ele><time>2022-07-16T05:57:43Z</time></trkpt><trkpt lat="42.807292" lon="-7.642436"><ele>451.238</ele><time>2022-07-16T05:57:48Z</time></trkpt><trkpt lat="42.807291" lon="-7.642508"><ele>451.036</ele><time>2022-07-16T05:57:53Z</time></trkpt><trkpt lat="42.807274" lon="-7.642573"><ele>450.758</ele><time>2022-07-16T05:57:57Z</time></trkpt><trkpt lat="42.807289" lon="-7.642639"><ele>450.535</ele><time>2022-07-16T05:58:03Z</time></trkpt><trkpt lat="42.807338" lon="-7.642705"><ele>450.359</ele><time>2022-07-16T05:58:11Z</time></trkpt><trkpt lat="42.807380" lon="-7.642745"><ele>450.168</ele><time>2022-07-16T05:58:17Z</time></trkpt><trkpt lat="42.807420" lon="-7.642779"><ele>450.116</ele><time>2022-07-16T05:58:22Z</time></trkpt><trkpt lat="42.807463" lon="-7.642819"><ele>450.167</ele><time>2022-07-16T05:58:27Z</time></trkpt><trkpt lat="42.807504" lon="-7.642852"><ele>450.175</ele><time>2022-07-16T05:58:31Z</time></trkpt><trkpt lat="42.807545" lon="-7.642883"><ele>450.128</ele><time>2022-07-16T05:58:35Z</time></trkpt><trkpt lat="42.807591" lon="-7.642915"><ele>450.220</ele><time>2022-07-16T05:58:38Z</time></trkpt><trkpt lat="42.807637" lon="-7.642962"><ele>450.309</ele><time>2022-07-16T05:58:42Z</time></trkpt><trkpt lat="42.807680" lon="-7.643010"><ele>450.428</ele><time>2022-07-16T05:58:46Z</time></trkpt><trkpt lat="42.807731" lon="-7.643031"><ele>450.597</ele><time>2022-07-16T05:58:49Z</time></trkpt><trkpt lat="42.807787" lon="-7.643078"><ele>450.625</ele><time>2022-07-16T05:58:52Z</time></trkpt><trkpt lat="42.807844" lon="-7.643076"><ele>450.737</ele><time>2022-07-16T05:58:57Z</time></trkpt><trkpt lat="42.807892" lon="-7.643091"><ele>450.824</ele><time>2022-07-16T05:59:00Z</time></trkpt><trkpt lat="42.807939" lon="-7.643104"><ele>450.948</ele><time>2022-07-16T05:59:07Z</time></trkpt><trkpt lat="42.808092" lon="-7.643172"><ele>451.157</ele><time>2022-07-16T05:59:18Z</time></trkpt><trkpt lat="42.808132" lon="-7.643133"><ele>451.335</ele><time>2022-07-16T05:59:28Z</time></trkpt><trkpt lat="42.808178" lon="-7.643173"><ele>451.586</ele><time>2022-07-16T05:59:33Z</time></trkpt><trkpt lat="42.808241" lon="-7.643209"><ele>451.858</ele><time>2022-07-16T05:59:35Z</time></trkpt><trkpt lat="42.808296" lon="-7.643242"><ele>451.952</ele><time>2022-07-16T05:59:38Z</time></trkpt><trkpt lat="42.808341" lon="-7.643277"><ele>452.017</ele><time>2022-07-16T05:59:41Z</time></trkpt><trkpt lat="42.808384" lon="-7.643298"><ele>452.109</ele><time>2022-07-16T05:59:44Z</time></trkpt><trkpt lat="42.808425" lon="-7.643327"><ele>452.196</ele><time>2022-07-16T05:59:47Z</time></trkpt><trkpt lat="42.808516" lon="-7.643349"><ele>452.115</ele><time>2022-07-16T06:00:03Z</time></trkpt><trkpt lat="42.808563" lon="-7.643370"><ele>452.213</ele><time>2022-07-16T06:00:07Z</time></trkpt><trkpt lat="42.808610" lon="-7.643387"><ele>452.525</ele><time>2022-07-16T06:00:10Z</time></trkpt><trkpt lat="42.808662" lon="-7.643403"><ele>452.682</ele><time>2022-07-16T06:00:13Z</time></trkpt><trkpt lat="42.808712" lon="-7.643429"><ele>452.766</ele><time>2022-07-16T06:00:16Z</time></trkpt><trkpt lat="42.808757" lon="-7.643460"><ele>452.745</ele><time>2022-07-16T06:00:18Z</time></trkpt><trkpt lat="42.808796" lon="-7.643502"><ele>452.883</ele><time>2022-07-16T06:00:21Z</time></trkpt><trkpt lat="42.808845" lon="-7.643524"><ele>452.964</ele><time>2022-07-16T06:00:24Z</time></trkpt><trkpt lat="42.808895" lon="-7.643555"><ele>453.012</ele><time>2022-07-16T06:00:29Z</time></trkpt><trkpt lat="42.808940" lon="-7.643579"><ele>453.132</ele><time>2022-07-16T06:00:32Z</time></trkpt><trkpt lat="42.808983" lon="-7.643601"><ele>453.205</ele><time>2022-07-16T06:00:37Z</time></trkpt><trkpt lat="42.809029" lon="-7.643599"><ele>453.309</ele><time>2022-07-16T06:00:41Z</time></trkpt><trkpt lat="42.809073" lon="-7.643584"><ele>453.442</ele><time>2022-07-16T06:00:45Z</time></trkpt><trkpt lat="42.809129" lon="-7.643599"><ele>453.531</ele><time>2022-07-16T06:00:49Z</time></trkpt><trkpt lat="42.809177" lon="-7.643625"><ele>453.679</ele><time>2022-07-16T06:00:54Z</time></trkpt><trkpt lat="42.809226" lon="-7.643659"><ele>453.661</ele><time>2022-07-16T06:00:58Z</time></trkpt><trkpt lat="42.809273" lon="-7.643702"><ele>453.798</ele><time>2022-07-16T06:01:01Z</time></trkpt><trkpt lat="42.809308" lon="-7.643747"><ele>453.852</ele><time>2022-07-16T06:01:05Z</time></trkpt><trkpt lat="42.809394" lon="-7.643755"><ele>453.981</ele><time>2022-07-16T06:01:13Z</time></trkpt><trkpt lat="42.809457" lon="-7.643778"><ele>453.949</ele><time>2022-07-16T06:01:22Z</time></trkpt><trkpt lat="42.809512" lon="-7.643827"><ele>454.190</ele><time>2022-07-16T06:01:26Z</time></trkpt><trkpt lat="42.809553" lon="-7.643877"><ele>454.179</ele><time>2022-07-16T06:01:30Z</time></trkpt><trkpt lat="42.809598" lon="-7.643897"><ele>454.105</ele><time>2022-07-16T06:01:32Z</time></trkpt><trkpt lat="42.809639" lon="-7.643927"><ele>454.125</ele><time>2022-07-16T06:01:34Z</time></trkpt><trkpt lat="42.809675" lon="-7.643965"><ele>454.109</ele><time>2022-07-16T06:01:36Z</time></trkpt><trkpt lat="42.809721" lon="-7.644007"><ele>454.138</ele><time>2022-07-16T06:01:39Z</time></trkpt><trkpt lat="42.809765" lon="-7.644048"><ele>454.177</ele><time>2022-07-16T06:01:43Z</time></trkpt><trkpt lat="42.809811" lon="-7.644085"><ele>454.045</ele><time>2022-07-16T06:01:46Z</time></trkpt><trkpt lat="42.809859" lon="-7.644111"><ele>453.957</ele><time>2022-07-16T06:01:50Z</time></trkpt><trkpt lat="42.809908" lon="-7.644151"><ele>453.864</ele><time>2022-07-16T06:01:53Z</time></trkpt><trkpt lat="42.809957" lon="-7.644178"><ele>453.768</ele><time>2022-07-16T06:01:57Z</time></trkpt><trkpt lat="42.810006" lon="-7.644215"><ele>453.567</ele><time>2022-07-16T06:02:01Z</time></trkpt><trkpt lat="42.810060" lon="-7.644237"><ele>453.485</ele><time>2022-07-16T06:02:04Z</time></trkpt><trkpt lat="42.810106" lon="-7.644264"><ele>453.236</ele><time>2022-07-16T06:02:08Z</time></trkpt><trkpt lat="42.810156" lon="-7.644293"><ele>453.298</ele><time>2022-07-16T06:02:12Z</time></trkpt><trkpt lat="42.810205" lon="-7.644313"><ele>453.115</ele><time>2022-07-16T06:02:16Z</time></trkpt><trkpt lat="42.810252" lon="-7.644334"><ele>453.126</ele><time>2022-07-16T06:02:19Z</time></trkpt><trkpt lat="42.810300" lon="-7.644353"><ele>453.009</ele><time>2022-07-16T06:02:24Z</time></trkpt><trkpt lat="42.810350" lon="-7.644371"><ele>452.970</ele><time>2022-07-16T06:02:29Z</time></trkpt><trkpt lat="42.810399" lon="-7.644392"><ele>452.839</ele><time>2022-07-16T06:02:32Z</time></trkpt><trkpt lat="42.810451" lon="-7.644425"><ele>452.687</ele><time>2022-07-16T06:02:35Z</time></trkpt><trkpt lat="42.810493" lon="-7.644451"><ele>452.529</ele><time>2022-07-16T06:02:39Z</time></trkpt><trkpt lat="42.810546" lon="-7.644478"><ele>452.456</ele><time>2022-07-16T06:02:43Z</time></trkpt><trkpt lat="42.810598" lon="-7.644503"><ele>452.310</ele><time>2022-07-16T06:02:47Z</time></trkpt><trkpt lat="42.810643" lon="-7.644550"><ele>452.169</ele><time>2022-07-16T06:02:51Z</time></trkpt><trkpt lat="42.810701" lon="-7.644561"><ele>452.067</ele><time>2022-07-16T06:02:58Z</time></trkpt><trkpt lat="42.810751" lon="-7.644585"><ele>451.998</ele><time>2022-07-16T06:03:01Z</time></trkpt><trkpt lat="42.810794" lon="-7.644606"><ele>451.874</ele><time>2022-07-16T06:03:04Z</time></trkpt><trkpt lat="42.810838" lon="-7.644638"><ele>451.756</ele><time>2022-07-16T06:03:08Z</time></trkpt><trkpt lat="42.810889" lon="-7.644656"><ele>451.721</ele><time>2022-07-16T06:03:12Z</time></trkpt><trkpt lat="42.810937" lon="-7.644695"><ele>451.709</ele><time>2022-07-16T06:03:16Z</time></trkpt><trkpt lat="42.810980" lon="-7.644742"><ele>451.778</ele><time>2022-07-16T06:03:21Z</time></trkpt><trkpt lat="42.811027" lon="-7.644793"><ele>451.637</ele><time>2022-07-16T06:03:25Z</time></trkpt><trkpt lat="42.811073" lon="-7.644843"><ele>451.475</ele><time>2022-07-16T06:03:31Z</time></trkpt><trkpt lat="42.811108" lon="-7.644904"><ele>451.067</ele><time>2022-07-16T06:03:35Z</time></trkpt><trkpt lat="42.811131" lon="-7.644958"><ele>450.494</ele><time>2022-07-16T06:03:39Z</time></trkpt><trkpt lat="42.811169" lon="-7.645009"><ele>450.238</ele><time>2022-07-16T06:03:42Z</time></trkpt><trkpt lat="42.811193" lon="-7.645062"><ele>450.127</ele><time>2022-07-16T06:03:46Z</time></trkpt><trkpt lat="42.811224" lon="-7.645116"><ele>450.055</ele><time>2022-07-16T06:03:49Z</time></trkpt><trkpt lat="42.811250" lon="-7.645167"><ele>449.976</ele><time>2022-07-16T06:03:52Z</time></trkpt><trkpt lat="42.811288" lon="-7.645213"><ele>449.844</ele><time>2022-07-16T06:03:56Z</time></trkpt><trkpt lat="42.811320" lon="-7.645268"><ele>449.705</ele><time>2022-07-16T06:04:00Z</time></trkpt><trkpt lat="42.811358" lon="-7.645331"><ele>449.715</ele><time>2022-07-16T06:04:05Z</time></trkpt><trkpt lat="42.811386" lon="-7.645383"><ele>449.709</ele><time>2022-07-16T06:04:09Z</time></trkpt><trkpt lat="42.811413" lon="-7.645438"><ele>449.655</ele><time>2022-07-16T06:04:13Z</time></trkpt><trkpt lat="42.811442" lon="-7.645494"><ele>449.634</ele><time>2022-07-16T06:04:18Z</time></trkpt><trkpt lat="42.811479" lon="-7.645537"><ele>449.652</ele><time>2022-07-16T06:04:21Z</time></trkpt><trkpt lat="42.811524" lon="-7.645577"><ele>449.644</ele><time>2022-07-16T06:04:26Z</time></trkpt><trkpt lat="42.811555" lon="-7.645633"><ele>449.611</ele><time>2022-07-16T06:04:30Z</time></trkpt><trkpt lat="42.811576" lon="-7.645698"><ele>449.715</ele><time>2022-07-16T06:04:33Z</time></trkpt><trkpt lat="42.811586" lon="-7.645766"><ele>449.944</ele><time>2022-07-16T06:04:37Z</time></trkpt><trkpt lat="42.811617" lon="-7.645823"><ele>450.082</ele><time>2022-07-16T06:04:41Z</time></trkpt><trkpt lat="42.811652" lon="-7.645868"><ele>450.063</ele><time>2022-07-16T06:04:45Z</time></trkpt><trkpt lat="42.811682" lon="-7.645918"><ele>450.139</ele><time>2022-07-16T06:04:49Z</time></trkpt><trkpt lat="42.811713" lon="-7.645966"><ele>450.201</ele><time>2022-07-16T06:04:53Z</time></trkpt><trkpt lat="42.811746" lon="-7.646021"><ele>450.321</ele><time>2022-07-16T06:04:58Z</time></trkpt><trkpt lat="42.811742" lon="-7.646091"><ele>450.409</ele><time>2022-07-16T06:05:05Z</time></trkpt><trkpt lat="42.811753" lon="-7.646173"><ele>450.524</ele><time>2022-07-16T06:05:08Z</time></trkpt><trkpt lat="42.811737" lon="-7.646244"><ele>450.693</ele><time>2022-07-16T06:05:11Z</time></trkpt><trkpt lat="42.811754" lon="-7.646301"><ele>450.761</ele><time>2022-07-16T06:05:14Z</time></trkpt><trkpt lat="42.811754" lon="-7.646365"><ele>450.873</ele><time>2022-07-16T06:05:17Z</time></trkpt><trkpt lat="42.811761" lon="-7.646444"><ele>450.990</ele><time>2022-07-16T06:05:20Z</time></trkpt><trkpt lat="42.811772" lon="-7.646521"><ele>451.034</ele><time>2022-07-16T06:05:23Z</time></trkpt><trkpt lat="42.811786" lon="-7.646585"><ele>451.113</ele><time>2022-07-16T06:05:26Z</time></trkpt><trkpt lat="42.811787" lon="-7.646660"><ele>451.211</ele><time>2022-07-16T06:05:29Z</time></trkpt><trkpt lat="42.811779" lon="-7.646734"><ele>451.282</ele><time>2022-07-16T06:05:33Z</time></trkpt><trkpt lat="42.811773" lon="-7.646808"><ele>451.384</ele><time>2022-07-16T06:05:37Z</time></trkpt><trkpt lat="42.811779" lon="-7.646881"><ele>451.307</ele><time>2022-07-16T06:05:41Z</time></trkpt><trkpt lat="42.811766" lon="-7.646945"><ele>451.417</ele><time>2022-07-16T06:05:45Z</time></trkpt><trkpt lat="42.811773" lon="-7.647023"><ele>451.509</ele><time>2022-07-16T06:05:49Z</time></trkpt><trkpt lat="42.811758" lon="-7.647092"><ele>451.559</ele><time>2022-07-16T06:05:53Z</time></trkpt><trkpt lat="42.811761" lon="-7.647171"><ele>451.668</ele><time>2022-07-16T06:05:57Z</time></trkpt><trkpt lat="42.811759" lon="-7.647236"><ele>451.676</ele><time>2022-07-16T06:06:01Z</time></trkpt><trkpt lat="42.811772" lon="-7.647305"><ele>451.738</ele><time>2022-07-16T06:06:05Z</time></trkpt><trkpt lat="42.811780" lon="-7.647366"><ele>451.855</ele><time>2022-07-16T06:06:08Z</time></trkpt><trkpt lat="42.811773" lon="-7.647427"><ele>451.959</ele><time>2022-07-16T06:06:11Z</time></trkpt><trkpt lat="42.811774" lon="-7.647504"><ele>452.018</ele><time>2022-07-16T06:06:15Z</time></trkpt><trkpt lat="42.811769" lon="-7.647575"><ele>452.166</ele><time>2022-07-16T06:06:19Z</time></trkpt><trkpt lat="42.811762" lon="-7.647653"><ele>452.237</ele><time>2022-07-16T06:06:23Z</time></trkpt><trkpt lat="42.811757" lon="-7.647716"><ele>452.341</ele><time>2022-07-16T06:06:27Z</time></trkpt><trkpt lat="42.811766" lon="-7.647786"><ele>452.481</ele><time>2022-07-16T06:06:31Z</time></trkpt><trkpt lat="42.811780" lon="-7.647849"><ele>452.509</ele><time>2022-07-16T06:06:34Z</time></trkpt><trkpt lat="42.811799" lon="-7.647914"><ele>452.709</ele><time>2022-07-16T06:06:38Z</time></trkpt><trkpt lat="42.811820" lon="-7.647971"><ele>452.885</ele><time>2022-07-16T06:06:41Z</time></trkpt><trkpt lat="42.811830" lon="-7.648035"><ele>452.914</ele><time>2022-07-16T06:06:45Z</time></trkpt><trkpt lat="42.811835" lon="-7.648101"><ele>453.062</ele><time>2022-07-16T06:06:49Z</time></trkpt><trkpt lat="42.811840" lon="-7.648173"><ele>453.184</ele><time>2022-07-16T06:06:53Z</time></trkpt><trkpt lat="42.811825" lon="-7.648241"><ele>453.231</ele><time>2022-07-16T06:06:57Z</time></trkpt><trkpt lat="42.811819" lon="-7.648314"><ele>453.335</ele><time>2022-07-16T06:07:03Z</time></trkpt><trkpt lat="42.811814" lon="-7.648387"><ele>453.574</ele><time>2022-07-16T06:07:08Z</time></trkpt><trkpt lat="42.811814" lon="-7.648458"><ele>453.722</ele><time>2022-07-16T06:07:15Z</time></trkpt><trkpt lat="42.811822" lon="-7.648518"><ele>453.923</ele><time>2022-07-16T06:07:20Z</time></trkpt><trkpt lat="42.811834" lon="-7.648582"><ele>454.185</ele><time>2022-07-16T06:07:26Z</time></trkpt><trkpt lat="42.811855" lon="-7.648689"><ele>454.589</ele><time>2022-07-16T06:07:33Z</time></trkpt><trkpt lat="42.811852" lon="-7.648752"><ele>454.717</ele><time>2022-07-16T06:07:36Z</time></trkpt><trkpt lat="42.811842" lon="-7.648825"><ele>455.009</ele><time>2022-07-16T06:07:40Z</time></trkpt><trkpt lat="42.811844" lon="-7.648901"><ele>455.119</ele><time>2022-07-16T06:07:44Z</time></trkpt><trkpt lat="42.811847" lon="-7.648969"><ele>455.218</ele><time>2022-07-16T06:07:47Z</time></trkpt><trkpt lat="42.811845" lon="-7.649048"><ele>455.376</ele><time>2022-07-16T06:07:51Z</time></trkpt><trkpt lat="42.811842" lon="-7.649129"><ele>455.558</ele><time>2022-07-16T06:07:54Z</time></trkpt><trkpt lat="42.811832" lon="-7.649196"><ele>455.755</ele><time>2022-07-16T06:07:57Z</time></trkpt><trkpt lat="42.811838" lon="-7.649271"><ele>455.869</ele><time>2022-07-16T06:08:01Z</time></trkpt><trkpt lat="42.811834" lon="-7.649344"><ele>456.098</ele><time>2022-07-16T06:08:04Z</time></trkpt><trkpt lat="42.811831" lon="-7.649406"><ele>456.196</ele><time>2022-07-16T06:08:07Z</time></trkpt><trkpt lat="42.811835" lon="-7.649472"><ele>456.397</ele><time>2022-07-16T06:08:11Z</time></trkpt><trkpt lat="42.811831" lon="-7.649547"><ele>456.567</ele><time>2022-07-16T06:08:15Z</time></trkpt><trkpt lat="42.811845" lon="-7.649612"><ele>456.781</ele><time>2022-07-16T06:08:19Z</time></trkpt><trkpt lat="42.811861" lon="-7.649669"><ele>456.919</ele><time>2022-07-16T06:08:22Z</time></trkpt><trkpt lat="42.811860" lon="-7.649743"><ele>457.209</ele><time>2022-07-16T06:08:26Z</time></trkpt><trkpt lat="42.811862" lon="-7.649804"><ele>457.447</ele><time>2022-07-16T06:08:30Z</time></trkpt><trkpt lat="42.811865" lon="-7.649880"><ele>457.646</ele><time>2022-07-16T06:08:34Z</time></trkpt><trkpt lat="42.811861" lon="-7.649950"><ele>457.994</ele><time>2022-07-16T06:08:38Z</time></trkpt><trkpt lat="42.811854" lon="-7.650014"><ele>458.296</ele><time>2022-07-16T06:08:42Z</time></trkpt><trkpt lat="42.811842" lon="-7.650078"><ele>458.553</ele><time>2022-07-16T06:08:46Z</time></trkpt><trkpt lat="42.811857" lon="-7.650150"><ele>458.887</ele><time>2022-07-16T06:08:50Z</time></trkpt><trkpt lat="42.811858" lon="-7.650220"><ele>459.166</ele><time>2022-07-16T06:08:55Z</time></trkpt><trkpt lat="42.811866" lon="-7.650296"><ele>459.464</ele><time>2022-07-16T06:08:59Z</time></trkpt><trkpt lat="42.811864" lon="-7.650371"><ele>459.745</ele><time>2022-07-16T06:09:04Z</time></trkpt><trkpt lat="42.811871" lon="-7.650434"><ele>460.052</ele><time>2022-07-16T06:09:08Z</time></trkpt><trkpt lat="42.811877" lon="-7.650495"><ele>460.353</ele><time>2022-07-16T06:09:11Z</time></trkpt><trkpt lat="42.811869" lon="-7.650564"><ele>460.608</ele><time>2022-07-16T06:09:15Z</time></trkpt><trkpt lat="42.811864" lon="-7.650634"><ele>460.809</ele><time>2022-07-16T06:09:19Z</time></trkpt><trkpt lat="42.811867" lon="-7.650698"><ele>461.066</ele><time>2022-07-16T06:09:23Z</time></trkpt><trkpt lat="42.811885" lon="-7.650775"><ele>461.335</ele><time>2022-07-16T06:09:27Z</time></trkpt><trkpt lat="42.811897" lon="-7.650850"><ele>461.643</ele><time>2022-07-16T06:09:31Z</time></trkpt><trkpt lat="42.811895" lon="-7.650929"><ele>462.155</ele><time>2022-07-16T06:09:35Z</time></trkpt><trkpt lat="42.811896" lon="-7.650992"><ele>462.332</ele><time>2022-07-16T06:09:39Z</time></trkpt><trkpt lat="42.811913" lon="-7.651059"><ele>462.856</ele><time>2022-07-16T06:09:43Z</time></trkpt><trkpt lat="42.811922" lon="-7.651133"><ele>462.995</ele><time>2022-07-16T06:09:48Z</time></trkpt><trkpt lat="42.811931" lon="-7.651215"><ele>463.383</ele><time>2022-07-16T06:09:52Z</time></trkpt><trkpt lat="42.811931" lon="-7.651291"><ele>463.654</ele><time>2022-07-16T06:09:57Z</time></trkpt><trkpt lat="42.811925" lon="-7.651354"><ele>463.962</ele><time>2022-07-16T06:10:03Z</time></trkpt><trkpt lat="42.811931" lon="-7.651427"><ele>464.283</ele><time>2022-07-16T06:10:07Z</time></trkpt><trkpt lat="42.811931" lon="-7.651495"><ele>464.411</ele><time>2022-07-16T06:10:11Z</time></trkpt><trkpt lat="42.811940" lon="-7.651564"><ele>464.709</ele><time>2022-07-16T06:10:15Z</time></trkpt><trkpt lat="42.811940" lon="-7.651646"><ele>465.047</ele><time>2022-07-16T06:10:19Z</time></trkpt><trkpt lat="42.811941" lon="-7.651721"><ele>465.446</ele><time>2022-07-16T06:10:23Z</time></trkpt><trkpt lat="42.811947" lon="-7.651792"><ele>465.594</ele><time>2022-07-16T06:10:27Z</time></trkpt><trkpt lat="42.811946" lon="-7.651864"><ele>465.926</ele><time>2022-07-16T06:10:31Z</time></trkpt><trkpt lat="42.811939" lon="-7.651936"><ele>466.073</ele><time>2022-07-16T06:10:35Z</time></trkpt><trkpt lat="42.811939" lon="-7.652013"><ele>466.147</ele><time>2022-07-16T06:10:39Z</time></trkpt><trkpt lat="42.811945" lon="-7.652081"><ele>466.286</ele><time>2022-07-16T06:10:44Z</time></trkpt><trkpt lat="42.811940" lon="-7.652160"><ele>466.344</ele><time>2022-07-16T06:10:49Z</time></trkpt><trkpt lat="42.811959" lon="-7.652218"><ele>466.395</ele><time>2022-07-16T06:10:53Z</time></trkpt><trkpt lat="42.811974" lon="-7.652280"><ele>466.459</ele><time>2022-07-16T06:10:56Z</time></trkpt><trkpt lat="42.811966" lon="-7.652352"><ele>466.503</ele><time>2022-07-16T06:11:00Z</time></trkpt><trkpt lat="42.811958" lon="-7.652421"><ele>466.523</ele><time>2022-07-16T06:11:04Z</time></trkpt><trkpt lat="42.811962" lon="-7.652486"><ele>466.509</ele><time>2022-07-16T06:11:08Z</time></trkpt><trkpt lat="42.811966" lon="-7.652560"><ele>466.586</ele><time>2022-07-16T06:11:12Z</time></trkpt><trkpt lat="42.811954" lon="-7.652621"><ele>466.545</ele><time>2022-07-16T06:11:15Z</time></trkpt><trkpt lat="42.811946" lon="-7.652691"><ele>466.563</ele><time>2022-07-16T06:11:19Z</time></trkpt><trkpt lat="42.811951" lon="-7.652754"><ele>466.575</ele><time>2022-07-16T06:11:23Z</time></trkpt><trkpt lat="42.811950" lon="-7.652821"><ele>466.552</ele><time>2022-07-16T06:11:27Z</time></trkpt><trkpt lat="42.811954" lon="-7.652885"><ele>466.526</ele><time>2022-07-16T06:11:31Z</time></trkpt><trkpt lat="42.811956" lon="-7.652959"><ele>466.535</ele><time>2022-07-16T06:11:35Z</time></trkpt><trkpt lat="42.811955" lon="-7.653025"><ele>466.513</ele><time>2022-07-16T06:11:39Z</time></trkpt><trkpt lat="42.811959" lon="-7.653097"><ele>466.584</ele><time>2022-07-16T06:11:44Z</time></trkpt><trkpt lat="42.811965" lon="-7.653171"><ele>466.596</ele><time>2022-07-16T06:11:48Z</time></trkpt><trkpt lat="42.811957" lon="-7.653246"><ele>466.531</ele><time>2022-07-16T06:11:52Z</time></trkpt><trkpt lat="42.811962" lon="-7.653318"><ele>466.524</ele><time>2022-07-16T06:11:56Z</time></trkpt><trkpt lat="42.811955" lon="-7.653390"><ele>466.509</ele><time>2022-07-16T06:12:00Z</time></trkpt><trkpt lat="42.811958" lon="-7.653460"><ele>466.580</ele><time>2022-07-16T06:12:05Z</time></trkpt><trkpt lat="42.811967" lon="-7.653529"><ele>466.529</ele><time>2022-07-16T06:12:09Z</time></trkpt><trkpt lat="42.811978" lon="-7.653601"><ele>466.597</ele><time>2022-07-16T06:12:13Z</time></trkpt><trkpt lat="42.811965" lon="-7.653665"><ele>466.539</ele><time>2022-07-16T06:12:17Z</time></trkpt><trkpt lat="42.811962" lon="-7.653735"><ele>466.576</ele><time>2022-07-16T06:12:21Z</time></trkpt><trkpt lat="42.811966" lon="-7.653798"><ele>466.520</ele><time>2022-07-16T06:12:25Z</time></trkpt><trkpt lat="42.811959" lon="-7.653871"><ele>466.549</ele><time>2022-07-16T06:12:29Z</time></trkpt><trkpt lat="42.811970" lon="-7.653937"><ele>466.527</ele><time>2022-07-16T06:12:33Z</time></trkpt><trkpt lat="42.811982" lon="-7.653998"><ele>466.578</ele><time>2022-07-16T06:12:36Z</time></trkpt><trkpt lat="42.811985" lon="-7.654069"><ele>466.552</ele><time>2022-07-16T06:12:40Z</time></trkpt><trkpt lat="42.811985" lon="-7.654141"><ele>466.553</ele><time>2022-07-16T06:12:44Z</time></trkpt><trkpt lat="42.812000" lon="-7.654199"><ele>466.508</ele><time>2022-07-16T06:12:47Z</time></trkpt><trkpt lat="42.812000" lon="-7.654272"><ele>466.509</ele><time>2022-07-16T06:12:51Z</time></trkpt><trkpt lat="42.812003" lon="-7.654345"><ele>466.566</ele><time>2022-07-16T06:12:56Z</time></trkpt><trkpt lat="42.812005" lon="-7.654416"><ele>466.675</ele><time>2022-07-16T06:13:00Z</time></trkpt><trkpt lat="42.811998" lon="-7.654487"><ele>466.733</ele><time>2022-07-16T06:13:04Z</time></trkpt><trkpt lat="42.812000" lon="-7.654556"><ele>466.765</ele><time>2022-07-16T06:13:08Z</time></trkpt><trkpt lat="42.812000" lon="-7.654631"><ele>466.792</ele><time>2022-07-16T06:13:12Z</time></trkpt><trkpt lat="42.812002" lon="-7.654706"><ele>466.816</ele><time>2022-07-16T06:13:17Z</time></trkpt><trkpt lat="42.812011" lon="-7.654779"><ele>466.915</ele><time>2022-07-16T06:13:21Z</time></trkpt><trkpt lat="42.812009" lon="-7.654858"><ele>467.243</ele><time>2022-07-16T06:13:26Z</time></trkpt><trkpt lat="42.812014" lon="-7.654931"><ele>467.494</ele><time>2022-07-16T06:13:29Z</time></trkpt><trkpt lat="42.812019" lon="-7.654993"><ele>467.567</ele><time>2022-07-16T06:13:33Z</time></trkpt><trkpt lat="42.812028" lon="-7.655058"><ele>467.781</ele><time>2022-07-16T06:13:36Z</time></trkpt><trkpt lat="42.812021" lon="-7.655135"><ele>467.919</ele><time>2022-07-16T06:13:40Z</time></trkpt><trkpt lat="42.812026" lon="-7.655197"><ele>468.109</ele><time>2022-07-16T06:13:43Z</time></trkpt><trkpt lat="42.812024" lon="-7.655260"><ele>468.327</ele><time>2022-07-16T06:13:46Z</time></trkpt><trkpt lat="42.812034" lon="-7.655324"><ele>468.586</ele><time>2022-07-16T06:13:50Z</time></trkpt><trkpt lat="42.812025" lon="-7.655404"><ele>468.754</ele><time>2022-07-16T06:13:54Z</time></trkpt><trkpt lat="42.812024" lon="-7.655474"><ele>468.916</ele><time>2022-07-16T06:13:58Z</time></trkpt><trkpt lat="42.812033" lon="-7.655550"><ele>469.183</ele><time>2022-07-16T06:14:02Z</time></trkpt><trkpt lat="42.812042" lon="-7.655614"><ele>469.387</ele><time>2022-07-16T06:14:05Z</time></trkpt><trkpt lat="42.812044" lon="-7.655676"><ele>469.576</ele><time>2022-07-16T06:14:09Z</time></trkpt><trkpt lat="42.812042" lon="-7.655739"><ele>469.764</ele><time>2022-07-16T06:14:12Z</time></trkpt><trkpt lat="42.812039" lon="-7.655802"><ele>469.915</ele><time>2022-07-16T06:14:16Z</time></trkpt><trkpt lat="42.812044" lon="-7.655865"><ele>470.149</ele><time>2022-07-16T06:14:20Z</time></trkpt><trkpt lat="42.812039" lon="-7.655936"><ele>470.302</ele><time>2022-07-16T06:14:24Z</time></trkpt><trkpt lat="42.812034" lon="-7.656018"><ele>470.522</ele><time>2022-07-16T06:14:29Z</time></trkpt><trkpt lat="42.812041" lon="-7.656080"><ele>470.809</ele><time>2022-07-16T06:14:34Z</time></trkpt><trkpt lat="42.812056" lon="-7.656139"><ele>471.195</ele><time>2022-07-16T06:14:38Z</time></trkpt><trkpt lat="42.812049" lon="-7.656204"><ele>471.434</ele><time>2022-07-16T06:14:43Z</time></trkpt><trkpt lat="42.812058" lon="-7.656279"><ele>471.652</ele><time>2022-07-16T06:14:47Z</time></trkpt><trkpt lat="42.812070" lon="-7.656345"><ele>471.954</ele><time>2022-07-16T06:14:51Z</time></trkpt><trkpt lat="42.812070" lon="-7.656413"><ele>472.291</ele><time>2022-07-16T06:14:56Z</time></trkpt><trkpt lat="42.812078" lon="-7.656478"><ele>472.495</ele><time>2022-07-16T06:15:00Z</time></trkpt><trkpt lat="42.812072" lon="-7.656549"><ele>472.664</ele><time>2022-07-16T06:15:04Z</time></trkpt><trkpt lat="42.812070" lon="-7.656619"><ele>472.912</ele><time>2022-07-16T06:15:08Z</time></trkpt><trkpt lat="42.812079" lon="-7.656692"><ele>473.173</ele><time>2022-07-16T06:15:12Z</time></trkpt><trkpt lat="42.812069" lon="-7.656764"><ele>473.419</ele><time>2022-07-16T06:15:16Z</time></trkpt><trkpt lat="42.812060" lon="-7.656825"><ele>473.709</ele><time>2022-07-16T06:15:19Z</time></trkpt><trkpt lat="42.812063" lon="-7.656890"><ele>474.019</ele><time>2022-07-16T06:15:23Z</time></trkpt><trkpt lat="42.812060" lon="-7.656963"><ele>474.309</ele><time>2022-07-16T06:15:28Z</time></trkpt><trkpt lat="42.812067" lon="-7.657024"><ele>474.692</ele><time>2022-07-16T06:15:31Z</time></trkpt><trkpt lat="42.812089" lon="-7.657099"><ele>474.921</ele><time>2022-07-16T06:15:36Z</time></trkpt><trkpt lat="42.812103" lon="-7.657177"><ele>475.239</ele><time>2022-07-16T06:15:40Z</time></trkpt><trkpt lat="42.812107" lon="-7.657238"><ele>475.631</ele><time>2022-07-16T06:15:43Z</time></trkpt><trkpt lat="42.812104" lon="-7.657305"><ele>476.058</ele><time>2022-07-16T06:15:47Z</time></trkpt><trkpt lat="42.812110" lon="-7.657371"><ele>476.312</ele><time>2022-07-16T06:15:51Z</time></trkpt><trkpt lat="42.812136" lon="-7.657437"><ele>476.641</ele><time>2022-07-16T06:15:55Z</time></trkpt><trkpt lat="42.812137" lon="-7.657503"><ele>477.069</ele><time>2022-07-16T06:15:59Z</time></trkpt><trkpt lat="42.812137" lon="-7.657574"><ele>477.420</ele><time>2022-07-16T06:16:03Z</time></trkpt><trkpt lat="42.812140" lon="-7.657643"><ele>477.899</ele><time>2022-07-16T06:16:08Z</time></trkpt><trkpt lat="42.812145" lon="-7.657705"><ele>478.107</ele><time>2022-07-16T06:16:12Z</time></trkpt><trkpt lat="42.812151" lon="-7.657778"><ele>478.427</ele><time>2022-07-16T06:16:16Z</time></trkpt><trkpt lat="42.812155" lon="-7.657841"><ele>478.709</ele><time>2022-07-16T06:16:21Z</time></trkpt><trkpt lat="42.812162" lon="-7.657909"><ele>479.020</ele><time>2022-07-16T06:16:25Z</time></trkpt><trkpt lat="42.812151" lon="-7.657984"><ele>479.439</ele><time>2022-07-16T06:16:30Z</time></trkpt><trkpt lat="42.812160" lon="-7.658048"><ele>479.817</ele><time>2022-07-16T06:16:33Z</time></trkpt><trkpt lat="42.812164" lon="-7.658111"><ele>480.299</ele><time>2022-07-16T06:16:36Z</time></trkpt><trkpt lat="42.812173" lon="-7.658176"><ele>480.516</ele><time>2022-07-16T06:16:40Z</time></trkpt><trkpt lat="42.812187" lon="-7.658240"><ele>480.720</ele><time>2022-07-16T06:16:45Z</time></trkpt><trkpt lat="42.812188" lon="-7.658304"><ele>480.959</ele><time>2022-07-16T06:16:49Z</time></trkpt><trkpt lat="42.812197" lon="-7.658366"><ele>481.367</ele><time>2022-07-16T06:16:53Z</time></trkpt><trkpt lat="42.812199" lon="-7.658441"><ele>481.748</ele><time>2022-07-16T06:16:57Z</time></trkpt><trkpt lat="42.812200" lon="-7.658519"><ele>482.122</ele><time>2022-07-16T06:17:02Z</time></trkpt><trkpt lat="42.812228" lon="-7.658574"><ele>482.562</ele><time>2022-07-16T06:17:06Z</time></trkpt><trkpt lat="42.812239" lon="-7.658635"><ele>483.008</ele><time>2022-07-16T06:17:10Z</time></trkpt><trkpt lat="42.812247" lon="-7.658699"><ele>483.509</ele><time>2022-07-16T06:17:16Z</time></trkpt><trkpt lat="42.812264" lon="-7.658769"><ele>484.083</ele><time>2022-07-16T06:17:19Z</time></trkpt><trkpt lat="42.812273" lon="-7.658831"><ele>484.532</ele><time>2022-07-16T06:17:23Z</time></trkpt><trkpt lat="42.812258" lon="-7.658894"><ele>484.930</ele><time>2022-07-16T06:17:27Z</time></trkpt><trkpt lat="42.812211" lon="-7.658970"><ele>485.332</ele><time>2022-07-16T06:17:36Z</time></trkpt><trkpt lat="42.812299" lon="-7.659930"><ele>486.229</ele><time>2022-07-16T06:19:17Z</time></trkpt><trkpt lat="42.812301" lon="-7.660006"><ele>486.253</ele><time>2022-07-16T06:19:21Z</time></trkpt><trkpt lat="42.812296" lon="-7.660075"><ele>486.292</ele><time>2022-07-16T06:19:24Z</time></trkpt><trkpt lat="42.812277" lon="-7.660137"><ele>486.210</ele><time>2022-07-16T06:19:27Z</time></trkpt><trkpt lat="42.812272" lon="-7.660207"><ele>486.261</ele><time>2022-07-16T06:19:30Z</time></trkpt><trkpt lat="42.812288" lon="-7.660273"><ele>486.365</ele><time>2022-07-16T06:19:33Z</time></trkpt><trkpt lat="42.812299" lon="-7.660338"><ele>486.568</ele><time>2022-07-16T06:19:36Z</time></trkpt><trkpt lat="42.812321" lon="-7.660411"><ele>486.614</ele><time>2022-07-16T06:19:41Z</time></trkpt><trkpt lat="42.812330" lon="-7.660475"><ele>486.609</ele><time>2022-07-16T06:19:45Z</time></trkpt><trkpt lat="42.812338" lon="-7.660546"><ele>486.687</ele><time>2022-07-16T06:19:51Z</time></trkpt><trkpt lat="42.812350" lon="-7.660605"><ele>486.646</ele><time>2022-07-16T06:19:55Z</time></trkpt><trkpt lat="42.812364" lon="-7.660690"><ele>486.694</ele><time>2022-07-16T06:20:00Z</time></trkpt><trkpt lat="42.812386" lon="-7.660752"><ele>486.646</ele><time>2022-07-16T06:20:03Z</time></trkpt><trkpt lat="42.812399" lon="-7.660826"><ele>486.693</ele><time>2022-07-16T06:20:07Z</time></trkpt><trkpt lat="42.812411" lon="-7.660905"><ele>486.617</ele><time>2022-07-16T06:20:11Z</time></trkpt><trkpt lat="42.812438" lon="-7.660988"><ele>486.556</ele><time>2022-07-16T06:20:14Z</time></trkpt><trkpt lat="42.812451" lon="-7.661062"><ele>486.314</ele><time>2022-07-16T06:20:17Z</time></trkpt><trkpt lat="42.812454" lon="-7.661137"><ele>486.335</ele><time>2022-07-16T06:20:20Z</time></trkpt><trkpt lat="42.812479" lon="-7.661218"><ele>486.347</ele><time>2022-07-16T06:20:24Z</time></trkpt><trkpt lat="42.812477" lon="-7.661285"><ele>486.329</ele><time>2022-07-16T06:20:27Z</time></trkpt><trkpt lat="42.812469" lon="-7.661357"><ele>486.421</ele><time>2022-07-16T06:20:31Z</time></trkpt><trkpt lat="42.812480" lon="-7.661421"><ele>486.509</ele><time>2022-07-16T06:20:34Z</time></trkpt><trkpt lat="42.812494" lon="-7.661481"><ele>486.515</ele><time>2022-07-16T06:20:37Z</time></trkpt><trkpt lat="42.812506" lon="-7.661556"><ele>486.524</ele><time>2022-07-16T06:20:41Z</time></trkpt><trkpt lat="42.812515" lon="-7.661623"><ele>486.522</ele><time>2022-07-16T06:20:46Z</time></trkpt><trkpt lat="42.812528" lon="-7.661696"><ele>486.574</ele><time>2022-07-16T06:20:50Z</time></trkpt><trkpt lat="42.812537" lon="-7.661763"><ele>486.461</ele><time>2022-07-16T06:20:54Z</time></trkpt><trkpt lat="42.812562" lon="-7.661831"><ele>486.245</ele><time>2022-07-16T06:20:58Z</time></trkpt><trkpt lat="42.812574" lon="-7.661907"><ele>485.824</ele><time>2022-07-16T06:21:03Z</time></trkpt><trkpt lat="42.812583" lon="-7.661980"><ele>485.332</ele><time>2022-07-16T06:21:08Z</time></trkpt><trkpt lat="42.812586" lon="-7.662053"><ele>485.123</ele><time>2022-07-16T06:21:11Z</time></trkpt><trkpt lat="42.812604" lon="-7.662126"><ele>485.178</ele><time>2022-07-16T06:21:14Z</time></trkpt><trkpt lat="42.812612" lon="-7.662193"><ele>485.133</ele><time>2022-07-16T06:21:18Z</time></trkpt><trkpt lat="42.812622" lon="-7.662258"><ele>485.126</ele><time>2022-07-16T06:21:21Z</time></trkpt><trkpt lat="42.812625" lon="-7.662335"><ele>485.209</ele><time>2022-07-16T06:21:25Z</time></trkpt><trkpt lat="42.812632" lon="-7.662407"><ele>485.398</ele><time>2022-07-16T06:21:29Z</time></trkpt><trkpt lat="42.812644" lon="-7.662481"><ele>485.497</ele><time>2022-07-16T06:21:33Z</time></trkpt><trkpt lat="42.812660" lon="-7.662543"><ele>485.665</ele><time>2022-07-16T06:21:37Z</time></trkpt><trkpt lat="42.812661" lon="-7.662606"><ele>485.837</ele><time>2022-07-16T06:21:41Z</time></trkpt><trkpt lat="42.812668" lon="-7.662667"><ele>486.084</ele><time>2022-07-16T06:21:46Z</time></trkpt><trkpt lat="42.812675" lon="-7.662732"><ele>486.238</ele><time>2022-07-16T06:21:51Z</time></trkpt><trkpt lat="42.812687" lon="-7.662793"><ele>486.587</ele><time>2022-07-16T06:21:55Z</time></trkpt><trkpt lat="42.812707" lon="-7.662863"><ele>486.995</ele><time>2022-07-16T06:21:59Z</time></trkpt><trkpt lat="42.812718" lon="-7.662929"><ele>487.376</ele><time>2022-07-16T06:22:03Z</time></trkpt><trkpt lat="42.812721" lon="-7.662994"><ele>487.734</ele><time>2022-07-16T06:22:07Z</time></trkpt><trkpt lat="42.812737" lon="-7.663088"><ele>488.555</ele><time>2022-07-16T06:22:15Z</time></trkpt><trkpt lat="42.812756" lon="-7.663164"><ele>489.110</ele><time>2022-07-16T06:22:19Z</time></trkpt><trkpt lat="42.812768" lon="-7.663240"><ele>490.409</ele><time>2022-07-16T06:22:23Z</time></trkpt><trkpt lat="42.812779" lon="-7.663312"><ele>490.784</ele><time>2022-07-16T06:22:27Z</time></trkpt><trkpt lat="42.812774" lon="-7.663379"><ele>490.743</ele><time>2022-07-16T06:22:32Z</time></trkpt><trkpt lat="42.812779" lon="-7.663455"><ele>491.011</ele><time>2022-07-16T06:22:36Z</time></trkpt><trkpt lat="42.812770" lon="-7.663520"><ele>491.263</ele><time>2022-07-16T06:22:40Z</time></trkpt><trkpt lat="42.812773" lon="-7.663592"><ele>491.650</ele><time>2022-07-16T06:22:45Z</time></trkpt><trkpt lat="42.812770" lon="-7.663655"><ele>491.954</ele><time>2022-07-16T06:22:49Z</time></trkpt><trkpt lat="42.812781" lon="-7.663719"><ele>492.283</ele><time>2022-07-16T06:22:53Z</time></trkpt><trkpt lat="42.812777" lon="-7.663787"><ele>492.621</ele><time>2022-07-16T06:22:57Z</time></trkpt><trkpt lat="42.812782" lon="-7.663862"><ele>493.192</ele><time>2022-07-16T06:23:02Z</time></trkpt><trkpt lat="42.812797" lon="-7.663921"><ele>493.684</ele><time>2022-07-16T06:23:06Z</time></trkpt><trkpt lat="42.812832" lon="-7.663975"><ele>494.307</ele><time>2022-07-16T06:23:12Z</time></trkpt><trkpt lat="42.812878" lon="-7.664008"><ele>495.017</ele><time>2022-07-16T06:23:16Z</time></trkpt><trkpt lat="42.812922" lon="-7.664047"><ele>495.609</ele><time>2022-07-16T06:23:19Z</time></trkpt><trkpt lat="42.812972" lon="-7.664100"><ele>496.039</ele><time>2022-07-16T06:23:22Z</time></trkpt><trkpt lat="42.813006" lon="-7.664143"><ele>496.298</ele><time>2022-07-16T06:23:27Z</time></trkpt><trkpt lat="42.813054" lon="-7.664175"><ele>496.426</ele><time>2022-07-16T06:23:35Z</time></trkpt><trkpt lat="42.813082" lon="-7.664231"><ele>496.728</ele><time>2022-07-16T06:23:41Z</time></trkpt><trkpt lat="42.813115" lon="-7.664273"><ele>497.475</ele><time>2022-07-16T06:23:45Z</time></trkpt><trkpt lat="42.813159" lon="-7.664319"><ele>498.449</ele><time>2022-07-16T06:23:49Z</time></trkpt><trkpt lat="42.813204" lon="-7.664372"><ele>499.288</ele><time>2022-07-16T06:23:52Z</time></trkpt><trkpt lat="42.813234" lon="-7.664420"><ele>499.876</ele><time>2022-07-16T06:23:56Z</time></trkpt><trkpt lat="42.813275" lon="-7.664456"><ele>500.237</ele><time>2022-07-16T06:23:59Z</time></trkpt><trkpt lat="42.813308" lon="-7.664505"><ele>500.698</ele><time>2022-07-16T06:24:05Z</time></trkpt><trkpt lat="42.813346" lon="-7.664555"><ele>501.015</ele><time>2022-07-16T06:24:14Z</time></trkpt><trkpt lat="42.813390" lon="-7.664597"><ele>501.426</ele><time>2022-07-16T06:24:18Z</time></trkpt><trkpt lat="42.813412" lon="-7.664654"><ele>502.009</ele><time>2022-07-16T06:24:24Z</time></trkpt><trkpt lat="42.813445" lon="-7.664712"><ele>502.590</ele><time>2022-07-16T06:24:29Z</time></trkpt><trkpt lat="42.813488" lon="-7.664746"><ele>502.979</ele><time>2022-07-16T06:24:33Z</time></trkpt><trkpt lat="42.813517" lon="-7.664799"><ele>503.177</ele><time>2022-07-16T06:24:37Z</time></trkpt><trkpt lat="42.813549" lon="-7.664859"><ele>503.119</ele><time>2022-07-16T06:24:41Z</time></trkpt><trkpt lat="42.813574" lon="-7.664915"><ele>503.566</ele><time>2022-07-16T06:24:44Z</time></trkpt><trkpt lat="42.813610" lon="-7.664967"><ele>504.230</ele><time>2022-07-16T06:24:47Z</time></trkpt><trkpt lat="42.813634" lon="-7.665021"><ele>504.819</ele><time>2022-07-16T06:24:50Z</time></trkpt><trkpt lat="42.813663" lon="-7.665091"><ele>505.367</ele><time>2022-07-16T06:24:54Z</time></trkpt><trkpt lat="42.813685" lon="-7.665149"><ele>505.898</ele><time>2022-07-16T06:24:57Z</time></trkpt><trkpt lat="42.813711" lon="-7.665211"><ele>506.361</ele><time>2022-07-16T06:25:01Z</time></trkpt><trkpt lat="42.813742" lon="-7.665264"><ele>506.721</ele><time>2022-07-16T06:25:04Z</time></trkpt><trkpt lat="42.813765" lon="-7.665337"><ele>507.113</ele><time>2022-07-16T06:25:08Z</time></trkpt><trkpt lat="42.813798" lon="-7.665402"><ele>507.509</ele><time>2022-07-16T06:25:12Z</time></trkpt><trkpt lat="42.813811" lon="-7.665465"><ele>507.977</ele><time>2022-07-16T06:25:17Z</time></trkpt><trkpt lat="42.813833" lon="-7.665519"><ele>508.396</ele><time>2022-07-16T06:25:20Z</time></trkpt><trkpt lat="42.813851" lon="-7.665584"><ele>508.734</ele><time>2022-07-16T06:25:23Z</time></trkpt><trkpt lat="42.813869" lon="-7.665659"><ele>509.126</ele><time>2022-07-16T06:25:27Z</time></trkpt><trkpt lat="42.813880" lon="-7.665721"><ele>509.463</ele><time>2022-07-16T06:25:31Z</time></trkpt><trkpt lat="42.813906" lon="-7.665782"><ele>509.737</ele><time>2022-07-16T06:25:35Z</time></trkpt><trkpt lat="42.813923" lon="-7.665853"><ele>510.116</ele><time>2022-07-16T06:25:40Z</time></trkpt><trkpt lat="42.813958" lon="-7.665898"><ele>510.584</ele><time>2022-07-16T06:26:06Z</time></trkpt><trkpt lat="42.813978" lon="-7.665962"><ele>510.935</ele><time>2022-07-16T06:26:12Z</time></trkpt><trkpt lat="42.814002" lon="-7.666019"><ele>511.239</ele><time>2022-07-16T06:26:16Z</time></trkpt><trkpt lat="42.814025" lon="-7.666076"><ele>511.601</ele><time>2022-07-16T06:26:20Z</time></trkpt><trkpt lat="42.814049" lon="-7.666135"><ele>512.021</ele><time>2022-07-16T06:26:24Z</time></trkpt><trkpt lat="42.814077" lon="-7.666197"><ele>512.409</ele><time>2022-07-16T06:26:30Z</time></trkpt><trkpt lat="42.814102" lon="-7.666251"><ele>512.884</ele><time>2022-07-16T06:26:33Z</time></trkpt><trkpt lat="42.814116" lon="-7.666318"><ele>513.353</ele><time>2022-07-16T06:26:39Z</time></trkpt><trkpt lat="42.814147" lon="-7.666365"><ele>513.851</ele><time>2022-07-16T06:26:45Z</time></trkpt><trkpt lat="42.814181" lon="-7.666414"><ele>514.383</ele><time>2022-07-16T06:26:49Z</time></trkpt><trkpt lat="42.814212" lon="-7.666483"><ele>515.050</ele><time>2022-07-16T06:26:55Z</time></trkpt><trkpt lat="42.814251" lon="-7.666532"><ele>515.674</ele><time>2022-07-16T06:27:00Z</time></trkpt><trkpt lat="42.814275" lon="-7.666585"><ele>516.293</ele><time>2022-07-16T06:27:03Z</time></trkpt><trkpt lat="42.814301" lon="-7.666644"><ele>516.851</ele><time>2022-07-16T06:27:07Z</time></trkpt><trkpt lat="42.814324" lon="-7.666702"><ele>517.362</ele><time>2022-07-16T06:27:11Z</time></trkpt><trkpt lat="42.814359" lon="-7.666767"><ele>517.819</ele><time>2022-07-16T06:27:20Z</time></trkpt><trkpt lat="42.814374" lon="-7.666827"><ele>518.309</ele><time>2022-07-16T06:27:24Z</time></trkpt><trkpt lat="42.814400" lon="-7.666887"><ele>518.819</ele><time>2022-07-16T06:27:28Z</time></trkpt><trkpt lat="42.814434" lon="-7.666930"><ele>519.309</ele><time>2022-07-16T06:27:32Z</time></trkpt><trkpt lat="42.814468" lon="-7.666985"><ele>519.742</ele><time>2022-07-16T06:27:36Z</time></trkpt><trkpt lat="42.814488" lon="-7.667052"><ele>520.121</ele><time>2022-07-16T06:27:41Z</time></trkpt><trkpt lat="42.814504" lon="-7.667113"><ele>520.639</ele><time>2022-07-16T06:27:46Z</time></trkpt><trkpt lat="42.814525" lon="-7.667178"><ele>521.271</ele><time>2022-07-16T06:27:51Z</time></trkpt><trkpt lat="42.814554" lon="-7.667229"><ele>521.868</ele><time>2022-07-16T06:27:55Z</time></trkpt><trkpt lat="42.814581" lon="-7.667284"><ele>522.382</ele><time>2022-07-16T06:27:59Z</time></trkpt><trkpt lat="42.814604" lon="-7.667352"><ele>522.781</ele><time>2022-07-16T06:28:03Z</time></trkpt><trkpt lat="42.814632" lon="-7.667403"><ele>523.119</ele><time>2022-07-16T06:28:07Z</time></trkpt><trkpt lat="42.814653" lon="-7.667459"><ele>523.540</ele><time>2022-07-16T06:28:12Z</time></trkpt><trkpt lat="42.814672" lon="-7.667518"><ele>523.921</ele><time>2022-07-16T06:28:16Z</time></trkpt><trkpt lat="42.814697" lon="-7.667581"><ele>524.341</ele><time>2022-07-16T06:28:21Z</time></trkpt><trkpt lat="42.814718" lon="-7.667646"><ele>524.705</ele><time>2022-07-16T06:28:25Z</time></trkpt><trkpt lat="42.814737" lon="-7.667715"><ele>525.109</ele><time>2022-07-16T06:28:29Z</time></trkpt><trkpt lat="42.814761" lon="-7.667776"><ele>525.523</ele><time>2022-07-16T06:28:33Z</time></trkpt><trkpt lat="42.814783" lon="-7.667838"><ele>525.822</ele><time>2022-07-16T06:28:37Z</time></trkpt><trkpt lat="42.814802" lon="-7.667899"><ele>526.180</ele><time>2022-07-16T06:28:41Z</time></trkpt><trkpt lat="42.814823" lon="-7.667958"><ele>526.442</ele><time>2022-07-16T06:28:45Z</time></trkpt><trkpt lat="42.814846" lon="-7.668012"><ele>526.779</ele><time>2022-07-16T06:28:49Z</time></trkpt><trkpt lat="42.814857" lon="-7.668074"><ele>527.063</ele><time>2022-07-16T06:29:05Z</time></trkpt><trkpt lat="42.814877" lon="-7.668131"><ele>527.332</ele><time>2022-07-16T06:29:09Z</time></trkpt><trkpt lat="42.814881" lon="-7.668198"><ele>527.780</ele><time>2022-07-16T06:29:13Z</time></trkpt><trkpt lat="42.814896" lon="-7.668256"><ele>528.161</ele><time>2022-07-16T06:29:16Z</time></trkpt><trkpt lat="42.814909" lon="-7.668329"><ele>528.469</ele><time>2022-07-16T06:29:21Z</time></trkpt><trkpt lat="42.814919" lon="-7.668395"><ele>528.604</ele><time>2022-07-16T06:29:25Z</time></trkpt><trkpt lat="42.814936" lon="-7.668452"><ele>528.824</ele><time>2022-07-16T06:29:28Z</time></trkpt><trkpt lat="42.814950" lon="-7.668529"><ele>529.009</ele><time>2022-07-16T06:29:32Z</time></trkpt><trkpt lat="42.814977" lon="-7.668584"><ele>529.267</ele><time>2022-07-16T06:29:37Z</time></trkpt><trkpt lat="42.815014" lon="-7.668645"><ele>529.456</ele><time>2022-07-16T06:29:41Z</time></trkpt><trkpt lat="42.815047" lon="-7.668707"><ele>529.534</ele><time>2022-07-16T06:29:47Z</time></trkpt><trkpt lat="42.815072" lon="-7.668767"><ele>529.666</ele><time>2022-07-16T06:29:50Z</time></trkpt><trkpt lat="42.815110" lon="-7.668825"><ele>529.773</ele><time>2022-07-16T06:29:54Z</time></trkpt><trkpt lat="42.815134" lon="-7.668888"><ele>529.737</ele><time>2022-07-16T06:29:58Z</time></trkpt><trkpt lat="42.815164" lon="-7.668945"><ele>529.756</ele><time>2022-07-16T06:30:02Z</time></trkpt><trkpt lat="42.815180" lon="-7.669004"><ele>529.724</ele><time>2022-07-16T06:30:05Z</time></trkpt><trkpt lat="42.815193" lon="-7.669064"><ele>529.835</ele><time>2022-07-16T06:30:08Z</time></trkpt><trkpt lat="42.815197" lon="-7.669136"><ele>529.833</ele><time>2022-07-16T06:30:12Z</time></trkpt><trkpt lat="42.815218" lon="-7.669190"><ele>529.823</ele><time>2022-07-16T06:30:15Z</time></trkpt><trkpt lat="42.815237" lon="-7.669265"><ele>529.815</ele><time>2022-07-16T06:30:19Z</time></trkpt><trkpt lat="42.815255" lon="-7.669333"><ele>529.709</ele><time>2022-07-16T06:30:23Z</time></trkpt><trkpt lat="42.815277" lon="-7.669390"><ele>529.744</ele><time>2022-07-16T06:30:27Z</time></trkpt><trkpt lat="42.815314" lon="-7.669456"><ele>529.723</ele><time>2022-07-16T06:30:31Z</time></trkpt><trkpt lat="42.815332" lon="-7.669526"><ele>529.671</ele><time>2022-07-16T06:30:35Z</time></trkpt><trkpt lat="42.815352" lon="-7.669589"><ele>529.633</ele><time>2022-07-16T06:30:39Z</time></trkpt><trkpt lat="42.815381" lon="-7.669650"><ele>529.580</ele><time>2022-07-16T06:30:43Z</time></trkpt><trkpt lat="42.815405" lon="-7.669716"><ele>529.184</ele><time>2022-07-16T06:30:47Z</time></trkpt><trkpt lat="42.815426" lon="-7.669777"><ele>529.063</ele><time>2022-07-16T06:30:51Z</time></trkpt><trkpt lat="42.815461" lon="-7.669818"><ele>528.961</ele><time>2022-07-16T06:30:54Z</time></trkpt><trkpt lat="42.815501" lon="-7.669861"><ele>528.832</ele><time>2022-07-16T06:30:58Z</time></trkpt><trkpt lat="42.815530" lon="-7.669912"><ele>528.692</ele><time>2022-07-16T06:31:03Z</time></trkpt><trkpt lat="42.815564" lon="-7.669955"><ele>528.473</ele><time>2022-07-16T06:31:09Z</time></trkpt><trkpt lat="42.815599" lon="-7.670015"><ele>528.320</ele><time>2022-07-16T06:31:14Z</time></trkpt><trkpt lat="42.815629" lon="-7.670078"><ele>528.209</ele><time>2022-07-16T06:31:19Z</time></trkpt><trkpt lat="42.815661" lon="-7.670171"><ele>527.910</ele><time>2022-07-16T06:31:27Z</time></trkpt><trkpt lat="42.815674" lon="-7.670231"><ele>527.879</ele><time>2022-07-16T06:31:30Z</time></trkpt><trkpt lat="42.815688" lon="-7.670309"><ele>527.667</ele><time>2022-07-16T06:31:35Z</time></trkpt><trkpt lat="42.815712" lon="-7.670369"><ele>527.529</ele><time>2022-07-16T06:31:39Z</time></trkpt><trkpt lat="42.815742" lon="-7.670428"><ele>527.326</ele><time>2022-07-16T06:31:44Z</time></trkpt><trkpt lat="42.815772" lon="-7.670569"><ele>527.280</ele><time>2022-07-16T06:31:52Z</time></trkpt><trkpt lat="42.815814" lon="-7.670727"><ele>527.059</ele><time>2022-07-16T06:32:02Z</time></trkpt><trkpt lat="42.815836" lon="-7.670798"><ele>526.867</ele><time>2022-07-16T06:32:06Z</time></trkpt><trkpt lat="42.815894" lon="-7.670955"><ele>526.758</ele><time>2022-07-16T06:32:15Z</time></trkpt><trkpt lat="42.815933" lon="-7.671010"><ele>526.686</ele><time>2022-07-16T06:32:18Z</time></trkpt><trkpt lat="42.815954" lon="-7.671145"><ele>526.560</ele><time>2022-07-16T06:32:27Z</time></trkpt><trkpt lat="42.815986" lon="-7.671225"><ele>526.526</ele><time>2022-07-16T06:32:30Z</time></trkpt><trkpt lat="42.816013" lon="-7.671276"><ele>526.509</ele><time>2022-07-16T06:32:32Z</time></trkpt><trkpt lat="42.816042" lon="-7.671330"><ele>526.559</ele><time>2022-07-16T06:32:36Z</time></trkpt><trkpt lat="42.816059" lon="-7.671391"><ele>526.658</ele><time>2022-07-16T06:32:40Z</time></trkpt><trkpt lat="42.816090" lon="-7.671463"><ele>526.776</ele><time>2022-07-16T06:32:45Z</time></trkpt><trkpt lat="42.816112" lon="-7.671541"><ele>526.768</ele><time>2022-07-16T06:32:49Z</time></trkpt><trkpt lat="42.816129" lon="-7.671600"><ele>526.775</ele><time>2022-07-16T06:32:52Z</time></trkpt><trkpt lat="42.816172" lon="-7.671710"><ele>526.729</ele><time>2022-07-16T06:32:58Z</time></trkpt><trkpt lat="42.816235" lon="-7.671890"><ele>526.538</ele><time>2022-07-16T06:33:08Z</time></trkpt><trkpt lat="42.816243" lon="-7.671961"><ele>526.576</ele><time>2022-07-16T06:33:12Z</time></trkpt><trkpt lat="42.816270" lon="-7.672031"><ele>526.577</ele><time>2022-07-16T06:33:15Z</time></trkpt><trkpt lat="42.816294" lon="-7.672089"><ele>526.512</ele><time>2022-07-16T06:33:18Z</time></trkpt><trkpt lat="42.816361" lon="-7.672273"><ele>526.532</ele><time>2022-07-16T06:33:27Z</time></trkpt><trkpt lat="42.816381" lon="-7.672339"><ele>526.605</ele><time>2022-07-16T06:33:30Z</time></trkpt><trkpt lat="42.816368" lon="-7.672400"><ele>526.809</ele><time>2022-07-16T06:33:34Z</time></trkpt><trkpt lat="42.816352" lon="-7.672474"><ele>526.912</ele><time>2022-07-16T06:33:39Z</time></trkpt><trkpt lat="42.816351" lon="-7.672540"><ele>527.061</ele><time>2022-07-16T06:33:42Z</time></trkpt><trkpt lat="42.816359" lon="-7.672604"><ele>527.139</ele><time>2022-07-16T06:33:46Z</time></trkpt><trkpt lat="42.816340" lon="-7.672669"><ele>527.311</ele><time>2022-07-16T06:33:50Z</time></trkpt><trkpt lat="42.816343" lon="-7.672748"><ele>527.558</ele><time>2022-07-16T06:33:54Z</time></trkpt><trkpt lat="42.816334" lon="-7.672857"><ele>527.862</ele><time>2022-07-16T06:34:02Z</time></trkpt><trkpt lat="42.816304" lon="-7.672927"><ele>528.011</ele><time>2022-07-16T06:34:07Z</time></trkpt><trkpt lat="42.816298" lon="-7.672990"><ele>528.489</ele><time>2022-07-16T06:34:10Z</time></trkpt><trkpt lat="42.816310" lon="-7.673061"><ele>528.840</ele><time>2022-07-16T06:34:14Z</time></trkpt><trkpt lat="42.816329" lon="-7.673134"><ele>529.021</ele><time>2022-07-16T06:34:17Z</time></trkpt><trkpt lat="42.816339" lon="-7.673195"><ele>529.141</ele><time>2022-07-16T06:34:20Z</time></trkpt><trkpt lat="42.816347" lon="-7.673257"><ele>529.305</ele><time>2022-07-16T06:34:24Z</time></trkpt><trkpt lat="42.816350" lon="-7.673329"><ele>529.509</ele><time>2022-07-16T06:34:27Z</time></trkpt><trkpt lat="42.816352" lon="-7.673405"><ele>529.613</ele><time>2022-07-16T06:34:30Z</time></trkpt><trkpt lat="42.816358" lon="-7.673468"><ele>529.742</ele><time>2022-07-16T06:34:33Z</time></trkpt><trkpt lat="42.816367" lon="-7.673552"><ele>529.860</ele><time>2022-07-16T06:34:36Z</time></trkpt><trkpt lat="42.816370" lon="-7.673631"><ele>530.022</ele><time>2022-07-16T06:34:40Z</time></trkpt><trkpt lat="42.816380" lon="-7.673704"><ele>530.149</ele><time>2022-07-16T06:34:43Z</time></trkpt><trkpt lat="42.816391" lon="-7.673771"><ele>530.423</ele><time>2022-07-16T06:34:46Z</time></trkpt><trkpt lat="42.816411" lon="-7.673847"><ele>530.582</ele><time>2022-07-16T06:34:50Z</time></trkpt><trkpt lat="42.816435" lon="-7.673909"><ele>530.790</ele><time>2022-07-16T06:34:53Z</time></trkpt><trkpt lat="42.816458" lon="-7.673973"><ele>530.861</ele><time>2022-07-16T06:34:57Z</time></trkpt><trkpt lat="42.816481" lon="-7.674031"><ele>531.041</ele><time>2022-07-16T06:35:00Z</time></trkpt><trkpt lat="42.816497" lon="-7.674091"><ele>531.181</ele><time>2022-07-16T06:35:03Z</time></trkpt><trkpt lat="42.816521" lon="-7.674146"><ele>531.209</ele><time>2022-07-16T06:35:07Z</time></trkpt><trkpt lat="42.816550" lon="-7.674204"><ele>531.309</ele><time>2022-07-16T06:35:10Z</time></trkpt><trkpt lat="42.816586" lon="-7.674263"><ele>531.455</ele><time>2022-07-16T06:35:14Z</time></trkpt><trkpt lat="42.816626" lon="-7.674321"><ele>531.594</ele><time>2022-07-16T06:35:18Z</time></trkpt><trkpt lat="42.816663" lon="-7.674367"><ele>531.632</ele><time>2022-07-16T06:35:21Z</time></trkpt><trkpt lat="42.816700" lon="-7.674423"><ele>531.824</ele><time>2022-07-16T06:35:25Z</time></trkpt><trkpt lat="42.816739" lon="-7.674456"><ele>531.911</ele><time>2022-07-16T06:35:28Z</time></trkpt><trkpt lat="42.816768" lon="-7.674504"><ele>532.035</ele><time>2022-07-16T06:35:31Z</time></trkpt><trkpt lat="42.816803" lon="-7.674544"><ele>532.134</ele><time>2022-07-16T06:35:34Z</time></trkpt><trkpt lat="42.816833" lon="-7.674591"><ele>532.212</ele><time>2022-07-16T06:35:37Z</time></trkpt><trkpt lat="42.816880" lon="-7.674635"><ele>532.323</ele><time>2022-07-16T06:35:41Z</time></trkpt><trkpt lat="42.816920" lon="-7.674682"><ele>532.481</ele><time>2022-07-16T06:35:45Z</time></trkpt><trkpt lat="42.816962" lon="-7.674718"><ele>532.561</ele><time>2022-07-16T06:35:49Z</time></trkpt><trkpt lat="42.817006" lon="-7.674765"><ele>532.617</ele><time>2022-07-16T06:35:53Z</time></trkpt><trkpt lat="42.817051" lon="-7.674815"><ele>532.809</ele><time>2022-07-16T06:35:57Z</time></trkpt><trkpt lat="42.817087" lon="-7.674860"><ele>532.859</ele><time>2022-07-16T06:36:00Z</time></trkpt><trkpt lat="42.817125" lon="-7.674901"><ele>532.828</ele><time>2022-07-16T06:36:03Z</time></trkpt><trkpt lat="42.817167" lon="-7.674928"><ele>532.846</ele><time>2022-07-16T06:36:06Z</time></trkpt><trkpt lat="42.817204" lon="-7.674976"><ele>532.888</ele><time>2022-07-16T06:36:11Z</time></trkpt><trkpt lat="42.817243" lon="-7.675009"><ele>532.875</ele><time>2022-07-16T06:36:14Z</time></trkpt><trkpt lat="42.817289" lon="-7.675056"><ele>532.859</ele><time>2022-07-16T06:36:18Z</time></trkpt><trkpt lat="42.817340" lon="-7.675092"><ele>532.858</ele><time>2022-07-16T06:36:22Z</time></trkpt><trkpt lat="42.817388" lon="-7.675126"><ele>532.836</ele><time>2022-07-16T06:36:26Z</time></trkpt><trkpt lat="42.817431" lon="-7.675159"><ele>532.877</ele><time>2022-07-16T06:36:30Z</time></trkpt><trkpt lat="42.817480" lon="-7.675191"><ele>532.841</ele><time>2022-07-16T06:36:34Z</time></trkpt><trkpt lat="42.817524" lon="-7.675221"><ele>532.881</ele><time>2022-07-16T06:36:38Z</time></trkpt><trkpt lat="42.817573" lon="-7.675256"><ele>532.809</ele><time>2022-07-16T06:36:42Z</time></trkpt><trkpt lat="42.817616" lon="-7.675295"><ele>532.809</ele><time>2022-07-16T06:36:45Z</time></trkpt><trkpt lat="42.817663" lon="-7.675343"><ele>532.855</ele><time>2022-07-16T06:36:49Z</time></trkpt><trkpt lat="42.817705" lon="-7.675371"><ele>532.844</ele><time>2022-07-16T06:36:53Z</time></trkpt><trkpt lat="42.817748" lon="-7.675391"><ele>532.862</ele><time>2022-07-16T06:36:57Z</time></trkpt><trkpt lat="42.817800" lon="-7.675420"><ele>532.844</ele><time>2022-07-16T06:37:01Z</time></trkpt><trkpt lat="42.817848" lon="-7.675450"><ele>532.891</ele><time>2022-07-16T06:37:05Z</time></trkpt><trkpt lat="42.817900" lon="-7.675484"><ele>532.865</ele><time>2022-07-16T06:37:10Z</time></trkpt><trkpt lat="42.817946" lon="-7.675521"><ele>532.864</ele><time>2022-07-16T06:37:15Z</time></trkpt><trkpt lat="42.817993" lon="-7.675536"><ele>532.872</ele><time>2022-07-16T06:37:18Z</time></trkpt><trkpt lat="42.818046" lon="-7.675557"><ele>532.853</ele><time>2022-07-16T06:37:22Z</time></trkpt><trkpt lat="42.818085" lon="-7.675594"><ele>532.824</ele><time>2022-07-16T06:37:26Z</time></trkpt><trkpt lat="42.818131" lon="-7.675625"><ele>532.804</ele><time>2022-07-16T06:37:30Z</time></trkpt><trkpt lat="42.818179" lon="-7.675626"><ele>532.814</ele><time>2022-07-16T06:37:35Z</time></trkpt><trkpt lat="42.818213" lon="-7.675666"><ele>532.809</ele><time>2022-07-16T06:37:39Z</time></trkpt><trkpt lat="42.818266" lon="-7.675704"><ele>532.863</ele><time>2022-07-16T06:37:43Z</time></trkpt><trkpt lat="42.818314" lon="-7.675752"><ele>532.872</ele><time>2022-07-16T06:37:46Z</time></trkpt><trkpt lat="42.818362" lon="-7.675798"><ele>533.110</ele><time>2022-07-16T06:37:50Z</time></trkpt><trkpt lat="42.818409" lon="-7.675856"><ele>533.222</ele><time>2022-07-16T06:37:54Z</time></trkpt><trkpt lat="42.818446" lon="-7.675894"><ele>533.229</ele><time>2022-07-16T06:37:57Z</time></trkpt><trkpt lat="42.818495" lon="-7.675909"><ele>533.393</ele><time>2022-07-16T06:38:02Z</time></trkpt><trkpt lat="42.818547" lon="-7.675927"><ele>533.342</ele><time>2022-07-16T06:38:07Z</time></trkpt><trkpt lat="42.818596" lon="-7.675948"><ele>533.320</ele><time>2022-07-16T06:38:13Z</time></trkpt><trkpt lat="42.818644" lon="-7.675979"><ele>533.361</ele><time>2022-07-16T06:38:17Z</time></trkpt><trkpt lat="42.818688" lon="-7.676014"><ele>533.336</ele><time>2022-07-16T06:38:21Z</time></trkpt><trkpt lat="42.818730" lon="-7.676060"><ele>533.317</ele><time>2022-07-16T06:38:24Z</time></trkpt><trkpt lat="42.818768" lon="-7.676098"><ele>533.318</ele><time>2022-07-16T06:38:29Z</time></trkpt><trkpt lat="42.818822" lon="-7.676140"><ele>533.309</ele><time>2022-07-16T06:38:34Z</time></trkpt><trkpt lat="42.818869" lon="-7.676187"><ele>533.394</ele><time>2022-07-16T06:38:38Z</time></trkpt><trkpt lat="42.818902" lon="-7.676231"><ele>533.433</ele><time>2022-07-16T06:38:43Z</time></trkpt><trkpt lat="42.818947" lon="-7.676269"><ele>533.551</ele><time>2022-07-16T06:38:47Z</time></trkpt><trkpt lat="42.818985" lon="-7.676325"><ele>533.723</ele><time>2022-07-16T06:38:51Z</time></trkpt><trkpt lat="42.819037" lon="-7.676369"><ele>533.870</ele><time>2022-07-16T06:38:55Z</time></trkpt><trkpt lat="42.819077" lon="-7.676434"><ele>533.924</ele><time>2022-07-16T06:38:59Z</time></trkpt><trkpt lat="42.819113" lon="-7.676480"><ele>534.093</ele><time>2022-07-16T06:39:03Z</time></trkpt><trkpt lat="42.819149" lon="-7.676537"><ele>534.131</ele><time>2022-07-16T06:39:07Z</time></trkpt><trkpt lat="42.819186" lon="-7.676577"><ele>534.262</ele><time>2022-07-16T06:39:10Z</time></trkpt><trkpt lat="42.819229" lon="-7.676610"><ele>534.323</ele><time>2022-07-16T06:39:13Z</time></trkpt><trkpt lat="42.819280" lon="-7.676639"><ele>534.483</ele><time>2022-07-16T06:39:16Z</time></trkpt><trkpt lat="42.819333" lon="-7.676635"><ele>534.511</ele><time>2022-07-16T06:39:20Z</time></trkpt><trkpt lat="42.819385" lon="-7.676626"><ele>534.609</ele><time>2022-07-16T06:39:24Z</time></trkpt><trkpt lat="42.819429" lon="-7.676611"><ele>534.863</ele><time>2022-07-16T06:39:27Z</time></trkpt><trkpt lat="42.819477" lon="-7.676574"><ele>535.172</ele><time>2022-07-16T06:39:32Z</time></trkpt><trkpt lat="42.819533" lon="-7.676558"><ele>535.340</ele><time>2022-07-16T06:39:37Z</time></trkpt><trkpt lat="42.819587" lon="-7.676565"><ele>535.582</ele><time>2022-07-16T06:39:46Z</time></trkpt><trkpt lat="42.819636" lon="-7.676604"><ele>535.889</ele><time>2022-07-16T06:39:53Z</time></trkpt><trkpt lat="42.819667" lon="-7.676654"><ele>536.553</ele><time>2022-07-16T06:39:57Z</time></trkpt><trkpt lat="42.819702" lon="-7.676714"><ele>536.732</ele><time>2022-07-16T06:40:01Z</time></trkpt><trkpt lat="42.819732" lon="-7.676762"><ele>536.740</ele><time>2022-07-16T06:40:05Z</time></trkpt><trkpt lat="42.819769" lon="-7.676819"><ele>536.751</ele><time>2022-07-16T06:40:09Z</time></trkpt><trkpt lat="42.819803" lon="-7.676864"><ele>536.766</ele><time>2022-07-16T06:40:13Z</time></trkpt><trkpt lat="42.819841" lon="-7.676920"><ele>536.729</ele><time>2022-07-16T06:40:18Z</time></trkpt><trkpt lat="42.819879" lon="-7.676982"><ele>536.821</ele><time>2022-07-16T06:40:23Z</time></trkpt><trkpt lat="42.819908" lon="-7.677038"><ele>536.909</ele><time>2022-07-16T06:40:27Z</time></trkpt><trkpt lat="42.819935" lon="-7.677087"><ele>536.967</ele><time>2022-07-16T06:40:31Z</time></trkpt><trkpt lat="42.819963" lon="-7.677139"><ele>536.946</ele><time>2022-07-16T06:40:34Z</time></trkpt><trkpt lat="42.819989" lon="-7.677192"><ele>536.994</ele><time>2022-07-16T06:40:37Z</time></trkpt><trkpt lat="42.820013" lon="-7.677244"><ele>536.946</ele><time>2022-07-16T06:40:40Z</time></trkpt><trkpt lat="42.820052" lon="-7.677299"><ele>536.913</ele><time>2022-07-16T06:40:44Z</time></trkpt><trkpt lat="42.820089" lon="-7.677364"><ele>536.947</ele><time>2022-07-16T06:40:48Z</time></trkpt><trkpt lat="42.820123" lon="-7.677427"><ele>536.986</ele><time>2022-07-16T06:40:52Z</time></trkpt><trkpt lat="42.820149" lon="-7.677490"><ele>536.954</ele><time>2022-07-16T06:40:56Z</time></trkpt><trkpt lat="42.820174" lon="-7.677562"><ele>536.925</ele><time>2022-07-16T06:41:01Z</time></trkpt><trkpt lat="42.820189" lon="-7.677631"><ele>537.067</ele><time>2022-07-16T06:41:06Z</time></trkpt><trkpt lat="42.820198" lon="-7.677711"><ele>537.181</ele><time>2022-07-16T06:41:13Z</time></trkpt><trkpt lat="42.820225" lon="-7.677785"><ele>537.219</ele><time>2022-07-16T06:41:18Z</time></trkpt><trkpt lat="42.820258" lon="-7.677836"><ele>537.509</ele><time>2022-07-16T06:41:23Z</time></trkpt><trkpt lat="42.820278" lon="-7.677894"><ele>537.677</ele><time>2022-07-16T06:41:27Z</time></trkpt><trkpt lat="42.820286" lon="-7.677965"><ele>537.746</ele><time>2022-07-16T06:41:31Z</time></trkpt><trkpt lat="42.820322" lon="-7.678030"><ele>537.844</ele><time>2022-07-16T06:41:34Z</time></trkpt><trkpt lat="42.820356" lon="-7.678083"><ele>537.966</ele><time>2022-07-16T06:41:38Z</time></trkpt><trkpt lat="42.820380" lon="-7.678135"><ele>538.063</ele><time>2022-07-16T06:41:42Z</time></trkpt><trkpt lat="42.820407" lon="-7.678197"><ele>538.167</ele><time>2022-07-16T06:41:48Z</time></trkpt><trkpt lat="42.820443" lon="-7.678241"><ele>538.356</ele><time>2022-07-16T06:41:52Z</time></trkpt><trkpt lat="42.820486" lon="-7.678275"><ele>538.524</ele><time>2022-07-16T06:41:56Z</time></trkpt><trkpt lat="42.820520" lon="-7.678316"><ele>538.635</ele><time>2022-07-16T06:41:59Z</time></trkpt><trkpt lat="42.820552" lon="-7.678374"><ele>538.744</ele><time>2022-07-16T06:42:03Z</time></trkpt><trkpt lat="42.820588" lon="-7.678435"><ele>538.805</ele><time>2022-07-16T06:42:08Z</time></trkpt><trkpt lat="42.820624" lon="-7.678485"><ele>538.915</ele><time>2022-07-16T06:42:12Z</time></trkpt><trkpt lat="42.820653" lon="-7.678534"><ele>539.009</ele><time>2022-07-16T06:42:16Z</time></trkpt><trkpt lat="42.820690" lon="-7.678575"><ele>539.185</ele><time>2022-07-16T06:42:19Z</time></trkpt><trkpt lat="42.820729" lon="-7.678623"><ele>539.234</ele><time>2022-07-16T06:42:23Z</time></trkpt><trkpt lat="42.820763" lon="-7.678664"><ele>539.322</ele><time>2022-07-16T06:42:26Z</time></trkpt><trkpt lat="42.820792" lon="-7.678717"><ele>539.574</ele><time>2022-07-16T06:42:29Z</time></trkpt><trkpt lat="42.820821" lon="-7.678773"><ele>539.731</ele><time>2022-07-16T06:42:33Z</time></trkpt><trkpt lat="42.820852" lon="-7.678825"><ele>539.995</ele><time>2022-07-16T06:42:37Z</time></trkpt><trkpt lat="42.820887" lon="-7.678886"><ele>540.274</ele><time>2022-07-16T06:42:41Z</time></trkpt><trkpt lat="42.820917" lon="-7.678938"><ele>540.612</ele><time>2022-07-16T06:42:45Z</time></trkpt><trkpt lat="42.820943" lon="-7.678989"><ele>541.043</ele><time>2022-07-16T06:42:49Z</time></trkpt><trkpt lat="42.820967" lon="-7.679045"><ele>541.365</ele><time>2022-07-16T06:42:52Z</time></trkpt><trkpt lat="42.820991" lon="-7.679114"><ele>541.668</ele><time>2022-07-16T06:42:56Z</time></trkpt><trkpt lat="42.821014" lon="-7.679169"><ele>541.814</ele><time>2022-07-16T06:42:59Z</time></trkpt><trkpt lat="42.821032" lon="-7.679229"><ele>542.009</ele><time>2022-07-16T06:43:02Z</time></trkpt><trkpt lat="42.821052" lon="-7.679306"><ele>542.237</ele><time>2022-07-16T06:43:06Z</time></trkpt><trkpt lat="42.821064" lon="-7.679370"><ele>542.276</ele><time>2022-07-16T06:43:09Z</time></trkpt><trkpt lat="42.821078" lon="-7.679450"><ele>542.294</ele><time>2022-07-16T06:43:13Z</time></trkpt><trkpt lat="42.821094" lon="-7.679515"><ele>542.286</ele><time>2022-07-16T06:43:16Z</time></trkpt><trkpt lat="42.821108" lon="-7.679578"><ele>542.113</ele><time>2022-07-16T06:43:19Z</time></trkpt><trkpt lat="42.821118" lon="-7.679644"><ele>542.017</ele><time>2022-07-16T06:43:22Z</time></trkpt><trkpt lat="42.821131" lon="-7.679706"><ele>541.936</ele><time>2022-07-16T06:43:25Z</time></trkpt><trkpt lat="42.821148" lon="-7.679778"><ele>541.974</ele><time>2022-07-16T06:43:28Z</time></trkpt><trkpt lat="42.821159" lon="-7.679842"><ele>541.915</ele><time>2022-07-16T06:43:31Z</time></trkpt><trkpt lat="42.821173" lon="-7.679921"><ele>541.856</ele><time>2022-07-16T06:43:35Z</time></trkpt><trkpt lat="42.821183" lon="-7.679994"><ele>541.659</ele><time>2022-07-16T06:43:39Z</time></trkpt><trkpt lat="42.821191" lon="-7.680064"><ele>541.214</ele><time>2022-07-16T06:43:43Z</time></trkpt><trkpt lat="42.821197" lon="-7.680134"><ele>541.109</ele><time>2022-07-16T06:43:46Z</time></trkpt><trkpt lat="42.821209" lon="-7.680207"><ele>540.786</ele><time>2022-07-16T06:43:50Z</time></trkpt><trkpt lat="42.821223" lon="-7.680268"><ele>540.615</ele><time>2022-07-16T06:43:53Z</time></trkpt><trkpt lat="42.821231" lon="-7.680342"><ele>540.433</ele><time>2022-07-16T06:43:57Z</time></trkpt><trkpt lat="42.821241" lon="-7.680407"><ele>540.195</ele><time>2022-07-16T06:44:00Z</time></trkpt><trkpt lat="42.821254" lon="-7.680467"><ele>539.892</ele><time>2022-07-16T06:44:03Z</time></trkpt><trkpt lat="42.821272" lon="-7.680543"><ele>539.426</ele><time>2022-07-16T06:44:07Z</time></trkpt><trkpt lat="42.821275" lon="-7.680621"><ele>539.135</ele><time>2022-07-16T06:44:11Z</time></trkpt><trkpt lat="42.821287" lon="-7.680687"><ele>538.723</ele><time>2022-07-16T06:44:15Z</time></trkpt><trkpt lat="42.821295" lon="-7.680748"><ele>538.284</ele><time>2022-07-16T06:44:18Z</time></trkpt><trkpt lat="42.821312" lon="-7.680826"><ele>537.694</ele><time>2022-07-16T06:44:22Z</time></trkpt><trkpt lat="42.821336" lon="-7.680888"><ele>537.457</ele><time>2022-07-16T06:44:26Z</time></trkpt><trkpt lat="42.821361" lon="-7.680956"><ele>537.022</ele><time>2022-07-16T06:44:30Z</time></trkpt><trkpt lat="42.821367" lon="-7.681026"><ele>536.509</ele><time>2022-07-16T06:44:34Z</time></trkpt><trkpt lat="42.821379" lon="-7.681090"><ele>536.030</ele><time>2022-07-16T06:44:37Z</time></trkpt><trkpt lat="42.821393" lon="-7.681153"><ele>535.579</ele><time>2022-07-16T06:44:41Z</time></trkpt><trkpt lat="42.821418" lon="-7.681204"><ele>535.277</ele><time>2022-07-16T06:44:45Z</time></trkpt><trkpt lat="42.821433" lon="-7.681279"><ele>534.949</ele><time>2022-07-16T06:44:49Z</time></trkpt><trkpt lat="42.821448" lon="-7.681338"><ele>534.646</ele><time>2022-07-16T06:44:52Z</time></trkpt><trkpt lat="42.821453" lon="-7.681399"><ele>534.330</ele><time>2022-07-16T06:44:55Z</time></trkpt><trkpt lat="42.821467" lon="-7.681461"><ele>533.989</ele><time>2022-07-16T06:44:58Z</time></trkpt><trkpt lat="42.821482" lon="-7.681521"><ele>533.557</ele><time>2022-07-16T06:45:01Z</time></trkpt><trkpt lat="42.821503" lon="-7.681584"><ele>533.198</ele><time>2022-07-16T06:45:05Z</time></trkpt><trkpt lat="42.821513" lon="-7.681650"><ele>532.741</ele><time>2022-07-16T06:45:09Z</time></trkpt><trkpt lat="42.821522" lon="-7.681722"><ele>532.381</ele><time>2022-07-16T06:45:12Z</time></trkpt><trkpt lat="42.821544" lon="-7.681795"><ele>532.009</ele><time>2022-07-16T06:45:16Z</time></trkpt><trkpt lat="42.821558" lon="-7.681869"><ele>531.809</ele><time>2022-07-16T06:45:20Z</time></trkpt><trkpt lat="42.821569" lon="-7.681931"><ele>531.575</ele><time>2022-07-16T06:45:23Z</time></trkpt><trkpt lat="42.821573" lon="-7.682004"><ele>531.084</ele><time>2022-07-16T06:45:27Z</time></trkpt><trkpt lat="42.821585" lon="-7.682084"><ele>530.622</ele><time>2022-07-16T06:45:31Z</time></trkpt><trkpt lat="42.821590" lon="-7.682145"><ele>530.514</ele><time>2022-07-16T06:45:34Z</time></trkpt><trkpt lat="42.821602" lon="-7.682217"><ele>530.361</ele><time>2022-07-16T06:45:38Z</time></trkpt><trkpt lat="42.821612" lon="-7.682277"><ele>530.115</ele><time>2022-07-16T06:45:41Z</time></trkpt><trkpt lat="42.821622" lon="-7.682345"><ele>530.014</ele><time>2022-07-16T06:45:46Z</time></trkpt><trkpt lat="42.821627" lon="-7.682420"><ele>529.952</ele><time>2022-07-16T06:45:50Z</time></trkpt><trkpt lat="42.821637" lon="-7.682486"><ele>529.823</ele><time>2022-07-16T06:45:53Z</time></trkpt><trkpt lat="42.821656" lon="-7.682558"><ele>529.777</ele><time>2022-07-16T06:45:57Z</time></trkpt><trkpt lat="42.821675" lon="-7.682626"><ele>529.761</ele><time>2022-07-16T06:46:01Z</time></trkpt><trkpt lat="42.821678" lon="-7.682689"><ele>529.627</ele><time>2022-07-16T06:46:04Z</time></trkpt><trkpt lat="42.821686" lon="-7.682753"><ele>529.509</ele><time>2022-07-16T06:46:07Z</time></trkpt><trkpt lat="42.821697" lon="-7.682824"><ele>529.528</ele><time>2022-07-16T06:46:10Z</time></trkpt><trkpt lat="42.821686" lon="-7.682885"><ele>529.477</ele><time>2022-07-16T06:46:12Z</time></trkpt><trkpt lat="42.821675" lon="-7.682962"><ele>529.435</ele><time>2022-07-16T06:46:16Z</time></trkpt><trkpt lat="42.821683" lon="-7.683024"><ele>529.467</ele><time>2022-07-16T06:46:19Z</time></trkpt><trkpt lat="42.821687" lon="-7.683101"><ele>529.414</ele><time>2022-07-16T06:46:23Z</time></trkpt><trkpt lat="42.821694" lon="-7.683170"><ele>529.488</ele><time>2022-07-16T06:46:27Z</time></trkpt><trkpt lat="42.821705" lon="-7.683238"><ele>529.487</ele><time>2022-07-16T06:46:30Z</time></trkpt><trkpt lat="42.821711" lon="-7.683305"><ele>529.465</ele><time>2022-07-16T06:46:34Z</time></trkpt><trkpt lat="42.821729" lon="-7.683380"><ele>529.476</ele><time>2022-07-16T06:46:38Z</time></trkpt><trkpt lat="42.821742" lon="-7.683457"><ele>529.482</ele><time>2022-07-16T06:46:42Z</time></trkpt><trkpt lat="42.821754" lon="-7.683531"><ele>529.443</ele><time>2022-07-16T06:46:47Z</time></trkpt><trkpt lat="42.821773" lon="-7.683590"><ele>529.417</ele><time>2022-07-16T06:46:51Z</time></trkpt><trkpt lat="42.821793" lon="-7.683659"><ele>529.509</ele><time>2022-07-16T06:46:56Z</time></trkpt><trkpt lat="42.821808" lon="-7.683729"><ele>529.669</ele><time>2022-07-16T06:47:00Z</time></trkpt><trkpt lat="42.821817" lon="-7.683797"><ele>529.868</ele><time>2022-07-16T06:47:04Z</time></trkpt><trkpt lat="42.821828" lon="-7.683859"><ele>530.046</ele><time>2022-07-16T06:47:08Z</time></trkpt><trkpt lat="42.821842" lon="-7.683931"><ele>530.198</ele><time>2022-07-16T06:47:12Z</time></trkpt><trkpt lat="42.821854" lon="-7.684000"><ele>530.215</ele><time>2022-07-16T06:47:16Z</time></trkpt><trkpt lat="42.821850" lon="-7.684066"><ele>530.369</ele><time>2022-07-16T06:47:19Z</time></trkpt><trkpt lat="42.821869" lon="-7.684124"><ele>530.458</ele><time>2022-07-16T06:47:22Z</time></trkpt><trkpt lat="42.821876" lon="-7.684196"><ele>530.576</ele><time>2022-07-16T06:47:26Z</time></trkpt><trkpt lat="42.821894" lon="-7.684276"><ele>530.627</ele><time>2022-07-16T06:47:31Z</time></trkpt><trkpt lat="42.821901" lon="-7.684349"><ele>530.744</ele><time>2022-07-16T06:47:35Z</time></trkpt><trkpt lat="42.821913" lon="-7.684410"><ele>530.905</ele><time>2022-07-16T06:47:38Z</time></trkpt><trkpt lat="42.821920" lon="-7.684473"><ele>531.115</ele><time>2022-07-16T06:47:41Z</time></trkpt><trkpt lat="42.821934" lon="-7.684543"><ele>531.209</ele><time>2022-07-16T06:47:45Z</time></trkpt><trkpt lat="42.821939" lon="-7.684608"><ele>531.395</ele><time>2022-07-16T06:47:48Z</time></trkpt><trkpt lat="42.821943" lon="-7.684679"><ele>531.494</ele><time>2022-07-16T06:47:52Z</time></trkpt><trkpt lat="42.821956" lon="-7.684746"><ele>531.512</ele><time>2022-07-16T06:47:56Z</time></trkpt><trkpt lat="42.821967" lon="-7.684818"><ele>531.654</ele><time>2022-07-16T06:48:00Z</time></trkpt><trkpt lat="42.821970" lon="-7.684890"><ele>531.711</ele><time>2022-07-16T06:48:04Z</time></trkpt><trkpt lat="42.821987" lon="-7.684955"><ele>531.845</ele><time>2022-07-16T06:48:08Z</time></trkpt><trkpt lat="42.821991" lon="-7.685029"><ele>531.944</ele><time>2022-07-16T06:48:12Z</time></trkpt><trkpt lat="42.822000" lon="-7.685102"><ele>531.942</ele><time>2022-07-16T06:48:16Z</time></trkpt><trkpt lat="42.822010" lon="-7.685170"><ele>531.933</ele><time>2022-07-16T06:48:20Z</time></trkpt><trkpt lat="42.822028" lon="-7.685244"><ele>531.954</ele><time>2022-07-16T06:48:24Z</time></trkpt><trkpt lat="42.822048" lon="-7.685320"><ele>531.956</ele><time>2022-07-16T06:48:28Z</time></trkpt><trkpt lat="42.822058" lon="-7.685387"><ele>531.811</ele><time>2022-07-16T06:48:32Z</time></trkpt><trkpt lat="42.822065" lon="-7.685452"><ele>531.809</ele><time>2022-07-16T06:48:36Z</time></trkpt><trkpt lat="42.822076" lon="-7.685516"><ele>531.846</ele><time>2022-07-16T06:48:40Z</time></trkpt><trkpt lat="42.822083" lon="-7.685577"><ele>531.845</ele><time>2022-07-16T06:48:43Z</time></trkpt><trkpt lat="42.822095" lon="-7.685639"><ele>531.873</ele><time>2022-07-16T06:48:47Z</time></trkpt><trkpt lat="42.822113" lon="-7.685714"><ele>531.865</ele><time>2022-07-16T06:48:52Z</time></trkpt><trkpt lat="42.822130" lon="-7.685778"><ele>531.752</ele><time>2022-07-16T06:48:56Z</time></trkpt><trkpt lat="42.822143" lon="-7.685851"><ele>531.666</ele><time>2022-07-16T06:49:00Z</time></trkpt><trkpt lat="42.822170" lon="-7.685905"><ele>531.435</ele><time>2022-07-16T06:49:04Z</time></trkpt><trkpt lat="42.822185" lon="-7.685985"><ele>531.013</ele><time>2022-07-16T06:49:08Z</time></trkpt><trkpt lat="42.822207" lon="-7.686043"><ele>530.994</ele><time>2022-07-16T06:49:12Z</time></trkpt><trkpt lat="42.822238" lon="-7.686099"><ele>530.721</ele><time>2022-07-16T06:49:17Z</time></trkpt><trkpt lat="42.822259" lon="-7.686162"><ele>530.541</ele><time>2022-07-16T06:49:21Z</time></trkpt><trkpt lat="42.822284" lon="-7.686221"><ele>530.305</ele><time>2022-07-16T06:49:25Z</time></trkpt><trkpt lat="42.822303" lon="-7.686277"><ele>530.009</ele><time>2022-07-16T06:49:28Z</time></trkpt><trkpt lat="42.822327" lon="-7.686334"><ele>529.793</ele><time>2022-07-16T06:49:31Z</time></trkpt><trkpt lat="42.822354" lon="-7.686392"><ele>529.462</ele><time>2022-07-16T06:49:35Z</time></trkpt><trkpt lat="42.822379" lon="-7.686463"><ele>529.130</ele><time>2022-07-16T06:49:40Z</time></trkpt><trkpt lat="42.822406" lon="-7.686522"><ele>528.752</ele><time>2022-07-16T06:49:44Z</time></trkpt><trkpt lat="42.822443" lon="-7.686573"><ele>528.189</ele><time>2022-07-16T06:49:48Z</time></trkpt><trkpt lat="42.822482" lon="-7.686628"><ele>527.623</ele><time>2022-07-16T06:49:52Z</time></trkpt><trkpt lat="42.822516" lon="-7.686687"><ele>527.022</ele><time>2022-07-16T06:49:56Z</time></trkpt><trkpt lat="42.822533" lon="-7.686759"><ele>526.710</ele><time>2022-07-16T06:50:00Z</time></trkpt><trkpt lat="42.822565" lon="-7.686809"><ele>526.531</ele><time>2022-07-16T06:50:03Z</time></trkpt><trkpt lat="42.822598" lon="-7.686875"><ele>526.215</ele><time>2022-07-16T06:50:07Z</time></trkpt><trkpt lat="42.822623" lon="-7.686940"><ele>526.265</ele><time>2022-07-16T06:50:10Z</time></trkpt><trkpt lat="42.822643" lon="-7.687004"><ele>526.111</ele><time>2022-07-16T06:50:14Z</time></trkpt><trkpt lat="42.822670" lon="-7.687060"><ele>525.909</ele><time>2022-07-16T06:50:17Z</time></trkpt><trkpt lat="42.822699" lon="-7.687117"><ele>525.532</ele><time>2022-07-16T06:50:20Z</time></trkpt><trkpt lat="42.822743" lon="-7.687182"><ele>525.141</ele><time>2022-07-16T06:50:24Z</time></trkpt><trkpt lat="42.822774" lon="-7.687229"><ele>524.849</ele><time>2022-07-16T06:50:27Z</time></trkpt><trkpt lat="42.822816" lon="-7.687293"><ele>524.371</ele><time>2022-07-16T06:50:32Z</time></trkpt><trkpt lat="42.822854" lon="-7.687351"><ele>524.198</ele><time>2022-07-16T06:50:36Z</time></trkpt><trkpt lat="42.822883" lon="-7.687405"><ele>523.822</ele><time>2022-07-16T06:50:39Z</time></trkpt><trkpt lat="42.822918" lon="-7.687466"><ele>523.651</ele><time>2022-07-16T06:50:43Z</time></trkpt><trkpt lat="42.822944" lon="-7.687519"><ele>523.479</ele><time>2022-07-16T06:50:46Z</time></trkpt><trkpt lat="42.822982" lon="-7.687572"><ele>523.390</ele><time>2022-07-16T06:50:50Z</time></trkpt><trkpt lat="42.823008" lon="-7.687627"><ele>523.258</ele><time>2022-07-16T06:50:54Z</time></trkpt><trkpt lat="42.823033" lon="-7.687682"><ele>523.152</ele><time>2022-07-16T06:50:57Z</time></trkpt><trkpt lat="42.823065" lon="-7.687726"><ele>523.017</ele><time>2022-07-16T06:51:01Z</time></trkpt><trkpt lat="42.823108" lon="-7.687780"><ele>523.009</ele><time>2022-07-16T06:51:05Z</time></trkpt><trkpt lat="42.823151" lon="-7.687830"><ele>523.036</ele><time>2022-07-16T06:51:09Z</time></trkpt><trkpt lat="42.823193" lon="-7.687888"><ele>523.035</ele><time>2022-07-16T06:51:13Z</time></trkpt><trkpt lat="42.823219" lon="-7.687942"><ele>523.043</ele><time>2022-07-16T06:51:17Z</time></trkpt><trkpt lat="42.823244" lon="-7.687998"><ele>523.025</ele><time>2022-07-16T06:51:20Z</time></trkpt><trkpt lat="42.823272" lon="-7.688055"><ele>523.062</ele><time>2022-07-16T06:51:23Z</time></trkpt><trkpt lat="42.823293" lon="-7.688117"><ele>523.056</ele><time>2022-07-16T06:51:27Z</time></trkpt><trkpt lat="42.823318" lon="-7.688175"><ele>523.025</ele><time>2022-07-16T06:51:30Z</time></trkpt><trkpt lat="42.823354" lon="-7.688232"><ele>523.013</ele><time>2022-07-16T06:51:34Z</time></trkpt><trkpt lat="42.823377" lon="-7.688295"><ele>523.064</ele><time>2022-07-16T06:51:38Z</time></trkpt><trkpt lat="42.823403" lon="-7.688353"><ele>522.977</ele><time>2022-07-16T06:51:42Z</time></trkpt><trkpt lat="42.823434" lon="-7.688415"><ele>522.561</ele><time>2022-07-16T06:51:46Z</time></trkpt><trkpt lat="42.823466" lon="-7.688477"><ele>522.027</ele><time>2022-07-16T06:51:50Z</time></trkpt><trkpt lat="42.823500" lon="-7.688546"><ele>521.609</ele><time>2022-07-16T06:51:54Z</time></trkpt><trkpt lat="42.823529" lon="-7.688599"><ele>521.648</ele><time>2022-07-16T06:51:58Z</time></trkpt><trkpt lat="42.823558" lon="-7.688660"><ele>521.667</ele><time>2022-07-16T06:52:02Z</time></trkpt><trkpt lat="42.823589" lon="-7.688714"><ele>521.765</ele><time>2022-07-16T06:52:06Z</time></trkpt><trkpt lat="42.823620" lon="-7.688767"><ele>521.887</ele><time>2022-07-16T06:52:10Z</time></trkpt><trkpt lat="42.823644" lon="-7.688826"><ele>521.924</ele><time>2022-07-16T06:52:13Z</time></trkpt><trkpt lat="42.823666" lon="-7.688887"><ele>522.078</ele><time>2022-07-16T06:52:17Z</time></trkpt><trkpt lat="42.823702" lon="-7.688928"><ele>522.197</ele><time>2022-07-16T06:52:20Z</time></trkpt><trkpt lat="42.823725" lon="-7.688987"><ele>522.225</ele><time>2022-07-16T06:52:24Z</time></trkpt><trkpt lat="42.823751" lon="-7.689049"><ele>522.346</ele><time>2022-07-16T06:52:28Z</time></trkpt><trkpt lat="42.823781" lon="-7.689111"><ele>522.551</ele><time>2022-07-16T06:52:32Z</time></trkpt><trkpt lat="42.823801" lon="-7.689177"><ele>522.701</ele><time>2022-07-16T06:52:36Z</time></trkpt><trkpt lat="42.823837" lon="-7.689235"><ele>522.911</ele><time>2022-07-16T06:52:40Z</time></trkpt><trkpt lat="42.823867" lon="-7.689299"><ele>523.109</ele><time>2022-07-16T06:52:44Z</time></trkpt><trkpt lat="42.823895" lon="-7.689360"><ele>523.266</ele><time>2022-07-16T06:52:48Z</time></trkpt><trkpt lat="42.823922" lon="-7.689416"><ele>523.315</ele><time>2022-07-16T06:52:52Z</time></trkpt><trkpt lat="42.823951" lon="-7.689469"><ele>523.443</ele><time>2022-07-16T06:52:57Z</time></trkpt><trkpt lat="42.823980" lon="-7.689523"><ele>523.545</ele><time>2022-07-16T06:53:00Z</time></trkpt><trkpt lat="42.823999" lon="-7.689587"><ele>523.752</ele><time>2022-07-16T06:53:02Z</time></trkpt><trkpt lat="42.824017" lon="-7.689660"><ele>523.936</ele><time>2022-07-16T06:53:05Z</time></trkpt><trkpt lat="42.824036" lon="-7.689728"><ele>524.165</ele><time>2022-07-16T06:53:09Z</time></trkpt><trkpt lat="42.824042" lon="-7.689793"><ele>524.473</ele><time>2022-07-16T06:53:15Z</time></trkpt><trkpt lat="42.824079" lon="-7.689860"><ele>524.624</ele><time>2022-07-16T06:54:32Z</time></trkpt><trkpt lat="42.824116" lon="-7.689917"><ele>524.712</ele><time>2022-07-16T06:54:36Z</time></trkpt><trkpt lat="42.824167" lon="-7.689932"><ele>525.432</ele><time>2022-07-16T06:55:12Z</time></trkpt><trkpt lat="42.824208" lon="-7.689982"><ele>525.605</ele><time>2022-07-16T06:55:17Z</time></trkpt><trkpt lat="42.824247" lon="-7.690015"><ele>525.909</ele><time>2022-07-16T06:55:21Z</time></trkpt><trkpt lat="42.824280" lon="-7.690062"><ele>526.092</ele><time>2022-07-16T06:55:25Z</time></trkpt><trkpt lat="42.824308" lon="-7.690115"><ele>526.171</ele><time>2022-07-16T06:55:30Z</time></trkpt><trkpt lat="42.824340" lon="-7.690159"><ele>526.359</ele><time>2022-07-16T06:55:40Z</time></trkpt><trkpt lat="42.824382" lon="-7.690198"><ele>526.681</ele><time>2022-07-16T06:55:45Z</time></trkpt><trkpt lat="42.824420" lon="-7.690242"><ele>526.918</ele><time>2022-07-16T06:55:50Z</time></trkpt><trkpt lat="42.824464" lon="-7.690285"><ele>527.342</ele><time>2022-07-16T06:55:55Z</time></trkpt><trkpt lat="42.824500" lon="-7.690340"><ele>527.761</ele><time>2022-07-16T06:56:00Z</time></trkpt><trkpt lat="42.824532" lon="-7.690399"><ele>528.219</ele><time>2022-07-16T06:56:04Z</time></trkpt><trkpt lat="42.824566" lon="-7.690448"><ele>528.650</ele><time>2022-07-16T06:56:08Z</time></trkpt><trkpt lat="42.824601" lon="-7.690528"><ele>529.087</ele><time>2022-07-16T06:56:18Z</time></trkpt><trkpt lat="42.824622" lon="-7.690592"><ele>529.242</ele><time>2022-07-16T06:56:22Z</time></trkpt><trkpt lat="42.824647" lon="-7.690649"><ele>529.626</ele><time>2022-07-16T06:56:26Z</time></trkpt><trkpt lat="42.824668" lon="-7.690709"><ele>529.709</ele><time>2022-07-16T06:56:30Z</time></trkpt><trkpt lat="42.824698" lon="-7.690770"><ele>530.019</ele><time>2022-07-16T06:56:35Z</time></trkpt><trkpt lat="42.824714" lon="-7.690842"><ele>530.278</ele><time>2022-07-16T06:56:39Z</time></trkpt><trkpt lat="42.824733" lon="-7.690907"><ele>530.666</ele><time>2022-07-16T06:56:44Z</time></trkpt><trkpt lat="42.824749" lon="-7.690973"><ele>531.078</ele><time>2022-07-16T06:56:48Z</time></trkpt><trkpt lat="42.824771" lon="-7.691034"><ele>531.495</ele><time>2022-07-16T06:56:52Z</time></trkpt><trkpt lat="42.824792" lon="-7.691099"><ele>531.829</ele><time>2022-07-16T06:56:56Z</time></trkpt><trkpt lat="42.824812" lon="-7.691164"><ele>532.228</ele><time>2022-07-16T06:57:00Z</time></trkpt><trkpt lat="42.824838" lon="-7.691222"><ele>532.566</ele><time>2022-07-16T06:57:04Z</time></trkpt><trkpt lat="42.824862" lon="-7.691294"><ele>532.857</ele><time>2022-07-16T06:57:09Z</time></trkpt><trkpt lat="42.824882" lon="-7.691363"><ele>533.259</ele><time>2022-07-16T06:57:14Z</time></trkpt><trkpt lat="42.824900" lon="-7.691428"><ele>533.603</ele><time>2022-07-16T06:57:18Z</time></trkpt><trkpt lat="42.824917" lon="-7.691490"><ele>534.023</ele><time>2022-07-16T06:57:22Z</time></trkpt><trkpt lat="42.824939" lon="-7.691564"><ele>534.509</ele><time>2022-07-16T06:57:26Z</time></trkpt><trkpt lat="42.824962" lon="-7.691633"><ele>534.626</ele><time>2022-07-16T06:57:30Z</time></trkpt><trkpt lat="42.824978" lon="-7.691698"><ele>534.945</ele><time>2022-07-16T06:57:34Z</time></trkpt><trkpt lat="42.824998" lon="-7.691762"><ele>535.283</ele><time>2022-07-16T06:57:38Z</time></trkpt><trkpt lat="42.825020" lon="-7.691819"><ele>535.515</ele><time>2022-07-16T06:57:42Z</time></trkpt><trkpt lat="42.825038" lon="-7.691880"><ele>535.722</ele><time>2022-07-16T06:57:46Z</time></trkpt><trkpt lat="42.825058" lon="-7.691948"><ele>535.946</ele><time>2022-07-16T06:57:50Z</time></trkpt><trkpt lat="42.825076" lon="-7.692005"><ele>536.175</ele><time>2022-07-16T06:57:54Z</time></trkpt><trkpt lat="42.825095" lon="-7.692070"><ele>536.353</ele><time>2022-07-16T06:57:58Z</time></trkpt><trkpt lat="42.825113" lon="-7.692136"><ele>536.564</ele><time>2022-07-16T06:58:02Z</time></trkpt><trkpt lat="42.825133" lon="-7.692197"><ele>536.733</ele><time>2022-07-16T06:58:06Z</time></trkpt><trkpt lat="42.825154" lon="-7.692261"><ele>536.923</ele><time>2022-07-16T06:58:10Z</time></trkpt><trkpt lat="42.825169" lon="-7.692320"><ele>537.015</ele><time>2022-07-16T06:58:14Z</time></trkpt><trkpt lat="42.825181" lon="-7.692384"><ele>537.109</ele><time>2022-07-16T06:58:41Z</time></trkpt><trkpt lat="42.825198" lon="-7.692443"><ele>537.394</ele><time>2022-07-16T06:58:44Z</time></trkpt><trkpt lat="42.825224" lon="-7.692502"><ele>537.593</ele><time>2022-07-16T06:58:48Z</time></trkpt><trkpt lat="42.825246" lon="-7.692561"><ele>537.611</ele><time>2022-07-16T06:58:52Z</time></trkpt><trkpt lat="42.825270" lon="-7.692622"><ele>537.893</ele><time>2022-07-16T06:58:56Z</time></trkpt><trkpt lat="42.825293" lon="-7.692696"><ele>538.080</ele><time>2022-07-16T06:59:00Z</time></trkpt><trkpt lat="42.825311" lon="-7.692758"><ele>538.364</ele><time>2022-07-16T06:59:04Z</time></trkpt><trkpt lat="42.825333" lon="-7.692822"><ele>538.583</ele><time>2022-07-16T06:59:08Z</time></trkpt><trkpt lat="42.825350" lon="-7.692888"><ele>538.691</ele><time>2022-07-16T06:59:12Z</time></trkpt><trkpt lat="42.825370" lon="-7.692952"><ele>538.792</ele><time>2022-07-16T06:59:16Z</time></trkpt><trkpt lat="42.825392" lon="-7.693011"><ele>538.874</ele><time>2022-07-16T06:59:20Z</time></trkpt><trkpt lat="42.825405" lon="-7.693077"><ele>539.056</ele><time>2022-07-16T06:59:24Z</time></trkpt><trkpt lat="42.825425" lon="-7.693139"><ele>539.221</ele><time>2022-07-16T06:59:28Z</time></trkpt><trkpt lat="42.825442" lon="-7.693205"><ele>539.409</ele><time>2022-07-16T06:59:33Z</time></trkpt><trkpt lat="42.825462" lon="-7.693272"><ele>539.558</ele><time>2022-07-16T06:59:38Z</time></trkpt><trkpt lat="42.825485" lon="-7.693332"><ele>539.797</ele><time>2022-07-16T06:59:42Z</time></trkpt><trkpt lat="42.825508" lon="-7.693385"><ele>539.965</ele><time>2022-07-16T06:59:46Z</time></trkpt><trkpt lat="42.825528" lon="-7.693452"><ele>540.167</ele><time>2022-07-16T06:59:50Z</time></trkpt><trkpt lat="42.825548" lon="-7.693521"><ele>540.244</ele><time>2022-07-16T06:59:54Z</time></trkpt><trkpt lat="42.825558" lon="-7.693580"><ele>540.368</ele><time>2022-07-16T06:59:57Z</time></trkpt><trkpt lat="42.825581" lon="-7.693645"><ele>540.437</ele><time>2022-07-16T07:00:01Z</time></trkpt><trkpt lat="42.825597" lon="-7.693716"><ele>540.525</ele><time>2022-07-16T07:00:05Z</time></trkpt><trkpt lat="42.825623" lon="-7.693782"><ele>540.636</ele><time>2022-07-16T07:00:09Z</time></trkpt><trkpt lat="42.825644" lon="-7.693852"><ele>540.743</ele><time>2022-07-16T07:00:13Z</time></trkpt><trkpt lat="42.825661" lon="-7.693916"><ele>540.864</ele><time>2022-07-16T07:00:17Z</time></trkpt><trkpt lat="42.825683" lon="-7.693985"><ele>541.010</ele><time>2022-07-16T07:00:21Z</time></trkpt><trkpt lat="42.825698" lon="-7.694051"><ele>541.109</ele><time>2022-07-16T07:00:25Z</time></trkpt><trkpt lat="42.825718" lon="-7.694114"><ele>541.275</ele><time>2022-07-16T07:00:29Z</time></trkpt><trkpt lat="42.825738" lon="-7.694182"><ele>541.464</ele><time>2022-07-16T07:00:33Z</time></trkpt><trkpt lat="42.825765" lon="-7.694242"><ele>541.622</ele><time>2022-07-16T07:00:37Z</time></trkpt><trkpt lat="42.825778" lon="-7.694308"><ele>541.784</ele><time>2022-07-16T07:00:41Z</time></trkpt><trkpt lat="42.825801" lon="-7.694373"><ele>541.851</ele><time>2022-07-16T07:00:45Z</time></trkpt><trkpt lat="42.825820" lon="-7.694435"><ele>542.045</ele><time>2022-07-16T07:00:49Z</time></trkpt><trkpt lat="42.825846" lon="-7.694502"><ele>542.274</ele><time>2022-07-16T07:00:54Z</time></trkpt><trkpt lat="42.825865" lon="-7.694570"><ele>542.362</ele><time>2022-07-16T07:00:59Z</time></trkpt><trkpt lat="42.825875" lon="-7.694637"><ele>542.413</ele><time>2022-07-16T07:01:04Z</time></trkpt><trkpt lat="42.825899" lon="-7.694692"><ele>542.695</ele><time>2022-07-16T07:01:08Z</time></trkpt><trkpt lat="42.825919" lon="-7.694754"><ele>542.749</ele><time>2022-07-16T07:01:12Z</time></trkpt><trkpt lat="42.825943" lon="-7.694828"><ele>542.823</ele><time>2022-07-16T07:01:16Z</time></trkpt><trkpt lat="42.825962" lon="-7.694890"><ele>543.009</ele><time>2022-07-16T07:01:20Z</time></trkpt><trkpt lat="42.825977" lon="-7.694960"><ele>543.270</ele><time>2022-07-16T07:01:24Z</time></trkpt><trkpt lat="42.826000" lon="-7.695030"><ele>543.449</ele><time>2022-07-16T07:01:28Z</time></trkpt><trkpt lat="42.826022" lon="-7.695096"><ele>543.737</ele><time>2022-07-16T07:01:32Z</time></trkpt><trkpt lat="42.826043" lon="-7.695155"><ele>543.849</ele><time>2022-07-16T07:01:36Z</time></trkpt><trkpt lat="42.826059" lon="-7.695223"><ele>544.056</ele><time>2022-07-16T07:01:40Z</time></trkpt><trkpt lat="42.826082" lon="-7.695297"><ele>544.260</ele><time>2022-07-16T07:01:44Z</time></trkpt><trkpt lat="42.826114" lon="-7.695356"><ele>544.479</ele><time>2022-07-16T07:01:49Z</time></trkpt><trkpt lat="42.826136" lon="-7.695411"><ele>544.657</ele><time>2022-07-16T07:01:53Z</time></trkpt><trkpt lat="42.826163" lon="-7.695473"><ele>544.968</ele><time>2022-07-16T07:01:57Z</time></trkpt><trkpt lat="42.826178" lon="-7.695533"><ele>545.131</ele><time>2022-07-16T07:02:01Z</time></trkpt><trkpt lat="42.826206" lon="-7.695584"><ele>545.361</ele><time>2022-07-16T07:02:05Z</time></trkpt><trkpt lat="42.826225" lon="-7.695644"><ele>545.507</ele><time>2022-07-16T07:02:10Z</time></trkpt><trkpt lat="42.826248" lon="-7.695697"><ele>545.709</ele><time>2022-07-16T07:02:14Z</time></trkpt><trkpt lat="42.826273" lon="-7.695748"><ele>545.964</ele><time>2022-07-16T07:02:18Z</time></trkpt><trkpt lat="42.826294" lon="-7.695805"><ele>546.053</ele><time>2022-07-16T07:02:22Z</time></trkpt><trkpt lat="42.826326" lon="-7.695855"><ele>546.191</ele><time>2022-07-16T07:02:26Z</time></trkpt><trkpt lat="42.826350" lon="-7.695914"><ele>546.233</ele><time>2022-07-16T07:02:30Z</time></trkpt><trkpt lat="42.826372" lon="-7.695973"><ele>546.370</ele><time>2022-07-16T07:02:34Z</time></trkpt><trkpt lat="42.826393" lon="-7.696034"><ele>546.434</ele><time>2022-07-16T07:02:38Z</time></trkpt><trkpt lat="42.826421" lon="-7.696092"><ele>546.593</ele><time>2022-07-16T07:02:42Z</time></trkpt><trkpt lat="42.826449" lon="-7.696144"><ele>546.661</ele><time>2022-07-16T07:02:46Z</time></trkpt><trkpt lat="42.826458" lon="-7.696209"><ele>546.722</ele><time>2022-07-16T07:02:51Z</time></trkpt><trkpt lat="42.826422" lon="-7.696268"><ele>546.716</ele><time>2022-07-16T07:02:55Z</time></trkpt><trkpt lat="42.826380" lon="-7.696311"><ele>546.776</ele><time>2022-07-16T07:03:00Z</time></trkpt><trkpt lat="42.826344" lon="-7.696362"><ele>546.613</ele><time>2022-07-16T07:03:04Z</time></trkpt><trkpt lat="42.826320" lon="-7.696422"><ele>546.409</ele><time>2022-07-16T07:03:09Z</time></trkpt><trkpt lat="42.826283" lon="-7.696464"><ele>546.222</ele><time>2022-07-16T07:03:15Z</time></trkpt><trkpt lat="42.826105" lon="-7.696476"><ele>545.431</ele><time>2022-07-16T07:04:07Z</time></trkpt><trkpt lat="42.826058" lon="-7.696471"><ele>544.169</ele><time>2022-07-16T07:04:10Z</time></trkpt><trkpt lat="42.826005" lon="-7.696458"><ele>543.851</ele><time>2022-07-16T07:04:14Z</time></trkpt><trkpt lat="42.825954" lon="-7.696452"><ele>543.738</ele><time>2022-07-16T07:04:18Z</time></trkpt><trkpt lat="42.825902" lon="-7.696419"><ele>543.672</ele><time>2022-07-16T07:04:22Z</time></trkpt><trkpt lat="42.825849" lon="-7.696397"><ele>543.511</ele><time>2022-07-16T07:04:26Z</time></trkpt><trkpt lat="42.825799" lon="-7.696376"><ele>543.199</ele><time>2022-07-16T07:04:30Z</time></trkpt><trkpt lat="42.825750" lon="-7.696352"><ele>543.160</ele><time>2022-07-16T07:04:35Z</time></trkpt><trkpt lat="42.825699" lon="-7.696326"><ele>543.137</ele><time>2022-07-16T07:04:39Z</time></trkpt><trkpt lat="42.825652" lon="-7.696300"><ele>543.049</ele><time>2022-07-16T07:04:44Z</time></trkpt><trkpt lat="42.825602" lon="-7.696274"><ele>542.713</ele><time>2022-07-16T07:04:48Z</time></trkpt><trkpt lat="42.825551" lon="-7.696267"><ele>542.509</ele><time>2022-07-16T07:04:53Z</time></trkpt><trkpt lat="42.825500" lon="-7.696191"><ele>542.334</ele><time>2022-07-16T07:05:27Z</time></trkpt><trkpt lat="42.825527" lon="-7.696250"><ele>542.113</ele><time>2022-07-16T07:05:44Z</time></trkpt><trkpt lat="42.825567" lon="-7.696284"><ele>542.131</ele><time>2022-07-16T07:05:48Z</time></trkpt><trkpt lat="42.825625" lon="-7.696307"><ele>542.173</ele><time>2022-07-16T07:05:53Z</time></trkpt><trkpt lat="42.825670" lon="-7.696327"><ele>542.220</ele><time>2022-07-16T07:05:57Z</time></trkpt><trkpt lat="42.825716" lon="-7.696343"><ele>542.374</ele><time>2022-07-16T07:06:00Z</time></trkpt><trkpt lat="42.825774" lon="-7.696366"><ele>542.513</ele><time>2022-07-16T07:06:05Z</time></trkpt><trkpt lat="42.825820" lon="-7.696385"><ele>542.621</ele><time>2022-07-16T07:06:09Z</time></trkpt><trkpt lat="42.825865" lon="-7.696407"><ele>542.722</ele><time>2022-07-16T07:06:13Z</time></trkpt><trkpt lat="42.825908" lon="-7.696430"><ele>542.912</ele><time>2022-07-16T07:06:17Z</time></trkpt><trkpt lat="42.825954" lon="-7.696457"><ele>543.032</ele><time>2022-07-16T07:06:21Z</time></trkpt><trkpt lat="42.826009" lon="-7.696479"><ele>543.105</ele><time>2022-07-16T07:06:25Z</time></trkpt><trkpt lat="42.826059" lon="-7.696479"><ele>543.209</ele><time>2022-07-16T07:06:29Z</time></trkpt><trkpt lat="42.826105" lon="-7.696483"><ele>543.342</ele><time>2022-07-16T07:06:33Z</time></trkpt><trkpt lat="42.826158" lon="-7.696466"><ele>543.561</ele><time>2022-07-16T07:06:38Z</time></trkpt><trkpt lat="42.826206" lon="-7.696456"><ele>543.749</ele><time>2022-07-16T07:06:42Z</time></trkpt><trkpt lat="42.826256" lon="-7.696435"><ele>543.931</ele><time>2022-07-16T07:06:46Z</time></trkpt><trkpt lat="42.826307" lon="-7.696432"><ele>544.248</ele><time>2022-07-16T07:06:49Z</time></trkpt><trkpt lat="42.826360" lon="-7.696421"><ele>544.632</ele><time>2022-07-16T07:06:54Z</time></trkpt><trkpt lat="42.826386" lon="-7.696367"><ele>545.021</ele><time>2022-07-16T07:06:58Z</time></trkpt><trkpt lat="42.826422" lon="-7.696323"><ele>545.419</ele><time>2022-07-16T07:07:03Z</time></trkpt><trkpt lat="42.826468" lon="-7.696316"><ele>545.710</ele><time>2022-07-16T07:07:08Z</time></trkpt><trkpt lat="42.826518" lon="-7.696338"><ele>545.923</ele><time>2022-07-16T07:07:13Z</time></trkpt><trkpt lat="42.826561" lon="-7.696376"><ele>546.483</ele><time>2022-07-16T07:07:18Z</time></trkpt><trkpt lat="42.826606" lon="-7.696353"><ele>546.711</ele><time>2022-07-16T07:07:23Z</time></trkpt><trkpt lat="42.826627" lon="-7.696413"><ele>546.809</ele><time>2022-07-16T07:07:26Z</time></trkpt><trkpt lat="42.826654" lon="-7.696472"><ele>546.943</ele><time>2022-07-16T07:07:29Z</time></trkpt><trkpt lat="42.826680" lon="-7.696529"><ele>547.072</ele><time>2022-07-16T07:07:32Z</time></trkpt><trkpt lat="42.826714" lon="-7.696588"><ele>547.060</ele><time>2022-07-16T07:07:36Z</time></trkpt><trkpt lat="42.826743" lon="-7.696658"><ele>547.092</ele><time>2022-07-16T07:07:40Z</time></trkpt><trkpt lat="42.826770" lon="-7.696712"><ele>547.089</ele><time>2022-07-16T07:07:43Z</time></trkpt><trkpt lat="42.826803" lon="-7.696768"><ele>547.193</ele><time>2022-07-16T07:07:46Z</time></trkpt><trkpt lat="42.826823" lon="-7.696826"><ele>547.132</ele><time>2022-07-16T07:07:49Z</time></trkpt><trkpt lat="42.826851" lon="-7.696892"><ele>547.210</ele><time>2022-07-16T07:07:52Z</time></trkpt><trkpt lat="42.826890" lon="-7.696958"><ele>547.381</ele><time>2022-07-16T07:07:56Z</time></trkpt><trkpt lat="42.826925" lon="-7.697004"><ele>547.412</ele><time>2022-07-16T07:08:00Z</time></trkpt><trkpt lat="42.826959" lon="-7.697062"><ele>547.532</ele><time>2022-07-16T07:08:05Z</time></trkpt><trkpt lat="42.826959" lon="-7.697136"><ele>547.805</ele><time>2022-07-16T07:08:09Z</time></trkpt><trkpt lat="42.826965" lon="-7.697199"><ele>547.809</ele><time>2022-07-16T07:08:12Z</time></trkpt><trkpt lat="42.826968" lon="-7.697270"><ele>547.832</ele><time>2022-07-16T07:08:16Z</time></trkpt><trkpt lat="42.826966" lon="-7.697333"><ele>547.831</ele><time>2022-07-16T07:08:20Z</time></trkpt><trkpt lat="42.826964" lon="-7.697407"><ele>547.719</ele><time>2022-07-16T07:08:25Z</time></trkpt><trkpt lat="42.826960" lon="-7.697491"><ele>547.551</ele><time>2022-07-16T07:08:29Z</time></trkpt><trkpt lat="42.826946" lon="-7.697557"><ele>547.488</ele><time>2022-07-16T07:08:33Z</time></trkpt><trkpt lat="42.826934" lon="-7.697631"><ele>547.442</ele><time>2022-07-16T07:08:37Z</time></trkpt><trkpt lat="42.826932" lon="-7.697714"><ele>547.481</ele><time>2022-07-16T07:09:08Z</time></trkpt><trkpt lat="42.826905" lon="-7.697773"><ele>547.549</ele><time>2022-07-16T07:09:12Z</time></trkpt><trkpt lat="42.826874" lon="-7.697825"><ele>547.680</ele><time>2022-07-16T07:09:16Z</time></trkpt><trkpt lat="42.826853" lon="-7.697884"><ele>547.852</ele><time>2022-07-16T07:09:20Z</time></trkpt><trkpt lat="42.826830" lon="-7.697947"><ele>548.253</ele><time>2022-07-16T07:09:23Z</time></trkpt><trkpt lat="42.826823" lon="-7.698011"><ele>548.608</ele><time>2022-07-16T07:09:29Z</time></trkpt><trkpt lat="42.826815" lon="-7.698075"><ele>549.009</ele><time>2022-07-16T07:09:35Z</time></trkpt><trkpt lat="42.826811" lon="-7.698139"><ele>549.576</ele><time>2022-07-16T07:09:39Z</time></trkpt><trkpt lat="42.826824" lon="-7.698199"><ele>550.215</ele><time>2022-07-16T07:09:44Z</time></trkpt><trkpt lat="42.826847" lon="-7.698253"><ele>550.723</ele><time>2022-07-16T07:09:50Z</time></trkpt><trkpt lat="42.826866" lon="-7.698311"><ele>551.175</ele><time>2022-07-16T07:09:55Z</time></trkpt><trkpt lat="42.826886" lon="-7.698369"><ele>551.712</ele><time>2022-07-16T07:09:59Z</time></trkpt><trkpt lat="42.826912" lon="-7.698424"><ele>552.486</ele><time>2022-07-16T07:10:03Z</time></trkpt><trkpt lat="42.826944" lon="-7.698485"><ele>552.985</ele><time>2022-07-16T07:10:08Z</time></trkpt><trkpt lat="42.826962" lon="-7.698555"><ele>553.343</ele><time>2022-07-16T07:10:13Z</time></trkpt><trkpt lat="42.826974" lon="-7.698621"><ele>553.884</ele><time>2022-07-16T07:10:18Z</time></trkpt><trkpt lat="42.827001" lon="-7.698671"><ele>554.357</ele><time>2022-07-16T07:10:22Z</time></trkpt><trkpt lat="42.827028" lon="-7.698732"><ele>554.700</ele><time>2022-07-16T07:10:27Z</time></trkpt><trkpt lat="42.827049" lon="-7.698796"><ele>555.120</ele><time>2022-07-16T07:10:32Z</time></trkpt><trkpt lat="42.827076" lon="-7.698854"><ele>555.509</ele><time>2022-07-16T07:10:37Z</time></trkpt><trkpt lat="42.827114" lon="-7.698921"><ele>555.946</ele><time>2022-07-16T07:10:53Z</time></trkpt><trkpt lat="42.827156" lon="-7.698976"><ele>556.435</ele><time>2022-07-16T07:10:58Z</time></trkpt><trkpt lat="42.827196" lon="-7.699013"><ele>556.733</ele><time>2022-07-16T07:11:03Z</time></trkpt><trkpt lat="42.827237" lon="-7.699050"><ele>556.815</ele><time>2022-07-16T07:11:07Z</time></trkpt><trkpt lat="42.827283" lon="-7.699091"><ele>557.372</ele><time>2022-07-16T07:11:11Z</time></trkpt><trkpt lat="42.827328" lon="-7.699118"><ele>557.466</ele><time>2022-07-16T07:11:15Z</time></trkpt><trkpt lat="42.827366" lon="-7.699167"><ele>557.635</ele><time>2022-07-16T07:11:19Z</time></trkpt><trkpt lat="42.827398" lon="-7.699216"><ele>557.853</ele><time>2022-07-16T07:11:23Z</time></trkpt><trkpt lat="42.827423" lon="-7.699271"><ele>557.914</ele><time>2022-07-16T07:11:27Z</time></trkpt><trkpt lat="42.827468" lon="-7.699310"><ele>558.173</ele><time>2022-07-16T07:11:32Z</time></trkpt><trkpt lat="42.827511" lon="-7.699355"><ele>558.485</ele><time>2022-07-16T07:11:36Z</time></trkpt><trkpt lat="42.827542" lon="-7.699403"><ele>558.713</ele><time>2022-07-16T07:11:40Z</time></trkpt><trkpt lat="42.827580" lon="-7.699446"><ele>559.009</ele><time>2022-07-16T07:11:44Z</time></trkpt><trkpt lat="42.827609" lon="-7.699502"><ele>559.298</ele><time>2022-07-16T07:11:48Z</time></trkpt><trkpt lat="42.827644" lon="-7.699545"><ele>559.437</ele><time>2022-07-16T07:11:53Z</time></trkpt><trkpt lat="42.827680" lon="-7.699584"><ele>559.655</ele><time>2022-07-16T07:11:57Z</time></trkpt><trkpt lat="42.827715" lon="-7.699626"><ele>559.997</ele><time>2022-07-16T07:12:01Z</time></trkpt><trkpt lat="42.827744" lon="-7.699687"><ele>560.384</ele><time>2022-07-16T07:12:06Z</time></trkpt><trkpt lat="42.827770" lon="-7.699749"><ele>560.668</ele><time>2022-07-16T07:12:11Z</time></trkpt><trkpt lat="42.827804" lon="-7.699807"><ele>561.027</ele><time>2022-07-16T07:12:15Z</time></trkpt><trkpt lat="42.827832" lon="-7.699866"><ele>561.415</ele><time>2022-07-16T07:12:20Z</time></trkpt><trkpt lat="42.827866" lon="-7.699908"><ele>561.766</ele><time>2022-07-16T07:12:24Z</time></trkpt><trkpt lat="42.827903" lon="-7.699950"><ele>562.058</ele><time>2022-07-16T07:12:27Z</time></trkpt><trkpt lat="42.827944" lon="-7.700004"><ele>562.352</ele><time>2022-07-16T07:12:31Z</time></trkpt><trkpt lat="42.827986" lon="-7.700050"><ele>562.517</ele><time>2022-07-16T07:12:36Z</time></trkpt><trkpt lat="42.828022" lon="-7.700094"><ele>562.809</ele><time>2022-07-16T07:12:41Z</time></trkpt><trkpt lat="42.828042" lon="-7.700151"><ele>563.256</ele><time>2022-07-16T07:12:45Z</time></trkpt><trkpt lat="42.828073" lon="-7.700202"><ele>563.655</ele><time>2022-07-16T07:12:49Z</time></trkpt><trkpt lat="42.828100" lon="-7.700261"><ele>563.933</ele><time>2022-07-16T07:12:52Z</time></trkpt><trkpt lat="42.828148" lon="-7.700296"><ele>564.245</ele><time>2022-07-16T07:12:56Z</time></trkpt><trkpt lat="42.828175" lon="-7.700347"><ele>564.512</ele><time>2022-07-16T07:12:58Z</time></trkpt><trkpt lat="42.828225" lon="-7.700379"><ele>564.956</ele><time>2022-07-16T07:13:02Z</time></trkpt><trkpt lat="42.828247" lon="-7.700434"><ele>565.335</ele><time>2022-07-16T07:13:07Z</time></trkpt><trkpt lat="42.828273" lon="-7.700487"><ele>565.643</ele><time>2022-07-16T07:13:13Z</time></trkpt><trkpt lat="42.828304" lon="-7.700535"><ele>566.064</ele><time>2022-07-16T07:13:19Z</time></trkpt><trkpt lat="42.828330" lon="-7.700588"><ele>566.547</ele><time>2022-07-16T07:13:23Z</time></trkpt><trkpt lat="42.828370" lon="-7.700638"><ele>567.029</ele><time>2022-07-16T07:13:29Z</time></trkpt><trkpt lat="42.828414" lon="-7.700677"><ele>567.421</ele><time>2022-07-16T07:13:34Z</time></trkpt><trkpt lat="42.828448" lon="-7.700722"><ele>567.809</ele><time>2022-07-16T07:13:38Z</time></trkpt><trkpt lat="42.828480" lon="-7.700767"><ele>568.355</ele><time>2022-07-16T07:13:42Z</time></trkpt><trkpt lat="42.828520" lon="-7.700812"><ele>568.634</ele><time>2022-07-16T07:13:46Z</time></trkpt><trkpt lat="42.828557" lon="-7.700855"><ele>568.772</ele><time>2022-07-16T07:13:51Z</time></trkpt><trkpt lat="42.828590" lon="-7.700910"><ele>568.884</ele><time>2022-07-16T07:13:55Z</time></trkpt><trkpt lat="42.828616" lon="-7.700965"><ele>569.151</ele><time>2022-07-16T07:13:59Z</time></trkpt><trkpt lat="42.828657" lon="-7.701015"><ele>569.535</ele><time>2022-07-16T07:14:05Z</time></trkpt><trkpt lat="42.828708" lon="-7.701051"><ele>569.964</ele><time>2022-07-16T07:14:10Z</time></trkpt><trkpt lat="42.828734" lon="-7.701129"><ele>570.662</ele><time>2022-07-16T07:14:15Z</time></trkpt><trkpt lat="42.828766" lon="-7.701192"><ele>571.093</ele><time>2022-07-16T07:14:21Z</time></trkpt><trkpt lat="42.828798" lon="-7.701237"><ele>571.467</ele><time>2022-07-16T07:14:26Z</time></trkpt><trkpt lat="42.828835" lon="-7.701280"><ele>572.181</ele><time>2022-07-16T07:14:30Z</time></trkpt><trkpt lat="42.828884" lon="-7.701312"><ele>572.319</ele><time>2022-07-16T07:14:34Z</time></trkpt><trkpt lat="42.828898" lon="-7.701375"><ele>572.709</ele><time>2022-07-16T07:14:36Z</time></trkpt><trkpt lat="42.828937" lon="-7.701486"><ele>573.177</ele><time>2022-07-16T07:14:42Z</time></trkpt><trkpt lat="42.828982" lon="-7.701550"><ele>573.296</ele><time>2022-07-16T07:14:45Z</time></trkpt><trkpt lat="42.829019" lon="-7.701601"><ele>573.264</ele><time>2022-07-16T07:14:48Z</time></trkpt><trkpt lat="42.829061" lon="-7.701644"><ele>573.286</ele><time>2022-07-16T07:14:51Z</time></trkpt><trkpt lat="42.829094" lon="-7.701693"><ele>573.173</ele><time>2022-07-16T07:14:55Z</time></trkpt><trkpt lat="42.829132" lon="-7.701745"><ele>573.047</ele><time>2022-07-16T07:14:58Z</time></trkpt><trkpt lat="42.829171" lon="-7.701791"><ele>573.096</ele><time>2022-07-16T07:15:01Z</time></trkpt><trkpt lat="42.829208" lon="-7.701845"><ele>573.034</ele><time>2022-07-16T07:15:05Z</time></trkpt><trkpt lat="42.829256" lon="-7.701870"><ele>573.055</ele><time>2022-07-16T07:15:09Z</time></trkpt><trkpt lat="42.829305" lon="-7.701885"><ele>573.021</ele><time>2022-07-16T07:15:15Z</time></trkpt><trkpt lat="42.829351" lon="-7.701916"><ele>573.041</ele><time>2022-07-16T07:15:19Z</time></trkpt><trkpt lat="42.829397" lon="-7.701939"><ele>573.005</ele><time>2022-07-16T07:15:24Z</time></trkpt><trkpt lat="42.829440" lon="-7.701975"><ele>573.009</ele><time>2022-07-16T07:15:29Z</time></trkpt><trkpt lat="42.829487" lon="-7.701996"><ele>573.043</ele><time>2022-07-16T07:15:33Z</time></trkpt><trkpt lat="42.829525" lon="-7.702033"><ele>573.082</ele><time>2022-07-16T07:15:36Z</time></trkpt><trkpt lat="42.829563" lon="-7.702071"><ele>573.150</ele><time>2022-07-16T07:15:40Z</time></trkpt><trkpt lat="42.829601" lon="-7.702109"><ele>573.132</ele><time>2022-07-16T07:15:45Z</time></trkpt><trkpt lat="42.829633" lon="-7.702170"><ele>573.289</ele><time>2022-07-16T07:15:52Z</time></trkpt><trkpt lat="42.829640" lon="-7.702239"><ele>573.473</ele><time>2022-07-16T07:15:57Z</time></trkpt><trkpt lat="42.829664" lon="-7.702316"><ele>573.522</ele><time>2022-07-16T07:16:02Z</time></trkpt><trkpt lat="42.829677" lon="-7.702386"><ele>573.750</ele><time>2022-07-16T07:16:07Z</time></trkpt><trkpt lat="42.829675" lon="-7.702448"><ele>573.941</ele><time>2022-07-16T07:16:11Z</time></trkpt><trkpt lat="42.829670" lon="-7.702512"><ele>574.286</ele><time>2022-07-16T07:16:15Z</time></trkpt><trkpt lat="42.829669" lon="-7.702577"><ele>574.560</ele><time>2022-07-16T07:16:19Z</time></trkpt><trkpt lat="42.829681" lon="-7.702645"><ele>574.826</ele><time>2022-07-16T07:16:23Z</time></trkpt><trkpt lat="42.829698" lon="-7.702713"><ele>575.209</ele><time>2022-07-16T07:16:27Z</time></trkpt><trkpt lat="42.829722" lon="-7.702781"><ele>575.799</ele><time>2022-07-16T07:16:31Z</time></trkpt><trkpt lat="42.829746" lon="-7.702837"><ele>576.238</ele><time>2022-07-16T07:16:35Z</time></trkpt><trkpt lat="42.829778" lon="-7.702894"><ele>576.616</ele><time>2022-07-16T07:16:39Z</time></trkpt><trkpt lat="42.829805" lon="-7.702960"><ele>577.118</ele><time>2022-07-16T07:16:43Z</time></trkpt><trkpt lat="42.829822" lon="-7.703021"><ele>577.645</ele><time>2022-07-16T07:16:47Z</time></trkpt><trkpt lat="42.829834" lon="-7.703092"><ele>578.119</ele><time>2022-07-16T07:16:51Z</time></trkpt><trkpt lat="42.829839" lon="-7.703158"><ele>578.568</ele><time>2022-07-16T07:16:54Z</time></trkpt><trkpt lat="42.829847" lon="-7.703231"><ele>578.826</ele><time>2022-07-16T07:16:58Z</time></trkpt><trkpt lat="42.829853" lon="-7.703304"><ele>578.997</ele><time>2022-07-16T07:17:02Z</time></trkpt><trkpt lat="42.829864" lon="-7.703370"><ele>579.074</ele><time>2022-07-16T07:17:06Z</time></trkpt><trkpt lat="42.829886" lon="-7.703431"><ele>579.156</ele><time>2022-07-16T07:17:10Z</time></trkpt><trkpt lat="42.829910" lon="-7.703486"><ele>579.121</ele><time>2022-07-16T07:17:14Z</time></trkpt><trkpt lat="42.829935" lon="-7.703557"><ele>579.309</ele><time>2022-07-16T07:17:20Z</time></trkpt><trkpt lat="42.829944" lon="-7.703621"><ele>579.598</ele><time>2022-07-16T07:17:23Z</time></trkpt><trkpt lat="42.829963" lon="-7.703682"><ele>579.877</ele><time>2022-07-16T07:17:27Z</time></trkpt><trkpt lat="42.829977" lon="-7.703753"><ele>580.115</ele><time>2022-07-16T07:17:32Z</time></trkpt><trkpt lat="42.829995" lon="-7.703822"><ele>580.367</ele><time>2022-07-16T07:17:37Z</time></trkpt><trkpt lat="42.830018" lon="-7.703888"><ele>580.454</ele><time>2022-07-16T07:17:41Z</time></trkpt><trkpt lat="42.830047" lon="-7.703946"><ele>580.688</ele><time>2022-07-16T07:17:46Z</time></trkpt><trkpt lat="42.830075" lon="-7.704003"><ele>580.987</ele><time>2022-07-16T07:17:50Z</time></trkpt><trkpt lat="42.830088" lon="-7.704063"><ele>581.375</ele><time>2022-07-16T07:17:54Z</time></trkpt><trkpt lat="42.830108" lon="-7.704119"><ele>581.696</ele><time>2022-07-16T07:17:58Z</time></trkpt><trkpt lat="42.830136" lon="-7.704185"><ele>581.988</ele><time>2022-07-16T07:18:02Z</time></trkpt><trkpt lat="42.830156" lon="-7.704251"><ele>582.224</ele><time>2022-07-16T07:18:06Z</time></trkpt><trkpt lat="42.830179" lon="-7.704316"><ele>582.426</ele><time>2022-07-16T07:18:10Z</time></trkpt><trkpt lat="42.830203" lon="-7.704374"><ele>582.609</ele><time>2022-07-16T07:18:14Z</time></trkpt><trkpt lat="42.830227" lon="-7.704426"><ele>582.769</ele><time>2022-07-16T07:18:18Z</time></trkpt><trkpt lat="42.830263" lon="-7.704472"><ele>582.958</ele><time>2022-07-16T07:18:22Z</time></trkpt><trkpt lat="42.830292" lon="-7.704536"><ele>583.156</ele><time>2022-07-16T07:18:27Z</time></trkpt><trkpt lat="42.830331" lon="-7.704596"><ele>583.488</ele><time>2022-07-16T07:18:31Z</time></trkpt><trkpt lat="42.830359" lon="-7.704666"><ele>583.675</ele><time>2022-07-16T07:18:35Z</time></trkpt><trkpt lat="42.830380" lon="-7.704728"><ele>583.999</ele><time>2022-07-16T07:18:39Z</time></trkpt><trkpt lat="42.830412" lon="-7.704788"><ele>584.128</ele><time>2022-07-16T07:18:43Z</time></trkpt><trkpt lat="42.830443" lon="-7.704852"><ele>584.216</ele><time>2022-07-16T07:18:47Z</time></trkpt><trkpt lat="42.830474" lon="-7.704914"><ele>584.367</ele><time>2022-07-16T07:18:51Z</time></trkpt><trkpt lat="42.830496" lon="-7.704977"><ele>584.441</ele><time>2022-07-16T07:18:55Z</time></trkpt><trkpt lat="42.830528" lon="-7.705040"><ele>584.681</ele><time>2022-07-16T07:18:59Z</time></trkpt><trkpt lat="42.830552" lon="-7.705095"><ele>584.609</ele><time>2022-07-16T07:19:03Z</time></trkpt><trkpt lat="42.830578" lon="-7.705147"><ele>584.609</ele><time>2022-07-16T07:19:06Z</time></trkpt><trkpt lat="42.830607" lon="-7.705209"><ele>584.695</ele><time>2022-07-16T07:19:10Z</time></trkpt><trkpt lat="42.830634" lon="-7.705263"><ele>584.694</ele><time>2022-07-16T07:19:13Z</time></trkpt><trkpt lat="42.830665" lon="-7.705313"><ele>584.662</ele><time>2022-07-16T07:19:17Z</time></trkpt><trkpt lat="42.830705" lon="-7.705355"><ele>584.664</ele><time>2022-07-16T07:19:21Z</time></trkpt><trkpt lat="42.830743" lon="-7.705396"><ele>584.781</ele><time>2022-07-16T07:19:25Z</time></trkpt><trkpt lat="42.830784" lon="-7.705433"><ele>584.825</ele><time>2022-07-16T07:19:30Z</time></trkpt><trkpt lat="42.830816" lon="-7.705480"><ele>584.914</ele><time>2022-07-16T07:19:35Z</time></trkpt><trkpt lat="42.830844" lon="-7.705544"><ele>585.272</ele><time>2022-07-16T07:19:39Z</time></trkpt><trkpt lat="42.830868" lon="-7.705600"><ele>585.773</ele><time>2022-07-16T07:19:43Z</time></trkpt><trkpt lat="42.830875" lon="-7.705672"><ele>586.217</ele><time>2022-07-16T07:19:47Z</time></trkpt><trkpt lat="42.830880" lon="-7.705735"><ele>586.387</ele><time>2022-07-16T07:19:50Z</time></trkpt><trkpt lat="42.830895" lon="-7.705812"><ele>586.315</ele><time>2022-07-16T07:19:54Z</time></trkpt><trkpt lat="42.830910" lon="-7.705874"><ele>586.309</ele><time>2022-07-16T07:19:58Z</time></trkpt><trkpt lat="42.830921" lon="-7.705939"><ele>586.222</ele><time>2022-07-16T07:20:01Z</time></trkpt><trkpt lat="42.830941" lon="-7.705997"><ele>586.121</ele><time>2022-07-16T07:20:05Z</time></trkpt><trkpt lat="42.830960" lon="-7.706067"><ele>586.019</ele><time>2022-07-16T07:20:09Z</time></trkpt><trkpt lat="42.830976" lon="-7.706128"><ele>586.011</ele><time>2022-07-16T07:20:13Z</time></trkpt><trkpt lat="42.830998" lon="-7.706193"><ele>586.048</ele><time>2022-07-16T07:20:17Z</time></trkpt><trkpt lat="42.831022" lon="-7.706245"><ele>586.042</ele><time>2022-07-16T07:20:21Z</time></trkpt><trkpt lat="42.831041" lon="-7.706302"><ele>586.061</ele><time>2022-07-16T07:20:24Z</time></trkpt><trkpt lat="42.831064" lon="-7.706356"><ele>586.089</ele><time>2022-07-16T07:20:27Z</time></trkpt><trkpt lat="42.831086" lon="-7.706421"><ele>586.090</ele><time>2022-07-16T07:20:32Z</time></trkpt><trkpt lat="42.831108" lon="-7.706493"><ele>586.086</ele><time>2022-07-16T07:20:37Z</time></trkpt><trkpt lat="42.831113" lon="-7.706560"><ele>586.060</ele><time>2022-07-16T07:20:41Z</time></trkpt><trkpt lat="42.831137" lon="-7.706627"><ele>586.126</ele><time>2022-07-16T07:20:46Z</time></trkpt><trkpt lat="42.831153" lon="-7.706685"><ele>586.109</ele><time>2022-07-16T07:20:51Z</time></trkpt><trkpt lat="42.831162" lon="-7.706761"><ele>586.169</ele><time>2022-07-16T07:20:55Z</time></trkpt><trkpt lat="42.831180" lon="-7.706834"><ele>586.188</ele><time>2022-07-16T07:20:59Z</time></trkpt><trkpt lat="42.831198" lon="-7.706903"><ele>586.016</ele><time>2022-07-16T07:21:03Z</time></trkpt><trkpt lat="42.831217" lon="-7.706968"><ele>585.878</ele><time>2022-07-16T07:21:08Z</time></trkpt><trkpt lat="42.831247" lon="-7.707025"><ele>585.515</ele><time>2022-07-16T07:21:12Z</time></trkpt><trkpt lat="42.831263" lon="-7.707091"><ele>585.489</ele><time>2022-07-16T07:21:16Z</time></trkpt><trkpt lat="42.831279" lon="-7.707154"><ele>585.268</ele><time>2022-07-16T07:21:20Z</time></trkpt><trkpt lat="42.831285" lon="-7.707225"><ele>585.156</ele><time>2022-07-16T07:21:25Z</time></trkpt><trkpt lat="42.831298" lon="-7.707285"><ele>585.057</ele><time>2022-07-16T07:21:28Z</time></trkpt><trkpt lat="42.831321" lon="-7.707347"><ele>584.979</ele><time>2022-07-16T07:21:32Z</time></trkpt><trkpt lat="42.831349" lon="-7.707413"><ele>584.805</ele><time>2022-07-16T07:21:35Z</time></trkpt><trkpt lat="42.831374" lon="-7.707475"><ele>584.825</ele><time>2022-07-16T07:21:39Z</time></trkpt><trkpt lat="42.831386" lon="-7.707544"><ele>584.809</ele><time>2022-07-16T07:21:42Z</time></trkpt><trkpt lat="42.831394" lon="-7.707606"><ele>584.868</ele><time>2022-07-16T07:21:45Z</time></trkpt><trkpt lat="42.831414" lon="-7.707675"><ele>584.817</ele><time>2022-07-16T07:21:49Z</time></trkpt><trkpt lat="42.831426" lon="-7.707736"><ele>584.875</ele><time>2022-07-16T07:21:52Z</time></trkpt><trkpt lat="42.831437" lon="-7.707798"><ele>584.857</ele><time>2022-07-16T07:21:55Z</time></trkpt><trkpt lat="42.831449" lon="-7.707865"><ele>584.824</ele><time>2022-07-16T07:21:59Z</time></trkpt><trkpt lat="42.831470" lon="-7.707921"><ele>584.868</ele><time>2022-07-16T07:22:03Z</time></trkpt><trkpt lat="42.831480" lon="-7.707983"><ele>584.937</ele><time>2022-07-16T07:22:06Z</time></trkpt><trkpt lat="42.831490" lon="-7.708047"><ele>584.955</ele><time>2022-07-16T07:22:09Z</time></trkpt><trkpt lat="42.831499" lon="-7.708119"><ele>584.956</ele><time>2022-07-16T07:22:13Z</time></trkpt><trkpt lat="42.831502" lon="-7.708186"><ele>584.934</ele><time>2022-07-16T07:22:17Z</time></trkpt><trkpt lat="42.831509" lon="-7.708250"><ele>585.055</ele><time>2022-07-16T07:22:22Z</time></trkpt><trkpt lat="42.831521" lon="-7.708310"><ele>585.110</ele><time>2022-07-16T07:22:25Z</time></trkpt><trkpt lat="42.831530" lon="-7.708376"><ele>585.209</ele><time>2022-07-16T07:22:29Z</time></trkpt><trkpt lat="42.831546" lon="-7.708435"><ele>585.414</ele><time>2022-07-16T07:22:33Z</time></trkpt><trkpt lat="42.831553" lon="-7.708497"><ele>585.673</ele><time>2022-07-16T07:22:38Z</time></trkpt><trkpt lat="42.831577" lon="-7.708550"><ele>585.961</ele><time>2022-07-16T07:22:47Z</time></trkpt><trkpt lat="42.831625" lon="-7.708585"><ele>586.213</ele><time>2022-07-16T07:22:53Z</time></trkpt><trkpt lat="42.831664" lon="-7.708624"><ele>586.480</ele><time>2022-07-16T07:22:58Z</time></trkpt><trkpt lat="42.831696" lon="-7.708671"><ele>586.734</ele><time>2022-07-16T07:23:02Z</time></trkpt><trkpt lat="42.831718" lon="-7.708740"><ele>587.283</ele><time>2022-07-16T07:23:06Z</time></trkpt><trkpt lat="42.831728" lon="-7.708814"><ele>587.711</ele><time>2022-07-16T07:23:11Z</time></trkpt><trkpt lat="42.831729" lon="-7.708888"><ele>588.272</ele><time>2022-07-16T07:23:16Z</time></trkpt><trkpt lat="42.831708" lon="-7.708943"><ele>588.857</ele><time>2022-07-16T07:23:20Z</time></trkpt><trkpt lat="42.831717" lon="-7.709005"><ele>589.500</ele><time>2022-07-16T07:23:24Z</time></trkpt><trkpt lat="42.831748" lon="-7.709058"><ele>589.920</ele><time>2022-07-16T07:23:28Z</time></trkpt><trkpt lat="42.831768" lon="-7.709127"><ele>590.209</ele><time>2022-07-16T07:23:33Z</time></trkpt><trkpt lat="42.831776" lon="-7.709204"><ele>590.696</ele><time>2022-07-16T07:23:39Z</time></trkpt><trkpt lat="42.831799" lon="-7.709266"><ele>591.035</ele><time>2022-07-16T07:23:43Z</time></trkpt><trkpt lat="42.831811" lon="-7.709325"><ele>591.443</ele><time>2022-07-16T07:23:47Z</time></trkpt><trkpt lat="42.831840" lon="-7.709375"><ele>591.785</ele><time>2022-07-16T07:23:51Z</time></trkpt><trkpt lat="42.831865" lon="-7.709434"><ele>591.932</ele><time>2022-07-16T07:23:55Z</time></trkpt><trkpt lat="42.831896" lon="-7.709490"><ele>592.196</ele><time>2022-07-16T07:23:59Z</time></trkpt><trkpt lat="42.831927" lon="-7.709547"><ele>592.465</ele><time>2022-07-16T07:24:03Z</time></trkpt><trkpt lat="42.831957" lon="-7.709613"><ele>592.733</ele><time>2022-07-16T07:24:08Z</time></trkpt><trkpt lat="42.831987" lon="-7.709666"><ele>593.034</ele><time>2022-07-16T07:24:13Z</time></trkpt><trkpt lat="42.832018" lon="-7.709722"><ele>593.496</ele><time>2022-07-16T07:24:18Z</time></trkpt><trkpt lat="42.832044" lon="-7.709779"><ele>594.031</ele><time>2022-07-16T07:24:23Z</time></trkpt><trkpt lat="42.832010" lon="-7.709887"><ele>594.924</ele><time>2022-07-16T07:25:26Z</time></trkpt><trkpt lat="42.832038" lon="-7.709797"><ele>595.509</ele><time>2022-07-16T07:26:31Z</time></trkpt><trkpt lat="42.832064" lon="-7.709854"><ele>596.020</ele><time>2022-07-16T07:26:34Z</time></trkpt><trkpt lat="42.832082" lon="-7.709923"><ele>596.329</ele><time>2022-07-16T07:26:38Z</time></trkpt><trkpt lat="42.832093" lon="-7.709986"><ele>596.557</ele><time>2022-07-16T07:26:42Z</time></trkpt><trkpt lat="42.832116" lon="-7.710044"><ele>596.859</ele><time>2022-07-16T07:26:47Z</time></trkpt><trkpt lat="42.832139" lon="-7.710100"><ele>597.046</ele><time>2022-07-16T07:26:52Z</time></trkpt><trkpt lat="42.832158" lon="-7.710155"><ele>597.760</ele><time>2022-07-16T07:26:55Z</time></trkpt><trkpt lat="42.832169" lon="-7.710224"><ele>598.539</ele><time>2022-07-16T07:26:59Z</time></trkpt><trkpt lat="42.832196" lon="-7.710282"><ele>599.297</ele><time>2022-07-16T07:27:15Z</time></trkpt><trkpt lat="42.832220" lon="-7.710351"><ele>599.888</ele><time>2022-07-16T07:27:21Z</time></trkpt><trkpt lat="42.832244" lon="-7.710409"><ele>600.575</ele><time>2022-07-16T07:27:27Z</time></trkpt><trkpt lat="42.832298" lon="-7.710447"><ele>601.028</ele><time>2022-07-16T07:28:04Z</time></trkpt><trkpt lat="42.832325" lon="-7.710500"><ele>601.620</ele><time>2022-07-16T07:28:10Z</time></trkpt><trkpt lat="42.832362" lon="-7.710534"><ele>602.409</ele><time>2022-07-16T07:28:15Z</time></trkpt><trkpt lat="42.832394" lon="-7.710578"><ele>603.138</ele><time>2022-07-16T07:28:19Z</time></trkpt><trkpt lat="42.832433" lon="-7.710624"><ele>603.627</ele><time>2022-07-16T07:28:24Z</time></trkpt><trkpt lat="42.832473" lon="-7.710679"><ele>604.125</ele><time>2022-07-16T07:28:29Z</time></trkpt><trkpt lat="42.832507" lon="-7.710730"><ele>604.717</ele><time>2022-07-16T07:28:34Z</time></trkpt><trkpt lat="42.832566" lon="-7.710752"><ele>605.444</ele><time>2022-07-16T07:28:55Z</time></trkpt><trkpt lat="42.832589" lon="-7.710805"><ele>606.188</ele><time>2022-07-16T07:28:59Z</time></trkpt><trkpt lat="42.832612" lon="-7.710862"><ele>606.787</ele><time>2022-07-16T07:29:03Z</time></trkpt><trkpt lat="42.832642" lon="-7.710918"><ele>607.195</ele><time>2022-07-16T07:29:07Z</time></trkpt><trkpt lat="42.832667" lon="-7.710970"><ele>607.466</ele><time>2022-07-16T07:29:11Z</time></trkpt><trkpt lat="42.832693" lon="-7.711022"><ele>607.919</ele><time>2022-07-16T07:29:15Z</time></trkpt><trkpt lat="42.832727" lon="-7.711077"><ele>608.409</ele><time>2022-07-16T07:29:20Z</time></trkpt><trkpt lat="42.832755" lon="-7.711135"><ele>608.919</ele><time>2022-07-16T07:29:24Z</time></trkpt><trkpt lat="42.832783" lon="-7.711191"><ele>609.509</ele><time>2022-07-16T07:29:28Z</time></trkpt><trkpt lat="42.832817" lon="-7.711241"><ele>610.232</ele><time>2022-07-16T07:29:33Z</time></trkpt><trkpt lat="42.832841" lon="-7.711297"><ele>610.771</ele><time>2022-07-16T07:29:37Z</time></trkpt><trkpt lat="42.832876" lon="-7.711358"><ele>611.349</ele><time>2022-07-16T07:29:42Z</time></trkpt><trkpt lat="42.832907" lon="-7.711424"><ele>611.881</ele><time>2022-07-16T07:29:47Z</time></trkpt><trkpt lat="42.832936" lon="-7.711472"><ele>612.368</ele><time>2022-07-16T07:29:52Z</time></trkpt><trkpt lat="42.832965" lon="-7.711521"><ele>612.962</ele><time>2022-07-16T07:29:56Z</time></trkpt><trkpt lat="42.832995" lon="-7.711585"><ele>613.541</ele><time>2022-07-16T07:30:01Z</time></trkpt><trkpt lat="42.833030" lon="-7.711642"><ele>614.019</ele><time>2022-07-16T07:30:06Z</time></trkpt><trkpt lat="42.833058" lon="-7.711690"><ele>614.510</ele><time>2022-07-16T07:30:10Z</time></trkpt><trkpt lat="42.833091" lon="-7.711755"><ele>615.182</ele><time>2022-07-16T07:30:15Z</time></trkpt><trkpt lat="42.833121" lon="-7.711805"><ele>615.643</ele><time>2022-07-16T07:30:19Z</time></trkpt><trkpt lat="42.833142" lon="-7.711869"><ele>616.117</ele><time>2022-07-16T07:30:24Z</time></trkpt><trkpt lat="42.833163" lon="-7.711929"><ele>616.509</ele><time>2022-07-16T07:30:29Z</time></trkpt><trkpt lat="42.833184" lon="-7.711999"><ele>616.969</ele><time>2022-07-16T07:30:35Z</time></trkpt><trkpt lat="42.833197" lon="-7.712062"><ele>617.428</ele><time>2022-07-16T07:30:40Z</time></trkpt><trkpt lat="42.833226" lon="-7.712132"><ele>618.096</ele><time>2022-07-16T07:30:45Z</time></trkpt><trkpt lat="42.833239" lon="-7.712192"><ele>618.558</ele><time>2022-07-16T07:30:49Z</time></trkpt><trkpt lat="42.833266" lon="-7.712254"><ele>618.865</ele><time>2022-07-16T07:30:54Z</time></trkpt><trkpt lat="42.833289" lon="-7.712324"><ele>619.019</ele><time>2022-07-16T07:30:59Z</time></trkpt><trkpt lat="42.833310" lon="-7.712383"><ele>619.378</ele><time>2022-07-16T07:31:03Z</time></trkpt><trkpt lat="42.833332" lon="-7.712450"><ele>619.666</ele><time>2022-07-16T07:31:08Z</time></trkpt><trkpt lat="42.833357" lon="-7.712510"><ele>619.937</ele><time>2022-07-16T07:31:12Z</time></trkpt><trkpt lat="42.833377" lon="-7.712569"><ele>620.239</ele><time>2022-07-16T07:31:16Z</time></trkpt><trkpt lat="42.833399" lon="-7.712631"><ele>620.601</ele><time>2022-07-16T07:31:21Z</time></trkpt><trkpt lat="42.833418" lon="-7.712691"><ele>620.921</ele><time>2022-07-16T07:31:25Z</time></trkpt><trkpt lat="42.833435" lon="-7.712763"><ele>621.209</ele><time>2022-07-16T07:31:30Z</time></trkpt><trkpt lat="42.833465" lon="-7.712809"><ele>621.594</ele><time>2022-07-16T07:31:34Z</time></trkpt><trkpt lat="42.833491" lon="-7.712866"><ele>621.823</ele><time>2022-07-16T07:31:39Z</time></trkpt><trkpt lat="42.833514" lon="-7.712921"><ele>622.181</ele><time>2022-07-16T07:31:44Z</time></trkpt><trkpt lat="42.833534" lon="-7.712980"><ele>622.423</ele><time>2022-07-16T07:31:48Z</time></trkpt><trkpt lat="42.833551" lon="-7.713049"><ele>622.780</ele><time>2022-07-16T07:31:53Z</time></trkpt><trkpt lat="42.833572" lon="-7.713113"><ele>623.094</ele><time>2022-07-16T07:31:58Z</time></trkpt><trkpt lat="42.833593" lon="-7.713177"><ele>623.443</ele><time>2022-07-16T07:32:03Z</time></trkpt><trkpt lat="42.833606" lon="-7.713237"><ele>623.851</ele><time>2022-07-16T07:32:07Z</time></trkpt><trkpt lat="42.833612" lon="-7.713301"><ele>624.372</ele><time>2022-07-16T07:32:11Z</time></trkpt><trkpt lat="42.833633" lon="-7.713356"><ele>624.873</ele><time>2022-07-16T07:32:22Z</time></trkpt><trkpt lat="42.833646" lon="-7.713418"><ele>625.385</ele><time>2022-07-16T07:32:26Z</time></trkpt><trkpt lat="42.833650" lon="-7.713481"><ele>625.813</ele><time>2022-07-16T07:32:30Z</time></trkpt><trkpt lat="42.833669" lon="-7.713547"><ele>626.309</ele><time>2022-07-16T07:32:35Z</time></trkpt><trkpt lat="42.833701" lon="-7.713598"><ele>626.798</ele><time>2022-07-16T07:32:40Z</time></trkpt><trkpt lat="42.833727" lon="-7.713658"><ele>627.217</ele><time>2022-07-16T07:32:46Z</time></trkpt><trkpt lat="42.833753" lon="-7.713717"><ele>627.815</ele><time>2022-07-16T07:32:51Z</time></trkpt><trkpt lat="42.833763" lon="-7.713784"><ele>628.577</ele><time>2022-07-16T07:32:56Z</time></trkpt><trkpt lat="42.833773" lon="-7.713847"><ele>629.384</ele><time>2022-07-16T07:33:01Z</time></trkpt><trkpt lat="42.833817" lon="-7.713867"><ele>630.038</ele><time>2022-07-16T07:33:12Z</time></trkpt><trkpt lat="42.833776" lon="-7.714176"><ele>632.767</ele><time>2022-07-16T07:34:07Z</time></trkpt><trkpt lat="42.833775" lon="-7.714245"><ele>633.845</ele><time>2022-07-16T07:34:28Z</time></trkpt><trkpt lat="42.833747" lon="-7.714294"><ele>634.036</ele><time>2022-07-16T07:34:31Z</time></trkpt><trkpt lat="42.833731" lon="-7.714366"><ele>634.125</ele><time>2022-07-16T07:34:36Z</time></trkpt><trkpt lat="42.833710" lon="-7.714427"><ele>634.226</ele><time>2022-07-16T07:34:40Z</time></trkpt><trkpt lat="42.833680" lon="-7.714502"><ele>634.408</ele><time>2022-07-16T07:34:44Z</time></trkpt><trkpt lat="42.833672" lon="-7.714581"><ele>635.109</ele><time>2022-07-16T07:35:02Z</time></trkpt><trkpt lat="42.833664" lon="-7.714644"><ele>635.643</ele><time>2022-07-16T07:35:07Z</time></trkpt><trkpt lat="42.833656" lon="-7.714708"><ele>636.142</ele><time>2022-07-16T07:35:12Z</time></trkpt><trkpt lat="42.833648" lon="-7.714778"><ele>636.810</ele><time>2022-07-16T07:35:17Z</time></trkpt><trkpt lat="42.833631" lon="-7.714840"><ele>637.392</ele><time>2022-07-16T07:35:21Z</time></trkpt><trkpt lat="42.833627" lon="-7.714910"><ele>638.029</ele><time>2022-07-16T07:35:26Z</time></trkpt><trkpt lat="42.833614" lon="-7.714977"><ele>638.673</ele><time>2022-07-16T07:35:30Z</time></trkpt><trkpt lat="42.833593" lon="-7.715035"><ele>639.212</ele><time>2022-07-16T07:35:34Z</time></trkpt><trkpt lat="42.833584" lon="-7.715104"><ele>639.850</ele><time>2022-07-16T07:35:39Z</time></trkpt><trkpt lat="42.833570" lon="-7.715178"><ele>640.391</ele><time>2022-07-16T07:35:44Z</time></trkpt><trkpt lat="42.833561" lon="-7.715241"><ele>640.942</ele><time>2022-07-16T07:35:49Z</time></trkpt><trkpt lat="42.833557" lon="-7.715310"><ele>641.622</ele><time>2022-07-16T07:35:55Z</time></trkpt><trkpt lat="42.833561" lon="-7.715381"><ele>642.314</ele><time>2022-07-16T07:36:22Z</time></trkpt><trkpt lat="42.833543" lon="-7.715445"><ele>643.009</ele><time>2022-07-16T07:36:27Z</time></trkpt><trkpt lat="42.833542" lon="-7.715511"><ele>643.985</ele><time>2022-07-16T07:36:33Z</time></trkpt><trkpt lat="42.833529" lon="-7.715575"><ele>644.784</ele><time>2022-07-16T07:36:38Z</time></trkpt><trkpt lat="42.833522" lon="-7.715636"><ele>645.482</ele><time>2022-07-16T07:36:42Z</time></trkpt><trkpt lat="42.833520" lon="-7.715711"><ele>646.144</ele><time>2022-07-16T07:36:47Z</time></trkpt><trkpt lat="42.833519" lon="-7.715773"><ele>646.871</ele><time>2022-07-16T07:36:52Z</time></trkpt><trkpt lat="42.833525" lon="-7.715836"><ele>647.575</ele><time>2022-07-16T07:36:56Z</time></trkpt><trkpt lat="42.833518" lon="-7.715908"><ele>648.374</ele><time>2022-07-16T07:37:02Z</time></trkpt><trkpt lat="42.833518" lon="-7.715982"><ele>648.862</ele><time>2022-07-16T07:37:08Z</time></trkpt><trkpt lat="42.833514" lon="-7.716045"><ele>649.453</ele><time>2022-07-16T07:37:13Z</time></trkpt><trkpt lat="42.833519" lon="-7.716108"><ele>650.219</ele><time>2022-07-16T07:37:17Z</time></trkpt><trkpt lat="42.833521" lon="-7.716170"><ele>650.909</ele><time>2022-07-16T07:37:22Z</time></trkpt><trkpt lat="42.833516" lon="-7.716236"><ele>651.519</ele><time>2022-07-16T07:37:27Z</time></trkpt><trkpt lat="42.833515" lon="-7.716304"><ele>652.209</ele><time>2022-07-16T07:37:33Z</time></trkpt><trkpt lat="42.833517" lon="-7.716377"><ele>652.952</ele><time>2022-07-16T07:37:39Z</time></trkpt><trkpt lat="42.833515" lon="-7.716451"><ele>653.671</ele><time>2022-07-16T07:37:48Z</time></trkpt><trkpt lat="42.833517" lon="-7.716517"><ele>654.469</ele><time>2022-07-16T07:37:52Z</time></trkpt><trkpt lat="42.833518" lon="-7.716593"><ele>655.281</ele><time>2022-07-16T07:37:57Z</time></trkpt><trkpt lat="42.833515" lon="-7.716661"><ele>655.788</ele><time>2022-07-16T07:38:01Z</time></trkpt><trkpt lat="42.833513" lon="-7.716732"><ele>656.292</ele><time>2022-07-16T07:38:06Z</time></trkpt><trkpt lat="42.833510" lon="-7.716798"><ele>656.931</ele><time>2022-07-16T07:38:12Z</time></trkpt><trkpt lat="42.833505" lon="-7.716860"><ele>657.789</ele><time>2022-07-16T07:38:17Z</time></trkpt><trkpt lat="42.833498" lon="-7.716925"><ele>658.680</ele><time>2022-07-16T07:38:22Z</time></trkpt><trkpt lat="42.833541" lon="-7.716946"><ele>659.446</ele><time>2022-07-16T07:38:37Z</time></trkpt><trkpt lat="42.833509" lon="-7.717002"><ele>660.088</ele><time>2022-07-16T07:39:00Z</time></trkpt><trkpt lat="42.833483" lon="-7.717056"><ele>660.616</ele><time>2022-07-16T07:39:05Z</time></trkpt><trkpt lat="42.833450" lon="-7.717109"><ele>661.109</ele><time>2022-07-16T07:39:09Z</time></trkpt><trkpt lat="42.833431" lon="-7.717171"><ele>661.395</ele><time>2022-07-16T07:39:14Z</time></trkpt><trkpt lat="42.833410" lon="-7.717240"><ele>661.524</ele><time>2022-07-16T07:39:19Z</time></trkpt><trkpt lat="42.833367" lon="-7.717308"><ele>661.982</ele><time>2022-07-16T07:39:37Z</time></trkpt><trkpt lat="42.833341" lon="-7.717373"><ele>662.844</ele><time>2022-07-16T07:39:42Z</time></trkpt><trkpt lat="42.833306" lon="-7.717430"><ele>663.571</ele><time>2022-07-16T07:39:47Z</time></trkpt><trkpt lat="42.833278" lon="-7.717492"><ele>663.755</ele><time>2022-07-16T07:39:52Z</time></trkpt><trkpt lat="42.833250" lon="-7.717543"><ele>664.484</ele><time>2022-07-16T07:39:56Z</time></trkpt><trkpt lat="42.833230" lon="-7.717609"><ele>664.862</ele><time>2022-07-16T07:40:01Z</time></trkpt><trkpt lat="42.833212" lon="-7.717685"><ele>665.583</ele><time>2022-07-16T07:40:06Z</time></trkpt><trkpt lat="42.833191" lon="-7.717751"><ele>666.337</ele><time>2022-07-16T07:40:10Z</time></trkpt><trkpt lat="42.833167" lon="-7.717805"><ele>667.149</ele><time>2022-07-16T07:40:14Z</time></trkpt><trkpt lat="42.833126" lon="-7.717853"><ele>667.713</ele><time>2022-07-16T07:40:19Z</time></trkpt><trkpt lat="42.833090" lon="-7.717898"><ele>668.109</ele><time>2022-07-16T07:40:23Z</time></trkpt><trkpt lat="42.833056" lon="-7.717949"><ele>668.554</ele><time>2022-07-16T07:40:28Z</time></trkpt><trkpt lat="42.833034" lon="-7.718013"><ele>668.853</ele><time>2022-07-16T07:40:33Z</time></trkpt><trkpt lat="42.833017" lon="-7.718073"><ele>669.061</ele><time>2022-07-16T07:40:37Z</time></trkpt><trkpt lat="42.833004" lon="-7.718136"><ele>669.253</ele><time>2022-07-16T07:40:41Z</time></trkpt><trkpt lat="42.832982" lon="-7.718202"><ele>669.590</ele><time>2022-07-16T07:40:46Z</time></trkpt><trkpt lat="42.832960" lon="-7.718259"><ele>669.874</ele><time>2022-07-16T07:40:50Z</time></trkpt><trkpt lat="42.832957" lon="-7.718333"><ele>670.383</ele><time>2022-07-16T07:40:55Z</time></trkpt><trkpt lat="42.832974" lon="-7.718390"><ele>670.921</ele><time>2022-07-16T07:40:59Z</time></trkpt><trkpt lat="42.833018" lon="-7.718420"><ele>671.552</ele><time>2022-07-16T07:41:06Z</time></trkpt><trkpt lat="42.833067" lon="-7.718438"><ele>672.054</ele><time>2022-07-16T07:41:11Z</time></trkpt><trkpt lat="42.833102" lon="-7.718479"><ele>672.556</ele><time>2022-07-16T07:41:15Z</time></trkpt><trkpt lat="42.833142" lon="-7.718537"><ele>672.911</ele><time>2022-07-16T07:41:21Z</time></trkpt><trkpt lat="42.833167" lon="-7.718602"><ele>673.309</ele><time>2022-07-16T07:41:25Z</time></trkpt><trkpt lat="42.833188" lon="-7.718716"><ele>674.676</ele><time>2022-07-16T07:41:45Z</time></trkpt><trkpt lat="42.833198" lon="-7.718791"><ele>675.095</ele><time>2022-07-16T07:41:49Z</time></trkpt><trkpt lat="42.833214" lon="-7.718859"><ele>675.193</ele><time>2022-07-16T07:41:54Z</time></trkpt><trkpt lat="42.833240" lon="-7.718928"><ele>675.175</ele><time>2022-07-16T07:41:59Z</time></trkpt><trkpt lat="42.833264" lon="-7.718982"><ele>675.532</ele><time>2022-07-16T07:42:04Z</time></trkpt><trkpt lat="42.833277" lon="-7.719045"><ele>675.956</ele><time>2022-07-16T07:42:08Z</time></trkpt><trkpt lat="42.833284" lon="-7.719114"><ele>676.915</ele><time>2022-07-16T07:42:13Z</time></trkpt><trkpt lat="42.833297" lon="-7.719179"><ele>677.693</ele><time>2022-07-16T07:42:17Z</time></trkpt><trkpt lat="42.833311" lon="-7.719243"><ele>677.914</ele><time>2022-07-16T07:42:23Z</time></trkpt><trkpt lat="42.833324" lon="-7.719303"><ele>678.291</ele><time>2022-07-16T07:42:29Z</time></trkpt><trkpt lat="42.833367" lon="-7.719350"><ele>678.981</ele><time>2022-07-16T07:42:45Z</time></trkpt><trkpt lat="42.833414" lon="-7.719347"><ele>680.319</ele><time>2022-07-16T07:42:58Z</time></trkpt><trkpt lat="42.833450" lon="-7.719396"><ele>681.609</ele><time>2022-07-16T07:43:04Z</time></trkpt><trkpt lat="42.833480" lon="-7.719450"><ele>682.480</ele><time>2022-07-16T07:43:08Z</time></trkpt><trkpt lat="42.833528" lon="-7.719527"><ele>683.079</ele><time>2022-07-16T07:43:33Z</time></trkpt><trkpt lat="42.833562" lon="-7.719595"><ele>683.117</ele><time>2022-07-16T07:43:40Z</time></trkpt><trkpt lat="42.833562" lon="-7.719657"><ele>683.019</ele><time>2022-07-16T07:43:43Z</time></trkpt><trkpt lat="42.833568" lon="-7.719731"><ele>683.186</ele><time>2022-07-16T07:43:59Z</time></trkpt><trkpt lat="42.833576" lon="-7.719807"><ele>683.480</ele><time>2022-07-16T07:44:06Z</time></trkpt><trkpt lat="42.833588" lon="-7.719877"><ele>683.579</ele><time>2022-07-16T07:44:18Z</time></trkpt><trkpt lat="42.833595" lon="-7.719950"><ele>683.657</ele><time>2022-07-16T07:44:48Z</time></trkpt><trkpt lat="42.833604" lon="-7.720021"><ele>683.998</ele><time>2022-07-16T07:44:53Z</time></trkpt><trkpt lat="42.833592" lon="-7.720084"><ele>684.039</ele><time>2022-07-16T07:44:57Z</time></trkpt><trkpt lat="42.833586" lon="-7.720155"><ele>684.101</ele><time>2022-07-16T07:45:02Z</time></trkpt><trkpt lat="42.833556" lon="-7.720205"><ele>684.221</ele><time>2022-07-16T07:45:10Z</time></trkpt><trkpt lat="42.833516" lon="-7.720237"><ele>684.109</ele><time>2022-07-16T07:45:15Z</time></trkpt><trkpt lat="42.833545" lon="-7.720292"><ele>684.164</ele><time>2022-07-16T07:45:25Z</time></trkpt><trkpt lat="42.833572" lon="-7.720360"><ele>684.143</ele><time>2022-07-16T07:45:30Z</time></trkpt><trkpt lat="42.833580" lon="-7.720442"><ele>683.251</ele><time>2022-07-16T07:45:34Z</time></trkpt><trkpt lat="42.833585" lon="-7.720503"><ele>681.813</ele><time>2022-07-16T07:45:41Z</time></trkpt><trkpt lat="42.833606" lon="-7.720567"><ele>680.770</ele><time>2022-07-16T07:45:46Z</time></trkpt><trkpt lat="42.833622" lon="-7.720629"><ele>680.074</ele><time>2022-07-16T07:46:07Z</time></trkpt><trkpt lat="42.833636" lon="-7.720690"><ele>680.093</ele><time>2022-07-16T07:46:11Z</time></trkpt><trkpt lat="42.833649" lon="-7.720751"><ele>679.971</ele><time>2022-07-16T07:46:15Z</time></trkpt><trkpt lat="42.833677" lon="-7.720808"><ele>679.962</ele><time>2022-07-16T07:46:19Z</time></trkpt><trkpt lat="42.833704" lon="-7.720867"><ele>679.995</ele><time>2022-07-16T07:46:23Z</time></trkpt><trkpt lat="42.833738" lon="-7.720918"><ele>679.949</ele><time>2022-07-16T07:46:27Z</time></trkpt><trkpt lat="42.833777" lon="-7.720964"><ele>679.823</ele><time>2022-07-16T07:46:31Z</time></trkpt><trkpt lat="42.833810" lon="-7.721019"><ele>679.409</ele><time>2022-07-16T07:46:35Z</time></trkpt><trkpt lat="42.833845" lon="-7.721077"><ele>679.080</ele><time>2022-07-16T07:46:39Z</time></trkpt><trkpt lat="42.833881" lon="-7.721136"><ele>678.859</ele><time>2022-07-16T07:46:43Z</time></trkpt><trkpt lat="42.833911" lon="-7.721184"><ele>678.517</ele><time>2022-07-16T07:46:46Z</time></trkpt><trkpt lat="42.833944" lon="-7.721241"><ele>678.319</ele><time>2022-07-16T07:46:50Z</time></trkpt><trkpt lat="42.833978" lon="-7.721291"><ele>678.116</ele><time>2022-07-16T07:46:54Z</time></trkpt><trkpt lat="42.834019" lon="-7.721340"><ele>677.970</ele><time>2022-07-16T07:46:58Z</time></trkpt><trkpt lat="42.834061" lon="-7.721382"><ele>677.769</ele><time>2022-07-16T07:47:02Z</time></trkpt><trkpt lat="42.834104" lon="-7.721419"><ele>677.557</ele><time>2022-07-16T07:47:06Z</time></trkpt><trkpt lat="42.834152" lon="-7.721460"><ele>677.378</ele><time>2022-07-16T07:47:10Z</time></trkpt><trkpt lat="42.834189" lon="-7.721513"><ele>677.241</ele><time>2022-07-16T07:47:14Z</time></trkpt><trkpt lat="42.834234" lon="-7.721545"><ele>677.181</ele><time>2022-07-16T07:47:18Z</time></trkpt><trkpt lat="42.834279" lon="-7.721591"><ele>677.009</ele><time>2022-07-16T07:47:22Z</time></trkpt><trkpt lat="42.834324" lon="-7.721635"><ele>676.709</ele><time>2022-07-16T07:47:26Z</time></trkpt><trkpt lat="42.834375" lon="-7.721685"><ele>676.465</ele><time>2022-07-16T07:47:30Z</time></trkpt><trkpt lat="42.834426" lon="-7.721725"><ele>676.294</ele><time>2022-07-16T07:47:34Z</time></trkpt><trkpt lat="42.834480" lon="-7.721759"><ele>675.992</ele><time>2022-07-16T07:47:38Z</time></trkpt><trkpt lat="42.834525" lon="-7.721807"><ele>675.644</ele><time>2022-07-16T07:47:42Z</time></trkpt><trkpt lat="42.834567" lon="-7.721864"><ele>675.241</ele><time>2022-07-16T07:47:46Z</time></trkpt><trkpt lat="42.834604" lon="-7.721925"><ele>674.745</ele><time>2022-07-16T07:47:50Z</time></trkpt><trkpt lat="42.834640" lon="-7.721987"><ele>674.114</ele><time>2022-07-16T07:47:54Z</time></trkpt><trkpt lat="42.834677" lon="-7.722049"><ele>673.752</ele><time>2022-07-16T07:47:58Z</time></trkpt><trkpt lat="42.834717" lon="-7.722105"><ele>673.663</ele><time>2022-07-16T07:48:02Z</time></trkpt><trkpt lat="42.834758" lon="-7.722154"><ele>673.442</ele><time>2022-07-16T07:48:06Z</time></trkpt><trkpt lat="42.834805" lon="-7.722199"><ele>673.222</ele><time>2022-07-16T07:48:10Z</time></trkpt><trkpt lat="42.834852" lon="-7.722247"><ele>673.014</ele><time>2022-07-16T07:48:14Z</time></trkpt><trkpt lat="42.834897" lon="-7.722297"><ele>672.809</ele><time>2022-07-16T07:48:18Z</time></trkpt><trkpt lat="42.834945" lon="-7.722346"><ele>672.525</ele><time>2022-07-16T07:48:22Z</time></trkpt><trkpt lat="42.834987" lon="-7.722384"><ele>672.274</ele><time>2022-07-16T07:48:26Z</time></trkpt><trkpt lat="42.835018" lon="-7.722433"><ele>671.962</ele><time>2022-07-16T07:48:29Z</time></trkpt><trkpt lat="42.835050" lon="-7.722498"><ele>671.634</ele><time>2022-07-16T07:48:33Z</time></trkpt><trkpt lat="42.835079" lon="-7.722550"><ele>671.541</ele><time>2022-07-16T07:48:36Z</time></trkpt><trkpt lat="42.835105" lon="-7.722600"><ele>671.265</ele><time>2022-07-16T07:48:39Z</time></trkpt><trkpt lat="42.835143" lon="-7.722658"><ele>670.944</ele><time>2022-07-16T07:48:43Z</time></trkpt><trkpt lat="42.835165" lon="-7.722711"><ele>670.662</ele><time>2022-07-16T07:48:46Z</time></trkpt><trkpt lat="42.835199" lon="-7.722765"><ele>670.343</ele><time>2022-07-16T07:48:50Z</time></trkpt><trkpt lat="42.835229" lon="-7.722826"><ele>670.052</ele><time>2022-07-16T07:48:54Z</time></trkpt><trkpt lat="42.835261" lon="-7.722886"><ele>669.753</ele><time>2022-07-16T07:48:58Z</time></trkpt><trkpt lat="42.835293" lon="-7.722942"><ele>669.408</ele><time>2022-07-16T07:49:02Z</time></trkpt><trkpt lat="42.835329" lon="-7.723003"><ele>669.009</ele><time>2022-07-16T07:49:06Z</time></trkpt><trkpt lat="42.835368" lon="-7.723056"><ele>668.966</ele><time>2022-07-16T07:49:10Z</time></trkpt><trkpt lat="42.835409" lon="-7.723108"><ele>668.835</ele><time>2022-07-16T07:49:14Z</time></trkpt><trkpt lat="42.835449" lon="-7.723170"><ele>668.763</ele><time>2022-07-16T07:49:18Z</time></trkpt><trkpt lat="42.835485" lon="-7.723224"><ele>668.685</ele><time>2022-07-16T07:49:22Z</time></trkpt><trkpt lat="42.835529" lon="-7.723276"><ele>668.582</ele><time>2022-07-16T07:49:26Z</time></trkpt><trkpt lat="42.835566" lon="-7.723317"><ele>668.426</ele><time>2022-07-16T07:49:30Z</time></trkpt><trkpt lat="42.835606" lon="-7.723348"><ele>668.335</ele><time>2022-07-16T07:49:34Z</time></trkpt><trkpt lat="42.835647" lon="-7.723384"><ele>668.293</ele><time>2022-07-16T07:49:38Z</time></trkpt><trkpt lat="42.835688" lon="-7.723420"><ele>668.074</ele><time>2022-07-16T07:49:42Z</time></trkpt><trkpt lat="42.835726" lon="-7.723476"><ele>667.926</ele><time>2022-07-16T07:49:46Z</time></trkpt><trkpt lat="42.835769" lon="-7.723523"><ele>667.847</ele><time>2022-07-16T07:49:51Z</time></trkpt><trkpt lat="42.835802" lon="-7.723571"><ele>667.611</ele><time>2022-07-16T07:49:56Z</time></trkpt><trkpt lat="42.835825" lon="-7.723631"><ele>667.409</ele><time>2022-07-16T07:50:01Z</time></trkpt><trkpt lat="42.835862" lon="-7.723675"><ele>667.383</ele><time>2022-07-16T07:50:06Z</time></trkpt><trkpt lat="42.835893" lon="-7.723722"><ele>667.252</ele><time>2022-07-16T07:50:10Z</time></trkpt><trkpt lat="42.835915" lon="-7.723777"><ele>667.270</ele><time>2022-07-16T07:50:14Z</time></trkpt><trkpt lat="42.835945" lon="-7.723832"><ele>667.292</ele><time>2022-07-16T07:50:18Z</time></trkpt><trkpt lat="42.835973" lon="-7.723902"><ele>667.219</ele><time>2022-07-16T07:50:22Z</time></trkpt><trkpt lat="42.835996" lon="-7.723960"><ele>667.233</ele><time>2022-07-16T07:50:25Z</time></trkpt><trkpt lat="42.836021" lon="-7.724024"><ele>667.272</ele><time>2022-07-16T07:50:29Z</time></trkpt><trkpt lat="42.836047" lon="-7.724092"><ele>667.290</ele><time>2022-07-16T07:50:33Z</time></trkpt><trkpt lat="42.836062" lon="-7.724158"><ele>667.271</ele><time>2022-07-16T07:50:37Z</time></trkpt><trkpt lat="42.836089" lon="-7.724209"><ele>667.239</ele><time>2022-07-16T07:50:41Z</time></trkpt><trkpt lat="42.836115" lon="-7.724261"><ele>667.201</ele><time>2022-07-16T07:50:47Z</time></trkpt><trkpt lat="42.836147" lon="-7.724318"><ele>667.221</ele><time>2022-07-16T07:50:52Z</time></trkpt><trkpt lat="42.836176" lon="-7.724374"><ele>667.209</ele><time>2022-07-16T07:50:57Z</time></trkpt><trkpt lat="42.836200" lon="-7.724437"><ele>667.314</ele><time>2022-07-16T07:51:01Z</time></trkpt><trkpt lat="42.836254" lon="-7.724484"><ele>667.473</ele><time>2022-07-16T07:51:08Z</time></trkpt><trkpt lat="42.836296" lon="-7.724519"><ele>667.461</ele><time>2022-07-16T07:51:12Z</time></trkpt><trkpt lat="42.836325" lon="-7.724569"><ele>667.563</ele><time>2022-07-16T07:51:16Z</time></trkpt><trkpt lat="42.836361" lon="-7.724607"><ele>667.610</ele><time>2022-07-16T07:51:19Z</time></trkpt><trkpt lat="42.836398" lon="-7.724667"><ele>667.684</ele><time>2022-07-16T07:51:23Z</time></trkpt><trkpt lat="42.836423" lon="-7.724723"><ele>667.693</ele><time>2022-07-16T07:51:27Z</time></trkpt><trkpt lat="42.836445" lon="-7.724797"><ele>667.531</ele><time>2022-07-16T07:51:31Z</time></trkpt><trkpt lat="42.836467" lon="-7.724865"><ele>667.482</ele><time>2022-07-16T07:51:35Z</time></trkpt><trkpt lat="42.836488" lon="-7.724924"><ele>667.462</ele><time>2022-07-16T07:51:38Z</time></trkpt><trkpt lat="42.836518" lon="-7.724991"><ele>667.483</ele><time>2022-07-16T07:51:42Z</time></trkpt><trkpt lat="42.836535" lon="-7.725061"><ele>667.511</ele><time>2022-07-16T07:51:46Z</time></trkpt><trkpt lat="42.836569" lon="-7.725122"><ele>667.509</ele><time>2022-07-16T07:51:50Z</time></trkpt><trkpt lat="42.836596" lon="-7.725187"><ele>667.617</ele><time>2022-07-16T07:51:54Z</time></trkpt><trkpt lat="42.836619" lon="-7.725258"><ele>667.676</ele><time>2022-07-16T07:51:59Z</time></trkpt><trkpt lat="42.836644" lon="-7.725313"><ele>667.644</ele><time>2022-07-16T07:52:03Z</time></trkpt><trkpt lat="42.836654" lon="-7.725381"><ele>667.646</ele><time>2022-07-16T07:52:07Z</time></trkpt><trkpt lat="42.836665" lon="-7.725448"><ele>667.613</ele><time>2022-07-16T07:52:11Z</time></trkpt><trkpt lat="42.836690" lon="-7.725499"><ele>667.617</ele><time>2022-07-16T07:52:14Z</time></trkpt><trkpt lat="42.836701" lon="-7.725566"><ele>667.666</ele><time>2022-07-16T07:52:18Z</time></trkpt><trkpt lat="42.836720" lon="-7.725634"><ele>667.674</ele><time>2022-07-16T07:52:22Z</time></trkpt><trkpt lat="42.836748" lon="-7.725699"><ele>667.635</ele><time>2022-07-16T07:52:26Z</time></trkpt><trkpt lat="42.836774" lon="-7.725775"><ele>667.638</ele><time>2022-07-16T07:52:30Z</time></trkpt><trkpt lat="42.836790" lon="-7.725833"><ele>667.670</ele><time>2022-07-16T07:52:33Z</time></trkpt><trkpt lat="42.836810" lon="-7.725909"><ele>667.717</ele><time>2022-07-16T07:52:37Z</time></trkpt><trkpt lat="42.836834" lon="-7.725967"><ele>667.709</ele><time>2022-07-16T07:52:40Z</time></trkpt><trkpt lat="42.836862" lon="-7.726037"><ele>667.734</ele><time>2022-07-16T07:52:44Z</time></trkpt><trkpt lat="42.836879" lon="-7.726110"><ele>667.793</ele><time>2022-07-16T07:52:48Z</time></trkpt><trkpt lat="42.836900" lon="-7.726185"><ele>667.751</ele><time>2022-07-16T07:52:52Z</time></trkpt><trkpt lat="42.836920" lon="-7.726251"><ele>667.763</ele><time>2022-07-16T07:52:56Z</time></trkpt><trkpt lat="42.836944" lon="-7.726318"><ele>667.890</ele><time>2022-07-16T07:53:00Z</time></trkpt><trkpt lat="42.836958" lon="-7.726377"><ele>667.844</ele><time>2022-07-16T07:53:03Z</time></trkpt><trkpt lat="42.836982" lon="-7.726446"><ele>667.993</ele><time>2022-07-16T07:53:07Z</time></trkpt><trkpt lat="42.837012" lon="-7.726514"><ele>668.021</ele><time>2022-07-16T07:53:11Z</time></trkpt><trkpt lat="42.837039" lon="-7.726582"><ele>668.192</ele><time>2022-07-16T07:53:15Z</time></trkpt><trkpt lat="42.837061" lon="-7.726640"><ele>668.135</ele><time>2022-07-16T07:53:18Z</time></trkpt><trkpt lat="42.837087" lon="-7.726701"><ele>668.286</ele><time>2022-07-16T07:53:22Z</time></trkpt><trkpt lat="42.837100" lon="-7.726762"><ele>668.214</ele><time>2022-07-16T07:53:25Z</time></trkpt><trkpt lat="42.837117" lon="-7.726827"><ele>668.309</ele><time>2022-07-16T07:53:28Z</time></trkpt><trkpt lat="42.837140" lon="-7.726902"><ele>668.464</ele><time>2022-07-16T07:53:32Z</time></trkpt><trkpt lat="42.837159" lon="-7.726961"><ele>668.563</ele><time>2022-07-16T07:53:35Z</time></trkpt><trkpt lat="42.837182" lon="-7.727033"><ele>668.611</ele><time>2022-07-16T07:53:39Z</time></trkpt><trkpt lat="42.837206" lon="-7.727106"><ele>668.773</ele><time>2022-07-16T07:53:43Z</time></trkpt><trkpt lat="42.837231" lon="-7.727178"><ele>668.980</ele><time>2022-07-16T07:53:47Z</time></trkpt><trkpt lat="42.837252" lon="-7.727239"><ele>669.024</ele><time>2022-07-16T07:53:50Z</time></trkpt><trkpt lat="42.837284" lon="-7.727304"><ele>669.133</ele><time>2022-07-16T07:53:54Z</time></trkpt><trkpt lat="42.837303" lon="-7.727374"><ele>669.271</ele><time>2022-07-16T07:53:58Z</time></trkpt><trkpt lat="42.837327" lon="-7.727449"><ele>669.392</ele><time>2022-07-16T07:54:02Z</time></trkpt><trkpt lat="42.837340" lon="-7.727520"><ele>669.451</ele><time>2022-07-16T07:54:06Z</time></trkpt><trkpt lat="42.837372" lon="-7.727585"><ele>669.501</ele><time>2022-07-16T07:54:11Z</time></trkpt><trkpt lat="42.837385" lon="-7.727659"><ele>669.611</ele><time>2022-07-16T07:54:15Z</time></trkpt><trkpt lat="42.837408" lon="-7.727714"><ele>669.809</ele><time>2022-07-16T07:54:19Z</time></trkpt><trkpt lat="42.837430" lon="-7.727779"><ele>669.936</ele><time>2022-07-16T07:54:23Z</time></trkpt><trkpt lat="42.837447" lon="-7.727840"><ele>670.055</ele><time>2022-07-16T07:54:27Z</time></trkpt><trkpt lat="42.837470" lon="-7.727909"><ele>670.113</ele><time>2022-07-16T07:54:31Z</time></trkpt><trkpt lat="42.837491" lon="-7.727970"><ele>670.265</ele><time>2022-07-16T07:54:35Z</time></trkpt><trkpt lat="42.837512" lon="-7.728037"><ele>670.472</ele><time>2022-07-16T07:54:39Z</time></trkpt><trkpt lat="42.837526" lon="-7.728106"><ele>670.656</ele><time>2022-07-16T07:54:43Z</time></trkpt><trkpt lat="42.837550" lon="-7.728170"><ele>670.815</ele><time>2022-07-16T07:54:47Z</time></trkpt><trkpt lat="42.837574" lon="-7.728247"><ele>671.113</ele><time>2022-07-16T07:54:51Z</time></trkpt><trkpt lat="42.837587" lon="-7.728316"><ele>671.344</ele><time>2022-07-16T07:54:55Z</time></trkpt><trkpt lat="42.837617" lon="-7.728381"><ele>671.465</ele><time>2022-07-16T07:54:59Z</time></trkpt><trkpt lat="42.837641" lon="-7.728453"><ele>671.568</ele><time>2022-07-16T07:55:03Z</time></trkpt><trkpt lat="42.837660" lon="-7.728520"><ele>671.614</ele><time>2022-07-16T07:55:07Z</time></trkpt><trkpt lat="42.837683" lon="-7.728587"><ele>671.709</ele><time>2022-07-16T07:55:11Z</time></trkpt><trkpt lat="42.837696" lon="-7.728664"><ele>671.957</ele><time>2022-07-16T07:55:15Z</time></trkpt><trkpt lat="42.837724" lon="-7.728732"><ele>672.176</ele><time>2022-07-16T07:55:19Z</time></trkpt><trkpt lat="42.837745" lon="-7.728789"><ele>672.294</ele><time>2022-07-16T07:55:22Z</time></trkpt><trkpt lat="42.837766" lon="-7.728859"><ele>672.466</ele><time>2022-07-16T07:55:26Z</time></trkpt><trkpt lat="42.837782" lon="-7.728923"><ele>672.583</ele><time>2022-07-16T07:55:29Z</time></trkpt><trkpt lat="42.837801" lon="-7.728980"><ele>672.647</ele><time>2022-07-16T07:55:32Z</time></trkpt><trkpt lat="42.837825" lon="-7.729036"><ele>672.746</ele><time>2022-07-16T07:55:35Z</time></trkpt><trkpt lat="42.837846" lon="-7.729110"><ele>672.884</ele><time>2022-07-16T07:55:39Z</time></trkpt><trkpt lat="42.837882" lon="-7.729168"><ele>672.925</ele><time>2022-07-16T07:55:43Z</time></trkpt><trkpt lat="42.837909" lon="-7.729230"><ele>673.098</ele><time>2022-07-16T07:55:47Z</time></trkpt><trkpt lat="42.837940" lon="-7.729294"><ele>673.215</ele><time>2022-07-16T07:55:51Z</time></trkpt><trkpt lat="42.837965" lon="-7.729357"><ele>673.326</ele><time>2022-07-16T07:55:55Z</time></trkpt><trkpt lat="42.837965" lon="-7.729430"><ele>673.409</ele><time>2022-07-16T07:56:01Z</time></trkpt><trkpt lat="42.837954" lon="-7.729490"><ele>673.480</ele><time>2022-07-16T07:56:05Z</time></trkpt><trkpt lat="42.837973" lon="-7.729553"><ele>673.689</ele><time>2022-07-16T07:56:09Z</time></trkpt><trkpt lat="42.837998" lon="-7.729620"><ele>674.067</ele><time>2022-07-16T07:56:14Z</time></trkpt><trkpt lat="42.838012" lon="-7.729678"><ele>674.329</ele><time>2022-07-16T07:56:17Z</time></trkpt><trkpt lat="42.838032" lon="-7.729742"><ele>674.376</ele><time>2022-07-16T07:56:21Z</time></trkpt><trkpt lat="42.838040" lon="-7.729805"><ele>674.340</ele><time>2022-07-16T07:56:25Z</time></trkpt><trkpt lat="42.838057" lon="-7.729871"><ele>674.379</ele><time>2022-07-16T07:56:28Z</time></trkpt><trkpt lat="42.838070" lon="-7.729932"><ele>674.287</ele><time>2022-07-16T07:56:31Z</time></trkpt><trkpt lat="42.838093" lon="-7.729996"><ele>674.288</ele><time>2022-07-16T07:56:36Z</time></trkpt><trkpt lat="42.838117" lon="-7.730064"><ele>674.126</ele><time>2022-07-16T07:56:40Z</time></trkpt><trkpt lat="42.838148" lon="-7.730120"><ele>674.147</ele><time>2022-07-16T07:56:44Z</time></trkpt><trkpt lat="42.838164" lon="-7.730201"><ele>674.111</ele><time>2022-07-16T07:56:50Z</time></trkpt><trkpt lat="42.838193" lon="-7.730263"><ele>674.209</ele><time>2022-07-16T07:56:54Z</time></trkpt><trkpt lat="42.838220" lon="-7.730322"><ele>674.393</ele><time>2022-07-16T07:56:58Z</time></trkpt><trkpt lat="42.838243" lon="-7.730376"><ele>674.362</ele><time>2022-07-16T07:57:01Z</time></trkpt><trkpt lat="42.838267" lon="-7.730440"><ele>674.330</ele><time>2022-07-16T07:57:05Z</time></trkpt><trkpt lat="42.838299" lon="-7.730501"><ele>674.312</ele><time>2022-07-16T07:57:08Z</time></trkpt><trkpt lat="42.838336" lon="-7.730543"><ele>674.399</ele><time>2022-07-16T07:57:11Z</time></trkpt><trkpt lat="42.838364" lon="-7.730603"><ele>674.263</ele><time>2022-07-16T07:57:14Z</time></trkpt><trkpt lat="42.838387" lon="-7.730662"><ele>674.172</ele><time>2022-07-16T07:57:17Z</time></trkpt><trkpt lat="42.838419" lon="-7.730717"><ele>674.020</ele><time>2022-07-16T07:57:20Z</time></trkpt><trkpt lat="42.838449" lon="-7.730770"><ele>673.931</ele><time>2022-07-16T07:57:23Z</time></trkpt><trkpt lat="42.838487" lon="-7.730807"><ele>673.868</ele><time>2022-07-16T07:57:26Z</time></trkpt><trkpt lat="42.838522" lon="-7.730845"><ele>673.742</ele><time>2022-07-16T07:57:29Z</time></trkpt><trkpt lat="42.838555" lon="-7.730904"><ele>673.726</ele><time>2022-07-16T07:57:33Z</time></trkpt><trkpt lat="42.838588" lon="-7.730960"><ele>673.609</ele><time>2022-07-16T07:57:37Z</time></trkpt><trkpt lat="42.838633" lon="-7.730999"><ele>673.567</ele><time>2022-07-16T07:57:41Z</time></trkpt><trkpt lat="42.838671" lon="-7.731041"><ele>673.446</ele><time>2022-07-16T07:57:44Z</time></trkpt><trkpt lat="42.838711" lon="-7.731084"><ele>673.394</ele><time>2022-07-16T07:57:48Z</time></trkpt><trkpt lat="42.838748" lon="-7.731123"><ele>673.236</ele><time>2022-07-16T07:57:52Z</time></trkpt><trkpt lat="42.838782" lon="-7.731169"><ele>673.123</ele><time>2022-07-16T07:57:55Z</time></trkpt><trkpt lat="42.838829" lon="-7.731216"><ele>673.067</ele><time>2022-07-16T07:58:00Z</time></trkpt><trkpt lat="42.838874" lon="-7.731266"><ele>672.976</ele><time>2022-07-16T07:58:04Z</time></trkpt><trkpt lat="42.838921" lon="-7.731305"><ele>672.834</ele><time>2022-07-16T07:58:08Z</time></trkpt><trkpt lat="42.838959" lon="-7.731348"><ele>672.895</ele><time>2022-07-16T07:58:11Z</time></trkpt><trkpt lat="42.838994" lon="-7.731387"><ele>672.824</ele><time>2022-07-16T07:58:14Z</time></trkpt><trkpt lat="42.839032" lon="-7.731451"><ele>672.804</ele><time>2022-07-16T07:58:18Z</time></trkpt><trkpt lat="42.839067" lon="-7.731490"><ele>672.814</ele><time>2022-07-16T07:58:22Z</time></trkpt><trkpt lat="42.839102" lon="-7.731531"><ele>672.809</ele><time>2022-07-16T07:58:25Z</time></trkpt><trkpt lat="42.839142" lon="-7.731569"><ele>672.753</ele><time>2022-07-16T07:58:28Z</time></trkpt><trkpt lat="42.839186" lon="-7.731622"><ele>672.682</ele><time>2022-07-16T07:58:32Z</time></trkpt><trkpt lat="42.839239" lon="-7.731675"><ele>672.630</ele><time>2022-07-16T07:58:36Z</time></trkpt><trkpt lat="42.839281" lon="-7.731714"><ele>672.532</ele><time>2022-07-16T07:58:39Z</time></trkpt><trkpt lat="42.839315" lon="-7.731760"><ele>672.489</ele><time>2022-07-16T07:58:42Z</time></trkpt><trkpt lat="42.839356" lon="-7.731789"><ele>672.423</ele><time>2022-07-16T07:58:45Z</time></trkpt><trkpt lat="42.839393" lon="-7.731834"><ele>672.392</ele><time>2022-07-16T07:58:48Z</time></trkpt><trkpt lat="42.839436" lon="-7.731894"><ele>672.230</ele><time>2022-07-16T07:58:52Z</time></trkpt><trkpt lat="42.839483" lon="-7.731934"><ele>672.151</ele><time>2022-07-16T07:58:55Z</time></trkpt><trkpt lat="42.839528" lon="-7.731994"><ele>671.983</ele><time>2022-07-16T07:58:59Z</time></trkpt><trkpt lat="42.839574" lon="-7.732038"><ele>671.825</ele><time>2022-07-16T07:59:03Z</time></trkpt><trkpt lat="42.839618" lon="-7.732084"><ele>671.717</ele><time>2022-07-16T07:59:07Z</time></trkpt><trkpt lat="42.839659" lon="-7.732130"><ele>671.609</ele><time>2022-07-16T07:59:10Z</time></trkpt><trkpt lat="42.839699" lon="-7.732182"><ele>671.589</ele><time>2022-07-16T07:59:14Z</time></trkpt><trkpt lat="42.839744" lon="-7.732228"><ele>671.458</ele><time>2022-07-16T07:59:18Z</time></trkpt><trkpt lat="42.839775" lon="-7.732291"><ele>671.246</ele><time>2022-07-16T07:59:22Z</time></trkpt><trkpt lat="42.839809" lon="-7.732342"><ele>671.178</ele><time>2022-07-16T07:59:26Z</time></trkpt><trkpt lat="42.839843" lon="-7.732383"><ele>671.015</ele><time>2022-07-16T07:59:29Z</time></trkpt><trkpt lat="42.839870" lon="-7.732441"><ele>670.829</ele><time>2022-07-16T07:59:33Z</time></trkpt><trkpt lat="42.839894" lon="-7.732501"><ele>670.698</ele><time>2022-07-16T07:59:36Z</time></trkpt><trkpt lat="42.839920" lon="-7.732569"><ele>670.346</ele><time>2022-07-16T07:59:40Z</time></trkpt><trkpt lat="42.839953" lon="-7.732627"><ele>670.117</ele><time>2022-07-16T07:59:44Z</time></trkpt><trkpt lat="42.839986" lon="-7.732670"><ele>669.945</ele><time>2022-07-16T07:59:48Z</time></trkpt><trkpt lat="42.840008" lon="-7.732733"><ele>669.647</ele><time>2022-07-16T07:59:53Z</time></trkpt><trkpt lat="42.840031" lon="-7.732789"><ele>669.211</ele><time>2022-07-16T07:59:57Z</time></trkpt><trkpt lat="42.840045" lon="-7.732848"><ele>668.809</ele><time>2022-07-16T08:00:01Z</time></trkpt><trkpt lat="42.840070" lon="-7.732913"><ele>668.455</ele><time>2022-07-16T08:00:07Z</time></trkpt><trkpt lat="42.840099" lon="-7.732971"><ele>668.064</ele><time>2022-07-16T08:00:12Z</time></trkpt><trkpt lat="42.840123" lon="-7.733026"><ele>667.582</ele><time>2022-07-16T08:00:16Z</time></trkpt><trkpt lat="42.840141" lon="-7.733085"><ele>667.094</ele><time>2022-07-16T08:00:20Z</time></trkpt><trkpt lat="42.840151" lon="-7.733148"><ele>666.661</ele><time>2022-07-16T08:00:24Z</time></trkpt><trkpt lat="42.840186" lon="-7.733203"><ele>666.335</ele><time>2022-07-16T08:00:29Z</time></trkpt><trkpt lat="42.840227" lon="-7.733241"><ele>665.944</ele><time>2022-07-16T08:00:35Z</time></trkpt><trkpt lat="42.840273" lon="-7.733299"><ele>665.422</ele><time>2022-07-16T08:00:40Z</time></trkpt><trkpt lat="42.840297" lon="-7.733353"><ele>664.923</ele><time>2022-07-16T08:00:44Z</time></trkpt><trkpt lat="42.840324" lon="-7.733416"><ele>664.578</ele><time>2022-07-16T08:00:48Z</time></trkpt><trkpt lat="42.840360" lon="-7.733481"><ele>663.933</ele><time>2022-07-16T08:00:53Z</time></trkpt><trkpt lat="42.840387" lon="-7.733535"><ele>663.426</ele><time>2022-07-16T08:00:57Z</time></trkpt><trkpt lat="42.840411" lon="-7.733587"><ele>663.109</ele><time>2022-07-16T08:01:01Z</time></trkpt><trkpt lat="42.840452" lon="-7.733625"><ele>662.678</ele><time>2022-07-16T08:01:06Z</time></trkpt><trkpt lat="42.840494" lon="-7.733664"><ele>662.467</ele><time>2022-07-16T08:01:11Z</time></trkpt><trkpt lat="42.840534" lon="-7.733717"><ele>662.465</ele><time>2022-07-16T08:01:16Z</time></trkpt><trkpt lat="42.840572" lon="-7.733763"><ele>662.467</ele><time>2022-07-16T08:01:19Z</time></trkpt><trkpt lat="42.840599" lon="-7.733815"><ele>662.434</ele><time>2022-07-16T08:01:22Z</time></trkpt><trkpt lat="42.840641" lon="-7.733862"><ele>662.598</ele><time>2022-07-16T08:01:25Z</time></trkpt><trkpt lat="42.840687" lon="-7.733904"><ele>662.637</ele><time>2022-07-16T08:01:29Z</time></trkpt><trkpt lat="42.840727" lon="-7.733952"><ele>662.835</ele><time>2022-07-16T08:01:32Z</time></trkpt><trkpt lat="42.840764" lon="-7.734003"><ele>663.096</ele><time>2022-07-16T08:01:36Z</time></trkpt><trkpt lat="42.840800" lon="-7.734053"><ele>663.173</ele><time>2022-07-16T08:01:41Z</time></trkpt><trkpt lat="42.840833" lon="-7.734101"><ele>663.385</ele><time>2022-07-16T08:01:46Z</time></trkpt><trkpt lat="42.840870" lon="-7.734141"><ele>663.713</ele><time>2022-07-16T08:01:50Z</time></trkpt><trkpt lat="42.840897" lon="-7.734210"><ele>664.409</ele><time>2022-07-16T08:01:56Z</time></trkpt><trkpt lat="42.840920" lon="-7.734272"><ele>665.048</ele><time>2022-07-16T08:02:01Z</time></trkpt><trkpt lat="42.840963" lon="-7.734318"><ele>665.287</ele><time>2022-07-16T08:02:06Z</time></trkpt><trkpt lat="42.841003" lon="-7.734367"><ele>665.255</ele><time>2022-07-16T08:02:10Z</time></trkpt><trkpt lat="42.841047" lon="-7.734394"><ele>665.277</ele><time>2022-07-16T08:02:13Z</time></trkpt><trkpt lat="42.841092" lon="-7.734424"><ele>665.224</ele><time>2022-07-16T08:02:16Z</time></trkpt><trkpt lat="42.841143" lon="-7.734474"><ele>665.228</ele><time>2022-07-16T08:02:20Z</time></trkpt><trkpt lat="42.841179" lon="-7.734517"><ele>665.257</ele><time>2022-07-16T08:02:23Z</time></trkpt><trkpt lat="42.841225" lon="-7.734559"><ele>665.415</ele><time>2022-07-16T08:02:28Z</time></trkpt><trkpt lat="42.841269" lon="-7.734590"><ele>665.616</ele><time>2022-07-16T08:02:33Z</time></trkpt><trkpt lat="42.841323" lon="-7.734616"><ele>666.029</ele><time>2022-07-16T08:02:37Z</time></trkpt><trkpt lat="42.841372" lon="-7.734636"><ele>666.200</ele><time>2022-07-16T08:02:41Z</time></trkpt><trkpt lat="42.841426" lon="-7.734646"><ele>666.720</ele><time>2022-07-16T08:02:45Z</time></trkpt><trkpt lat="42.841471" lon="-7.734646"><ele>667.109</ele><time>2022-07-16T08:02:49Z</time></trkpt><trkpt lat="42.841522" lon="-7.734630"><ele>667.533</ele><time>2022-07-16T08:02:53Z</time></trkpt><trkpt lat="42.841570" lon="-7.734601"><ele>668.062</ele><time>2022-07-16T08:02:57Z</time></trkpt><trkpt lat="42.841603" lon="-7.734548"><ele>668.570</ele><time>2022-07-16T08:03:02Z</time></trkpt><trkpt lat="42.841628" lon="-7.734494"><ele>669.052</ele><time>2022-07-16T08:03:06Z</time></trkpt><trkpt lat="42.841638" lon="-7.734426"><ele>669.579</ele><time>2022-07-16T08:03:11Z</time></trkpt><trkpt lat="42.841630" lon="-7.734365"><ele>669.973</ele><time>2022-07-16T08:03:15Z</time></trkpt><trkpt lat="42.841645" lon="-7.734292"><ele>670.242</ele><time>2022-07-16T08:03:19Z</time></trkpt><trkpt lat="42.841661" lon="-7.734226"><ele>670.560</ele><time>2022-07-16T08:03:23Z</time></trkpt><trkpt lat="42.841679" lon="-7.734159"><ele>671.091</ele><time>2022-07-16T08:03:27Z</time></trkpt><trkpt lat="42.841700" lon="-7.734089"><ele>671.528</ele><time>2022-07-16T08:03:33Z</time></trkpt><trkpt lat="42.841720" lon="-7.734023"><ele>671.789</ele><time>2022-07-16T08:03:40Z</time></trkpt><trkpt lat="42.841731" lon="-7.733955"><ele>671.917</ele><time>2022-07-16T08:03:44Z</time></trkpt><trkpt lat="42.841727" lon="-7.733888"><ele>672.309</ele><time>2022-07-16T08:03:49Z</time></trkpt><trkpt lat="42.841735" lon="-7.733825"><ele>672.693</ele><time>2022-07-16T08:03:58Z</time></trkpt><trkpt lat="42.841760" lon="-7.733761"><ele>672.892</ele><time>2022-07-16T08:04:16Z</time></trkpt><trkpt lat="42.841807" lon="-7.733737"><ele>672.910</ele><time>2022-07-16T08:04:21Z</time></trkpt><trkpt lat="42.841855" lon="-7.733726"><ele>673.332</ele><time>2022-07-16T08:04:25Z</time></trkpt><trkpt lat="42.841902" lon="-7.733696"><ele>673.979</ele><time>2022-07-16T08:04:30Z</time></trkpt><trkpt lat="42.841951" lon="-7.733694"><ele>674.223</ele><time>2022-07-16T08:04:34Z</time></trkpt><trkpt lat="42.842000" lon="-7.733730"><ele>674.482</ele><time>2022-07-16T08:04:39Z</time></trkpt><trkpt lat="42.842032" lon="-7.733778"><ele>674.760</ele><time>2022-07-16T08:04:43Z</time></trkpt><trkpt lat="42.842071" lon="-7.733827"><ele>675.261</ele><time>2022-07-16T08:04:47Z</time></trkpt><trkpt lat="42.842096" lon="-7.733878"><ele>675.642</ele><time>2022-07-16T08:04:51Z</time></trkpt><trkpt lat="42.842127" lon="-7.733933"><ele>675.722</ele><time>2022-07-16T08:04:55Z</time></trkpt><trkpt lat="42.842167" lon="-7.733988"><ele>675.714</ele><time>2022-07-16T08:04:59Z</time></trkpt><trkpt lat="42.842197" lon="-7.734041"><ele>675.709</ele><time>2022-07-16T08:05:02Z</time></trkpt><trkpt lat="42.842228" lon="-7.734086"><ele>675.765</ele><time>2022-07-16T08:05:05Z</time></trkpt><trkpt lat="42.842257" lon="-7.734135"><ele>675.714</ele><time>2022-07-16T08:05:08Z</time></trkpt><trkpt lat="42.842284" lon="-7.734187"><ele>675.642</ele><time>2022-07-16T08:05:11Z</time></trkpt><trkpt lat="42.842309" lon="-7.734238"><ele>675.664</ele><time>2022-07-16T08:05:14Z</time></trkpt><trkpt lat="42.842326" lon="-7.734310"><ele>675.691</ele><time>2022-07-16T08:05:18Z</time></trkpt><trkpt lat="42.842309" lon="-7.734378"><ele>675.555</ele><time>2022-07-16T08:05:22Z</time></trkpt><trkpt lat="42.842278" lon="-7.734438"><ele>675.424</ele><time>2022-07-16T08:05:26Z</time></trkpt><trkpt lat="42.842244" lon="-7.734494"><ele>675.262</ele><time>2022-07-16T08:05:30Z</time></trkpt><trkpt lat="42.842210" lon="-7.734548"><ele>674.813</ele><time>2022-07-16T08:05:34Z</time></trkpt><trkpt lat="42.842181" lon="-7.734606"><ele>674.495</ele><time>2022-07-16T08:05:38Z</time></trkpt><trkpt lat="42.842153" lon="-7.734657"><ele>674.149</ele><time>2022-07-16T08:05:41Z</time></trkpt><trkpt lat="42.842120" lon="-7.734712"><ele>673.823</ele><time>2022-07-16T08:05:44Z</time></trkpt><trkpt lat="42.842088" lon="-7.734772"><ele>673.409</ele><time>2022-07-16T08:05:48Z</time></trkpt><trkpt lat="42.842064" lon="-7.734825"><ele>673.090</ele><time>2022-07-16T08:05:51Z</time></trkpt><trkpt lat="42.842046" lon="-7.734888"><ele>672.549</ele><time>2022-07-16T08:05:55Z</time></trkpt><trkpt lat="42.842015" lon="-7.734943"><ele>672.067</ele><time>2022-07-16T08:05:59Z</time></trkpt><trkpt lat="42.841992" lon="-7.735009"><ele>671.669</ele><time>2022-07-16T08:06:05Z</time></trkpt><trkpt lat="42.841962" lon="-7.735071"><ele>671.296</ele><time>2022-07-16T08:06:09Z</time></trkpt><trkpt lat="42.841941" lon="-7.735134"><ele>670.650</ele><time>2022-07-16T08:06:13Z</time></trkpt><trkpt lat="42.841960" lon="-7.735200"><ele>670.159</ele><time>2022-07-16T08:06:18Z</time></trkpt><trkpt lat="42.841966" lon="-7.735265"><ele>669.737</ele><time>2022-07-16T08:06:21Z</time></trkpt><trkpt lat="42.841955" lon="-7.735329"><ele>669.268</ele><time>2022-07-16T08:06:24Z</time></trkpt><trkpt lat="42.841946" lon="-7.735389"><ele>668.842</ele><time>2022-07-16T08:06:27Z</time></trkpt><trkpt lat="42.841957" lon="-7.735472"><ele>668.422</ele><time>2022-07-16T08:06:31Z</time></trkpt><trkpt lat="42.841949" lon="-7.735535"><ele>667.914</ele><time>2022-07-16T08:06:34Z</time></trkpt><trkpt lat="42.841955" lon="-7.735613"><ele>667.709</ele><time>2022-07-16T08:06:38Z</time></trkpt><trkpt lat="42.841973" lon="-7.735677"><ele>667.715</ele><time>2022-07-16T08:06:42Z</time></trkpt><trkpt lat="42.841990" lon="-7.735739"><ele>667.724</ele><time>2022-07-16T08:06:46Z</time></trkpt><trkpt lat="42.841980" lon="-7.735806"><ele>668.172</ele><time>2022-07-16T08:07:12Z</time></trkpt><trkpt lat="42.842004" lon="-7.735858"><ele>668.744</ele><time>2022-07-16T08:07:15Z</time></trkpt><trkpt lat="42.842029" lon="-7.735930"><ele>669.331</ele><time>2022-07-16T08:07:24Z</time></trkpt><trkpt lat="42.842048" lon="-7.736001"><ele>669.785</ele><time>2022-07-16T08:07:29Z</time></trkpt><trkpt lat="42.842078" lon="-7.736051"><ele>670.264</ele><time>2022-07-16T08:07:33Z</time></trkpt><trkpt lat="42.842093" lon="-7.736117"><ele>670.632</ele><time>2022-07-16T08:07:37Z</time></trkpt><trkpt lat="42.842109" lon="-7.736180"><ele>670.763</ele><time>2022-07-16T08:07:42Z</time></trkpt><trkpt lat="42.842132" lon="-7.736246"><ele>671.025</ele><time>2022-07-16T08:07:48Z</time></trkpt><trkpt lat="42.842158" lon="-7.736299"><ele>671.326</ele><time>2022-07-16T08:07:53Z</time></trkpt><trkpt lat="42.842164" lon="-7.736366"><ele>671.508</ele><time>2022-07-16T08:07:56Z</time></trkpt><trkpt lat="42.842183" lon="-7.736426"><ele>671.709</ele><time>2022-07-16T08:08:00Z</time></trkpt><trkpt lat="42.842198" lon="-7.736494"><ele>671.823</ele><time>2022-07-16T08:08:04Z</time></trkpt><trkpt lat="42.842210" lon="-7.736563"><ele>672.012</ele><time>2022-07-16T08:08:08Z</time></trkpt><trkpt lat="42.842234" lon="-7.736618"><ele>672.240</ele><time>2022-07-16T08:08:12Z</time></trkpt><trkpt lat="42.842251" lon="-7.736680"><ele>672.482</ele><time>2022-07-16T08:08:16Z</time></trkpt><trkpt lat="42.842264" lon="-7.736747"><ele>672.639</ele><time>2022-07-16T08:08:20Z</time></trkpt><trkpt lat="42.842283" lon="-7.736808"><ele>672.873</ele><time>2022-07-16T08:08:24Z</time></trkpt><trkpt lat="42.842300" lon="-7.736865"><ele>673.042</ele><time>2022-07-16T08:08:27Z</time></trkpt><trkpt lat="42.842304" lon="-7.736929"><ele>673.250</ele><time>2022-07-16T08:08:30Z</time></trkpt><trkpt lat="42.842321" lon="-7.737003"><ele>673.451</ele><time>2022-07-16T08:08:34Z</time></trkpt><trkpt lat="42.842337" lon="-7.737063"><ele>673.647</ele><time>2022-07-16T08:08:38Z</time></trkpt><trkpt lat="42.842368" lon="-7.737117"><ele>673.929</ele><time>2022-07-16T08:08:42Z</time></trkpt><trkpt lat="42.842390" lon="-7.737171"><ele>674.221</ele><time>2022-07-16T08:08:46Z</time></trkpt><trkpt lat="42.842418" lon="-7.737229"><ele>674.409</ele><time>2022-07-16T08:08:51Z</time></trkpt><trkpt lat="42.842452" lon="-7.737284"><ele>674.595</ele><time>2022-07-16T08:08:55Z</time></trkpt><trkpt lat="42.842470" lon="-7.737351"><ele>674.754</ele><time>2022-07-16T08:08:59Z</time></trkpt><trkpt lat="42.842496" lon="-7.737422"><ele>674.992</ele><time>2022-07-16T08:09:03Z</time></trkpt><trkpt lat="42.842505" lon="-7.737492"><ele>675.124</ele><time>2022-07-16T08:09:07Z</time></trkpt><trkpt lat="42.842504" lon="-7.737576"><ele>675.491</ele><time>2022-07-16T08:09:11Z</time></trkpt><trkpt lat="42.842512" lon="-7.737639"><ele>675.675</ele><time>2022-07-16T08:09:15Z</time></trkpt><trkpt lat="42.842525" lon="-7.737711"><ele>675.744</ele><time>2022-07-16T08:09:19Z</time></trkpt><trkpt lat="42.842535" lon="-7.737774"><ele>675.822</ele><time>2022-07-16T08:09:22Z</time></trkpt><trkpt lat="42.842543" lon="-7.737854"><ele>676.083</ele><time>2022-07-16T08:09:26Z</time></trkpt><trkpt lat="42.842550" lon="-7.737928"><ele>676.136</ele><time>2022-07-16T08:09:30Z</time></trkpt><trkpt lat="42.842550" lon="-7.738004"><ele>676.417</ele><time>2022-07-16T08:09:34Z</time></trkpt><trkpt lat="42.842556" lon="-7.738065"><ele>676.518</ele><time>2022-07-16T08:09:37Z</time></trkpt><trkpt lat="42.842568" lon="-7.738135"><ele>676.709</ele><time>2022-07-16T08:09:41Z</time></trkpt><trkpt lat="42.842578" lon="-7.738200"><ele>676.984</ele><time>2022-07-16T08:09:45Z</time></trkpt><trkpt lat="42.842602" lon="-7.738268"><ele>677.093</ele><time>2022-07-16T08:09:56Z</time></trkpt><trkpt lat="42.842610" lon="-7.738333"><ele>677.131</ele><time>2022-07-16T08:10:00Z</time></trkpt><trkpt lat="42.842611" lon="-7.738410"><ele>677.243</ele><time>2022-07-16T08:10:04Z</time></trkpt><trkpt lat="42.842604" lon="-7.738478"><ele>677.310</ele><time>2022-07-16T08:10:08Z</time></trkpt><trkpt lat="42.842610" lon="-7.738540"><ele>677.444</ele><time>2022-07-16T08:10:12Z</time></trkpt><trkpt lat="42.842611" lon="-7.738602"><ele>677.513</ele><time>2022-07-16T08:10:16Z</time></trkpt><trkpt lat="42.842616" lon="-7.738680"><ele>677.761</ele><time>2022-07-16T08:10:21Z</time></trkpt><trkpt lat="42.842629" lon="-7.738750"><ele>677.912</ele><time>2022-07-16T08:10:26Z</time></trkpt><trkpt lat="42.842639" lon="-7.738821"><ele>678.136</ele><time>2022-07-16T08:10:33Z</time></trkpt><trkpt lat="42.842651" lon="-7.738890"><ele>678.317</ele><time>2022-07-16T08:10:37Z</time></trkpt><trkpt lat="42.842636" lon="-7.738955"><ele>678.518</ele><time>2022-07-16T08:10:40Z</time></trkpt><trkpt lat="42.842651" lon="-7.739013"><ele>678.709</ele><time>2022-07-16T08:10:44Z</time></trkpt><trkpt lat="42.842660" lon="-7.739099"><ele>678.914</ele><time>2022-07-16T08:10:50Z</time></trkpt><trkpt lat="42.842669" lon="-7.739177"><ele>679.123</ele><time>2022-07-16T08:10:55Z</time></trkpt><trkpt lat="42.842685" lon="-7.739246"><ele>679.541</ele><time>2022-07-16T08:11:00Z</time></trkpt><trkpt lat="42.842686" lon="-7.739318"><ele>679.723</ele><time>2022-07-16T08:11:05Z</time></trkpt><trkpt lat="42.842695" lon="-7.739387"><ele>679.980</ele><time>2022-07-16T08:11:09Z</time></trkpt><trkpt lat="42.842703" lon="-7.739452"><ele>680.124</ele><time>2022-07-16T08:11:13Z</time></trkpt><trkpt lat="42.842709" lon="-7.739517"><ele>680.483</ele><time>2022-07-16T08:11:16Z</time></trkpt><trkpt lat="42.842712" lon="-7.739590"><ele>680.731</ele><time>2022-07-16T08:11:20Z</time></trkpt><trkpt lat="42.842712" lon="-7.739660"><ele>680.942</ele><time>2022-07-16T08:11:23Z</time></trkpt><trkpt lat="42.842709" lon="-7.739724"><ele>681.164</ele><time>2022-07-16T08:11:26Z</time></trkpt><trkpt lat="42.842708" lon="-7.739790"><ele>681.406</ele><time>2022-07-16T08:11:29Z</time></trkpt><trkpt lat="42.842701" lon="-7.739856"><ele>681.616</ele><time>2022-07-16T08:11:32Z</time></trkpt><trkpt lat="42.842711" lon="-7.739920"><ele>681.809</ele><time>2022-07-16T08:11:36Z</time></trkpt><trkpt lat="42.842706" lon="-7.739989"><ele>682.037</ele><time>2022-07-16T08:11:39Z</time></trkpt><trkpt lat="42.842697" lon="-7.740064"><ele>682.316</ele><time>2022-07-16T08:11:43Z</time></trkpt><trkpt lat="42.842699" lon="-7.740142"><ele>682.624</ele><time>2022-07-16T08:11:47Z</time></trkpt><trkpt lat="42.842696" lon="-7.740206"><ele>682.996</ele><time>2022-07-16T08:11:50Z</time></trkpt><trkpt lat="42.842701" lon="-7.740272"><ele>683.343</ele><time>2022-07-16T08:11:53Z</time></trkpt><trkpt lat="42.842706" lon="-7.740344"><ele>683.657</ele><time>2022-07-16T08:11:57Z</time></trkpt><trkpt lat="42.842712" lon="-7.740415"><ele>683.896</ele><time>2022-07-16T08:12:01Z</time></trkpt><trkpt lat="42.842714" lon="-7.740487"><ele>684.064</ele><time>2022-07-16T08:12:05Z</time></trkpt><trkpt lat="42.842716" lon="-7.740559"><ele>684.345</ele><time>2022-07-16T08:12:09Z</time></trkpt><trkpt lat="42.842727" lon="-7.740629"><ele>684.644</ele><time>2022-07-16T08:12:13Z</time></trkpt><trkpt lat="42.842733" lon="-7.740702"><ele>684.905</ele><time>2022-07-16T08:12:17Z</time></trkpt><trkpt lat="42.842747" lon="-7.740763"><ele>685.215</ele><time>2022-07-16T08:12:21Z</time></trkpt><trkpt lat="42.842764" lon="-7.740833"><ele>685.509</ele><time>2022-07-16T08:12:25Z</time></trkpt><trkpt lat="42.842774" lon="-7.740899"><ele>685.825</ele><time>2022-07-16T08:12:29Z</time></trkpt><trkpt lat="42.842794" lon="-7.740956"><ele>686.164</ele><time>2022-07-16T08:12:33Z</time></trkpt><trkpt lat="42.842823" lon="-7.741008"><ele>686.392</ele><time>2022-07-16T08:12:37Z</time></trkpt><trkpt lat="42.842851" lon="-7.741066"><ele>686.564</ele><time>2022-07-16T08:12:41Z</time></trkpt><trkpt lat="42.842864" lon="-7.741125"><ele>686.721</ele><time>2022-07-16T08:12:44Z</time></trkpt><trkpt lat="42.842885" lon="-7.741189"><ele>686.985</ele><time>2022-07-16T08:12:48Z</time></trkpt><trkpt lat="42.842901" lon="-7.741247"><ele>687.094</ele><time>2022-07-16T08:12:51Z</time></trkpt><trkpt lat="42.842926" lon="-7.741322"><ele>687.112</ele><time>2022-07-16T08:12:55Z</time></trkpt><trkpt lat="42.842960" lon="-7.741384"><ele>687.293</ele><time>2022-07-16T08:12:59Z</time></trkpt><trkpt lat="42.842981" lon="-7.741440"><ele>687.285</ele><time>2022-07-16T08:13:03Z</time></trkpt><trkpt lat="42.843011" lon="-7.741505"><ele>687.289</ele><time>2022-07-16T08:13:07Z</time></trkpt><trkpt lat="42.843033" lon="-7.741560"><ele>687.217</ele><time>2022-07-16T08:13:10Z</time></trkpt><trkpt lat="42.843044" lon="-7.741636"><ele>687.109</ele><time>2022-07-16T08:13:14Z</time></trkpt><trkpt lat="42.843065" lon="-7.741690"><ele>687.089</ele><time>2022-07-16T08:13:17Z</time></trkpt><trkpt lat="42.843080" lon="-7.741759"><ele>686.918</ele><time>2022-07-16T08:13:21Z</time></trkpt><trkpt lat="42.843101" lon="-7.741817"><ele>686.876</ele><time>2022-07-16T08:13:26Z</time></trkpt><trkpt lat="42.843121" lon="-7.741880"><ele>686.778</ele><time>2022-07-16T08:13:30Z</time></trkpt><trkpt lat="42.843142" lon="-7.741940"><ele>686.625</ele><time>2022-07-16T08:13:34Z</time></trkpt><trkpt lat="42.843155" lon="-7.742003"><ele>686.539</ele><time>2022-07-16T08:13:37Z</time></trkpt><trkpt lat="42.843176" lon="-7.742063"><ele>686.428</ele><time>2022-07-16T08:13:41Z</time></trkpt><trkpt lat="42.843179" lon="-7.742133"><ele>686.446</ele><time>2022-07-16T08:13:44Z</time></trkpt><trkpt lat="42.843191" lon="-7.742199"><ele>686.487</ele><time>2022-07-16T08:13:47Z</time></trkpt><trkpt lat="42.843203" lon="-7.742274"><ele>686.498</ele><time>2022-07-16T08:13:51Z</time></trkpt><trkpt lat="42.843201" lon="-7.742343"><ele>686.415</ele><time>2022-07-16T08:13:54Z</time></trkpt><trkpt lat="42.843209" lon="-7.742404"><ele>686.426</ele><time>2022-07-16T08:13:57Z</time></trkpt><trkpt lat="42.843216" lon="-7.742478"><ele>686.409</ele><time>2022-07-16T08:14:01Z</time></trkpt><trkpt lat="42.843216" lon="-7.742545"><ele>686.480</ele><time>2022-07-16T08:14:04Z</time></trkpt><trkpt lat="42.843225" lon="-7.742615"><ele>686.479</ele><time>2022-07-16T08:14:08Z</time></trkpt><trkpt lat="42.843234" lon="-7.742696"><ele>686.437</ele><time>2022-07-16T08:14:12Z</time></trkpt><trkpt lat="42.843241" lon="-7.742774"><ele>686.559</ele><time>2022-07-16T08:14:16Z</time></trkpt><trkpt lat="42.843244" lon="-7.742852"><ele>686.536</ele><time>2022-07-16T08:14:20Z</time></trkpt><trkpt lat="42.843248" lon="-7.742913"><ele>686.520</ele><time>2022-07-16T08:14:23Z</time></trkpt><trkpt lat="42.843260" lon="-7.742978"><ele>686.679</ele><time>2022-07-16T08:14:27Z</time></trkpt><trkpt lat="42.843269" lon="-7.743044"><ele>686.617</ele><time>2022-07-16T08:14:30Z</time></trkpt><trkpt lat="42.843276" lon="-7.743121"><ele>686.728</ele><time>2022-07-16T08:14:35Z</time></trkpt><trkpt lat="42.843283" lon="-7.743190"><ele>686.863</ele><time>2022-07-16T08:14:39Z</time></trkpt><trkpt lat="42.843296" lon="-7.743256"><ele>686.944</ele><time>2022-07-16T08:14:43Z</time></trkpt><trkpt lat="42.843304" lon="-7.743321"><ele>687.018</ele><time>2022-07-16T08:14:47Z</time></trkpt><trkpt lat="42.843307" lon="-7.743394"><ele>687.109</ele><time>2022-07-16T08:14:51Z</time></trkpt><trkpt lat="42.843312" lon="-7.743466"><ele>687.297</ele><time>2022-07-16T08:14:55Z</time></trkpt><trkpt lat="42.843311" lon="-7.743530"><ele>687.356</ele><time>2022-07-16T08:14:59Z</time></trkpt><trkpt lat="42.843321" lon="-7.743604"><ele>687.444</ele><time>2022-07-16T08:15:03Z</time></trkpt><trkpt lat="42.843322" lon="-7.743675"><ele>687.546</ele><time>2022-07-16T08:15:07Z</time></trkpt><trkpt lat="42.843321" lon="-7.743754"><ele>687.683</ele><time>2022-07-16T08:15:11Z</time></trkpt><trkpt lat="42.843325" lon="-7.743832"><ele>687.757</ele><time>2022-07-16T08:15:15Z</time></trkpt><trkpt lat="42.843326" lon="-7.743909"><ele>687.866</ele><time>2022-07-16T08:15:19Z</time></trkpt><trkpt lat="42.843335" lon="-7.743976"><ele>687.914</ele><time>2022-07-16T08:15:23Z</time></trkpt><trkpt lat="42.843333" lon="-7.744040"><ele>687.995</ele><time>2022-07-16T08:15:26Z</time></trkpt><trkpt lat="42.843341" lon="-7.744107"><ele>688.041</ele><time>2022-07-16T08:15:30Z</time></trkpt><trkpt lat="42.843342" lon="-7.744187"><ele>688.181</ele><time>2022-07-16T08:15:34Z</time></trkpt><trkpt lat="42.843346" lon="-7.744261"><ele>688.209</ele><time>2022-07-16T08:15:38Z</time></trkpt><trkpt lat="42.843358" lon="-7.744331"><ele>688.309</ele><time>2022-07-16T08:15:42Z</time></trkpt><trkpt lat="42.843365" lon="-7.744408"><ele>688.465</ele><time>2022-07-16T08:15:46Z</time></trkpt><trkpt lat="42.843361" lon="-7.744471"><ele>688.584</ele><time>2022-07-16T08:15:49Z</time></trkpt><trkpt lat="42.843362" lon="-7.744549"><ele>688.552</ele><time>2022-07-16T08:15:53Z</time></trkpt><trkpt lat="42.843364" lon="-7.744622"><ele>688.544</ele><time>2022-07-16T08:15:57Z</time></trkpt><trkpt lat="42.843375" lon="-7.744692"><ele>688.691</ele><time>2022-07-16T08:16:01Z</time></trkpt><trkpt lat="42.843380" lon="-7.744755"><ele>688.785</ele><time>2022-07-16T08:16:04Z</time></trkpt><trkpt lat="42.843380" lon="-7.744832"><ele>688.824</ele><time>2022-07-16T08:16:08Z</time></trkpt><trkpt lat="42.843388" lon="-7.744898"><ele>688.982</ele><time>2022-07-16T08:16:12Z</time></trkpt><trkpt lat="42.843399" lon="-7.744966"><ele>689.073</ele><time>2022-07-16T08:16:16Z</time></trkpt><trkpt lat="42.843403" lon="-7.745036"><ele>689.146</ele><time>2022-07-16T08:16:21Z</time></trkpt><trkpt lat="42.843406" lon="-7.745102"><ele>689.288</ele><time>2022-07-16T08:16:25Z</time></trkpt><trkpt lat="42.843409" lon="-7.745173"><ele>689.316</ele><time>2022-07-16T08:16:29Z</time></trkpt><trkpt lat="42.843420" lon="-7.745232"><ele>689.409</ele><time>2022-07-16T08:16:32Z</time></trkpt><trkpt lat="42.843432" lon="-7.745299"><ele>689.535</ele><time>2022-07-16T08:16:36Z</time></trkpt><trkpt lat="42.843442" lon="-7.745374"><ele>689.634</ele><time>2022-07-16T08:16:40Z</time></trkpt><trkpt lat="42.843452" lon="-7.745448"><ele>689.792</ele><time>2022-07-16T08:16:44Z</time></trkpt><trkpt lat="42.843454" lon="-7.745513"><ele>689.864</ele><time>2022-07-16T08:16:47Z</time></trkpt><trkpt lat="42.843454" lon="-7.745577"><ele>689.831</ele><time>2022-07-16T08:16:50Z</time></trkpt><trkpt lat="42.843464" lon="-7.745653"><ele>689.815</ele><time>2022-07-16T08:16:54Z</time></trkpt><trkpt lat="42.843490" lon="-7.745726"><ele>689.884</ele><time>2022-07-16T08:16:58Z</time></trkpt><trkpt lat="42.843506" lon="-7.745784"><ele>689.712</ele><time>2022-07-16T08:17:01Z</time></trkpt><trkpt lat="42.843514" lon="-7.745853"><ele>689.513</ele><time>2022-07-16T08:17:05Z</time></trkpt><trkpt lat="42.843519" lon="-7.745924"><ele>689.495</ele><time>2022-07-16T08:17:09Z</time></trkpt><trkpt lat="42.843540" lon="-7.745996"><ele>689.349</ele><time>2022-07-16T08:17:13Z</time></trkpt><trkpt lat="42.843562" lon="-7.746064"><ele>689.223</ele><time>2022-07-16T08:17:19Z</time></trkpt><trkpt lat="42.843563" lon="-7.746129"><ele>689.109</ele><time>2022-07-16T08:17:23Z</time></trkpt><trkpt lat="42.843582" lon="-7.746195"><ele>689.040</ele><time>2022-07-16T08:17:27Z</time></trkpt><trkpt lat="42.843603" lon="-7.746252"><ele>688.989</ele><time>2022-07-16T08:17:30Z</time></trkpt><trkpt lat="42.843616" lon="-7.746311"><ele>688.947</ele><time>2022-07-16T08:17:33Z</time></trkpt><trkpt lat="42.843634" lon="-7.746384"><ele>688.929</ele><time>2022-07-16T08:17:37Z</time></trkpt><trkpt lat="42.843665" lon="-7.746455"><ele>688.946</ele><time>2022-07-16T08:17:41Z</time></trkpt><trkpt lat="42.843691" lon="-7.746512"><ele>688.960</ele><time>2022-07-16T08:17:44Z</time></trkpt><trkpt lat="42.843710" lon="-7.746569"><ele>688.919</ele><time>2022-07-16T08:17:47Z</time></trkpt><trkpt lat="42.843727" lon="-7.746629"><ele>688.967</ele><time>2022-07-16T08:17:50Z</time></trkpt><trkpt lat="42.843744" lon="-7.746686"><ele>688.958</ele><time>2022-07-16T08:17:53Z</time></trkpt><trkpt lat="42.843759" lon="-7.746760"><ele>688.994</ele><time>2022-07-16T08:17:57Z</time></trkpt><trkpt lat="42.843797" lon="-7.746794"><ele>688.957</ele><time>2022-07-16T08:18:04Z</time></trkpt><trkpt lat="42.843826" lon="-7.746860"><ele>688.822</ele><time>2022-07-16T08:18:09Z</time></trkpt><trkpt lat="42.843851" lon="-7.746926"><ele>688.709</ele><time>2022-07-16T08:18:14Z</time></trkpt><trkpt lat="42.843863" lon="-7.746987"><ele>688.790</ele><time>2022-07-16T08:18:18Z</time></trkpt><trkpt lat="42.843885" lon="-7.747049"><ele>688.729</ele><time>2022-07-16T08:18:21Z</time></trkpt><trkpt lat="42.843900" lon="-7.747124"><ele>688.797</ele><time>2022-07-16T08:18:25Z</time></trkpt><trkpt lat="42.843932" lon="-7.747183"><ele>688.779</ele><time>2022-07-16T08:18:29Z</time></trkpt><trkpt lat="42.843955" lon="-7.747260"><ele>688.766</ele><time>2022-07-16T08:18:33Z</time></trkpt><trkpt lat="42.843964" lon="-7.747334"><ele>688.710</ele><time>2022-07-16T08:18:37Z</time></trkpt><trkpt lat="42.843994" lon="-7.747383"><ele>688.749</ele><time>2022-07-16T08:18:40Z</time></trkpt><trkpt lat="42.844016" lon="-7.747453"><ele>688.787</ele><time>2022-07-16T08:18:44Z</time></trkpt><trkpt lat="42.844047" lon="-7.747502"><ele>688.728</ele><time>2022-07-16T08:18:48Z</time></trkpt><trkpt lat="42.844076" lon="-7.747560"><ele>688.752</ele><time>2022-07-16T08:18:52Z</time></trkpt><trkpt lat="42.844122" lon="-7.747607"><ele>688.753</ele><time>2022-07-16T08:18:56Z</time></trkpt><trkpt lat="42.844166" lon="-7.747625"><ele>688.708</ele><time>2022-07-16T08:19:00Z</time></trkpt><trkpt lat="42.844166" lon="-7.747705"><ele>688.709</ele><time>2022-07-16T08:19:50Z</time></trkpt><trkpt lat="42.844203" lon="-7.747667"><ele>688.736</ele><time>2022-07-16T08:19:53Z</time></trkpt><trkpt lat="42.844181" lon="-7.747735"><ele>688.765</ele><time>2022-07-16T08:20:02Z</time></trkpt><trkpt lat="42.844216" lon="-7.747793"><ele>688.723</ele><time>2022-07-16T08:20:06Z</time></trkpt><trkpt lat="42.844227" lon="-7.747857"><ele>688.785</ele><time>2022-07-16T08:20:11Z</time></trkpt><trkpt lat="42.844254" lon="-7.747910"><ele>688.632</ele><time>2022-07-16T08:20:15Z</time></trkpt><trkpt lat="42.844293" lon="-7.747961"><ele>688.436</ele><time>2022-07-16T08:20:20Z</time></trkpt><trkpt lat="42.844314" lon="-7.748030"><ele>688.325</ele><time>2022-07-16T08:20:25Z</time></trkpt><trkpt lat="42.844311" lon="-7.748097"><ele>688.253</ele><time>2022-07-16T08:20:29Z</time></trkpt><trkpt lat="42.844311" lon="-7.748159"><ele>688.144</ele><time>2022-07-16T08:20:33Z</time></trkpt><trkpt lat="42.844301" lon="-7.748219"><ele>688.068</ele><time>2022-07-16T08:20:38Z</time></trkpt><trkpt lat="42.844284" lon="-7.748282"><ele>687.942</ele><time>2022-07-16T08:20:43Z</time></trkpt><trkpt lat="42.844272" lon="-7.748343"><ele>687.826</ele><time>2022-07-16T08:20:47Z</time></trkpt><trkpt lat="42.844259" lon="-7.748412"><ele>687.809</ele><time>2022-07-16T08:20:52Z</time></trkpt><trkpt lat="42.844249" lon="-7.748472"><ele>687.887</ele><time>2022-07-16T08:20:56Z</time></trkpt><trkpt lat="42.844239" lon="-7.748538"><ele>687.866</ele><time>2022-07-16T08:21:00Z</time></trkpt><trkpt lat="42.844231" lon="-7.748607"><ele>687.814</ele><time>2022-07-16T08:21:03Z</time></trkpt><trkpt lat="42.844232" lon="-7.748681"><ele>687.856</ele><time>2022-07-16T08:21:08Z</time></trkpt><trkpt lat="42.844222" lon="-7.748744"><ele>687.833</ele><time>2022-07-16T08:21:12Z</time></trkpt><trkpt lat="42.844220" lon="-7.748807"><ele>687.887</ele><time>2022-07-16T08:21:20Z</time></trkpt><trkpt lat="42.844237" lon="-7.748867"><ele>687.896</ele><time>2022-07-16T08:21:24Z</time></trkpt><trkpt lat="42.844225" lon="-7.748929"><ele>687.834</ele><time>2022-07-16T08:21:29Z</time></trkpt><trkpt lat="42.844239" lon="-7.748988"><ele>687.855</ele><time>2022-07-16T08:21:33Z</time></trkpt><trkpt lat="42.844252" lon="-7.749055"><ele>687.936</ele><time>2022-07-16T08:21:41Z</time></trkpt><trkpt lat="42.844307" lon="-7.749172"><ele>688.117</ele><time>2022-07-16T08:22:59Z</time></trkpt><trkpt lat="42.844357" lon="-7.749211"><ele>688.218</ele><time>2022-07-16T08:23:31Z</time></trkpt><trkpt lat="42.844407" lon="-7.749240"><ele>688.209</ele><time>2022-07-16T08:23:35Z</time></trkpt><trkpt lat="42.844398" lon="-7.749302"><ele>688.314</ele><time>2022-07-16T08:23:39Z</time></trkpt><trkpt lat="42.844405" lon="-7.749381"><ele>688.333</ele><time>2022-07-16T08:23:44Z</time></trkpt><trkpt lat="42.844415" lon="-7.749459"><ele>688.341</ele><time>2022-07-16T08:23:49Z</time></trkpt><trkpt lat="42.844215" lon="-7.748856"><ele>687.513</ele><time>2022-07-16T08:25:13Z</time></trkpt><trkpt lat="42.844201" lon="-7.748927"><ele>687.560</ele><time>2022-07-16T08:25:19Z</time></trkpt><trkpt lat="42.844238" lon="-7.748987"><ele>687.564</ele><time>2022-07-16T08:25:24Z</time></trkpt><trkpt lat="42.844283" lon="-7.749030"><ele>687.663</ele><time>2022-07-16T08:25:48Z</time></trkpt><trkpt lat="42.844319" lon="-7.749078"><ele>687.711</ele><time>2022-07-16T08:25:52Z</time></trkpt><trkpt lat="42.844336" lon="-7.749137"><ele>687.762</ele><time>2022-07-16T08:25:55Z</time></trkpt><trkpt lat="42.844351" lon="-7.749211"><ele>687.946</ele><time>2022-07-16T08:25:59Z</time></trkpt><trkpt lat="42.844364" lon="-7.749278"><ele>688.188</ele><time>2022-07-16T08:26:04Z</time></trkpt><trkpt lat="42.844383" lon="-7.749355"><ele>688.216</ele><time>2022-07-16T08:26:09Z</time></trkpt><trkpt lat="42.844397" lon="-7.749423"><ele>688.309</ele><time>2022-07-16T08:26:14Z</time></trkpt><trkpt lat="42.844432" lon="-7.749487"><ele>688.465</ele><time>2022-07-16T08:26:19Z</time></trkpt><trkpt lat="42.844460" lon="-7.749551"><ele>688.564</ele><time>2022-07-16T08:26:24Z</time></trkpt><trkpt lat="42.844465" lon="-7.749617"><ele>688.622</ele><time>2022-07-16T08:26:29Z</time></trkpt><trkpt lat="42.844491" lon="-7.749677"><ele>688.634</ele><time>2022-07-16T08:26:47Z</time></trkpt><trkpt lat="42.844520" lon="-7.749731"><ele>688.721</ele><time>2022-07-16T08:26:51Z</time></trkpt><trkpt lat="42.844550" lon="-7.749783"><ele>688.895</ele><time>2022-07-16T08:26:55Z</time></trkpt><trkpt lat="42.844580" lon="-7.749841"><ele>688.964</ele><time>2022-07-16T08:26:59Z</time></trkpt><trkpt lat="42.844604" lon="-7.749897"><ele>689.072</ele><time>2022-07-16T08:27:04Z</time></trkpt><trkpt lat="42.844627" lon="-7.749960"><ele>689.053</ele><time>2022-07-16T08:27:08Z</time></trkpt><trkpt lat="42.844645" lon="-7.750019"><ele>689.099</ele><time>2022-07-16T08:27:12Z</time></trkpt><trkpt lat="42.844670" lon="-7.750080"><ele>689.107</ele><time>2022-07-16T08:27:40Z</time></trkpt><trkpt lat="42.844698" lon="-7.750144"><ele>689.327</ele><time>2022-07-16T08:27:45Z</time></trkpt><trkpt lat="42.844712" lon="-7.750211"><ele>689.509</ele><time>2022-07-16T08:27:50Z</time></trkpt><trkpt lat="42.844721" lon="-7.750281"><ele>689.770</ele><time>2022-07-16T08:27:54Z</time></trkpt><trkpt lat="42.844746" lon="-7.750348"><ele>690.099</ele><time>2022-07-16T08:27:59Z</time></trkpt><trkpt lat="42.844762" lon="-7.750412"><ele>690.397</ele><time>2022-07-16T08:28:03Z</time></trkpt><trkpt lat="42.844781" lon="-7.750476"><ele>690.579</ele><time>2022-07-16T08:28:07Z</time></trkpt><trkpt lat="42.844807" lon="-7.750530"><ele>690.716</ele><time>2022-07-16T08:28:11Z</time></trkpt><trkpt lat="42.844831" lon="-7.750594"><ele>690.960</ele><time>2022-07-16T08:28:15Z</time></trkpt><trkpt lat="42.844836" lon="-7.750660"><ele>691.219</ele><time>2022-07-16T08:28:18Z</time></trkpt><trkpt lat="42.844859" lon="-7.750715"><ele>691.577</ele><time>2022-07-16T08:28:21Z</time></trkpt><trkpt lat="42.844871" lon="-7.750774"><ele>691.868</ele><time>2022-07-16T08:28:25Z</time></trkpt><trkpt lat="42.844885" lon="-7.750845"><ele>692.186</ele><time>2022-07-16T08:28:29Z</time></trkpt><trkpt lat="42.844910" lon="-7.750902"><ele>692.460</ele><time>2022-07-16T08:28:33Z</time></trkpt><trkpt lat="42.844936" lon="-7.750963"><ele>692.826</ele><time>2022-07-16T08:28:37Z</time></trkpt><trkpt lat="42.844946" lon="-7.751033"><ele>693.209</ele><time>2022-07-16T08:28:41Z</time></trkpt><trkpt lat="42.844964" lon="-7.751100"><ele>693.489</ele><time>2022-07-16T08:28:45Z</time></trkpt><trkpt lat="42.844987" lon="-7.751168"><ele>693.658</ele><time>2022-07-16T08:28:49Z</time></trkpt><trkpt lat="42.845009" lon="-7.751237"><ele>693.926</ele><time>2022-07-16T08:28:53Z</time></trkpt><trkpt lat="42.845019" lon="-7.751306"><ele>694.218</ele><time>2022-07-16T08:28:57Z</time></trkpt><trkpt lat="42.845035" lon="-7.751380"><ele>694.885</ele><time>2022-07-16T08:29:01Z</time></trkpt><trkpt lat="42.845061" lon="-7.751448"><ele>695.239</ele><time>2022-07-16T08:29:05Z</time></trkpt><trkpt lat="42.845075" lon="-7.751513"><ele>695.378</ele><time>2022-07-16T08:29:09Z</time></trkpt><trkpt lat="42.845094" lon="-7.751586"><ele>695.746</ele><time>2022-07-16T08:29:14Z</time></trkpt><trkpt lat="42.845106" lon="-7.751650"><ele>695.947</ele><time>2022-07-16T08:29:17Z</time></trkpt><trkpt lat="42.845122" lon="-7.751712"><ele>696.373</ele><time>2022-07-16T08:29:21Z</time></trkpt><trkpt lat="42.845140" lon="-7.751781"><ele>696.685</ele><time>2022-07-16T08:29:25Z</time></trkpt><trkpt lat="42.845153" lon="-7.751846"><ele>696.913</ele><time>2022-07-16T08:29:29Z</time></trkpt><trkpt lat="42.845171" lon="-7.751906"><ele>697.309</ele><time>2022-07-16T08:29:33Z</time></trkpt><trkpt lat="42.845192" lon="-7.751979"><ele>697.758</ele><time>2022-07-16T08:29:37Z</time></trkpt><trkpt lat="42.845205" lon="-7.752041"><ele>698.177</ele><time>2022-07-16T08:29:41Z</time></trkpt><trkpt lat="42.845229" lon="-7.752104"><ele>698.455</ele><time>2022-07-16T08:29:45Z</time></trkpt><trkpt lat="42.845257" lon="-7.752163"><ele>698.837</ele><time>2022-07-16T08:29:49Z</time></trkpt><trkpt lat="42.845276" lon="-7.752231"><ele>699.294</ele><time>2022-07-16T08:29:53Z</time></trkpt><trkpt lat="42.845301" lon="-7.752288"><ele>699.678</ele><time>2022-07-16T08:29:57Z</time></trkpt><trkpt lat="42.845318" lon="-7.752352"><ele>700.057</ele><time>2022-07-16T08:30:01Z</time></trkpt><trkpt lat="42.845338" lon="-7.752421"><ele>700.355</ele><time>2022-07-16T08:30:05Z</time></trkpt><trkpt lat="42.845353" lon="-7.752491"><ele>700.676</ele><time>2022-07-16T08:30:09Z</time></trkpt><trkpt lat="42.845372" lon="-7.752564"><ele>701.037</ele><time>2022-07-16T08:30:13Z</time></trkpt><trkpt lat="42.845393" lon="-7.752636"><ele>701.749</ele><time>2022-07-16T08:30:17Z</time></trkpt><trkpt lat="42.845416" lon="-7.752710"><ele>702.013</ele><time>2022-07-16T08:30:21Z</time></trkpt><trkpt lat="42.845418" lon="-7.752790"><ele>702.309</ele><time>2022-07-16T08:30:25Z</time></trkpt><trkpt lat="42.845430" lon="-7.752865"><ele>702.844</ele><time>2022-07-16T08:30:29Z</time></trkpt><trkpt lat="42.845430" lon="-7.752938"><ele>703.373</ele><time>2022-07-16T08:30:33Z</time></trkpt><trkpt lat="42.845431" lon="-7.753015"><ele>703.791</ele><time>2022-07-16T08:30:37Z</time></trkpt><trkpt lat="42.845436" lon="-7.753088"><ele>704.033</ele><time>2022-07-16T08:30:41Z</time></trkpt><trkpt lat="42.845443" lon="-7.753164"><ele>704.340</ele><time>2022-07-16T08:30:45Z</time></trkpt><trkpt lat="42.845440" lon="-7.753231"><ele>704.684</ele><time>2022-07-16T08:30:49Z</time></trkpt><trkpt lat="42.845434" lon="-7.753305"><ele>704.963</ele><time>2022-07-16T08:30:53Z</time></trkpt><trkpt lat="42.845433" lon="-7.753384"><ele>705.391</ele><time>2022-07-16T08:30:57Z</time></trkpt><trkpt lat="42.845438" lon="-7.753462"><ele>705.782</ele><time>2022-07-16T08:31:01Z</time></trkpt><trkpt lat="42.845427" lon="-7.753536"><ele>706.195</ele><time>2022-07-16T08:31:05Z</time></trkpt><trkpt lat="42.845429" lon="-7.753606"><ele>706.649</ele><time>2022-07-16T08:31:09Z</time></trkpt><trkpt lat="42.845430" lon="-7.753673"><ele>706.923</ele><time>2022-07-16T08:31:13Z</time></trkpt><trkpt lat="42.845432" lon="-7.753743"><ele>707.009</ele><time>2022-07-16T08:31:17Z</time></trkpt><trkpt lat="42.845430" lon="-7.753811"><ele>707.140</ele><time>2022-07-16T08:31:21Z</time></trkpt><trkpt lat="42.845440" lon="-7.753878"><ele>707.179</ele><time>2022-07-16T08:31:25Z</time></trkpt><trkpt lat="42.845453" lon="-7.753953"><ele>707.137</ele><time>2022-07-16T08:31:30Z</time></trkpt><trkpt lat="42.845460" lon="-7.754021"><ele>707.299</ele><time>2022-07-16T08:31:34Z</time></trkpt><trkpt lat="42.845460" lon="-7.754090"><ele>707.376</ele><time>2022-07-16T08:31:37Z</time></trkpt><trkpt lat="42.845473" lon="-7.754154"><ele>707.360</ele><time>2022-07-16T08:31:41Z</time></trkpt><trkpt lat="42.845483" lon="-7.754214"><ele>707.369</ele><time>2022-07-16T08:31:44Z</time></trkpt><trkpt lat="42.845501" lon="-7.754292"><ele>707.337</ele><time>2022-07-16T08:31:49Z</time></trkpt><trkpt lat="42.845514" lon="-7.754368"><ele>707.328</ele><time>2022-07-16T08:31:53Z</time></trkpt><trkpt lat="42.845524" lon="-7.754433"><ele>707.365</ele><time>2022-07-16T08:31:56Z</time></trkpt><trkpt lat="42.845531" lon="-7.754507"><ele>707.268</ele><time>2022-07-16T08:32:00Z</time></trkpt><trkpt lat="42.845547" lon="-7.754586"><ele>707.114</ele><time>2022-07-16T08:32:04Z</time></trkpt><trkpt lat="42.845559" lon="-7.754662"><ele>707.009</ele><time>2022-07-16T08:32:08Z</time></trkpt><trkpt lat="42.845582" lon="-7.754728"><ele>706.927</ele><time>2022-07-16T08:32:12Z</time></trkpt><trkpt lat="42.845597" lon="-7.754788"><ele>706.886</ele><time>2022-07-16T08:32:15Z</time></trkpt><trkpt lat="42.845612" lon="-7.754860"><ele>706.784</ele><time>2022-07-16T08:32:19Z</time></trkpt><trkpt lat="42.845620" lon="-7.754926"><ele>706.776</ele><time>2022-07-16T08:32:22Z</time></trkpt><trkpt lat="42.845641" lon="-7.754998"><ele>706.693</ele><time>2022-07-16T08:32:26Z</time></trkpt><trkpt lat="42.845661" lon="-7.755073"><ele>706.567</ele><time>2022-07-16T08:32:30Z</time></trkpt><trkpt lat="42.845677" lon="-7.755145"><ele>706.466</ele><time>2022-07-16T08:32:34Z</time></trkpt><trkpt lat="42.845694" lon="-7.755216"><ele>706.354</ele><time>2022-07-16T08:32:38Z</time></trkpt><trkpt lat="42.845713" lon="-7.755290"><ele>706.215</ele><time>2022-07-16T08:32:42Z</time></trkpt><trkpt lat="42.845717" lon="-7.755367"><ele>706.173</ele><time>2022-07-16T08:32:46Z</time></trkpt><trkpt lat="42.845737" lon="-7.755436"><ele>706.085</ele><time>2022-07-16T08:32:50Z</time></trkpt><trkpt lat="42.845757" lon="-7.755507"><ele>705.913</ele><time>2022-07-16T08:32:54Z</time></trkpt><trkpt lat="42.845770" lon="-7.755568"><ele>705.809</ele><time>2022-07-16T08:32:58Z</time></trkpt><trkpt lat="42.845795" lon="-7.755642"><ele>705.788</ele><time>2022-07-16T08:33:02Z</time></trkpt><trkpt lat="42.845818" lon="-7.755699"><ele>705.617</ele><time>2022-07-16T08:33:06Z</time></trkpt><trkpt lat="42.845842" lon="-7.755766"><ele>705.585</ele><time>2022-07-16T08:33:10Z</time></trkpt><trkpt lat="42.845869" lon="-7.755815"><ele>705.367</ele><time>2022-07-16T08:33:13Z</time></trkpt><trkpt lat="42.845895" lon="-7.755882"><ele>705.094</ele><time>2022-07-16T08:33:17Z</time></trkpt><trkpt lat="42.845927" lon="-7.755926"><ele>704.818</ele><time>2022-07-16T08:33:21Z</time></trkpt><trkpt lat="42.845963" lon="-7.755983"><ele>704.617</ele><time>2022-07-16T08:33:25Z</time></trkpt><trkpt lat="42.845998" lon="-7.756041"><ele>704.435</ele><time>2022-07-16T08:33:29Z</time></trkpt><trkpt lat="42.846030" lon="-7.756104"><ele>704.116</ele><time>2022-07-16T08:33:33Z</time></trkpt><trkpt lat="42.846060" lon="-7.756160"><ele>703.951</ele><time>2022-07-16T08:33:37Z</time></trkpt><trkpt lat="42.846093" lon="-7.756208"><ele>703.701</ele><time>2022-07-16T08:33:41Z</time></trkpt><trkpt lat="42.846129" lon="-7.756260"><ele>703.511</ele><time>2022-07-16T08:33:45Z</time></trkpt><trkpt lat="42.846165" lon="-7.756298"><ele>703.309</ele><time>2022-07-16T08:33:48Z</time></trkpt><trkpt lat="42.846203" lon="-7.756343"><ele>703.176</ele><time>2022-07-16T08:33:52Z</time></trkpt><trkpt lat="42.846252" lon="-7.756391"><ele>703.055</ele><time>2022-07-16T08:33:56Z</time></trkpt><trkpt lat="42.846285" lon="-7.756444"><ele>702.933</ele><time>2022-07-16T08:34:00Z</time></trkpt><trkpt lat="42.846325" lon="-7.756502"><ele>702.885</ele><time>2022-07-16T08:34:04Z</time></trkpt><trkpt lat="42.846359" lon="-7.756545"><ele>702.742</ele><time>2022-07-16T08:34:07Z</time></trkpt><trkpt lat="42.846387" lon="-7.756598"><ele>702.686</ele><time>2022-07-16T08:34:10Z</time></trkpt><trkpt lat="42.846425" lon="-7.756648"><ele>702.465</ele><time>2022-07-16T08:34:14Z</time></trkpt><trkpt lat="42.846462" lon="-7.756693"><ele>702.213</ele><time>2022-07-16T08:34:17Z</time></trkpt><trkpt lat="42.846499" lon="-7.756735"><ele>702.034</ele><time>2022-07-16T08:34:20Z</time></trkpt><trkpt lat="42.846539" lon="-7.756788"><ele>701.911</ele><time>2022-07-16T08:34:23Z</time></trkpt><trkpt lat="42.846580" lon="-7.756826"><ele>701.921</ele><time>2022-07-16T08:34:26Z</time></trkpt><trkpt lat="42.846621" lon="-7.756874"><ele>701.803</ele><time>2022-07-16T08:34:29Z</time></trkpt><trkpt lat="42.846657" lon="-7.756928"><ele>701.809</ele><time>2022-07-16T08:34:33Z</time></trkpt><trkpt lat="42.846694" lon="-7.756966"><ele>701.822</ele><time>2022-07-16T08:34:37Z</time></trkpt><trkpt lat="42.846733" lon="-7.757006"><ele>701.791</ele><time>2022-07-16T08:34:41Z</time></trkpt><trkpt lat="42.846773" lon="-7.757044"><ele>701.679</ele><time>2022-07-16T08:34:45Z</time></trkpt><trkpt lat="42.846812" lon="-7.757077"><ele>701.691</ele><time>2022-07-16T08:34:48Z</time></trkpt><trkpt lat="42.846859" lon="-7.757119"><ele>701.538</ele><time>2022-07-16T08:34:52Z</time></trkpt><trkpt lat="42.846898" lon="-7.757158"><ele>701.442</ele><time>2022-07-16T08:34:56Z</time></trkpt><trkpt lat="42.846940" lon="-7.757191"><ele>701.391</ele><time>2022-07-16T08:35:00Z</time></trkpt><trkpt lat="42.846985" lon="-7.757225"><ele>701.339</ele><time>2022-07-16T08:35:04Z</time></trkpt><trkpt lat="42.847028" lon="-7.757268"><ele>701.390</ele><time>2022-07-16T08:35:08Z</time></trkpt><trkpt lat="42.847077" lon="-7.757301"><ele>701.363</ele><time>2022-07-16T08:35:12Z</time></trkpt><trkpt lat="42.847122" lon="-7.757339"><ele>701.344</ele><time>2022-07-16T08:35:16Z</time></trkpt><trkpt lat="42.847168" lon="-7.757376"><ele>701.318</ele><time>2022-07-16T08:35:20Z</time></trkpt><trkpt lat="42.847212" lon="-7.757405"><ele>701.309</ele><time>2022-07-16T08:35:24Z</time></trkpt><trkpt lat="42.847258" lon="-7.757449"><ele>701.397</ele><time>2022-07-16T08:35:28Z</time></trkpt><trkpt lat="42.847303" lon="-7.757469"><ele>701.376</ele><time>2022-07-16T08:35:31Z</time></trkpt><trkpt lat="42.847342" lon="-7.757501"><ele>701.324</ele><time>2022-07-16T08:35:35Z</time></trkpt><trkpt lat="42.847392" lon="-7.757539"><ele>701.326</ele><time>2022-07-16T08:35:39Z</time></trkpt><trkpt lat="42.847444" lon="-7.757575"><ele>701.443</ele><time>2022-07-16T08:35:43Z</time></trkpt><trkpt lat="42.847485" lon="-7.757615"><ele>701.577</ele><time>2022-07-16T08:35:47Z</time></trkpt><trkpt lat="42.847541" lon="-7.757650"><ele>701.596</ele><time>2022-07-16T08:35:52Z</time></trkpt><trkpt lat="42.847588" lon="-7.757689"><ele>701.594</ele><time>2022-07-16T08:35:56Z</time></trkpt><trkpt lat="42.847634" lon="-7.757727"><ele>701.635</ele><time>2022-07-16T08:36:00Z</time></trkpt><trkpt lat="42.847680" lon="-7.757770"><ele>701.718</ele><time>2022-07-16T08:36:04Z</time></trkpt><trkpt lat="42.847721" lon="-7.757811"><ele>701.998</ele><time>2022-07-16T08:36:08Z</time></trkpt><trkpt lat="42.847766" lon="-7.757860"><ele>702.017</ele><time>2022-07-16T08:36:12Z</time></trkpt><trkpt lat="42.847813" lon="-7.757911"><ele>702.109</ele><time>2022-07-16T08:36:17Z</time></trkpt><trkpt lat="42.847860" lon="-7.757953"><ele>702.232</ele><time>2022-07-16T08:36:21Z</time></trkpt><trkpt lat="42.847898" lon="-7.757995"><ele>702.461</ele><time>2022-07-16T08:36:25Z</time></trkpt><trkpt lat="42.847930" lon="-7.758043"><ele>702.569</ele><time>2022-07-16T08:36:28Z</time></trkpt><trkpt lat="42.847965" lon="-7.758086"><ele>702.571</ele><time>2022-07-16T08:36:32Z</time></trkpt><trkpt lat="42.848008" lon="-7.758141"><ele>702.688</ele><time>2022-07-16T08:36:36Z</time></trkpt><trkpt lat="42.848047" lon="-7.758191"><ele>702.842</ele><time>2022-07-16T08:36:40Z</time></trkpt><trkpt lat="42.848082" lon="-7.758241"><ele>702.961</ele><time>2022-07-16T08:36:43Z</time></trkpt><trkpt lat="42.848122" lon="-7.758293"><ele>703.049</ele><time>2022-07-16T08:36:47Z</time></trkpt><trkpt lat="42.848158" lon="-7.758331"><ele>703.230</ele><time>2022-07-16T08:36:50Z</time></trkpt><trkpt lat="42.848195" lon="-7.758389"><ele>703.458</ele><time>2022-07-16T08:36:54Z</time></trkpt><trkpt lat="42.848235" lon="-7.758442"><ele>703.652</ele><time>2022-07-16T08:36:58Z</time></trkpt><trkpt lat="42.848273" lon="-7.758497"><ele>703.717</ele><time>2022-07-16T08:37:02Z</time></trkpt><trkpt lat="42.848315" lon="-7.758550"><ele>703.909</ele><time>2022-07-16T08:37:06Z</time></trkpt><trkpt lat="42.848353" lon="-7.758612"><ele>704.146</ele><time>2022-07-16T08:37:10Z</time></trkpt><trkpt lat="42.848394" lon="-7.758660"><ele>704.325</ele><time>2022-07-16T08:37:14Z</time></trkpt><trkpt lat="42.848434" lon="-7.758708"><ele>704.473</ele><time>2022-07-16T08:37:18Z</time></trkpt><trkpt lat="42.848469" lon="-7.758771"><ele>704.565</ele><time>2022-07-16T08:37:22Z</time></trkpt><trkpt lat="42.848512" lon="-7.758790"><ele>704.562</ele><time>2022-07-16T08:37:27Z</time></trkpt><trkpt lat="42.848564" lon="-7.758813"><ele>704.556</ele><time>2022-07-16T08:37:31Z</time></trkpt><trkpt lat="42.848606" lon="-7.758841"><ele>704.535</ele><time>2022-07-16T08:37:36Z</time></trkpt><trkpt lat="42.848646" lon="-7.758872"><ele>704.573</ele><time>2022-07-16T08:37:56Z</time></trkpt><trkpt lat="42.848684" lon="-7.758916"><ele>704.534</ele><time>2022-07-16T08:38:00Z</time></trkpt><trkpt lat="42.848678" lon="-7.758978"><ele>704.283</ele><time>2022-07-16T08:38:05Z</time></trkpt><trkpt lat="42.848696" lon="-7.759040"><ele>704.025</ele><time>2022-07-16T08:38:08Z</time></trkpt><trkpt lat="42.848723" lon="-7.759101"><ele>704.017</ele><time>2022-07-16T08:38:11Z</time></trkpt><trkpt lat="42.848755" lon="-7.759153"><ele>704.009</ele><time>2022-07-16T08:38:14Z</time></trkpt><trkpt lat="42.848790" lon="-7.759218"><ele>704.269</ele><time>2022-07-16T08:38:18Z</time></trkpt><trkpt lat="42.848822" lon="-7.759275"><ele>704.248</ele><time>2022-07-16T08:38:22Z</time></trkpt><trkpt lat="42.848866" lon="-7.759311"><ele>704.286</ele><time>2022-07-16T08:38:26Z</time></trkpt><trkpt lat="42.848902" lon="-7.759373"><ele>704.078</ele><time>2022-07-16T08:38:30Z</time></trkpt><trkpt lat="42.848939" lon="-7.759433"><ele>703.935</ele><time>2022-07-16T08:38:34Z</time></trkpt><trkpt lat="42.848971" lon="-7.759485"><ele>703.849</ele><time>2022-07-16T08:38:38Z</time></trkpt><trkpt lat="42.849017" lon="-7.759518"><ele>703.678</ele><time>2022-07-16T08:38:42Z</time></trkpt><trkpt lat="42.849064" lon="-7.759545"><ele>703.436</ele><time>2022-07-16T08:38:47Z</time></trkpt><trkpt lat="42.849117" lon="-7.759579"><ele>703.257</ele><time>2022-07-16T08:38:53Z</time></trkpt><trkpt lat="42.849157" lon="-7.759613"><ele>703.015</ele><time>2022-07-16T08:38:58Z</time></trkpt><trkpt lat="42.849191" lon="-7.759666"><ele>702.765</ele><time>2022-07-16T08:39:06Z</time></trkpt><trkpt lat="42.849226" lon="-7.759723"><ele>702.511</ele><time>2022-07-16T08:39:10Z</time></trkpt><trkpt lat="42.849260" lon="-7.759769"><ele>702.309</ele><time>2022-07-16T08:39:13Z</time></trkpt><trkpt lat="42.849301" lon="-7.759824"><ele>702.212</ele><time>2022-07-16T08:39:17Z</time></trkpt><trkpt lat="42.849340" lon="-7.759856"><ele>702.261</ele><time>2022-07-16T08:39:20Z</time></trkpt><trkpt lat="42.849367" lon="-7.759905"><ele>702.119</ele><time>2022-07-16T08:39:23Z</time></trkpt><trkpt lat="42.849407" lon="-7.759961"><ele>702.051</ele><time>2022-07-16T08:39:27Z</time></trkpt><trkpt lat="42.849433" lon="-7.760011"><ele>701.958</ele><time>2022-07-16T08:39:30Z</time></trkpt><trkpt lat="42.849468" lon="-7.760055"><ele>701.822</ele><time>2022-07-16T08:39:33Z</time></trkpt><trkpt lat="42.849496" lon="-7.760108"><ele>701.721</ele><time>2022-07-16T08:39:36Z</time></trkpt><trkpt lat="42.849530" lon="-7.760172"><ele>701.619</ele><time>2022-07-16T08:39:40Z</time></trkpt><trkpt lat="42.849563" lon="-7.760226"><ele>701.580</ele><time>2022-07-16T08:39:44Z</time></trkpt><trkpt lat="42.849591" lon="-7.760279"><ele>701.369</ele><time>2022-07-16T08:39:47Z</time></trkpt><trkpt lat="42.849620" lon="-7.760347"><ele>701.104</ele><time>2022-07-16T08:39:51Z</time></trkpt><trkpt lat="42.849650" lon="-7.760417"><ele>700.924</ele><time>2022-07-16T08:39:55Z</time></trkpt><trkpt lat="42.849672" lon="-7.760473"><ele>700.809</ele><time>2022-07-16T08:39:58Z</time></trkpt><trkpt lat="42.849701" lon="-7.760539"><ele>700.757</ele><time>2022-07-16T08:40:02Z</time></trkpt><trkpt lat="42.849722" lon="-7.760610"><ele>700.566</ele><time>2022-07-16T08:40:06Z</time></trkpt><trkpt lat="42.849748" lon="-7.760664"><ele>700.424</ele><time>2022-07-16T08:40:09Z</time></trkpt><trkpt lat="42.849761" lon="-7.760736"><ele>700.266</ele><time>2022-07-16T08:40:13Z</time></trkpt><trkpt lat="42.849778" lon="-7.760806"><ele>699.983</ele><time>2022-07-16T08:40:17Z</time></trkpt><trkpt lat="42.849794" lon="-7.760890"><ele>699.717</ele><time>2022-07-16T08:40:21Z</time></trkpt><trkpt lat="42.849807" lon="-7.760962"><ele>699.536</ele><time>2022-07-16T08:40:25Z</time></trkpt><trkpt lat="42.849838" lon="-7.761022"><ele>699.274</ele><time>2022-07-16T08:40:29Z</time></trkpt><trkpt lat="42.849849" lon="-7.761094"><ele>698.955</ele><time>2022-07-16T08:40:33Z</time></trkpt><trkpt lat="42.849868" lon="-7.761172"><ele>698.627</ele><time>2022-07-16T08:40:37Z</time></trkpt><trkpt lat="42.849878" lon="-7.761236"><ele>698.368</ele><time>2022-07-16T08:40:40Z</time></trkpt><trkpt lat="42.849892" lon="-7.761316"><ele>698.014</ele><time>2022-07-16T08:40:44Z</time></trkpt><trkpt lat="42.849926" lon="-7.761384"><ele>697.709</ele><time>2022-07-16T08:40:48Z</time></trkpt><trkpt lat="42.849948" lon="-7.761449"><ele>697.413</ele><time>2022-07-16T08:40:52Z</time></trkpt><trkpt lat="42.849963" lon="-7.761508"><ele>697.252</ele><time>2022-07-16T08:40:55Z</time></trkpt><trkpt lat="42.849986" lon="-7.761569"><ele>696.880</ele><time>2022-07-16T08:40:59Z</time></trkpt><trkpt lat="42.850010" lon="-7.761625"><ele>696.552</ele><time>2022-07-16T08:41:03Z</time></trkpt><trkpt lat="42.850030" lon="-7.761687"><ele>696.249</ele><time>2022-07-16T08:41:07Z</time></trkpt><trkpt lat="42.850052" lon="-7.761744"><ele>695.953</ele><time>2022-07-16T08:41:11Z</time></trkpt><trkpt lat="42.850074" lon="-7.761824"><ele>695.612</ele><time>2022-07-16T08:41:15Z</time></trkpt><trkpt lat="42.850101" lon="-7.761884"><ele>695.370</ele><time>2022-07-16T08:41:19Z</time></trkpt><trkpt lat="42.850123" lon="-7.761954"><ele>695.011</ele><time>2022-07-16T08:41:23Z</time></trkpt><trkpt lat="42.850148" lon="-7.762026"><ele>694.614</ele><time>2022-07-16T08:41:27Z</time></trkpt><trkpt lat="42.850171" lon="-7.762094"><ele>694.454</ele><time>2022-07-16T08:41:31Z</time></trkpt><trkpt lat="42.850195" lon="-7.762168"><ele>694.109</ele><time>2022-07-16T08:41:35Z</time></trkpt><trkpt lat="42.850212" lon="-7.762233"><ele>693.909</ele><time>2022-07-16T08:41:39Z</time></trkpt><trkpt lat="42.850237" lon="-7.762287"><ele>693.632</ele><time>2022-07-16T08:41:42Z</time></trkpt><trkpt lat="42.850258" lon="-7.762349"><ele>693.531</ele><time>2022-07-16T08:41:46Z</time></trkpt><trkpt lat="42.850274" lon="-7.762411"><ele>693.229</ele><time>2022-07-16T08:41:49Z</time></trkpt><trkpt lat="42.850301" lon="-7.762469"><ele>692.941</ele><time>2022-07-16T08:41:52Z</time></trkpt><trkpt lat="42.850331" lon="-7.762541"><ele>692.678</ele><time>2022-07-16T08:41:56Z</time></trkpt><trkpt lat="42.850351" lon="-7.762599"><ele>692.422</ele><time>2022-07-16T08:41:59Z</time></trkpt><trkpt lat="42.850375" lon="-7.762671"><ele>692.141</ele><time>2022-07-16T08:42:03Z</time></trkpt><trkpt lat="42.850406" lon="-7.762740"><ele>691.719</ele><time>2022-07-16T08:42:07Z</time></trkpt><trkpt lat="42.850434" lon="-7.762797"><ele>691.430</ele><time>2022-07-16T08:42:11Z</time></trkpt><trkpt lat="42.850457" lon="-7.762874"><ele>691.072</ele><time>2022-07-16T08:42:15Z</time></trkpt><trkpt lat="42.850481" lon="-7.762931"><ele>690.513</ele><time>2022-07-16T08:42:19Z</time></trkpt><trkpt lat="42.850521" lon="-7.762988"><ele>690.114</ele><time>2022-07-16T08:42:24Z</time></trkpt><trkpt lat="42.850528" lon="-7.763055"><ele>689.909</ele><time>2022-07-16T08:42:27Z</time></trkpt><trkpt lat="42.850562" lon="-7.763115"><ele>689.358</ele><time>2022-07-16T08:42:31Z</time></trkpt><trkpt lat="42.850591" lon="-7.763184"><ele>689.087</ele><time>2022-07-16T08:42:35Z</time></trkpt><trkpt lat="42.850609" lon="-7.763248"><ele>688.685</ele><time>2022-07-16T08:42:38Z</time></trkpt><trkpt lat="42.850632" lon="-7.763303"><ele>688.477</ele><time>2022-07-16T08:42:41Z</time></trkpt><trkpt lat="42.850655" lon="-7.763382"><ele>687.914</ele><time>2022-07-16T08:42:45Z</time></trkpt><trkpt lat="42.850678" lon="-7.763465"><ele>687.648</ele><time>2022-07-16T08:42:49Z</time></trkpt><trkpt lat="42.850715" lon="-7.763534"><ele>687.157</ele><time>2022-07-16T08:42:53Z</time></trkpt><trkpt lat="42.850735" lon="-7.763611"><ele>686.625</ele><time>2022-07-16T08:42:57Z</time></trkpt><trkpt lat="42.850775" lon="-7.763667"><ele>686.356</ele><time>2022-07-16T08:43:01Z</time></trkpt><trkpt lat="42.850803" lon="-7.763730"><ele>686.095</ele><time>2022-07-16T08:43:05Z</time></trkpt><trkpt lat="42.850829" lon="-7.763790"><ele>685.649</ele><time>2022-07-16T08:43:09Z</time></trkpt><trkpt lat="42.850854" lon="-7.763843"><ele>685.223</ele><time>2022-07-16T08:43:12Z</time></trkpt><trkpt lat="42.850866" lon="-7.763933"><ele>684.709</ele><time>2022-07-16T08:43:16Z</time></trkpt><trkpt lat="42.850884" lon="-7.764008"><ele>684.350</ele><time>2022-07-16T08:43:20Z</time></trkpt><trkpt lat="42.850896" lon="-7.764076"><ele>683.839</ele><time>2022-07-16T08:43:23Z</time></trkpt><trkpt lat="42.850918" lon="-7.764155"><ele>683.497</ele><time>2022-07-16T08:43:27Z</time></trkpt><trkpt lat="42.850927" lon="-7.764217"><ele>683.029</ele><time>2022-07-16T08:43:30Z</time></trkpt><trkpt lat="42.850943" lon="-7.764278"><ele>682.896</ele><time>2022-07-16T08:43:33Z</time></trkpt><trkpt lat="42.850949" lon="-7.764347"><ele>682.420</ele><time>2022-07-16T08:43:36Z</time></trkpt><trkpt lat="42.850967" lon="-7.764404"><ele>682.039</ele><time>2022-07-16T08:43:39Z</time></trkpt><trkpt lat="42.850975" lon="-7.764473"><ele>681.747</ele><time>2022-07-16T08:43:42Z</time></trkpt><trkpt lat="42.850990" lon="-7.764538"><ele>681.498</ele><time>2022-07-16T08:43:45Z</time></trkpt><trkpt lat="42.851000" lon="-7.764599"><ele>681.135</ele><time>2022-07-16T08:43:48Z</time></trkpt><trkpt lat="42.851014" lon="-7.764658"><ele>680.886</ele><time>2022-07-16T08:43:51Z</time></trkpt><trkpt lat="42.851028" lon="-7.764718"><ele>680.514</ele><time>2022-07-16T08:43:54Z</time></trkpt><trkpt lat="42.851032" lon="-7.764783"><ele>680.209</ele><time>2022-07-16T08:43:57Z</time></trkpt><trkpt lat="42.851052" lon="-7.764857"><ele>679.944</ele><time>2022-07-16T08:44:01Z</time></trkpt><trkpt lat="42.851069" lon="-7.764933"><ele>679.793</ele><time>2022-07-16T08:44:05Z</time></trkpt><trkpt lat="42.851087" lon="-7.765001"><ele>679.461</ele><time>2022-07-16T08:44:09Z</time></trkpt><trkpt lat="42.851102" lon="-7.765061"><ele>679.033</ele><time>2022-07-16T08:44:12Z</time></trkpt><trkpt lat="42.851120" lon="-7.765119"><ele>678.670</ele><time>2022-07-16T08:44:15Z</time></trkpt><trkpt lat="42.851135" lon="-7.765199"><ele>678.394</ele><time>2022-07-16T08:44:19Z</time></trkpt><trkpt lat="42.851160" lon="-7.765279"><ele>678.123</ele><time>2022-07-16T08:44:23Z</time></trkpt><trkpt lat="42.851170" lon="-7.765363"><ele>677.731</ele><time>2022-07-16T08:44:27Z</time></trkpt><trkpt lat="42.851192" lon="-7.765434"><ele>677.472</ele><time>2022-07-16T08:44:31Z</time></trkpt><trkpt lat="42.851215" lon="-7.765510"><ele>677.098</ele><time>2022-07-16T08:44:35Z</time></trkpt><trkpt lat="42.851227" lon="-7.765569"><ele>676.615</ele><time>2022-07-16T08:44:38Z</time></trkpt><trkpt lat="42.851239" lon="-7.765649"><ele>676.226</ele><time>2022-07-16T08:44:42Z</time></trkpt><trkpt lat="42.851257" lon="-7.765709"><ele>676.109</ele><time>2022-07-16T08:44:45Z</time></trkpt><trkpt lat="42.851260" lon="-7.765787"><ele>675.690</ele><time>2022-07-16T08:44:48Z</time></trkpt><trkpt lat="42.851279" lon="-7.765861"><ele>675.579</ele><time>2022-07-16T08:44:52Z</time></trkpt><trkpt lat="42.851286" lon="-7.765924"><ele>675.337</ele><time>2022-07-16T08:44:55Z</time></trkpt><trkpt lat="42.851313" lon="-7.765991"><ele>674.939</ele><time>2022-07-16T08:44:59Z</time></trkpt><trkpt lat="42.851331" lon="-7.766053"><ele>674.526</ele><time>2022-07-16T08:45:03Z</time></trkpt><trkpt lat="42.851338" lon="-7.766121"><ele>674.190</ele><time>2022-07-16T08:45:08Z</time></trkpt><trkpt lat="42.851353" lon="-7.766193"><ele>673.699</ele><time>2022-07-16T08:45:13Z</time></trkpt><trkpt lat="42.851361" lon="-7.766263"><ele>673.157</ele><time>2022-07-16T08:45:17Z</time></trkpt><trkpt lat="42.851356" lon="-7.766337"><ele>672.538</ele><time>2022-07-16T08:45:22Z</time></trkpt><trkpt lat="42.851353" lon="-7.766408"><ele>672.093</ele><time>2022-07-16T08:45:27Z</time></trkpt><trkpt lat="42.851328" lon="-7.766533"><ele>671.265</ele><time>2022-07-16T08:45:46Z</time></trkpt><trkpt lat="42.851368" lon="-7.766563"><ele>670.721</ele><time>2022-07-16T08:45:51Z</time></trkpt><trkpt lat="42.851406" lon="-7.766611"><ele>670.309</ele><time>2022-07-16T08:45:58Z</time></trkpt><trkpt lat="42.851436" lon="-7.766667"><ele>669.780</ele><time>2022-07-16T08:46:03Z</time></trkpt><trkpt lat="42.851455" lon="-7.766731"><ele>668.889</ele><time>2022-07-16T08:46:08Z</time></trkpt><trkpt lat="42.851489" lon="-7.766788"><ele>668.557</ele><time>2022-07-16T08:46:12Z</time></trkpt><trkpt lat="42.851499" lon="-7.766861"><ele>667.929</ele><time>2022-07-16T08:46:16Z</time></trkpt><trkpt lat="42.851524" lon="-7.766923"><ele>667.486</ele><time>2022-07-16T08:46:19Z</time></trkpt><trkpt lat="42.851538" lon="-7.766993"><ele>666.940</ele><time>2022-07-16T08:46:23Z</time></trkpt><trkpt lat="42.851555" lon="-7.767057"><ele>666.569</ele><time>2022-07-16T08:46:27Z</time></trkpt><trkpt lat="42.851579" lon="-7.767123"><ele>666.187</ele><time>2022-07-16T08:46:31Z</time></trkpt><trkpt lat="42.851599" lon="-7.767186"><ele>665.618</ele><time>2022-07-16T08:46:35Z</time></trkpt><trkpt lat="42.851605" lon="-7.767254"><ele>665.197</ele><time>2022-07-16T08:46:40Z</time></trkpt><trkpt lat="42.851615" lon="-7.767328"><ele>664.723</ele><time>2022-07-16T08:46:44Z</time></trkpt><trkpt lat="42.851621" lon="-7.767393"><ele>664.225</ele><time>2022-07-16T08:46:47Z</time></trkpt><trkpt lat="42.851615" lon="-7.767462"><ele>663.709</ele><time>2022-07-16T08:46:51Z</time></trkpt><trkpt lat="42.851626" lon="-7.767533"><ele>663.330</ele><time>2022-07-16T08:46:55Z</time></trkpt><trkpt lat="42.851641" lon="-7.767603"><ele>662.979</ele><time>2022-07-16T08:46:58Z</time></trkpt><trkpt lat="42.851662" lon="-7.767657"><ele>662.337</ele><time>2022-07-16T08:47:01Z</time></trkpt><trkpt lat="42.851676" lon="-7.767721"><ele>661.889</ele><time>2022-07-16T08:47:04Z</time></trkpt><trkpt lat="42.851698" lon="-7.767794"><ele>661.456</ele><time>2022-07-16T08:47:08Z</time></trkpt><trkpt lat="42.851721" lon="-7.767862"><ele>661.140</ele><time>2022-07-16T08:47:12Z</time></trkpt><trkpt lat="42.851742" lon="-7.767931"><ele>660.849</ele><time>2022-07-16T08:47:16Z</time></trkpt><trkpt lat="42.851760" lon="-7.767991"><ele>660.437</ele><time>2022-07-16T08:47:21Z</time></trkpt><trkpt lat="42.851770" lon="-7.768058"><ele>660.188</ele><time>2022-07-16T08:47:26Z</time></trkpt><trkpt lat="42.851811" lon="-7.768107"><ele>659.936</ele><time>2022-07-16T08:47:30Z</time></trkpt><trkpt lat="42.851834" lon="-7.768167"><ele>659.617</ele><time>2022-07-16T08:47:34Z</time></trkpt><trkpt lat="42.851855" lon="-7.768233"><ele>659.218</ele><time>2022-07-16T08:47:38Z</time></trkpt><trkpt lat="42.851872" lon="-7.768295"><ele>658.909</ele><time>2022-07-16T08:47:42Z</time></trkpt><trkpt lat="42.851902" lon="-7.768352"><ele>658.614</ele><time>2022-07-16T08:47:46Z</time></trkpt><trkpt lat="42.851925" lon="-7.768409"><ele>658.253</ele><time>2022-07-16T08:47:50Z</time></trkpt><trkpt lat="42.851950" lon="-7.768461"><ele>657.821</ele><time>2022-07-16T08:47:54Z</time></trkpt><trkpt lat="42.851970" lon="-7.768516"><ele>657.483</ele><time>2022-07-16T08:47:58Z</time></trkpt><trkpt lat="42.851998" lon="-7.768575"><ele>656.950</ele><time>2022-07-16T08:48:03Z</time></trkpt><trkpt lat="42.852023" lon="-7.768631"><ele>656.594</ele><time>2022-07-16T08:48:07Z</time></trkpt><trkpt lat="42.852048" lon="-7.768695"><ele>656.243</ele><time>2022-07-16T08:48:11Z</time></trkpt><trkpt lat="42.852071" lon="-7.768753"><ele>655.931</ele><time>2022-07-16T08:48:16Z</time></trkpt><trkpt lat="42.852087" lon="-7.768812"><ele>655.672</ele><time>2022-07-16T08:48:20Z</time></trkpt><trkpt lat="42.852112" lon="-7.768869"><ele>655.356</ele><time>2022-07-16T08:48:25Z</time></trkpt><trkpt lat="42.852131" lon="-7.768939"><ele>655.059</ele><time>2022-07-16T08:48:30Z</time></trkpt><trkpt lat="42.852155" lon="-7.769002"><ele>654.714</ele><time>2022-07-16T08:48:35Z</time></trkpt><trkpt lat="42.852174" lon="-7.769063"><ele>654.409</ele><time>2022-07-16T08:48:39Z</time></trkpt><trkpt lat="42.852196" lon="-7.769126"><ele>654.086</ele><time>2022-07-16T08:48:43Z</time></trkpt><trkpt lat="42.852222" lon="-7.769190"><ele>653.645</ele><time>2022-07-16T08:48:48Z</time></trkpt><trkpt lat="42.852248" lon="-7.769246"><ele>653.383</ele><time>2022-07-16T08:48:52Z</time></trkpt><trkpt lat="42.852274" lon="-7.769307"><ele>653.045</ele><time>2022-07-16T08:48:57Z</time></trkpt><trkpt lat="42.852303" lon="-7.769379"><ele>652.732</ele><time>2022-07-16T08:49:02Z</time></trkpt><trkpt lat="42.852319" lon="-7.769440"><ele>652.456</ele><time>2022-07-16T08:49:06Z</time></trkpt><trkpt lat="42.852349" lon="-7.769501"><ele>652.135</ele><time>2022-07-16T08:49:10Z</time></trkpt><trkpt lat="42.852370" lon="-7.769557"><ele>651.873</ele><time>2022-07-16T08:49:14Z</time></trkpt><trkpt lat="42.852394" lon="-7.769627"><ele>651.694</ele><time>2022-07-16T08:49:19Z</time></trkpt><trkpt lat="42.852417" lon="-7.769698"><ele>651.479</ele><time>2022-07-16T08:49:24Z</time></trkpt><trkpt lat="42.852435" lon="-7.769763"><ele>651.205</ele><time>2022-07-16T08:49:29Z</time></trkpt><trkpt lat="42.852454" lon="-7.769828"><ele>650.925</ele><time>2022-07-16T08:49:33Z</time></trkpt><trkpt lat="42.852479" lon="-7.769886"><ele>650.609</ele><time>2022-07-16T08:49:38Z</time></trkpt><trkpt lat="42.852475" lon="-7.769997"><ele>650.178</ele><time>2022-07-16T08:50:01Z</time></trkpt><trkpt lat="42.852437" lon="-7.770045"><ele>649.897</ele><time>2022-07-16T08:50:07Z</time></trkpt><trkpt lat="42.852401" lon="-7.770082"><ele>649.275</ele><time>2022-07-16T08:50:13Z</time></trkpt><trkpt lat="42.852429" lon="-7.770032"><ele>648.987</ele><time>2022-07-16T08:51:08Z</time></trkpt><trkpt lat="42.852474" lon="-7.770012"><ele>648.724</ele><time>2022-07-16T08:51:25Z</time></trkpt><trkpt lat="42.852492" lon="-7.770096"><ele>648.638</ele><time>2022-07-16T08:51:29Z</time></trkpt><trkpt lat="42.852518" lon="-7.770164"><ele>648.487</ele><time>2022-07-16T08:51:33Z</time></trkpt><trkpt lat="42.852533" lon="-7.770223"><ele>648.385</ele><time>2022-07-16T08:51:36Z</time></trkpt><trkpt lat="42.852538" lon="-7.770294"><ele>648.296</ele><time>2022-07-16T08:51:40Z</time></trkpt><trkpt lat="42.852543" lon="-7.770364"><ele>647.929</ele><time>2022-07-16T08:51:43Z</time></trkpt><trkpt lat="42.852555" lon="-7.770423"><ele>647.800</ele><time>2022-07-16T08:51:46Z</time></trkpt><trkpt lat="42.852560" lon="-7.770496"><ele>647.620</ele><time>2022-07-16T08:51:50Z</time></trkpt><trkpt lat="42.852557" lon="-7.770559"><ele>647.409</ele><time>2022-07-16T08:51:54Z</time></trkpt><trkpt lat="42.852573" lon="-7.770632"><ele>647.193</ele><time>2022-07-16T08:51:58Z</time></trkpt><trkpt lat="42.852579" lon="-7.770705"><ele>646.732</ele><time>2022-07-16T08:52:02Z</time></trkpt><trkpt lat="42.852571" lon="-7.770766"><ele>646.260</ele><time>2022-07-16T08:52:06Z</time></trkpt><trkpt lat="42.852566" lon="-7.770841"><ele>645.742</ele><time>2022-07-16T08:52:12Z</time></trkpt><trkpt lat="42.852549" lon="-7.770904"><ele>645.349</ele><time>2022-07-16T08:52:18Z</time></trkpt><trkpt lat="42.852551" lon="-7.770978"><ele>644.753</ele><time>2022-07-16T08:52:22Z</time></trkpt><trkpt lat="42.852543" lon="-7.771043"><ele>643.942</ele><time>2022-07-16T08:52:26Z</time></trkpt><trkpt lat="42.852531" lon="-7.771109"><ele>643.290</ele><time>2022-07-16T08:52:30Z</time></trkpt><trkpt lat="42.852529" lon="-7.771177"><ele>642.751</ele><time>2022-07-16T08:52:34Z</time></trkpt><trkpt lat="42.852544" lon="-7.771264"><ele>642.276</ele><time>2022-07-16T08:52:38Z</time></trkpt><trkpt lat="42.852550" lon="-7.771326"><ele>641.790</ele><time>2022-07-16T08:52:41Z</time></trkpt><trkpt lat="42.852546" lon="-7.771401"><ele>641.319</ele><time>2022-07-16T08:52:45Z</time></trkpt><trkpt lat="42.852536" lon="-7.771472"><ele>640.709</ele><time>2022-07-16T08:52:48Z</time></trkpt><trkpt lat="42.852532" lon="-7.771536"><ele>640.558</ele><time>2022-07-16T08:52:51Z</time></trkpt><trkpt lat="42.852519" lon="-7.771608"><ele>640.177</ele><time>2022-07-16T08:52:55Z</time></trkpt><trkpt lat="42.852509" lon="-7.771682"><ele>639.735</ele><time>2022-07-16T08:52:59Z</time></trkpt><trkpt lat="42.852510" lon="-7.771763"><ele>638.857</ele><time>2022-07-16T08:53:03Z</time></trkpt><trkpt lat="42.852504" lon="-7.771829"><ele>638.614</ele><time>2022-07-16T08:53:06Z</time></trkpt><trkpt lat="42.852508" lon="-7.771903"><ele>638.068</ele><time>2022-07-16T08:53:10Z</time></trkpt><trkpt lat="42.852502" lon="-7.771975"><ele>637.737</ele><time>2022-07-16T08:53:14Z</time></trkpt><trkpt lat="42.852513" lon="-7.772037"><ele>637.625</ele><time>2022-07-16T08:53:18Z</time></trkpt><trkpt lat="42.852522" lon="-7.772098"><ele>637.346</ele><time>2022-07-16T08:53:21Z</time></trkpt><trkpt lat="42.852532" lon="-7.772158"><ele>637.028</ele><time>2022-07-16T08:53:25Z</time></trkpt><trkpt lat="42.852525" lon="-7.772235"><ele>636.889</ele><time>2022-07-16T08:53:30Z</time></trkpt><trkpt lat="42.852541" lon="-7.772299"><ele>636.617</ele><time>2022-07-16T08:53:36Z</time></trkpt><trkpt lat="42.852574" lon="-7.772365"><ele>636.409</ele><time>2022-07-16T08:53:43Z</time></trkpt><trkpt lat="42.852599" lon="-7.772423"><ele>636.133</ele><time>2022-07-16T08:53:49Z</time></trkpt><trkpt lat="42.852623" lon="-7.772507"><ele>635.672</ele><time>2022-07-16T08:53:51Z</time></trkpt><trkpt lat="42.852645" lon="-7.772565"><ele>635.370</ele><time>2022-07-16T08:53:53Z</time></trkpt><trkpt lat="42.852681" lon="-7.772617"><ele>635.392</ele><time>2022-07-16T08:53:56Z</time></trkpt><trkpt lat="42.852710" lon="-7.772683"><ele>635.389</ele><time>2022-07-16T08:53:59Z</time></trkpt><trkpt lat="42.852738" lon="-7.772744"><ele>635.323</ele><time>2022-07-16T08:54:03Z</time></trkpt><trkpt lat="42.852779" lon="-7.772801"><ele>635.352</ele><time>2022-07-16T08:54:07Z</time></trkpt><trkpt lat="42.852816" lon="-7.772857"><ele>635.160</ele><time>2022-07-16T08:54:11Z</time></trkpt><trkpt lat="42.852855" lon="-7.772901"><ele>635.021</ele><time>2022-07-16T08:54:15Z</time></trkpt><trkpt lat="42.852888" lon="-7.772959"><ele>634.949</ele><time>2022-07-16T08:54:19Z</time></trkpt><trkpt lat="42.852927" lon="-7.773009"><ele>634.802</ele><time>2022-07-16T08:54:23Z</time></trkpt><trkpt lat="42.852966" lon="-7.773066"><ele>634.722</ele><time>2022-07-16T08:54:27Z</time></trkpt><trkpt lat="42.852995" lon="-7.773115"><ele>634.609</ele><time>2022-07-16T08:54:31Z</time></trkpt><trkpt lat="42.853033" lon="-7.773155"><ele>634.545</ele><time>2022-07-16T08:54:37Z</time></trkpt><trkpt lat="42.853057" lon="-7.773210"><ele>634.364</ele><time>2022-07-16T08:54:41Z</time></trkpt><trkpt lat="42.853083" lon="-7.773269"><ele>634.092</ele><time>2022-07-16T08:54:45Z</time></trkpt><trkpt lat="42.853119" lon="-7.773322"><ele>633.644</ele><time>2022-07-16T08:54:49Z</time></trkpt><trkpt lat="42.853159" lon="-7.773352"><ele>633.281</ele><time>2022-07-16T08:54:55Z</time></trkpt><trkpt lat="42.853203" lon="-7.773385"><ele>632.935</ele><time>2022-07-16T08:55:01Z</time></trkpt><trkpt lat="42.853253" lon="-7.773425"><ele>632.614</ele><time>2022-07-16T08:55:08Z</time></trkpt><trkpt lat="42.853295" lon="-7.773474"><ele>632.462</ele><time>2022-07-16T08:55:12Z</time></trkpt><trkpt lat="42.853346" lon="-7.773496"><ele>632.123</ele><time>2022-07-16T08:55:18Z</time></trkpt><trkpt lat="42.853389" lon="-7.773518"><ele>631.797</ele><time>2022-07-16T08:55:20Z</time></trkpt><trkpt lat="42.853427" lon="-7.773557"><ele>631.323</ele><time>2022-07-16T08:55:23Z</time></trkpt><trkpt lat="42.853463" lon="-7.773614"><ele>631.125</ele><time>2022-07-16T08:55:29Z</time></trkpt><trkpt lat="42.853495" lon="-7.773661"><ele>631.009</ele><time>2022-07-16T08:55:32Z</time></trkpt><trkpt lat="42.853543" lon="-7.773700"><ele>630.810</ele><time>2022-07-16T08:55:37Z</time></trkpt><trkpt lat="42.853588" lon="-7.773771"><ele>630.619</ele><time>2022-07-16T08:55:42Z</time></trkpt><trkpt lat="42.853629" lon="-7.773817"><ele>630.517</ele><time>2022-07-16T08:55:46Z</time></trkpt><trkpt lat="42.853658" lon="-7.773865"><ele>630.339</ele><time>2022-07-16T08:55:48Z</time></trkpt><trkpt lat="42.853690" lon="-7.773920"><ele>630.186</ele><time>2022-07-16T08:55:50Z</time></trkpt><trkpt lat="42.853725" lon="-7.773975"><ele>630.020</ele><time>2022-07-16T08:55:53Z</time></trkpt><trkpt lat="42.853763" lon="-7.774029"><ele>630.029</ele><time>2022-07-16T08:55:57Z</time></trkpt><trkpt lat="42.853794" lon="-7.774085"><ele>629.997</ele><time>2022-07-16T08:56:01Z</time></trkpt><trkpt lat="42.853826" lon="-7.774138"><ele>629.718</ele><time>2022-07-16T08:56:04Z</time></trkpt><trkpt lat="42.853858" lon="-7.774189"><ele>629.572</ele><time>2022-07-16T08:56:07Z</time></trkpt><trkpt lat="42.853890" lon="-7.774237"><ele>629.313</ele><time>2022-07-16T08:56:10Z</time></trkpt><trkpt lat="42.853916" lon="-7.774310"><ele>629.114</ele><time>2022-07-16T08:56:14Z</time></trkpt><trkpt lat="42.853948" lon="-7.774369"><ele>628.909</ele><time>2022-07-16T08:56:17Z</time></trkpt><trkpt lat="42.853975" lon="-7.774425"><ele>628.778</ele><time>2022-07-16T08:56:20Z</time></trkpt><trkpt lat="42.854004" lon="-7.774474"><ele>628.537</ele><time>2022-07-16T08:56:23Z</time></trkpt><trkpt lat="42.854035" lon="-7.774522"><ele>628.435</ele><time>2022-07-16T08:56:27Z</time></trkpt><trkpt lat="42.854064" lon="-7.774589"><ele>628.327</ele><time>2022-07-16T08:56:32Z</time></trkpt><trkpt lat="42.854100" lon="-7.774627"><ele>628.274</ele><time>2022-07-16T08:56:36Z</time></trkpt><trkpt lat="42.854139" lon="-7.774677"><ele>628.178</ele><time>2022-07-16T08:56:40Z</time></trkpt><trkpt lat="42.854176" lon="-7.774726"><ele>628.047</ele><time>2022-07-16T08:56:44Z</time></trkpt><trkpt lat="42.854219" lon="-7.774783"><ele>627.945</ele><time>2022-07-16T08:56:48Z</time></trkpt><trkpt lat="42.854241" lon="-7.774845"><ele>627.816</ele><time>2022-07-16T08:56:51Z</time></trkpt><trkpt lat="42.854278" lon="-7.774890"><ele>627.762</ele><time>2022-07-16T08:56:56Z</time></trkpt><trkpt lat="42.854316" lon="-7.774931"><ele>627.783</ele><time>2022-07-16T08:57:00Z</time></trkpt><trkpt lat="42.854348" lon="-7.774982"><ele>627.711</ele><time>2022-07-16T08:57:04Z</time></trkpt><trkpt lat="42.854358" lon="-7.775043"><ele>627.609</ele><time>2022-07-16T08:57:07Z</time></trkpt><trkpt lat="42.854381" lon="-7.775099"><ele>627.597</ele><time>2022-07-16T08:57:11Z</time></trkpt><trkpt lat="42.854416" lon="-7.775143"><ele>627.596</ele><time>2022-07-16T08:57:15Z</time></trkpt><trkpt lat="42.854441" lon="-7.775203"><ele>627.424</ele><time>2022-07-16T08:57:19Z</time></trkpt><trkpt lat="42.854458" lon="-7.775266"><ele>627.296</ele><time>2022-07-16T08:57:23Z</time></trkpt><trkpt lat="42.854492" lon="-7.775326"><ele>627.023</ele><time>2022-07-16T08:57:27Z</time></trkpt><trkpt lat="42.854523" lon="-7.775379"><ele>626.937</ele><time>2022-07-16T08:57:31Z</time></trkpt><trkpt lat="42.854547" lon="-7.775432"><ele>626.876</ele><time>2022-07-16T08:57:35Z</time></trkpt><trkpt lat="42.854586" lon="-7.775472"><ele>626.624</ele><time>2022-07-16T08:57:40Z</time></trkpt><trkpt lat="42.854613" lon="-7.775560"><ele>626.325</ele><time>2022-07-16T08:57:55Z</time></trkpt><trkpt lat="42.854640" lon="-7.775619"><ele>626.279</ele><time>2022-07-16T08:58:07Z</time></trkpt><trkpt lat="42.854648" lon="-7.775684"><ele>625.905</ele><time>2022-07-16T08:58:11Z</time></trkpt><trkpt lat="42.854671" lon="-7.775745"><ele>625.725</ele><time>2022-07-16T08:58:15Z</time></trkpt><trkpt lat="42.854706" lon="-7.775800"><ele>625.609</ele><time>2022-07-16T08:58:20Z</time></trkpt><trkpt lat="42.854734" lon="-7.775872"><ele>625.598</ele><time>2022-07-16T08:58:24Z</time></trkpt><trkpt lat="42.854793" lon="-7.776032"><ele>625.367</ele><time>2022-07-16T08:58:46Z</time></trkpt><trkpt lat="42.854828" lon="-7.776083"><ele>625.345</ele><time>2022-07-16T08:58:51Z</time></trkpt><trkpt lat="42.854859" lon="-7.776150"><ele>625.487</ele><time>2022-07-16T08:58:56Z</time></trkpt><trkpt lat="42.854868" lon="-7.776212"><ele>625.434</ele><time>2022-07-16T08:59:00Z</time></trkpt><trkpt lat="42.854890" lon="-7.776276"><ele>625.468</ele><time>2022-07-16T08:59:05Z</time></trkpt><trkpt lat="42.854899" lon="-7.776338"><ele>625.467</ele><time>2022-07-16T08:59:09Z</time></trkpt><trkpt lat="42.854933" lon="-7.776382"><ele>625.415</ele><time>2022-07-16T08:59:13Z</time></trkpt><trkpt lat="42.854936" lon="-7.776458"><ele>625.326</ele><time>2022-07-16T08:59:18Z</time></trkpt><trkpt lat="42.854964" lon="-7.776520"><ele>625.244</ele><time>2022-07-16T08:59:21Z</time></trkpt><trkpt lat="42.854996" lon="-7.776597"><ele>625.205</ele><time>2022-07-16T08:59:25Z</time></trkpt><trkpt lat="42.855015" lon="-7.776654"><ele>625.215</ele><time>2022-07-16T08:59:28Z</time></trkpt><trkpt lat="42.855038" lon="-7.776724"><ele>625.109</ele><time>2022-07-16T08:59:32Z</time></trkpt><trkpt lat="42.855064" lon="-7.776791"><ele>625.175</ele><time>2022-07-16T08:59:36Z</time></trkpt><trkpt lat="42.855081" lon="-7.776848"><ele>625.124</ele><time>2022-07-16T08:59:41Z</time></trkpt><trkpt lat="42.855107" lon="-7.776914"><ele>625.042</ele><time>2022-07-16T08:59:46Z</time></trkpt><trkpt lat="42.855127" lon="-7.776973"><ele>625.014</ele><time>2022-07-16T08:59:49Z</time></trkpt><trkpt lat="42.855131" lon="-7.777045"><ele>624.841</ele><time>2022-07-16T08:59:54Z</time></trkpt><trkpt lat="42.855151" lon="-7.777105"><ele>624.515</ele><time>2022-07-16T08:59:59Z</time></trkpt><trkpt lat="42.855166" lon="-7.777164"><ele>623.964</ele><time>2022-07-16T09:00:02Z</time></trkpt><trkpt lat="42.855191" lon="-7.777224"><ele>623.362</ele><time>2022-07-16T09:00:06Z</time></trkpt><trkpt lat="42.855200" lon="-7.777299"><ele>622.923</ele><time>2022-07-16T09:00:11Z</time></trkpt><trkpt lat="42.855152" lon="-7.777316"><ele>622.614</ele><time>2022-07-16T09:00:18Z</time></trkpt><trkpt lat="42.855153" lon="-7.777381"><ele>622.654</ele><time>2022-07-16T09:00:30Z</time></trkpt><trkpt lat="42.855132" lon="-7.777443"><ele>622.409</ele><time>2022-07-16T09:00:51Z</time></trkpt><trkpt lat="42.855179" lon="-7.777465"><ele>622.309</ele><time>2022-07-16T09:01:00Z</time></trkpt><trkpt lat="42.855221" lon="-7.777512"><ele>622.272</ele><time>2022-07-16T09:01:45Z</time></trkpt><trkpt lat="42.855269" lon="-7.777523"><ele>622.251</ele><time>2022-07-16T09:01:50Z</time></trkpt><trkpt lat="42.855325" lon="-7.777539"><ele>621.949</ele><time>2022-07-16T09:01:55Z</time></trkpt><trkpt lat="42.855367" lon="-7.777565"><ele>621.431</ele><time>2022-07-16T09:01:59Z</time></trkpt><trkpt lat="42.855413" lon="-7.777599"><ele>620.738</ele><time>2022-07-16T09:02:04Z</time></trkpt><trkpt lat="42.855457" lon="-7.777623"><ele>620.172</ele><time>2022-07-16T09:02:07Z</time></trkpt><trkpt lat="42.855500" lon="-7.777657"><ele>619.631</ele><time>2022-07-16T09:02:11Z</time></trkpt><trkpt lat="42.855548" lon="-7.777679"><ele>619.289</ele><time>2022-07-16T09:02:15Z</time></trkpt><trkpt lat="42.855603" lon="-7.777702"><ele>618.860</ele><time>2022-07-16T09:02:19Z</time></trkpt><trkpt lat="42.855644" lon="-7.777744"><ele>618.423</ele><time>2022-07-16T09:02:23Z</time></trkpt><trkpt lat="42.855690" lon="-7.777759"><ele>618.183</ele><time>2022-07-16T09:02:27Z</time></trkpt><trkpt lat="42.855745" lon="-7.777786"><ele>617.811</ele><time>2022-07-16T09:02:31Z</time></trkpt><trkpt lat="42.855796" lon="-7.777798"><ele>617.509</ele><time>2022-07-16T09:02:35Z</time></trkpt><trkpt lat="42.855841" lon="-7.777818"><ele>617.373</ele><time>2022-07-16T09:02:38Z</time></trkpt><trkpt lat="42.855897" lon="-7.777843"><ele>617.152</ele><time>2022-07-16T09:02:43Z</time></trkpt><trkpt lat="42.855955" lon="-7.777866"><ele>616.920</ele><time>2022-07-16T09:02:47Z</time></trkpt><trkpt lat="42.856005" lon="-7.777871"><ele>616.812</ele><time>2022-07-16T09:02:50Z</time></trkpt><trkpt lat="42.856063" lon="-7.777874"><ele>616.639</ele><time>2022-07-16T09:02:54Z</time></trkpt><trkpt lat="42.856114" lon="-7.777883"><ele>616.573</ele><time>2022-07-16T09:02:58Z</time></trkpt><trkpt lat="42.856167" lon="-7.777891"><ele>616.512</ele><time>2022-07-16T09:03:02Z</time></trkpt><trkpt lat="42.856215" lon="-7.777916"><ele>616.590</ele><time>2022-07-16T09:03:06Z</time></trkpt><trkpt lat="42.856265" lon="-7.777927"><ele>616.531</ele><time>2022-07-16T09:03:10Z</time></trkpt><trkpt lat="42.856312" lon="-7.777952"><ele>616.576</ele><time>2022-07-16T09:03:14Z</time></trkpt><trkpt lat="42.856360" lon="-7.777981"><ele>616.590</ele><time>2022-07-16T09:03:18Z</time></trkpt><trkpt lat="42.856407" lon="-7.778012"><ele>616.519</ele><time>2022-07-16T09:03:22Z</time></trkpt><trkpt lat="42.856454" lon="-7.778053"><ele>616.509</ele><time>2022-07-16T09:03:26Z</time></trkpt><trkpt lat="42.856502" lon="-7.778082"><ele>616.598</ele><time>2022-07-16T09:03:30Z</time></trkpt><trkpt lat="42.856558" lon="-7.778110"><ele>616.597</ele><time>2022-07-16T09:03:35Z</time></trkpt><trkpt lat="42.856603" lon="-7.778162"><ele>616.575</ele><time>2022-07-16T09:03:39Z</time></trkpt><trkpt lat="42.856644" lon="-7.778213"><ele>616.547</ele><time>2022-07-16T09:03:43Z</time></trkpt><trkpt lat="42.856691" lon="-7.778241"><ele>616.414</ele><time>2022-07-16T09:03:47Z</time></trkpt><trkpt lat="42.856728" lon="-7.778277"><ele>616.448</ele><time>2022-07-16T09:03:51Z</time></trkpt><trkpt lat="42.856771" lon="-7.778293"><ele>616.417</ele><time>2022-07-16T09:03:55Z</time></trkpt><trkpt lat="42.856817" lon="-7.778325"><ele>616.425</ele><time>2022-07-16T09:03:59Z</time></trkpt><trkpt lat="42.856861" lon="-7.778369"><ele>616.496</ele><time>2022-07-16T09:04:04Z</time></trkpt><trkpt lat="42.856898" lon="-7.778406"><ele>616.413</ele><time>2022-07-16T09:04:08Z</time></trkpt><trkpt lat="42.856943" lon="-7.778433"><ele>616.443</ele><time>2022-07-16T09:04:12Z</time></trkpt><trkpt lat="42.856988" lon="-7.778464"><ele>616.407</ele><time>2022-07-16T09:04:16Z</time></trkpt><trkpt lat="42.857038" lon="-7.778512"><ele>616.409</ele><time>2022-07-16T09:04:22Z</time></trkpt><trkpt lat="42.857075" lon="-7.778561"><ele>616.392</ele><time>2022-07-16T09:04:26Z</time></trkpt><trkpt lat="42.857121" lon="-7.778588"><ele>616.261</ele><time>2022-07-16T09:04:31Z</time></trkpt><trkpt lat="42.857171" lon="-7.778616"><ele>616.119</ele><time>2022-07-16T09:04:35Z</time></trkpt><trkpt lat="42.857211" lon="-7.778664"><ele>616.081</ele><time>2022-07-16T09:04:39Z</time></trkpt><trkpt lat="42.857252" lon="-7.778696"><ele>615.858</ele><time>2022-07-16T09:04:43Z</time></trkpt><trkpt lat="42.857298" lon="-7.778730"><ele>615.652</ele><time>2022-07-16T09:04:47Z</time></trkpt><trkpt lat="42.857343" lon="-7.778770"><ele>615.551</ele><time>2022-07-16T09:04:51Z</time></trkpt><trkpt lat="42.857375" lon="-7.778825"><ele>615.439</ele><time>2022-07-16T09:04:57Z</time></trkpt><trkpt lat="42.857419" lon="-7.778873"><ele>615.340</ele><time>2022-07-16T09:05:01Z</time></trkpt><trkpt lat="42.857466" lon="-7.778918"><ele>615.057</ele><time>2022-07-16T09:05:06Z</time></trkpt><trkpt lat="42.857500" lon="-7.778972"><ele>614.900</ele><time>2022-07-16T09:05:10Z</time></trkpt><trkpt lat="42.857527" lon="-7.779037"><ele>614.620</ele><time>2022-07-16T09:05:14Z</time></trkpt><trkpt lat="42.857573" lon="-7.779070"><ele>614.409</ele><time>2022-07-16T09:05:18Z</time></trkpt><trkpt lat="42.857607" lon="-7.779115"><ele>614.346</ele><time>2022-07-16T09:05:21Z</time></trkpt><trkpt lat="42.857658" lon="-7.779126"><ele>614.135</ele><time>2022-07-16T09:05:25Z</time></trkpt><trkpt lat="42.857715" lon="-7.779131"><ele>613.943</ele><time>2022-07-16T09:05:29Z</time></trkpt><trkpt lat="42.857765" lon="-7.779127"><ele>613.895</ele><time>2022-07-16T09:05:34Z</time></trkpt><trkpt lat="42.857814" lon="-7.779134"><ele>613.782</ele><time>2022-07-16T09:05:39Z</time></trkpt><trkpt lat="42.857868" lon="-7.779115"><ele>613.646</ele><time>2022-07-16T09:05:44Z</time></trkpt><trkpt lat="42.857921" lon="-7.779144"><ele>613.585</ele><time>2022-07-16T09:05:48Z</time></trkpt><trkpt lat="42.857968" lon="-7.779179"><ele>613.483</ele><time>2022-07-16T09:05:52Z</time></trkpt><trkpt lat="42.858014" lon="-7.779208"><ele>613.334</ele><time>2022-07-16T09:05:55Z</time></trkpt><trkpt lat="42.858066" lon="-7.779233"><ele>613.149</ele><time>2022-07-16T09:05:58Z</time></trkpt><trkpt lat="42.858125" lon="-7.779260"><ele>613.002</ele><time>2022-07-16T09:06:04Z</time></trkpt><trkpt lat="42.858172" lon="-7.779304"><ele>612.922</ele><time>2022-07-16T09:06:07Z</time></trkpt><trkpt lat="42.858221" lon="-7.779320"><ele>612.709</ele><time>2022-07-16T09:06:11Z</time></trkpt><trkpt lat="42.858269" lon="-7.779339"><ele>612.795</ele><time>2022-07-16T09:06:15Z</time></trkpt><trkpt lat="42.858324" lon="-7.779364"><ele>612.794</ele><time>2022-07-16T09:06:20Z</time></trkpt><trkpt lat="42.858365" lon="-7.779394"><ele>612.712</ele><time>2022-07-16T09:06:23Z</time></trkpt><trkpt lat="42.858415" lon="-7.779425"><ele>612.624</ele><time>2022-07-16T09:06:27Z</time></trkpt><trkpt lat="42.858454" lon="-7.779467"><ele>612.541</ele><time>2022-07-16T09:06:31Z</time></trkpt><trkpt lat="42.858496" lon="-7.779508"><ele>612.495</ele><time>2022-07-16T09:06:35Z</time></trkpt><trkpt lat="42.858532" lon="-7.779561"><ele>612.464</ele><time>2022-07-16T09:06:39Z</time></trkpt><trkpt lat="42.858578" lon="-7.779597"><ele>612.492</ele><time>2022-07-16T09:06:43Z</time></trkpt><trkpt lat="42.858626" lon="-7.779622"><ele>612.493</ele><time>2022-07-16T09:06:47Z</time></trkpt><trkpt lat="42.858666" lon="-7.779663"><ele>612.521</ele><time>2022-07-16T09:06:51Z</time></trkpt><trkpt lat="42.858721" lon="-7.779676"><ele>612.641</ele><time>2022-07-16T09:06:57Z</time></trkpt><trkpt lat="42.858770" lon="-7.779695"><ele>612.605</ele><time>2022-07-16T09:07:00Z</time></trkpt><trkpt lat="42.858809" lon="-7.779744"><ele>612.609</ele><time>2022-07-16T09:07:03Z</time></trkpt><trkpt lat="42.858847" lon="-7.779789"><ele>612.613</ele><time>2022-07-16T09:07:06Z</time></trkpt><trkpt lat="42.858879" lon="-7.779838"><ele>612.532</ele><time>2022-07-16T09:07:09Z</time></trkpt><trkpt lat="42.858938" lon="-7.779873"><ele>612.550</ele><time>2022-07-16T09:07:13Z</time></trkpt><trkpt lat="42.858970" lon="-7.779920"><ele>612.562</ele><time>2022-07-16T09:07:16Z</time></trkpt><trkpt lat="42.858994" lon="-7.779976"><ele>612.589</ele><time>2022-07-16T09:07:19Z</time></trkpt><trkpt lat="42.859035" lon="-7.780040"><ele>612.593</ele><time>2022-07-16T09:07:23Z</time></trkpt><trkpt lat="42.859068" lon="-7.780090"><ele>612.542</ele><time>2022-07-16T09:07:26Z</time></trkpt><trkpt lat="42.859104" lon="-7.780141"><ele>612.530</ele><time>2022-07-16T09:07:30Z</time></trkpt><trkpt lat="42.859129" lon="-7.780196"><ele>612.561</ele><time>2022-07-16T09:07:33Z</time></trkpt><trkpt lat="42.859167" lon="-7.780235"><ele>612.592</ele><time>2022-07-16T09:07:36Z</time></trkpt><trkpt lat="42.859195" lon="-7.780297"><ele>612.573</ele><time>2022-07-16T09:07:40Z</time></trkpt><trkpt lat="42.859230" lon="-7.780351"><ele>612.520</ele><time>2022-07-16T09:07:44Z</time></trkpt><trkpt lat="42.859272" lon="-7.780405"><ele>612.509</ele><time>2022-07-16T09:07:48Z</time></trkpt><trkpt lat="42.859303" lon="-7.780450"><ele>612.590</ele><time>2022-07-16T09:07:51Z</time></trkpt><trkpt lat="42.859342" lon="-7.780502"><ele>612.569</ele><time>2022-07-16T09:07:55Z</time></trkpt><trkpt lat="42.859370" lon="-7.780550"><ele>612.517</ele><time>2022-07-16T09:07:58Z</time></trkpt><trkpt lat="42.859405" lon="-7.780611"><ele>612.459</ele><time>2022-07-16T09:08:02Z</time></trkpt><trkpt lat="42.859443" lon="-7.780666"><ele>612.476</ele><time>2022-07-16T09:08:06Z</time></trkpt><trkpt lat="42.859467" lon="-7.780719"><ele>612.460</ele><time>2022-07-16T09:08:14Z</time></trkpt><trkpt lat="42.859487" lon="-7.780786"><ele>612.329</ele><time>2022-07-16T09:08:18Z</time></trkpt><trkpt lat="42.859521" lon="-7.780848"><ele>612.277</ele><time>2022-07-16T09:08:23Z</time></trkpt><trkpt lat="42.859564" lon="-7.780875"><ele>612.128</ele><time>2022-07-16T09:08:27Z</time></trkpt><trkpt lat="42.859600" lon="-7.780928"><ele>612.067</ele><time>2022-07-16T09:08:32Z</time></trkpt><trkpt lat="42.859639" lon="-7.780978"><ele>611.981</ele><time>2022-07-16T09:08:36Z</time></trkpt><trkpt lat="42.859680" lon="-7.781019"><ele>611.819</ele><time>2022-07-16T09:08:40Z</time></trkpt><trkpt lat="42.859719" lon="-7.781065"><ele>611.709</ele><time>2022-07-16T09:08:44Z</time></trkpt><trkpt lat="42.859770" lon="-7.781110"><ele>611.627</ele><time>2022-07-16T09:08:49Z</time></trkpt><trkpt lat="42.859811" lon="-7.781165"><ele>611.586</ele><time>2022-07-16T09:08:54Z</time></trkpt><trkpt lat="42.859840" lon="-7.781224"><ele>611.464</ele><time>2022-07-16T09:08:58Z</time></trkpt><trkpt lat="42.859880" lon="-7.781272"><ele>611.346</ele><time>2022-07-16T09:09:02Z</time></trkpt><trkpt lat="42.859911" lon="-7.781318"><ele>611.393</ele><time>2022-07-16T09:09:06Z</time></trkpt><trkpt lat="42.859945" lon="-7.781370"><ele>611.237</ele><time>2022-07-16T09:09:11Z</time></trkpt><trkpt lat="42.859987" lon="-7.781401"><ele>611.196</ele><time>2022-07-16T09:09:15Z</time></trkpt><trkpt lat="42.860033" lon="-7.781437"><ele>610.974</ele><time>2022-07-16T09:09:20Z</time></trkpt><trkpt lat="42.860059" lon="-7.781489"><ele>610.715</ele><time>2022-07-16T09:09:29Z</time></trkpt><trkpt lat="42.860094" lon="-7.781549"><ele>610.543</ele><time>2022-07-16T09:10:45Z</time></trkpt><trkpt lat="42.860129" lon="-7.781500"><ele>610.164</ele><time>2022-07-16T09:10:51Z</time></trkpt><trkpt lat="42.860178" lon="-7.781472"><ele>609.710</ele><time>2022-07-16T09:10:57Z</time></trkpt><trkpt lat="42.860228" lon="-7.781483"><ele>609.509</ele><time>2022-07-16T09:11:02Z</time></trkpt><trkpt lat="42.860280" lon="-7.781492"><ele>609.385</ele><time>2022-07-16T09:11:08Z</time></trkpt><trkpt lat="42.860339" lon="-7.781527"><ele>608.724</ele><time>2022-07-16T09:11:14Z</time></trkpt><trkpt lat="42.860391" lon="-7.781557"><ele>608.312</ele><time>2022-07-16T09:11:19Z</time></trkpt><trkpt lat="42.860441" lon="-7.781599"><ele>608.094</ele><time>2022-07-16T09:11:23Z</time></trkpt><trkpt lat="42.860465" lon="-7.781668"><ele>607.771</ele><time>2022-07-16T09:11:26Z</time></trkpt><trkpt lat="42.860506" lon="-7.781708"><ele>607.415</ele><time>2022-07-16T09:11:29Z</time></trkpt><trkpt lat="42.860539" lon="-7.781749"><ele>607.374</ele><time>2022-07-16T09:11:32Z</time></trkpt><trkpt lat="42.860573" lon="-7.781803"><ele>607.272</ele><time>2022-07-16T09:11:36Z</time></trkpt><trkpt lat="42.860607" lon="-7.781845"><ele>607.013</ele><time>2022-07-16T09:11:39Z</time></trkpt><trkpt lat="42.860647" lon="-7.781890"><ele>606.859</ele><time>2022-07-16T09:11:43Z</time></trkpt><trkpt lat="42.860694" lon="-7.781918"><ele>606.603</ele><time>2022-07-16T09:11:47Z</time></trkpt><trkpt lat="42.860733" lon="-7.781963"><ele>606.423</ele><time>2022-07-16T09:11:52Z</time></trkpt><trkpt lat="42.860775" lon="-7.781996"><ele>606.209</ele><time>2022-07-16T09:11:56Z</time></trkpt><trkpt lat="42.860809" lon="-7.782041"><ele>605.986</ele><time>2022-07-16T09:12:00Z</time></trkpt><trkpt lat="42.860850" lon="-7.782079"><ele>605.635</ele><time>2022-07-16T09:12:05Z</time></trkpt><trkpt lat="42.860895" lon="-7.782116"><ele>605.313</ele><time>2022-07-16T09:12:09Z</time></trkpt><trkpt lat="42.860931" lon="-7.782164"><ele>605.075</ele><time>2022-07-16T09:12:13Z</time></trkpt><trkpt lat="42.860972" lon="-7.782201"><ele>604.842</ele><time>2022-07-16T09:12:17Z</time></trkpt><trkpt lat="42.861015" lon="-7.782247"><ele>604.716</ele><time>2022-07-16T09:12:21Z</time></trkpt><trkpt lat="42.861054" lon="-7.782289"><ele>604.595</ele><time>2022-07-16T09:12:25Z</time></trkpt><trkpt lat="42.861091" lon="-7.782341"><ele>604.373</ele><time>2022-07-16T09:12:29Z</time></trkpt><trkpt lat="42.861138" lon="-7.782390"><ele>604.084</ele><time>2022-07-16T09:12:34Z</time></trkpt><trkpt lat="42.861177" lon="-7.782432"><ele>603.626</ele><time>2022-07-16T09:12:38Z</time></trkpt><trkpt lat="42.861213" lon="-7.782473"><ele>603.347</ele><time>2022-07-16T09:12:42Z</time></trkpt><trkpt lat="42.861255" lon="-7.782521"><ele>603.011</ele><time>2022-07-16T09:12:46Z</time></trkpt><trkpt lat="42.861294" lon="-7.782555"><ele>602.709</ele><time>2022-07-16T09:12:50Z</time></trkpt><trkpt lat="42.861336" lon="-7.782592"><ele>602.483</ele><time>2022-07-16T09:12:55Z</time></trkpt><trkpt lat="42.861379" lon="-7.782619"><ele>602.292</ele><time>2022-07-16T09:12:59Z</time></trkpt><trkpt lat="42.861416" lon="-7.782676"><ele>602.010</ele><time>2022-07-16T09:13:08Z</time></trkpt><trkpt lat="42.861432" lon="-7.782745"><ele>601.872</ele><time>2022-07-16T09:13:13Z</time></trkpt><trkpt lat="42.861451" lon="-7.782803"><ele>601.329</ele><time>2022-07-16T09:13:16Z</time></trkpt><trkpt lat="42.861478" lon="-7.782868"><ele>600.383</ele><time>2022-07-16T09:13:20Z</time></trkpt><trkpt lat="42.861505" lon="-7.782924"><ele>599.422</ele><time>2022-07-16T09:13:24Z</time></trkpt><trkpt lat="42.861535" lon="-7.782971"><ele>598.750</ele><time>2022-07-16T09:13:28Z</time></trkpt><trkpt lat="42.861575" lon="-7.783005"><ele>597.911</ele><time>2022-07-16T09:13:31Z</time></trkpt><trkpt lat="42.861617" lon="-7.783059"><ele>597.195</ele><time>2022-07-16T09:13:36Z</time></trkpt><trkpt lat="42.861656" lon="-7.783105"><ele>596.549</ele><time>2022-07-16T09:13:42Z</time></trkpt><trkpt lat="42.861707" lon="-7.783122"><ele>596.023</ele><time>2022-07-16T09:13:49Z</time></trkpt><trkpt lat="42.861759" lon="-7.783168"><ele>594.909</ele><time>2022-07-16T09:13:56Z</time></trkpt><trkpt lat="42.861810" lon="-7.783196"><ele>593.930</ele><time>2022-07-16T09:14:01Z</time></trkpt><trkpt lat="42.861858" lon="-7.783188"><ele>593.549</ele><time>2022-07-16T09:14:08Z</time></trkpt><trkpt lat="42.861902" lon="-7.783216"><ele>592.547</ele><time>2022-07-16T09:14:12Z</time></trkpt><trkpt lat="42.861950" lon="-7.783256"><ele>591.489</ele><time>2022-07-16T09:14:20Z</time></trkpt><trkpt lat="42.862001" lon="-7.783242"><ele>590.896</ele><time>2022-07-16T09:14:31Z</time></trkpt><trkpt lat="42.862045" lon="-7.783286"><ele>590.240</ele><time>2022-07-16T09:14:36Z</time></trkpt><trkpt lat="42.862096" lon="-7.783314"><ele>588.839</ele><time>2022-07-16T09:14:40Z</time></trkpt><trkpt lat="42.862144" lon="-7.783343"><ele>587.517</ele><time>2022-07-16T09:14:44Z</time></trkpt><trkpt lat="42.862186" lon="-7.783382"><ele>587.068</ele><time>2022-07-16T09:14:47Z</time></trkpt><trkpt lat="42.862220" lon="-7.783430"><ele>586.726</ele><time>2022-07-16T09:14:52Z</time></trkpt><trkpt lat="42.862243" lon="-7.783503"><ele>586.547</ele><time>2022-07-16T09:14:56Z</time></trkpt><trkpt lat="42.862268" lon="-7.783564"><ele>586.311</ele><time>2022-07-16T09:15:01Z</time></trkpt><trkpt lat="42.862285" lon="-7.783632"><ele>586.109</ele><time>2022-07-16T09:15:06Z</time></trkpt><trkpt lat="42.862317" lon="-7.783695"><ele>586.073</ele><time>2022-07-16T09:15:10Z</time></trkpt><trkpt lat="42.862343" lon="-7.783749"><ele>586.042</ele><time>2022-07-16T09:15:13Z</time></trkpt><trkpt lat="42.862376" lon="-7.783793"><ele>586.070</ele><time>2022-07-16T09:15:18Z</time></trkpt><trkpt lat="42.862394" lon="-7.783855"><ele>586.092</ele><time>2022-07-16T09:15:22Z</time></trkpt><trkpt lat="42.862394" lon="-7.783919"><ele>586.229</ele><time>2022-07-16T09:15:28Z</time></trkpt><trkpt lat="42.862420" lon="-7.783983"><ele>586.553</ele><time>2022-07-16T09:15:31Z</time></trkpt><trkpt lat="42.862440" lon="-7.784040"><ele>586.952</ele><time>2022-07-16T09:15:34Z</time></trkpt><trkpt lat="42.862457" lon="-7.784101"><ele>587.460</ele><time>2022-07-16T09:15:37Z</time></trkpt><trkpt lat="42.862472" lon="-7.784177"><ele>587.831</ele><time>2022-07-16T09:15:41Z</time></trkpt><trkpt lat="42.862478" lon="-7.784240"><ele>588.267</ele><time>2022-07-16T09:15:45Z</time></trkpt><trkpt lat="42.862489" lon="-7.784311"><ele>588.781</ele><time>2022-07-16T09:15:50Z</time></trkpt><trkpt lat="42.862509" lon="-7.784385"><ele>589.419</ele><time>2022-07-16T09:15:57Z</time></trkpt><trkpt lat="42.862517" lon="-7.784450"><ele>590.209</ele><time>2022-07-16T09:16:02Z</time></trkpt><trkpt lat="42.862544" lon="-7.784514"><ele>591.237</ele><time>2022-07-16T09:16:06Z</time></trkpt><trkpt lat="42.862571" lon="-7.784572"><ele>592.116</ele><time>2022-07-16T09:16:11Z</time></trkpt><trkpt lat="42.862604" lon="-7.784625"><ele>592.624</ele><time>2022-07-16T09:16:16Z</time></trkpt><trkpt lat="42.862621" lon="-7.784682"><ele>593.086</ele><time>2022-07-16T09:16:20Z</time></trkpt><trkpt lat="42.862674" lon="-7.784689"><ele>593.363</ele><time>2022-07-16T09:16:24Z</time></trkpt><trkpt lat="42.862721" lon="-7.784700"><ele>593.617</ele><time>2022-07-16T09:16:28Z</time></trkpt><trkpt lat="42.862772" lon="-7.784685"><ele>593.926</ele><time>2022-07-16T09:16:34Z</time></trkpt><trkpt lat="42.862812" lon="-7.784725"><ele>594.434</ele><time>2022-07-16T09:16:41Z</time></trkpt><trkpt lat="42.862864" lon="-7.784746"><ele>595.065</ele><time>2022-07-16T09:16:49Z</time></trkpt><trkpt lat="42.862902" lon="-7.784790"><ele>595.647</ele><time>2022-07-16T09:17:37Z</time></trkpt><trkpt lat="42.862888" lon="-7.784850"><ele>595.929</ele><time>2022-07-16T09:17:44Z</time></trkpt><trkpt lat="42.862856" lon="-7.784911"><ele>595.921</ele><time>2022-07-16T09:17:50Z</time></trkpt><trkpt lat="42.862823" lon="-7.784972"><ele>595.909</ele><time>2022-07-16T09:17:54Z</time></trkpt><trkpt lat="42.862834" lon="-7.785035"><ele>595.935</ele><time>2022-07-16T09:18:00Z</time></trkpt><trkpt lat="42.862880" lon="-7.785054"><ele>595.994</ele><time>2022-07-16T09:18:07Z</time></trkpt><trkpt lat="42.862926" lon="-7.785053"><ele>595.962</ele><time>2022-07-16T09:18:12Z</time></trkpt><trkpt lat="42.862972" lon="-7.785060"><ele>596.494</ele><time>2022-07-16T09:18:17Z</time></trkpt><trkpt lat="42.863027" lon="-7.785073"><ele>597.331</ele><time>2022-07-16T09:18:22Z</time></trkpt><trkpt lat="42.863083" lon="-7.785100"><ele>598.165</ele><time>2022-07-16T09:18:26Z</time></trkpt><trkpt lat="42.863142" lon="-7.785125"><ele>599.354</ele><time>2022-07-16T09:18:30Z</time></trkpt><trkpt lat="42.863184" lon="-7.785152"><ele>599.792</ele><time>2022-07-16T09:18:33Z</time></trkpt><trkpt lat="42.863237" lon="-7.785172"><ele>600.153</ele><time>2022-07-16T09:18:37Z</time></trkpt><trkpt lat="42.863284" lon="-7.785185"><ele>600.417</ele><time>2022-07-16T09:18:41Z</time></trkpt><trkpt lat="42.863345" lon="-7.785204"><ele>600.787</ele><time>2022-07-16T09:18:46Z</time></trkpt><trkpt lat="42.863397" lon="-7.785232"><ele>600.815</ele><time>2022-07-16T09:18:51Z</time></trkpt><trkpt lat="42.863439" lon="-7.785263"><ele>601.109</ele><time>2022-07-16T09:18:55Z</time></trkpt><trkpt lat="42.863492" lon="-7.785304"><ele>601.552</ele><time>2022-07-16T09:18:59Z</time></trkpt><trkpt lat="42.863538" lon="-7.785334"><ele>601.791</ele><time>2022-07-16T09:19:03Z</time></trkpt><trkpt lat="42.863583" lon="-7.785371"><ele>601.849</ele><time>2022-07-16T09:19:07Z</time></trkpt><trkpt lat="42.863628" lon="-7.785417"><ele>602.041</ele><time>2022-07-16T09:19:12Z</time></trkpt><trkpt lat="42.863676" lon="-7.785476"><ele>602.498</ele><time>2022-07-16T09:19:16Z</time></trkpt><trkpt lat="42.863718" lon="-7.785518"><ele>602.772</ele><time>2022-07-16T09:19:20Z</time></trkpt><trkpt lat="42.863761" lon="-7.785557"><ele>603.091</ele><time>2022-07-16T09:19:25Z</time></trkpt><trkpt lat="42.863797" lon="-7.785600"><ele>603.389</ele><time>2022-07-16T09:19:29Z</time></trkpt><trkpt lat="42.863833" lon="-7.785641"><ele>603.530</ele><time>2022-07-16T09:19:33Z</time></trkpt><trkpt lat="42.863874" lon="-7.785690"><ele>603.824</ele><time>2022-07-16T09:19:37Z</time></trkpt><trkpt lat="42.863913" lon="-7.785755"><ele>604.104</ele><time>2022-07-16T09:19:43Z</time></trkpt><trkpt lat="42.863947" lon="-7.785810"><ele>604.414</ele><time>2022-07-16T09:19:47Z</time></trkpt><trkpt lat="42.863943" lon="-7.785890"><ele>605.409</ele><time>2022-07-16T09:19:55Z</time></trkpt><trkpt lat="42.863971" lon="-7.785941"><ele>605.493</ele><time>2022-07-16T09:19:59Z</time></trkpt><trkpt lat="42.864019" lon="-7.785978"><ele>605.892</ele><time>2022-07-16T09:20:04Z</time></trkpt><trkpt lat="42.864055" lon="-7.786025"><ele>605.850</ele><time>2022-07-16T09:20:08Z</time></trkpt><trkpt lat="42.864103" lon="-7.786078"><ele>606.092</ele><time>2022-07-16T09:20:13Z</time></trkpt><trkpt lat="42.864147" lon="-7.786121"><ele>606.269</ele><time>2022-07-16T09:20:18Z</time></trkpt><trkpt lat="42.864186" lon="-7.786162"><ele>606.853</ele><time>2022-07-16T09:20:22Z</time></trkpt><trkpt lat="42.864228" lon="-7.786209"><ele>607.032</ele><time>2022-07-16T09:20:27Z</time></trkpt><trkpt lat="42.864267" lon="-7.786246"><ele>607.480</ele><time>2022-07-16T09:20:33Z</time></trkpt><trkpt lat="42.864295" lon="-7.786298"><ele>607.831</ele><time>2022-07-16T09:20:37Z</time></trkpt><trkpt lat="42.864281" lon="-7.786359"><ele>608.414</ele><time>2022-07-16T09:20:42Z</time></trkpt><trkpt lat="42.864255" lon="-7.786422"><ele>609.054</ele><time>2022-07-16T09:20:47Z</time></trkpt><trkpt lat="42.864247" lon="-7.786486"><ele>609.509</ele><time>2022-07-16T09:20:50Z</time></trkpt><trkpt lat="42.864216" lon="-7.786542"><ele>609.909</ele><time>2022-07-16T09:20:53Z</time></trkpt><trkpt lat="42.864195" lon="-7.786600"><ele>610.132</ele><time>2022-07-16T09:20:56Z</time></trkpt><trkpt lat="42.864167" lon="-7.786668"><ele>610.311</ele><time>2022-07-16T09:21:01Z</time></trkpt><trkpt lat="42.864138" lon="-7.786729"><ele>610.579</ele><time>2022-07-16T09:21:05Z</time></trkpt><trkpt lat="42.864116" lon="-7.786794"><ele>610.771</ele><time>2022-07-16T09:21:09Z</time></trkpt><trkpt lat="42.864085" lon="-7.786856"><ele>610.898</ele><time>2022-07-16T09:21:13Z</time></trkpt><trkpt lat="42.864066" lon="-7.786933"><ele>610.812</ele><time>2022-07-16T09:21:17Z</time></trkpt><trkpt lat="42.864041" lon="-7.786991"><ele>610.891</ele><time>2022-07-16T09:21:21Z</time></trkpt><trkpt lat="42.864026" lon="-7.787050"><ele>610.839</ele><time>2022-07-16T09:21:25Z</time></trkpt><trkpt lat="42.864006" lon="-7.787113"><ele>610.820</ele><time>2022-07-16T09:21:29Z</time></trkpt><trkpt lat="42.863982" lon="-7.787179"><ele>610.897</ele><time>2022-07-16T09:21:33Z</time></trkpt><trkpt lat="42.863941" lon="-7.787204"><ele>610.823</ele><time>2022-07-16T09:21:37Z</time></trkpt><trkpt lat="42.863907" lon="-7.787259"><ele>610.825</ele><time>2022-07-16T09:21:48Z</time></trkpt><trkpt lat="42.863963" lon="-7.787234"><ele>610.809</ele><time>2022-07-16T09:21:59Z</time></trkpt><trkpt lat="42.863950" lon="-7.787170"><ele>610.770</ele><time>2022-07-16T09:22:16Z</time></trkpt><trkpt lat="42.863996" lon="-7.787130"><ele>610.659</ele><time>2022-07-16T09:22:21Z</time></trkpt><trkpt lat="42.864021" lon="-7.787062"><ele>610.637</ele><time>2022-07-16T09:22:25Z</time></trkpt><trkpt lat="42.864054" lon="-7.787002"><ele>610.729</ele><time>2022-07-16T09:22:29Z</time></trkpt><trkpt lat="42.864066" lon="-7.786929"><ele>610.856</ele><time>2022-07-16T09:22:35Z</time></trkpt><trkpt lat="42.864083" lon="-7.786872"><ele>610.960</ele><time>2022-07-16T09:22:39Z</time></trkpt><trkpt lat="42.864103" lon="-7.786808"><ele>610.989</ele><time>2022-07-16T09:22:43Z</time></trkpt><trkpt lat="42.864129" lon="-7.786751"><ele>610.947</ele><time>2022-07-16T09:22:47Z</time></trkpt><trkpt lat="42.864164" lon="-7.786702"><ele>610.938</ele><time>2022-07-16T09:22:50Z</time></trkpt><trkpt lat="42.864195" lon="-7.786647"><ele>610.997</ele><time>2022-07-16T09:22:55Z</time></trkpt><trkpt lat="42.864240" lon="-7.786599"><ele>610.923</ele><time>2022-07-16T09:22:59Z</time></trkpt><trkpt lat="42.864284" lon="-7.786571"><ele>610.925</ele><time>2022-07-16T09:23:03Z</time></trkpt><trkpt lat="42.864325" lon="-7.786530"><ele>610.909</ele><time>2022-07-16T09:23:07Z</time></trkpt><trkpt lat="42.864376" lon="-7.786505"><ele>611.090</ele><time>2022-07-16T09:23:12Z</time></trkpt><trkpt lat="42.864423" lon="-7.786506"><ele>611.129</ele><time>2022-07-16T09:23:17Z</time></trkpt><trkpt lat="42.864473" lon="-7.786517"><ele>611.397</ele><time>2022-07-16T09:23:22Z</time></trkpt><trkpt lat="42.864521" lon="-7.786538"><ele>611.479</ele><time>2022-07-16T09:23:26Z</time></trkpt><trkpt lat="42.864568" lon="-7.786565"><ele>611.646</ele><time>2022-07-16T09:23:32Z</time></trkpt><trkpt lat="42.864606" lon="-7.786599"><ele>611.940</ele><time>2022-07-16T09:23:35Z</time></trkpt><trkpt lat="42.864639" lon="-7.786641"><ele>612.419</ele><time>2022-07-16T09:23:39Z</time></trkpt><trkpt lat="42.864676" lon="-7.786683"><ele>612.997</ele><time>2022-07-16T09:23:43Z</time></trkpt><trkpt lat="42.864714" lon="-7.786719"><ele>613.378</ele><time>2022-07-16T09:23:46Z</time></trkpt><trkpt lat="42.864757" lon="-7.786752"><ele>613.738</ele><time>2022-07-16T09:23:49Z</time></trkpt><trkpt lat="42.864802" lon="-7.786792"><ele>614.070</ele><time>2022-07-16T09:23:53Z</time></trkpt><trkpt lat="42.864846" lon="-7.786817"><ele>614.217</ele><time>2022-07-16T09:23:57Z</time></trkpt><trkpt lat="42.864896" lon="-7.786845"><ele>614.409</ele><time>2022-07-16T09:24:01Z</time></trkpt><trkpt lat="42.864940" lon="-7.786878"><ele>614.634</ele><time>2022-07-16T09:24:05Z</time></trkpt><trkpt lat="42.864988" lon="-7.786921"><ele>614.713</ele><time>2022-07-16T09:24:09Z</time></trkpt><trkpt lat="42.865027" lon="-7.786955"><ele>614.831</ele><time>2022-07-16T09:24:13Z</time></trkpt><trkpt lat="42.865067" lon="-7.787005"><ele>614.923</ele><time>2022-07-16T09:24:18Z</time></trkpt><trkpt lat="42.865111" lon="-7.787060"><ele>615.020</ele><time>2022-07-16T09:24:23Z</time></trkpt><trkpt lat="42.865157" lon="-7.787091"><ele>615.134</ele><time>2022-07-16T09:24:29Z</time></trkpt><trkpt lat="42.865199" lon="-7.787119"><ele>615.133</ele><time>2022-07-16T09:24:33Z</time></trkpt><trkpt lat="42.865246" lon="-7.787144"><ele>615.251</ele><time>2022-07-16T09:24:38Z</time></trkpt><trkpt lat="42.865291" lon="-7.787172"><ele>615.492</ele><time>2022-07-16T09:24:44Z</time></trkpt><trkpt lat="42.865335" lon="-7.787223"><ele>615.636</ele><time>2022-07-16T09:24:48Z</time></trkpt><trkpt lat="42.865367" lon="-7.787280"><ele>615.917</ele><time>2022-07-16T09:24:51Z</time></trkpt><trkpt lat="42.865391" lon="-7.787348"><ele>616.118</ele><time>2022-07-16T09:24:55Z</time></trkpt><trkpt lat="42.865396" lon="-7.787445"><ele>616.309</ele><time>2022-07-16T09:24:59Z</time></trkpt><trkpt lat="42.865420" lon="-7.787497"><ele>616.584</ele><time>2022-07-16T09:25:03Z</time></trkpt><trkpt lat="42.865368" lon="-7.787656"><ele>616.793</ele><time>2022-07-16T09:25:35Z</time></trkpt><trkpt lat="42.865324" lon="-7.787626"><ele>616.761</ele><time>2022-07-16T09:25:59Z</time></trkpt><trkpt lat="42.865290" lon="-7.787671"><ele>616.773</ele><time>2022-07-16T09:26:01Z</time></trkpt><trkpt lat="42.865321" lon="-7.787626"><ele>616.620</ele><time>2022-07-16T09:26:19Z</time></trkpt><trkpt lat="42.865365" lon="-7.787593"><ele>616.794</ele><time>2022-07-16T09:26:30Z</time></trkpt><trkpt lat="42.865401" lon="-7.787645"><ele>616.673</ele><time>2022-07-16T09:27:31Z</time></trkpt><trkpt lat="42.865339" lon="-7.787617"><ele>616.591</ele><time>2022-07-16T09:28:55Z</time></trkpt><trkpt lat="42.865467" lon="-7.787608"><ele>616.362</ele><time>2022-07-16T09:29:25Z</time></trkpt><trkpt lat="42.865419" lon="-7.787615"><ele>616.241</ele><time>2022-07-16T09:29:50Z</time></trkpt><trkpt lat="42.865358" lon="-7.787622"><ele>616.081</ele><time>2022-07-16T09:29:59Z</time></trkpt><trkpt lat="42.865448" lon="-7.787620"><ele>616.009</ele><time>2022-07-16T09:30:55Z</time></trkpt><trkpt lat="42.865604" lon="-7.787654"><ele>615.909</ele><time>2022-07-16T09:49:11Z</time></trkpt><trkpt lat="42.865478" lon="-7.787611"><ele>614.445</ele><time>2022-07-16T09:50:41Z</time></trkpt><trkpt lat="42.865506" lon="-7.787665"><ele>614.364</ele><time>2022-07-16T09:51:07Z</time></trkpt><trkpt lat="42.865466" lon="-7.787631"><ele>614.362</ele><time>2022-07-16T09:51:12Z</time></trkpt><trkpt lat="42.865411" lon="-7.787640"><ele>614.224</ele><time>2022-07-16T09:51:21Z</time></trkpt><trkpt lat="42.865349" lon="-7.787679"><ele>614.211</ele><time>2022-07-16T09:51:32Z</time></trkpt><trkpt lat="42.865371" lon="-7.787561"><ele>614.325</ele><time>2022-07-16T09:52:38Z</time></trkpt><trkpt lat="42.865420" lon="-7.787525"><ele>614.334</ele><time>2022-07-16T09:52:43Z</time></trkpt><trkpt lat="42.865474" lon="-7.787533"><ele>614.392</ele><time>2022-07-16T09:52:47Z</time></trkpt><trkpt lat="42.865491" lon="-7.787596"><ele>614.313</ele><time>2022-07-16T09:52:51Z</time></trkpt><trkpt lat="42.865517" lon="-7.787663"><ele>614.341</ele><time>2022-07-16T09:52:55Z</time></trkpt><trkpt lat="42.865516" lon="-7.787738"><ele>614.681</ele><time>2022-07-16T09:53:00Z</time></trkpt><trkpt lat="42.865525" lon="-7.787804"><ele>614.709</ele><time>2022-07-16T09:53:04Z</time></trkpt><trkpt lat="42.865544" lon="-7.787865"><ele>614.809</ele><time>2022-07-16T09:53:08Z</time></trkpt><trkpt lat="42.865554" lon="-7.787925"><ele>614.965</ele><time>2022-07-16T09:53:12Z</time></trkpt><trkpt lat="42.865562" lon="-7.788001"><ele>615.074</ele><time>2022-07-16T09:53:16Z</time></trkpt><trkpt lat="42.865574" lon="-7.788068"><ele>615.122</ele><time>2022-07-16T09:53:20Z</time></trkpt><trkpt lat="42.865581" lon="-7.788130"><ele>615.354</ele><time>2022-07-16T09:53:24Z</time></trkpt><trkpt lat="42.865585" lon="-7.788199"><ele>615.451</ele><time>2022-07-16T09:53:28Z</time></trkpt><trkpt lat="42.865597" lon="-7.788261"><ele>615.455</ele><time>2022-07-16T09:53:32Z</time></trkpt><trkpt lat="42.865599" lon="-7.788328"><ele>615.464</ele><time>2022-07-16T09:53:36Z</time></trkpt><trkpt lat="42.865613" lon="-7.788386"><ele>615.582</ele><time>2022-07-16T09:53:40Z</time></trkpt><trkpt lat="42.865621" lon="-7.788448"><ele>615.563</ele><time>2022-07-16T09:53:44Z</time></trkpt><trkpt lat="42.865626" lon="-7.788509"><ele>615.586</ele><time>2022-07-16T09:53:48Z</time></trkpt><trkpt lat="42.865628" lon="-7.788572"><ele>615.560</ele><time>2022-07-16T09:53:52Z</time></trkpt><trkpt lat="42.865625" lon="-7.788637"><ele>615.526</ele><time>2022-07-16T09:53:56Z</time></trkpt><trkpt lat="42.865630" lon="-7.788712"><ele>615.409</ele><time>2022-07-16T09:54:01Z</time></trkpt><trkpt lat="42.865634" lon="-7.788776"><ele>615.369</ele><time>2022-07-16T09:54:05Z</time></trkpt><trkpt lat="42.865635" lon="-7.788840"><ele>615.288</ele><time>2022-07-16T09:54:09Z</time></trkpt><trkpt lat="42.865636" lon="-7.788913"><ele>615.166</ele><time>2022-07-16T09:54:14Z</time></trkpt><trkpt lat="42.865630" lon="-7.788978"><ele>615.048</ele><time>2022-07-16T09:54:19Z</time></trkpt><trkpt lat="42.865626" lon="-7.789052"><ele>614.965</ele><time>2022-07-16T09:54:24Z</time></trkpt><trkpt lat="42.865614" lon="-7.789117"><ele>614.729</ele><time>2022-07-16T09:54:28Z</time></trkpt><trkpt lat="42.865617" lon="-7.789189"><ele>614.418</ele><time>2022-07-16T09:54:33Z</time></trkpt><trkpt lat="42.865608" lon="-7.789258"><ele>614.296</ele><time>2022-07-16T09:54:37Z</time></trkpt><trkpt lat="42.865596" lon="-7.789330"><ele>614.147</ele><time>2022-07-16T09:54:42Z</time></trkpt><trkpt lat="42.865587" lon="-7.789393"><ele>613.928</ele><time>2022-07-16T09:54:46Z</time></trkpt><trkpt lat="42.865583" lon="-7.789455"><ele>613.789</ele><time>2022-07-16T09:54:50Z</time></trkpt><trkpt lat="42.865578" lon="-7.789517"><ele>613.517</ele><time>2022-07-16T09:54:54Z</time></trkpt><trkpt lat="42.865575" lon="-7.789595"><ele>613.409</ele><time>2022-07-16T09:54:59Z</time></trkpt><trkpt lat="42.865572" lon="-7.789660"><ele>613.263</ele><time>2022-07-16T09:55:04Z</time></trkpt><trkpt lat="42.865568" lon="-7.789736"><ele>613.072</ele><time>2022-07-16T09:55:10Z</time></trkpt><trkpt lat="42.865564" lon="-7.789799"><ele>612.840</ele><time>2022-07-16T09:55:14Z</time></trkpt><trkpt lat="42.865562" lon="-7.789862"><ele>612.512</ele><time>2022-07-16T09:55:19Z</time></trkpt><trkpt lat="42.865545" lon="-7.789927"><ele>612.229</ele><time>2022-07-16T09:55:23Z</time></trkpt><trkpt lat="42.865530" lon="-7.789986"><ele>611.923</ele><time>2022-07-16T09:55:27Z</time></trkpt><trkpt lat="42.865532" lon="-7.790057"><ele>611.552</ele><time>2022-07-16T09:55:31Z</time></trkpt><trkpt lat="42.865540" lon="-7.790132"><ele>611.110</ele><time>2022-07-16T09:55:36Z</time></trkpt><trkpt lat="42.865533" lon="-7.790196"><ele>610.771</ele><time>2022-07-16T09:55:40Z</time></trkpt><trkpt lat="42.865541" lon="-7.790258"><ele>610.236</ele><time>2022-07-16T09:55:44Z</time></trkpt><trkpt lat="42.865554" lon="-7.790322"><ele>609.717</ele><time>2022-07-16T09:55:48Z</time></trkpt><trkpt lat="42.865568" lon="-7.790383"><ele>609.418</ele><time>2022-07-16T09:55:52Z</time></trkpt><trkpt lat="42.865582" lon="-7.790444"><ele>609.209</ele><time>2022-07-16T09:55:56Z</time></trkpt><trkpt lat="42.865606" lon="-7.790499"><ele>608.944</ele><time>2022-07-16T09:56:01Z</time></trkpt><trkpt lat="42.865622" lon="-7.790563"><ele>608.693</ele><time>2022-07-16T09:56:06Z</time></trkpt><trkpt lat="42.865642" lon="-7.790626"><ele>608.231</ele><time>2022-07-16T09:56:10Z</time></trkpt><trkpt lat="42.865657" lon="-7.790692"><ele>607.843</ele><time>2022-07-16T09:56:14Z</time></trkpt><trkpt lat="42.865686" lon="-7.790753"><ele>607.660</ele><time>2022-07-16T09:56:18Z</time></trkpt><trkpt lat="42.865718" lon="-7.790814"><ele>607.544</ele><time>2022-07-16T09:56:24Z</time></trkpt><trkpt lat="42.865752" lon="-7.790869"><ele>607.453</ele><time>2022-07-16T09:56:30Z</time></trkpt><trkpt lat="42.865783" lon="-7.790926"><ele>607.361</ele><time>2022-07-16T09:56:34Z</time></trkpt><trkpt lat="42.865814" lon="-7.790981"><ele>607.312</ele><time>2022-07-16T09:56:39Z</time></trkpt><trkpt lat="42.865840" lon="-7.791050"><ele>607.347</ele><time>2022-07-16T09:56:45Z</time></trkpt><trkpt lat="42.865856" lon="-7.791136"><ele>607.529</ele><time>2022-07-16T09:56:50Z</time></trkpt><trkpt lat="42.865878" lon="-7.791201"><ele>607.721</ele><time>2022-07-16T09:56:54Z</time></trkpt><trkpt lat="42.865897" lon="-7.791266"><ele>607.909</ele><time>2022-07-16T09:56:57Z</time></trkpt><trkpt lat="42.865915" lon="-7.791330"><ele>608.185</ele><time>2022-07-16T09:57:01Z</time></trkpt><trkpt lat="42.865936" lon="-7.791395"><ele>608.214</ele><time>2022-07-16T09:57:06Z</time></trkpt><trkpt lat="42.865961" lon="-7.791455"><ele>608.212</ele><time>2022-07-16T09:57:11Z</time></trkpt><trkpt lat="42.865989" lon="-7.791517"><ele>608.394</ele><time>2022-07-16T09:57:15Z</time></trkpt><trkpt lat="42.866018" lon="-7.791584"><ele>608.451</ele><time>2022-07-16T09:57:19Z</time></trkpt><trkpt lat="42.866016" lon="-7.791666"><ele>608.425</ele><time>2022-07-16T09:57:22Z</time></trkpt><trkpt lat="42.866020" lon="-7.791731"><ele>608.454</ele><time>2022-07-16T09:57:25Z</time></trkpt><trkpt lat="42.866022" lon="-7.791811"><ele>608.592</ele><time>2022-07-16T09:57:29Z</time></trkpt><trkpt lat="42.866021" lon="-7.791878"><ele>608.633</ele><time>2022-07-16T09:57:33Z</time></trkpt><trkpt lat="42.866030" lon="-7.791938"><ele>608.745</ele><time>2022-07-16T09:57:37Z</time></trkpt><trkpt lat="42.866033" lon="-7.792003"><ele>608.847</ele><time>2022-07-16T09:57:40Z</time></trkpt><trkpt lat="42.866034" lon="-7.792085"><ele>608.911</ele><time>2022-07-16T09:57:44Z</time></trkpt><trkpt lat="42.866030" lon="-7.792149"><ele>609.009</ele><time>2022-07-16T09:57:48Z</time></trkpt><trkpt lat="42.866025" lon="-7.792212"><ele>609.135</ele><time>2022-07-16T09:57:51Z</time></trkpt><trkpt lat="42.866021" lon="-7.792282"><ele>609.254</ele><time>2022-07-16T09:57:55Z</time></trkpt><trkpt lat="42.866029" lon="-7.792357"><ele>609.322</ele><time>2022-07-16T09:58:00Z</time></trkpt><trkpt lat="42.866029" lon="-7.792433"><ele>609.524</ele><time>2022-07-16T09:58:04Z</time></trkpt><trkpt lat="42.866020" lon="-7.792499"><ele>609.761</ele><time>2022-07-16T09:58:08Z</time></trkpt><trkpt lat="42.866026" lon="-7.792568"><ele>609.995</ele><time>2022-07-16T09:58:13Z</time></trkpt><trkpt lat="42.866025" lon="-7.792636"><ele>610.264</ele><time>2022-07-16T09:58:17Z</time></trkpt><trkpt lat="42.866032" lon="-7.792705"><ele>610.692</ele><time>2022-07-16T09:58:22Z</time></trkpt><trkpt lat="42.865979" lon="-7.792812"><ele>611.143</ele><time>2022-07-16T09:59:27Z</time></trkpt><trkpt lat="42.866003" lon="-7.792876"><ele>611.411</ele><time>2022-07-16T09:59:32Z</time></trkpt><trkpt lat="42.866009" lon="-7.792937"><ele>611.721</ele><time>2022-07-16T09:59:37Z</time></trkpt><trkpt lat="42.866023" lon="-7.793003"><ele>611.703</ele><time>2022-07-16T09:59:41Z</time></trkpt><trkpt lat="42.866046" lon="-7.793071"><ele>611.909</ele><time>2022-07-16T09:59:47Z</time></trkpt><trkpt lat="42.866072" lon="-7.793137"><ele>612.042</ele><time>2022-07-16T09:59:52Z</time></trkpt><trkpt lat="42.866074" lon="-7.793212"><ele>612.231</ele><time>2022-07-16T10:00:32Z</time></trkpt><trkpt lat="42.866095" lon="-7.793268"><ele>612.349</ele><time>2022-07-16T10:00:37Z</time></trkpt><trkpt lat="42.866119" lon="-7.793338"><ele>612.351</ele><time>2022-07-16T10:00:43Z</time></trkpt><trkpt lat="42.866147" lon="-7.793398"><ele>612.358</ele><time>2022-07-16T10:00:48Z</time></trkpt><trkpt lat="42.866171" lon="-7.793463"><ele>612.432</ele><time>2022-07-16T10:00:52Z</time></trkpt><trkpt lat="42.866194" lon="-7.793523"><ele>612.511</ele><time>2022-07-16T10:00:56Z</time></trkpt><trkpt lat="42.866220" lon="-7.793576"><ele>612.689</ele><time>2022-07-16T10:01:01Z</time></trkpt><trkpt lat="42.866246" lon="-7.793631"><ele>612.770</ele><time>2022-07-16T10:01:05Z</time></trkpt><trkpt lat="42.866261" lon="-7.793689"><ele>612.822</ele><time>2022-07-16T10:01:08Z</time></trkpt><trkpt lat="42.866280" lon="-7.793747"><ele>613.062</ele><time>2022-07-16T10:01:12Z</time></trkpt><trkpt lat="42.866309" lon="-7.793796"><ele>613.108</ele><time>2022-07-16T10:01:16Z</time></trkpt><trkpt lat="42.866323" lon="-7.793859"><ele>613.309</ele><time>2022-07-16T10:01:21Z</time></trkpt><trkpt lat="42.866344" lon="-7.793929"><ele>613.563</ele><time>2022-07-16T10:01:27Z</time></trkpt><trkpt lat="42.866371" lon="-7.793984"><ele>613.692</ele><time>2022-07-16T10:01:31Z</time></trkpt><trkpt lat="42.866407" lon="-7.794035"><ele>613.880</ele><time>2022-07-16T10:01:35Z</time></trkpt><trkpt lat="42.866446" lon="-7.794092"><ele>613.992</ele><time>2022-07-16T10:01:40Z</time></trkpt><trkpt lat="42.866488" lon="-7.794119"><ele>614.059</ele><time>2022-07-16T10:01:45Z</time></trkpt><trkpt lat="42.866517" lon="-7.794167"><ele>614.123</ele><time>2022-07-16T10:01:51Z</time></trkpt><trkpt lat="42.866545" lon="-7.794225"><ele>614.252</ele><time>2022-07-16T10:01:58Z</time></trkpt><trkpt lat="42.866581" lon="-7.794270"><ele>614.490</ele><time>2022-07-16T10:02:03Z</time></trkpt><trkpt lat="42.866607" lon="-7.794321"><ele>614.711</ele><time>2022-07-16T10:02:06Z</time></trkpt><trkpt lat="42.866631" lon="-7.794375"><ele>615.019</ele><time>2022-07-16T10:02:09Z</time></trkpt><trkpt lat="42.866667" lon="-7.794430"><ele>615.209</ele><time>2022-07-16T10:02:13Z</time></trkpt><trkpt lat="42.866701" lon="-7.794471"><ele>615.419</ele><time>2022-07-16T10:02:17Z</time></trkpt><trkpt lat="42.866724" lon="-7.794527"><ele>615.609</ele><time>2022-07-16T10:02:20Z</time></trkpt><trkpt lat="42.866737" lon="-7.794586"><ele>615.982</ele><time>2022-07-16T10:02:24Z</time></trkpt><trkpt lat="42.866765" lon="-7.794635"><ele>616.151</ele><time>2022-07-16T10:02:27Z</time></trkpt><trkpt lat="42.866785" lon="-7.794698"><ele>616.339</ele><time>2022-07-16T10:02:32Z</time></trkpt><trkpt lat="42.866817" lon="-7.794751"><ele>616.541</ele><time>2022-07-16T10:02:36Z</time></trkpt><trkpt lat="42.866846" lon="-7.794805"><ele>616.718</ele><time>2022-07-16T10:02:39Z</time></trkpt><trkpt lat="42.866883" lon="-7.794849"><ele>617.062</ele><time>2022-07-16T10:02:44Z</time></trkpt><trkpt lat="42.866917" lon="-7.794895"><ele>617.361</ele><time>2022-07-16T10:02:48Z</time></trkpt><trkpt lat="42.866943" lon="-7.794960"><ele>617.699</ele><time>2022-07-16T10:02:53Z</time></trkpt><trkpt lat="42.866980" lon="-7.795009"><ele>617.910</ele><time>2022-07-16T10:02:57Z</time></trkpt><trkpt lat="42.867004" lon="-7.795065"><ele>618.229</ele><time>2022-07-16T10:03:00Z</time></trkpt><trkpt lat="42.867030" lon="-7.795120"><ele>618.500</ele><time>2022-07-16T10:03:03Z</time></trkpt><trkpt lat="42.867054" lon="-7.795205"><ele>618.720</ele><time>2022-07-16T10:03:07Z</time></trkpt><trkpt lat="42.867074" lon="-7.795270"><ele>618.909</ele><time>2022-07-16T10:03:10Z</time></trkpt><trkpt lat="42.867106" lon="-7.795338"><ele>619.253</ele><time>2022-07-16T10:03:14Z</time></trkpt><trkpt lat="42.867130" lon="-7.795404"><ele>619.352</ele><time>2022-07-16T10:03:18Z</time></trkpt><trkpt lat="42.867158" lon="-7.795454"><ele>619.670</ele><time>2022-07-16T10:03:21Z</time></trkpt><trkpt lat="42.867185" lon="-7.795503"><ele>619.782</ele><time>2022-07-16T10:03:24Z</time></trkpt><trkpt lat="42.867209" lon="-7.795557"><ele>619.959</ele><time>2022-07-16T10:03:28Z</time></trkpt><trkpt lat="42.867241" lon="-7.795607"><ele>620.073</ele><time>2022-07-16T10:03:33Z</time></trkpt><trkpt lat="42.867267" lon="-7.795660"><ele>620.272</ele><time>2022-07-16T10:03:37Z</time></trkpt><trkpt lat="42.867293" lon="-7.795720"><ele>620.570</ele><time>2022-07-16T10:03:40Z</time></trkpt><trkpt lat="42.867315" lon="-7.795778"><ele>620.891</ele><time>2022-07-16T10:03:44Z</time></trkpt><trkpt lat="42.867344" lon="-7.795846"><ele>621.035</ele><time>2022-07-16T10:03:49Z</time></trkpt><trkpt lat="42.867379" lon="-7.795893"><ele>621.286</ele><time>2022-07-16T10:03:53Z</time></trkpt><trkpt lat="42.867411" lon="-7.795947"><ele>621.514</ele><time>2022-07-16T10:03:57Z</time></trkpt><trkpt lat="42.867435" lon="-7.796013"><ele>621.809</ele><time>2022-07-16T10:04:01Z</time></trkpt><trkpt lat="42.867468" lon="-7.796067"><ele>622.174</ele><time>2022-07-16T10:04:05Z</time></trkpt><trkpt lat="42.867494" lon="-7.796123"><ele>622.493</ele><time>2022-07-16T10:04:10Z</time></trkpt><trkpt lat="42.867531" lon="-7.796174"><ele>622.721</ele><time>2022-07-16T10:04:14Z</time></trkpt><trkpt lat="42.867566" lon="-7.796235"><ele>623.033</ele><time>2022-07-16T10:04:19Z</time></trkpt><trkpt lat="42.867589" lon="-7.796289"><ele>623.310</ele><time>2022-07-16T10:04:23Z</time></trkpt><trkpt lat="42.867623" lon="-7.796348"><ele>623.664</ele><time>2022-07-16T10:04:28Z</time></trkpt><trkpt lat="42.867649" lon="-7.796403"><ele>623.953</ele><time>2022-07-16T10:04:33Z</time></trkpt><trkpt lat="42.867683" lon="-7.796468"><ele>624.221</ele><time>2022-07-16T10:04:39Z</time></trkpt><trkpt lat="42.867719" lon="-7.796632"><ele>624.952</ele><time>2022-07-16T10:06:39Z</time></trkpt><trkpt lat="42.867734" lon="-7.796706"><ele>625.385</ele><time>2022-07-16T10:07:05Z</time></trkpt><trkpt lat="42.867785" lon="-7.796723"><ele>625.689</ele><time>2022-07-16T10:07:23Z</time></trkpt><trkpt lat="42.867820" lon="-7.796768"><ele>625.817</ele><time>2022-07-16T10:07:27Z</time></trkpt><trkpt lat="42.867857" lon="-7.796817"><ele>625.909</ele><time>2022-07-16T10:07:32Z</time></trkpt><trkpt lat="42.867888" lon="-7.796872"><ele>625.959</ele><time>2022-07-16T10:07:37Z</time></trkpt><trkpt lat="42.867913" lon="-7.796924"><ele>626.148</ele><time>2022-07-16T10:07:40Z</time></trkpt><trkpt lat="42.867942" lon="-7.796976"><ele>626.546</ele><time>2022-07-16T10:07:44Z</time></trkpt><trkpt lat="42.867983" lon="-7.797017"><ele>626.948</ele><time>2022-07-16T10:07:49Z</time></trkpt><trkpt lat="42.868011" lon="-7.797065"><ele>627.335</ele><time>2022-07-16T10:07:53Z</time></trkpt><trkpt lat="42.868040" lon="-7.797113"><ele>627.819</ele><time>2022-07-16T10:07:57Z</time></trkpt><trkpt lat="42.868065" lon="-7.797174"><ele>628.358</ele><time>2022-07-16T10:08:01Z</time></trkpt><trkpt lat="42.868101" lon="-7.797222"><ele>628.746</ele><time>2022-07-16T10:08:05Z</time></trkpt><trkpt lat="42.868136" lon="-7.797288"><ele>629.177</ele><time>2022-07-16T10:08:10Z</time></trkpt><trkpt lat="42.868165" lon="-7.797345"><ele>629.661</ele><time>2022-07-16T10:08:14Z</time></trkpt><trkpt lat="42.868190" lon="-7.797406"><ele>630.121</ele><time>2022-07-16T10:08:17Z</time></trkpt><trkpt lat="42.868215" lon="-7.797459"><ele>630.413</ele><time>2022-07-16T10:08:21Z</time></trkpt><trkpt lat="42.868236" lon="-7.797529"><ele>630.509</ele><time>2022-07-16T10:08:26Z</time></trkpt><trkpt lat="42.868267" lon="-7.797589"><ele>630.577</ele><time>2022-07-16T10:08:30Z</time></trkpt><trkpt lat="42.868294" lon="-7.797640"><ele>630.656</ele><time>2022-07-16T10:08:33Z</time></trkpt><trkpt lat="42.868323" lon="-7.797694"><ele>630.874</ele><time>2022-07-16T10:08:36Z</time></trkpt><trkpt lat="42.868354" lon="-7.797766"><ele>630.966</ele><time>2022-07-16T10:08:40Z</time></trkpt><trkpt lat="42.868382" lon="-7.797817"><ele>631.083</ele><time>2022-07-16T10:08:43Z</time></trkpt><trkpt lat="42.868425" lon="-7.797867"><ele>631.097</ele><time>2022-07-16T10:08:47Z</time></trkpt><trkpt lat="42.868468" lon="-7.797910"><ele>631.026</ele><time>2022-07-16T10:08:51Z</time></trkpt><trkpt lat="42.868514" lon="-7.797952"><ele>630.994</ele><time>2022-07-16T10:08:55Z</time></trkpt><trkpt lat="42.868546" lon="-7.797998"><ele>630.995</ele><time>2022-07-16T10:08:58Z</time></trkpt><trkpt lat="42.868585" lon="-7.798045"><ele>630.866</ele><time>2022-07-16T10:09:02Z</time></trkpt><trkpt lat="42.868630" lon="-7.798097"><ele>630.629</ele><time>2022-07-16T10:09:06Z</time></trkpt><trkpt lat="42.868672" lon="-7.798151"><ele>630.421</ele><time>2022-07-16T10:09:10Z</time></trkpt><trkpt lat="42.868714" lon="-7.798196"><ele>630.309</ele><time>2022-07-16T10:09:14Z</time></trkpt><trkpt lat="42.868746" lon="-7.798241"><ele>630.117</ele><time>2022-07-16T10:09:17Z</time></trkpt><trkpt lat="42.868774" lon="-7.798291"><ele>629.896</ele><time>2022-07-16T10:09:20Z</time></trkpt><trkpt lat="42.868819" lon="-7.798339"><ele>629.664</ele><time>2022-07-16T10:09:24Z</time></trkpt><trkpt lat="42.868859" lon="-7.798398"><ele>629.496</ele><time>2022-07-16T10:09:28Z</time></trkpt><trkpt lat="42.868904" lon="-7.798440"><ele>629.233</ele><time>2022-07-16T10:09:32Z</time></trkpt><trkpt lat="42.868940" lon="-7.798486"><ele>628.947</ele><time>2022-07-16T10:09:37Z</time></trkpt><trkpt lat="42.868982" lon="-7.798536"><ele>628.566</ele><time>2022-07-16T10:09:41Z</time></trkpt><trkpt lat="42.869019" lon="-7.798587"><ele>628.354</ele><time>2022-07-16T10:09:45Z</time></trkpt><trkpt lat="42.869057" lon="-7.798637"><ele>628.285</ele><time>2022-07-16T10:09:49Z</time></trkpt><trkpt lat="42.869093" lon="-7.798682"><ele>628.091</ele><time>2022-07-16T10:09:53Z</time></trkpt><trkpt lat="42.869141" lon="-7.798723"><ele>627.881</ele><time>2022-07-16T10:09:57Z</time></trkpt><trkpt lat="42.869183" lon="-7.798775"><ele>627.619</ele><time>2022-07-16T10:10:01Z</time></trkpt><trkpt lat="42.869220" lon="-7.798828"><ele>627.409</ele><time>2022-07-16T10:10:05Z</time></trkpt><trkpt lat="42.869261" lon="-7.798886"><ele>627.190</ele><time>2022-07-16T10:10:09Z</time></trkpt><trkpt lat="42.869302" lon="-7.798939"><ele>626.849</ele><time>2022-07-16T10:10:13Z</time></trkpt><trkpt lat="42.869343" lon="-7.798987"><ele>626.797</ele><time>2022-07-16T10:10:17Z</time></trkpt><trkpt lat="42.869381" lon="-7.799036"><ele>626.599</ele><time>2022-07-16T10:10:21Z</time></trkpt><trkpt lat="42.869419" lon="-7.799091"><ele>626.246</ele><time>2022-07-16T10:10:25Z</time></trkpt><trkpt lat="42.869460" lon="-7.799138"><ele>626.050</ele><time>2022-07-16T10:10:29Z</time></trkpt><trkpt lat="42.869496" lon="-7.799185"><ele>625.939</ele><time>2022-07-16T10:10:33Z</time></trkpt><trkpt lat="42.869540" lon="-7.799234"><ele>625.877</ele><time>2022-07-16T10:10:37Z</time></trkpt><trkpt lat="42.869578" lon="-7.799285"><ele>625.778</ele><time>2022-07-16T10:10:41Z</time></trkpt><trkpt lat="42.869627" lon="-7.799332"><ele>625.694</ele><time>2022-07-16T10:10:45Z</time></trkpt><trkpt lat="42.869664" lon="-7.799381"><ele>625.457</ele><time>2022-07-16T10:10:49Z</time></trkpt><trkpt lat="42.869698" lon="-7.799425"><ele>625.322</ele><time>2022-07-16T10:10:52Z</time></trkpt><trkpt lat="42.869742" lon="-7.799481"><ele>625.109</ele><time>2022-07-16T10:10:56Z</time></trkpt><trkpt lat="42.869787" lon="-7.799533"><ele>624.920</ele><time>2022-07-16T10:11:00Z</time></trkpt><trkpt lat="42.869822" lon="-7.799578"><ele>624.889</ele><time>2022-07-16T10:11:04Z</time></trkpt><trkpt lat="42.869862" lon="-7.799625"><ele>624.657</ele><time>2022-07-16T10:11:08Z</time></trkpt><trkpt lat="42.869890" lon="-7.799674"><ele>624.559</ele><time>2022-07-16T10:11:11Z</time></trkpt><trkpt lat="42.869925" lon="-7.799715"><ele>624.486</ele><time>2022-07-16T10:11:15Z</time></trkpt><trkpt lat="42.869963" lon="-7.799757"><ele>624.390</ele><time>2022-07-16T10:11:19Z</time></trkpt><trkpt lat="42.870003" lon="-7.799811"><ele>624.239</ele><time>2022-07-16T10:11:23Z</time></trkpt><trkpt lat="42.870045" lon="-7.799850"><ele>624.197</ele><time>2022-07-16T10:11:27Z</time></trkpt><trkpt lat="42.870083" lon="-7.799902"><ele>623.968</ele><time>2022-07-16T10:11:31Z</time></trkpt><trkpt lat="42.870122" lon="-7.799958"><ele>623.795</ele><time>2022-07-16T10:11:35Z</time></trkpt><trkpt lat="42.870153" lon="-7.800007"><ele>623.449</ele><time>2022-07-16T10:11:38Z</time></trkpt><trkpt lat="42.870191" lon="-7.800051"><ele>623.223</ele><time>2022-07-16T10:11:42Z</time></trkpt><trkpt lat="42.870231" lon="-7.800110"><ele>623.109</ele><time>2022-07-16T10:11:46Z</time></trkpt><trkpt lat="42.870274" lon="-7.800144"><ele>623.050</ele><time>2022-07-16T10:11:50Z</time></trkpt><trkpt lat="42.870309" lon="-7.800200"><ele>622.859</ele><time>2022-07-16T10:11:53Z</time></trkpt><trkpt lat="42.870347" lon="-7.800247"><ele>622.627</ele><time>2022-07-16T10:11:57Z</time></trkpt><trkpt lat="42.870382" lon="-7.800300"><ele>622.499</ele><time>2022-07-16T10:12:01Z</time></trkpt><trkpt lat="42.870415" lon="-7.800341"><ele>622.326</ele><time>2022-07-16T10:12:04Z</time></trkpt><trkpt lat="42.870455" lon="-7.800383"><ele>622.110</ele><time>2022-07-16T10:12:08Z</time></trkpt><trkpt lat="42.870488" lon="-7.800431"><ele>621.949</ele><time>2022-07-16T10:12:11Z</time></trkpt><trkpt lat="42.870531" lon="-7.800481"><ele>621.757</ele><time>2022-07-16T10:12:15Z</time></trkpt><trkpt lat="42.870566" lon="-7.800527"><ele>621.688</ele><time>2022-07-16T10:12:18Z</time></trkpt><trkpt lat="42.870614" lon="-7.800566"><ele>621.539</ele><time>2022-07-16T10:12:22Z</time></trkpt><trkpt lat="42.870658" lon="-7.800620"><ele>621.301</ele><time>2022-07-16T10:12:26Z</time></trkpt><trkpt lat="42.870691" lon="-7.800671"><ele>621.121</ele><time>2022-07-16T10:12:29Z</time></trkpt><trkpt lat="42.870731" lon="-7.800709"><ele>621.009</ele><time>2022-07-16T10:12:32Z</time></trkpt><trkpt lat="42.870760" lon="-7.800757"><ele>620.714</ele><time>2022-07-16T10:12:35Z</time></trkpt><trkpt lat="42.870800" lon="-7.800800"><ele>620.533</ele><time>2022-07-16T10:12:38Z</time></trkpt><trkpt lat="42.870843" lon="-7.800848"><ele>620.381</ele><time>2022-07-16T10:12:42Z</time></trkpt><trkpt lat="42.870878" lon="-7.800914"><ele>620.183</ele><time>2022-07-16T10:12:46Z</time></trkpt><trkpt lat="42.870919" lon="-7.800964"><ele>619.920</ele><time>2022-07-16T10:12:50Z</time></trkpt><trkpt lat="42.870963" lon="-7.801018"><ele>619.594</ele><time>2022-07-16T10:12:54Z</time></trkpt><trkpt lat="42.870993" lon="-7.801064"><ele>619.253</ele><time>2022-07-16T10:12:57Z</time></trkpt><trkpt lat="42.871021" lon="-7.801113"><ele>619.151</ele><time>2022-07-16T10:13:00Z</time></trkpt><trkpt lat="42.871053" lon="-7.801168"><ele>618.892</ele><time>2022-07-16T10:13:04Z</time></trkpt><trkpt lat="42.871093" lon="-7.801223"><ele>618.546</ele><time>2022-07-16T10:13:08Z</time></trkpt><trkpt lat="42.871123" lon="-7.801275"><ele>618.288</ele><time>2022-07-16T10:13:12Z</time></trkpt><trkpt lat="42.871151" lon="-7.801326"><ele>617.816</ele><time>2022-07-16T10:13:16Z</time></trkpt><trkpt lat="42.871173" lon="-7.801386"><ele>617.309</ele><time>2022-07-16T10:13:20Z</time></trkpt><trkpt lat="42.871194" lon="-7.801457"><ele>616.815</ele><time>2022-07-16T10:13:24Z</time></trkpt><trkpt lat="42.871226" lon="-7.801521"><ele>616.344</ele><time>2022-07-16T10:13:28Z</time></trkpt><trkpt lat="42.871241" lon="-7.801582"><ele>615.862</ele><time>2022-07-16T10:13:32Z</time></trkpt><trkpt lat="42.871274" lon="-7.801651"><ele>614.934</ele><time>2022-07-16T10:13:36Z</time></trkpt><trkpt lat="42.871305" lon="-7.801727"><ele>614.311</ele><time>2022-07-16T10:13:40Z</time></trkpt><trkpt lat="42.871333" lon="-7.801778"><ele>613.735</ele><time>2022-07-16T10:13:43Z</time></trkpt><trkpt lat="42.871359" lon="-7.801847"><ele>612.934</ele><time>2022-07-16T10:13:47Z</time></trkpt><trkpt lat="42.871381" lon="-7.801915"><ele>612.332</ele><time>2022-07-16T10:13:51Z</time></trkpt><trkpt lat="42.871406" lon="-7.801972"><ele>611.663</ele><time>2022-07-16T10:13:55Z</time></trkpt><trkpt lat="42.871427" lon="-7.802041"><ele>611.392</ele><time>2022-07-16T10:13:59Z</time></trkpt><trkpt lat="42.871449" lon="-7.802116"><ele>610.273</ele><time>2022-07-16T10:14:03Z</time></trkpt><trkpt lat="42.871466" lon="-7.802174"><ele>609.820</ele><time>2022-07-16T10:14:06Z</time></trkpt><trkpt lat="42.871488" lon="-7.802232"><ele>609.009</ele><time>2022-07-16T10:14:09Z</time></trkpt><trkpt lat="42.871516" lon="-7.802302"><ele>608.370</ele><time>2022-07-16T10:14:13Z</time></trkpt><trkpt lat="42.871535" lon="-7.802368"><ele>607.829</ele><time>2022-07-16T10:14:17Z</time></trkpt><trkpt lat="42.871564" lon="-7.802422"><ele>607.187</ele><time>2022-07-16T10:14:21Z</time></trkpt><trkpt lat="42.871587" lon="-7.802476"><ele>606.329</ele><time>2022-07-16T10:14:24Z</time></trkpt><trkpt lat="42.871607" lon="-7.802553"><ele>605.566</ele><time>2022-07-16T10:14:28Z</time></trkpt><trkpt lat="42.871632" lon="-7.802614"><ele>604.950</ele><time>2022-07-16T10:14:32Z</time></trkpt><trkpt lat="42.871667" lon="-7.802667"><ele>604.329</ele><time>2022-07-16T10:14:36Z</time></trkpt><trkpt lat="42.871700" lon="-7.802731"><ele>603.567</ele><time>2022-07-16T10:14:41Z</time></trkpt><trkpt lat="42.871740" lon="-7.802777"><ele>602.278</ele><time>2022-07-16T10:14:47Z</time></trkpt><trkpt lat="42.871770" lon="-7.802841"><ele>601.653</ele><time>2022-07-16T10:14:51Z</time></trkpt><trkpt lat="42.871801" lon="-7.802887"><ele>600.504</ele><time>2022-07-16T10:14:56Z</time></trkpt><trkpt lat="42.871813" lon="-7.802956"><ele>599.614</ele><time>2022-07-16T10:15:01Z</time></trkpt><trkpt lat="42.871841" lon="-7.803020"><ele>598.909</ele><time>2022-07-16T10:15:05Z</time></trkpt><trkpt lat="42.871849" lon="-7.803089"><ele>598.026</ele><time>2022-07-16T10:15:11Z</time></trkpt><trkpt lat="42.871887" lon="-7.803148"><ele>597.225</ele><time>2022-07-16T10:15:15Z</time></trkpt><trkpt lat="42.871906" lon="-7.803219"><ele>596.063</ele><time>2022-07-16T10:15:18Z</time></trkpt><trkpt lat="42.871937" lon="-7.803280"><ele>595.465</ele><time>2022-07-16T10:15:24Z</time></trkpt><trkpt lat="42.871967" lon="-7.803336"><ele>595.212</ele><time>2022-07-16T10:15:28Z</time></trkpt><trkpt lat="42.871984" lon="-7.803393"><ele>594.686</ele><time>2022-07-16T10:15:31Z</time></trkpt><trkpt lat="42.872025" lon="-7.803454"><ele>594.025</ele><time>2022-07-16T10:15:35Z</time></trkpt><trkpt lat="42.872066" lon="-7.803509"><ele>593.543</ele><time>2022-07-16T10:15:38Z</time></trkpt><trkpt lat="42.872081" lon="-7.803582"><ele>592.944</ele><time>2022-07-16T10:15:40Z</time></trkpt><trkpt lat="42.872119" lon="-7.803814"><ele>592.589</ele><time>2022-07-16T10:15:58Z</time></trkpt><trkpt lat="42.872154" lon="-7.803858"><ele>592.406</ele><time>2022-07-16T10:16:03Z</time></trkpt><trkpt lat="42.872195" lon="-7.803899"><ele>592.226</ele><time>2022-07-16T10:16:09Z</time></trkpt><trkpt lat="42.872245" lon="-7.803916"><ele>592.009</ele><time>2022-07-16T10:16:14Z</time></trkpt><trkpt lat="42.872288" lon="-7.803950"><ele>591.829</ele><time>2022-07-16T10:16:19Z</time></trkpt><trkpt lat="42.872338" lon="-7.803974"><ele>591.518</ele><time>2022-07-16T10:16:25Z</time></trkpt><trkpt lat="42.872374" lon="-7.804022"><ele>590.866</ele><time>2022-07-16T10:16:29Z</time></trkpt><trkpt lat="42.872415" lon="-7.804068"><ele>590.258</ele><time>2022-07-16T10:16:35Z</time></trkpt><trkpt lat="42.872451" lon="-7.804111"><ele>589.755</ele><time>2022-07-16T10:16:39Z</time></trkpt><trkpt lat="42.872489" lon="-7.804149"><ele>589.289</ele><time>2022-07-16T10:16:42Z</time></trkpt><trkpt lat="42.872516" lon="-7.804208"><ele>588.638</ele><time>2022-07-16T10:16:44Z</time></trkpt><trkpt lat="42.872545" lon="-7.804280"><ele>588.026</ele><time>2022-07-16T10:16:47Z</time></trkpt><trkpt lat="42.872571" lon="-7.804331"><ele>587.627</ele><time>2022-07-16T10:16:50Z</time></trkpt><trkpt lat="42.872626" lon="-7.804441"><ele>587.263</ele><time>2022-07-16T10:17:34Z</time></trkpt><trkpt lat="42.872671" lon="-7.804461"><ele>586.844</ele><time>2022-07-16T10:17:39Z</time></trkpt><trkpt lat="42.872706" lon="-7.804510"><ele>586.218</ele><time>2022-07-16T10:17:45Z</time></trkpt><trkpt lat="42.872744" lon="-7.804551"><ele>585.609</ele><time>2022-07-16T10:17:50Z</time></trkpt><trkpt lat="42.872791" lon="-7.804586"><ele>584.817</ele><time>2022-07-16T10:17:55Z</time></trkpt><trkpt lat="42.872837" lon="-7.804635"><ele>584.546</ele><time>2022-07-16T10:18:01Z</time></trkpt><trkpt lat="42.872874" lon="-7.804672"><ele>583.764</ele><time>2022-07-16T10:18:06Z</time></trkpt><trkpt lat="42.872916" lon="-7.804715"><ele>582.926</ele><time>2022-07-16T10:18:10Z</time></trkpt><trkpt lat="42.872958" lon="-7.804756"><ele>582.243</ele><time>2022-07-16T10:18:14Z</time></trkpt><trkpt lat="42.872995" lon="-7.804797"><ele>581.627</ele><time>2022-07-16T10:18:18Z</time></trkpt><trkpt lat="42.873033" lon="-7.804832"><ele>581.126</ele><time>2022-07-16T10:18:22Z</time></trkpt><trkpt lat="42.873074" lon="-7.804876"><ele>580.664</ele><time>2022-07-16T10:18:26Z</time></trkpt><trkpt lat="42.873118" lon="-7.804916"><ele>580.165</ele><time>2022-07-16T10:18:30Z</time></trkpt><trkpt lat="42.873160" lon="-7.804961"><ele>579.639</ele><time>2022-07-16T10:18:34Z</time></trkpt><trkpt lat="42.873194" lon="-7.805002"><ele>579.101</ele><time>2022-07-16T10:18:37Z</time></trkpt><trkpt lat="42.873237" lon="-7.805042"><ele>578.521</ele><time>2022-07-16T10:18:41Z</time></trkpt><trkpt lat="42.873287" lon="-7.805086"><ele>577.909</ele><time>2022-07-16T10:18:45Z</time></trkpt><trkpt lat="42.873329" lon="-7.805125"><ele>577.344</ele><time>2022-07-16T10:18:49Z</time></trkpt><trkpt lat="42.873359" lon="-7.805171"><ele>576.643</ele><time>2022-07-16T10:18:52Z</time></trkpt><trkpt lat="42.873397" lon="-7.805210"><ele>575.911</ele><time>2022-07-16T10:18:55Z</time></trkpt><trkpt lat="42.873440" lon="-7.805268"><ele>575.393</ele><time>2022-07-16T10:18:59Z</time></trkpt><trkpt lat="42.873480" lon="-7.805332"><ele>574.810</ele><time>2022-07-16T10:19:03Z</time></trkpt><trkpt lat="42.873528" lon="-7.805388"><ele>573.994</ele><time>2022-07-16T10:19:06Z</time></trkpt><trkpt lat="42.873557" lon="-7.805447"><ele>573.283</ele><time>2022-07-16T10:19:10Z</time></trkpt><trkpt lat="42.873595" lon="-7.805506"><ele>572.771</ele><time>2022-07-16T10:19:14Z</time></trkpt><trkpt lat="42.873613" lon="-7.805574"><ele>572.012</ele><time>2022-07-16T10:19:19Z</time></trkpt><trkpt lat="42.873651" lon="-7.805616"><ele>571.353</ele><time>2022-07-16T10:19:23Z</time></trkpt><trkpt lat="42.873697" lon="-7.805675"><ele>570.304</ele><time>2022-07-16T10:19:27Z</time></trkpt><trkpt lat="42.873712" lon="-7.805746"><ele>569.514</ele><time>2022-07-16T10:19:30Z</time></trkpt><trkpt lat="42.873742" lon="-7.805802"><ele>569.109</ele><time>2022-07-16T10:19:33Z</time></trkpt><trkpt lat="42.873738" lon="-7.805874"><ele>568.476</ele><time>2022-07-16T10:19:36Z</time></trkpt><trkpt lat="42.873749" lon="-7.805954"><ele>567.545</ele><time>2022-07-16T10:19:39Z</time></trkpt><trkpt lat="42.873757" lon="-7.806015"><ele>567.273</ele><time>2022-07-16T10:19:42Z</time></trkpt><trkpt lat="42.873756" lon="-7.806093"><ele>566.635</ele><time>2022-07-16T10:19:46Z</time></trkpt><trkpt lat="42.873747" lon="-7.806163"><ele>566.222</ele><time>2022-07-16T10:19:50Z</time></trkpt><trkpt lat="42.873735" lon="-7.806226"><ele>565.916</ele><time>2022-07-16T10:19:53Z</time></trkpt><trkpt lat="42.873723" lon="-7.806304"><ele>565.635</ele><time>2022-07-16T10:19:57Z</time></trkpt><trkpt lat="42.873717" lon="-7.806380"><ele>565.483</ele><time>2022-07-16T10:20:02Z</time></trkpt><trkpt lat="42.873708" lon="-7.806443"><ele>565.354</ele><time>2022-07-16T10:20:05Z</time></trkpt><trkpt lat="42.873707" lon="-7.806524"><ele>565.213</ele><time>2022-07-16T10:20:09Z</time></trkpt><trkpt lat="42.873706" lon="-7.806601"><ele>565.043</ele><time>2022-07-16T10:20:13Z</time></trkpt><trkpt lat="42.873694" lon="-7.806665"><ele>564.907</ele><time>2022-07-16T10:20:16Z</time></trkpt><trkpt lat="42.873685" lon="-7.806735"><ele>564.809</ele><time>2022-07-16T10:20:20Z</time></trkpt><trkpt lat="42.873666" lon="-7.806812"><ele>564.772</ele><time>2022-07-16T10:20:24Z</time></trkpt><trkpt lat="42.873646" lon="-7.806875"><ele>564.651</ele><time>2022-07-16T10:20:28Z</time></trkpt><trkpt lat="42.873628" lon="-7.806940"><ele>564.559</ele><time>2022-07-16T10:20:31Z</time></trkpt><trkpt lat="42.873612" lon="-7.807001"><ele>564.591</ele><time>2022-07-16T10:20:35Z</time></trkpt><trkpt lat="42.873566" lon="-7.807042"><ele>564.578</ele><time>2022-07-16T10:20:39Z</time></trkpt><trkpt lat="42.873542" lon="-7.807108"><ele>564.512</ele><time>2022-07-16T10:20:43Z</time></trkpt><trkpt lat="42.873523" lon="-7.807168"><ele>564.571</ele><time>2022-07-16T10:20:47Z</time></trkpt><trkpt lat="42.873514" lon="-7.807232"><ele>564.549</ele><time>2022-07-16T10:20:51Z</time></trkpt><trkpt lat="42.873499" lon="-7.807303"><ele>564.560</ele><time>2022-07-16T10:20:55Z</time></trkpt><trkpt lat="42.873478" lon="-7.807361"><ele>564.516</ele><time>2022-07-16T10:20:59Z</time></trkpt><trkpt lat="42.873449" lon="-7.807412"><ele>564.576</ele><time>2022-07-16T10:21:03Z</time></trkpt><trkpt lat="42.873420" lon="-7.807355"><ele>564.513</ele><time>2022-07-16T10:21:20Z</time></trkpt><trkpt lat="42.873440" lon="-7.807421"><ele>564.509</ele><time>2022-07-16T10:21:49Z</time></trkpt><trkpt lat="42.873452" lon="-7.807486"><ele>564.552</ele><time>2022-07-16T10:21:56Z</time></trkpt><trkpt lat="42.873469" lon="-7.807543"><ele>564.551</ele><time>2022-07-16T10:22:00Z</time></trkpt><trkpt lat="42.873473" lon="-7.807607"><ele>564.379</ele><time>2022-07-16T10:22:05Z</time></trkpt><trkpt lat="42.873492" lon="-7.807664"><ele>564.021</ele><time>2022-07-16T10:22:11Z</time></trkpt><trkpt lat="42.873516" lon="-7.807750"><ele>563.828</ele><time>2022-07-16T10:22:15Z</time></trkpt><trkpt lat="42.873529" lon="-7.807811"><ele>563.672</ele><time>2022-07-16T10:22:20Z</time></trkpt><trkpt lat="42.873556" lon="-7.807888"><ele>563.461</ele><time>2022-07-16T10:22:24Z</time></trkpt><trkpt lat="42.873576" lon="-7.807949"><ele>563.169</ele><time>2022-07-16T10:22:28Z</time></trkpt><trkpt lat="42.873611" lon="-7.808016"><ele>563.190</ele><time>2022-07-16T10:22:33Z</time></trkpt><trkpt lat="42.873633" lon="-7.808073"><ele>563.142</ele><time>2022-07-16T10:22:36Z</time></trkpt><trkpt lat="42.873655" lon="-7.808129"><ele>563.122</ele><time>2022-07-16T10:22:39Z</time></trkpt><trkpt lat="42.873668" lon="-7.808194"><ele>563.114</ele><time>2022-07-16T10:22:43Z</time></trkpt><trkpt lat="42.873674" lon="-7.808267"><ele>563.109</ele><time>2022-07-16T10:22:48Z</time></trkpt><trkpt lat="42.873689" lon="-7.808334"><ele>563.185</ele><time>2022-07-16T10:22:55Z</time></trkpt><trkpt lat="42.873694" lon="-7.808405"><ele>563.274</ele><time>2022-07-16T10:22:59Z</time></trkpt><trkpt lat="42.873707" lon="-7.808479"><ele>563.572</ele><time>2022-07-16T10:23:04Z</time></trkpt><trkpt lat="42.873691" lon="-7.808544"><ele>563.934</ele><time>2022-07-16T10:23:08Z</time></trkpt><trkpt lat="42.873707" lon="-7.808641"><ele>564.421</ele><time>2022-07-16T10:23:17Z</time></trkpt><trkpt lat="42.873689" lon="-7.808702"><ele>564.755</ele><time>2022-07-16T10:23:21Z</time></trkpt><trkpt lat="42.873685" lon="-7.808767"><ele>565.184</ele><time>2022-07-16T10:23:25Z</time></trkpt><trkpt lat="42.873676" lon="-7.808836"><ele>565.152</ele><time>2022-07-16T10:23:29Z</time></trkpt><trkpt lat="42.873641" lon="-7.808909"><ele>565.213</ele><time>2022-07-16T10:23:45Z</time></trkpt><trkpt lat="42.873630" lon="-7.808973"><ele>565.358</ele><time>2022-07-16T10:23:51Z</time></trkpt><trkpt lat="42.873668" lon="-7.809030"><ele>565.652</ele><time>2022-07-16T10:23:57Z</time></trkpt><trkpt lat="42.873702" lon="-7.809093"><ele>565.917</ele><time>2022-07-16T10:24:29Z</time></trkpt><trkpt lat="42.873674" lon="-7.809031"><ele>565.909</ele><time>2022-07-16T10:25:10Z</time></trkpt><trkpt lat="42.873642" lon="-7.809077"><ele>566.286</ele><time>2022-07-16T10:25:16Z</time></trkpt><trkpt lat="42.873613" lon="-7.809153"><ele>566.555</ele><time>2022-07-16T10:25:22Z</time></trkpt><trkpt lat="42.873585" lon="-7.809209"><ele>566.653</ele><time>2022-07-16T10:25:26Z</time></trkpt><trkpt lat="42.873555" lon="-7.809268"><ele>566.785</ele><time>2022-07-16T10:25:29Z</time></trkpt><trkpt lat="42.873534" lon="-7.809333"><ele>566.912</ele><time>2022-07-16T10:25:34Z</time></trkpt><trkpt lat="42.873503" lon="-7.809394"><ele>567.196</ele><time>2022-07-16T10:25:39Z</time></trkpt><trkpt lat="42.873491" lon="-7.809455"><ele>567.235</ele><time>2022-07-16T10:25:43Z</time></trkpt><trkpt lat="42.873474" lon="-7.809524"><ele>567.573</ele><time>2022-07-16T10:25:48Z</time></trkpt><trkpt lat="42.873459" lon="-7.809590"><ele>567.834</ele><time>2022-07-16T10:25:52Z</time></trkpt><trkpt lat="42.873436" lon="-7.809656"><ele>568.192</ele><time>2022-07-16T10:25:56Z</time></trkpt><trkpt lat="42.873415" lon="-7.809712"><ele>568.473</ele><time>2022-07-16T10:26:00Z</time></trkpt><trkpt lat="42.873392" lon="-7.809770"><ele>568.620</ele><time>2022-07-16T10:26:05Z</time></trkpt><trkpt lat="42.873371" lon="-7.809833"><ele>568.809</ele><time>2022-07-16T10:26:10Z</time></trkpt><trkpt lat="42.873338" lon="-7.809900"><ele>569.020</ele><time>2022-07-16T10:26:14Z</time></trkpt><trkpt lat="42.873319" lon="-7.809966"><ele>569.279</ele><time>2022-07-16T10:26:18Z</time></trkpt><trkpt lat="42.873292" lon="-7.810021"><ele>569.537</ele><time>2022-07-16T10:26:22Z</time></trkpt><trkpt lat="42.873270" lon="-7.810086"><ele>569.769</ele><time>2022-07-16T10:26:26Z</time></trkpt><trkpt lat="42.873248" lon="-7.810140"><ele>569.856</ele><time>2022-07-16T10:26:29Z</time></trkpt><trkpt lat="42.873218" lon="-7.810198"><ele>569.980</ele><time>2022-07-16T10:26:33Z</time></trkpt><trkpt lat="42.873177" lon="-7.810261"><ele>569.939</ele><time>2022-07-16T10:26:39Z</time></trkpt><trkpt lat="42.873150" lon="-7.810320"><ele>570.057</ele><time>2022-07-16T10:26:42Z</time></trkpt><trkpt lat="42.873132" lon="-7.810380"><ele>570.188</ele><time>2022-07-16T10:26:45Z</time></trkpt><trkpt lat="42.873111" lon="-7.810436"><ele>570.261</ele><time>2022-07-16T10:26:48Z</time></trkpt><trkpt lat="42.873076" lon="-7.810497"><ele>570.321</ele><time>2022-07-16T10:26:52Z</time></trkpt><trkpt lat="42.873044" lon="-7.810554"><ele>570.413</ele><time>2022-07-16T10:26:56Z</time></trkpt><trkpt lat="42.873008" lon="-7.810621"><ele>570.509</ele><time>2022-07-16T10:27:00Z</time></trkpt><trkpt lat="42.872974" lon="-7.810682"><ele>570.667</ele><time>2022-07-16T10:27:04Z</time></trkpt><trkpt lat="42.872943" lon="-7.810741"><ele>570.616</ele><time>2022-07-16T10:27:08Z</time></trkpt><trkpt lat="42.872905" lon="-7.810791"><ele>570.674</ele><time>2022-07-16T10:27:12Z</time></trkpt><trkpt lat="42.872864" lon="-7.810841"><ele>570.766</ele><time>2022-07-16T10:27:16Z</time></trkpt><trkpt lat="42.872829" lon="-7.810892"><ele>570.843</ele><time>2022-07-16T10:27:20Z</time></trkpt><trkpt lat="42.872791" lon="-7.810929"><ele>571.087</ele><time>2022-07-16T10:27:23Z</time></trkpt><trkpt lat="42.872752" lon="-7.810981"><ele>571.276</ele><time>2022-07-16T10:27:32Z</time></trkpt><trkpt lat="42.872721" lon="-7.811040"><ele>571.254</ele><time>2022-07-16T10:27:36Z</time></trkpt><trkpt lat="42.872689" lon="-7.811107"><ele>571.395</ele><time>2022-07-16T10:27:41Z</time></trkpt><trkpt lat="42.872657" lon="-7.811161"><ele>571.463</ele><time>2022-07-16T10:27:45Z</time></trkpt><trkpt lat="42.872625" lon="-7.811220"><ele>571.544</ele><time>2022-07-16T10:27:49Z</time></trkpt><trkpt lat="42.872591" lon="-7.811270"><ele>571.518</ele><time>2022-07-16T10:27:53Z</time></trkpt><trkpt lat="42.872564" lon="-7.811334"><ele>571.509</ele><time>2022-07-16T10:27:57Z</time></trkpt><trkpt lat="42.872529" lon="-7.811402"><ele>571.577</ele><time>2022-07-16T10:28:02Z</time></trkpt><trkpt lat="42.872500" lon="-7.811457"><ele>571.526</ele><time>2022-07-16T10:28:06Z</time></trkpt><trkpt lat="42.872471" lon="-7.811514"><ele>571.614</ele><time>2022-07-16T10:28:10Z</time></trkpt><trkpt lat="42.872442" lon="-7.811584"><ele>571.766</ele><time>2022-07-16T10:28:14Z</time></trkpt><trkpt lat="42.872413" lon="-7.811642"><ele>571.823</ele><time>2022-07-16T10:28:18Z</time></trkpt><trkpt lat="42.872385" lon="-7.811709"><ele>571.997</ele><time>2022-07-16T10:28:22Z</time></trkpt><trkpt lat="42.872365" lon="-7.811769"><ele>572.126</ele><time>2022-07-16T10:28:26Z</time></trkpt><trkpt lat="42.872345" lon="-7.811827"><ele>572.244</ele><time>2022-07-16T10:28:30Z</time></trkpt><trkpt lat="42.872326" lon="-7.811898"><ele>572.395</ele><time>2022-07-16T10:28:34Z</time></trkpt><trkpt lat="42.872315" lon="-7.811966"><ele>572.416</ele><time>2022-07-16T10:28:38Z</time></trkpt><trkpt lat="42.872300" lon="-7.812037"><ele>572.576</ele><time>2022-07-16T10:28:42Z</time></trkpt><trkpt lat="42.872289" lon="-7.812103"><ele>572.613</ele><time>2022-07-16T10:28:46Z</time></trkpt><trkpt lat="42.872288" lon="-7.812172"><ele>572.809</ele><time>2022-07-16T10:28:50Z</time></trkpt><trkpt lat="42.872285" lon="-7.812243"><ele>573.092</ele><time>2022-07-16T10:28:54Z</time></trkpt><trkpt lat="42.872279" lon="-7.812316"><ele>573.191</ele><time>2022-07-16T10:28:58Z</time></trkpt><trkpt lat="42.872279" lon="-7.812390"><ele>573.239</ele><time>2022-07-16T10:29:02Z</time></trkpt><trkpt lat="42.872269" lon="-7.812452"><ele>573.351</ele><time>2022-07-16T10:29:06Z</time></trkpt><trkpt lat="42.872269" lon="-7.812531"><ele>573.488</ele><time>2022-07-16T10:29:10Z</time></trkpt><trkpt lat="42.872260" lon="-7.812603"><ele>573.592</ele><time>2022-07-16T10:29:14Z</time></trkpt><trkpt lat="42.872256" lon="-7.812674"><ele>573.641</ele><time>2022-07-16T10:29:18Z</time></trkpt><trkpt lat="42.872254" lon="-7.812746"><ele>573.759</ele><time>2022-07-16T10:29:22Z</time></trkpt><trkpt lat="42.872249" lon="-7.812825"><ele>573.940</ele><time>2022-07-16T10:29:27Z</time></trkpt><trkpt lat="42.872237" lon="-7.812886"><ele>573.967</ele><time>2022-07-16T10:29:31Z</time></trkpt><trkpt lat="42.872230" lon="-7.812950"><ele>574.081</ele><time>2022-07-16T10:29:35Z</time></trkpt><trkpt lat="42.872227" lon="-7.813019"><ele>574.119</ele><time>2022-07-16T10:29:39Z</time></trkpt><trkpt lat="42.872223" lon="-7.813099"><ele>574.209</ele><time>2022-07-16T10:29:44Z</time></trkpt><trkpt lat="42.872218" lon="-7.813179"><ele>574.427</ele><time>2022-07-16T10:29:49Z</time></trkpt><trkpt lat="42.872201" lon="-7.813244"><ele>574.556</ele><time>2022-07-16T10:29:53Z</time></trkpt><trkpt lat="42.872197" lon="-7.813325"><ele>574.964</ele><time>2022-07-16T10:29:58Z</time></trkpt><trkpt lat="42.872195" lon="-7.813399"><ele>575.376</ele><time>2022-07-16T10:30:02Z</time></trkpt><trkpt lat="42.872190" lon="-7.813460"><ele>575.583</ele><time>2022-07-16T10:30:06Z</time></trkpt><trkpt lat="42.872174" lon="-7.813538"><ele>575.897</ele><time>2022-07-16T10:30:15Z</time></trkpt><trkpt lat="42.872167" lon="-7.813604"><ele>576.186</ele><time>2022-07-16T10:30:19Z</time></trkpt><trkpt lat="42.872161" lon="-7.813669"><ele>576.464</ele><time>2022-07-16T10:30:23Z</time></trkpt><trkpt lat="42.872154" lon="-7.813736"><ele>576.795</ele><time>2022-07-16T10:30:27Z</time></trkpt><trkpt lat="42.872147" lon="-7.813803"><ele>577.022</ele><time>2022-07-16T10:30:31Z</time></trkpt><trkpt lat="42.872136" lon="-7.813875"><ele>577.362</ele><time>2022-07-16T10:30:35Z</time></trkpt><trkpt lat="42.872138" lon="-7.813948"><ele>577.608</ele><time>2022-07-16T10:30:40Z</time></trkpt><trkpt lat="42.872132" lon="-7.814019"><ele>577.909</ele><time>2022-07-16T10:30:45Z</time></trkpt><trkpt lat="42.872154" lon="-7.814077"><ele>578.353</ele><time>2022-07-16T10:30:52Z</time></trkpt><trkpt lat="42.872173" lon="-7.814142"><ele>578.732</ele><time>2022-07-16T10:30:57Z</time></trkpt><trkpt lat="42.872215" lon="-7.814189"><ele>579.080</ele><time>2022-07-16T10:31:02Z</time></trkpt><trkpt lat="42.872250" lon="-7.814235"><ele>579.112</ele><time>2022-07-16T10:31:06Z</time></trkpt><trkpt lat="42.872303" lon="-7.814273"><ele>579.149</ele><time>2022-07-16T10:31:11Z</time></trkpt><trkpt lat="42.872342" lon="-7.814312"><ele>579.163</ele><time>2022-07-16T10:31:15Z</time></trkpt><trkpt lat="42.872386" lon="-7.814359"><ele>579.162</ele><time>2022-07-16T10:31:19Z</time></trkpt><trkpt lat="42.872422" lon="-7.814398"><ele>579.130</ele><time>2022-07-16T10:31:23Z</time></trkpt><trkpt lat="42.872472" lon="-7.814426"><ele>579.111</ele><time>2022-07-16T10:31:27Z</time></trkpt><trkpt lat="42.872516" lon="-7.814478"><ele>579.211</ele><time>2022-07-16T10:31:32Z</time></trkpt><trkpt lat="42.872556" lon="-7.814517"><ele>579.421</ele><time>2022-07-16T10:31:36Z</time></trkpt><trkpt lat="42.872581" lon="-7.814569"><ele>579.603</ele><time>2022-07-16T10:31:40Z</time></trkpt><trkpt lat="42.872583" lon="-7.814638"><ele>580.009</ele><time>2022-07-16T10:31:46Z</time></trkpt><trkpt lat="42.872582" lon="-7.814705"><ele>580.422</ele><time>2022-07-16T10:31:51Z</time></trkpt><trkpt lat="42.872584" lon="-7.814768"><ele>581.181</ele><time>2022-07-16T10:31:56Z</time></trkpt><trkpt lat="42.872587" lon="-7.814839"><ele>582.069</ele><time>2022-07-16T10:32:00Z</time></trkpt><trkpt lat="42.872598" lon="-7.814901"><ele>582.871</ele><time>2022-07-16T10:32:07Z</time></trkpt><trkpt lat="42.872626" lon="-7.814956"><ele>583.598</ele><time>2022-07-16T10:32:12Z</time></trkpt><trkpt lat="42.872655" lon="-7.815017"><ele>584.412</ele><time>2022-07-16T10:32:18Z</time></trkpt><trkpt lat="42.872692" lon="-7.815069"><ele>585.421</ele><time>2022-07-16T10:32:23Z</time></trkpt><trkpt lat="42.872745" lon="-7.815095"><ele>586.119</ele><time>2022-07-16T10:32:29Z</time></trkpt><trkpt lat="42.872784" lon="-7.815127"><ele>586.720</ele><time>2022-07-16T10:32:34Z</time></trkpt><trkpt lat="42.872828" lon="-7.815155"><ele>587.324</ele><time>2022-07-16T10:32:38Z</time></trkpt><trkpt lat="42.872872" lon="-7.815179"><ele>587.904</ele><time>2022-07-16T10:32:42Z</time></trkpt><trkpt lat="42.872970" lon="-7.815268"><ele>588.414</ele><time>2022-07-16T10:34:48Z</time></trkpt><trkpt lat="42.872964" lon="-7.815339"><ele>588.509</ele><time>2022-07-16T10:35:27Z</time></trkpt><trkpt lat="42.872952" lon="-7.815276"><ele>588.883</ele><time>2022-07-16T10:35:32Z</time></trkpt><trkpt lat="42.872907" lon="-7.815315"><ele>588.922</ele><time>2022-07-16T10:35:35Z</time></trkpt><trkpt lat="42.872924" lon="-7.815375"><ele>588.930</ele><time>2022-07-16T10:35:45Z</time></trkpt><trkpt lat="42.872962" lon="-7.815417"><ele>589.062</ele><time>2022-07-16T10:35:49Z</time></trkpt><trkpt lat="42.873001" lon="-7.815456"><ele>589.139</ele><time>2022-07-16T10:35:53Z</time></trkpt><trkpt lat="42.873039" lon="-7.815498"><ele>589.433</ele><time>2022-07-16T10:35:56Z</time></trkpt><trkpt lat="42.873080" lon="-7.815549"><ele>590.012</ele><time>2022-07-16T10:36:00Z</time></trkpt><trkpt lat="42.873114" lon="-7.815592"><ele>590.480</ele><time>2022-07-16T10:36:04Z</time></trkpt><trkpt lat="42.873140" lon="-7.815646"><ele>590.721</ele><time>2022-07-16T10:36:09Z</time></trkpt><trkpt lat="42.873182" lon="-7.815692"><ele>590.928</ele><time>2022-07-16T10:36:13Z</time></trkpt><trkpt lat="42.873206" lon="-7.815746"><ele>591.189</ele><time>2022-07-16T10:36:18Z</time></trkpt><trkpt lat="42.873212" lon="-7.815825"><ele>591.317</ele><time>2022-07-16T10:36:24Z</time></trkpt><trkpt lat="42.873228" lon="-7.815883"><ele>591.509</ele><time>2022-07-16T10:36:30Z</time></trkpt><trkpt lat="42.873242" lon="-7.815956"><ele>591.783</ele><time>2022-07-16T10:36:34Z</time></trkpt><trkpt lat="42.873257" lon="-7.816020"><ele>591.922</ele><time>2022-07-16T10:36:38Z</time></trkpt><trkpt lat="42.873276" lon="-7.816085"><ele>592.160</ele><time>2022-07-16T10:36:43Z</time></trkpt><trkpt lat="42.873301" lon="-7.816148"><ele>592.312</ele><time>2022-07-16T10:36:48Z</time></trkpt><trkpt lat="42.873322" lon="-7.816205"><ele>592.519</ele><time>2022-07-16T10:36:52Z</time></trkpt><trkpt lat="42.873328" lon="-7.816274"><ele>592.873</ele><time>2022-07-16T10:36:56Z</time></trkpt><trkpt lat="42.873334" lon="-7.816351"><ele>593.172</ele><time>2022-07-16T10:37:00Z</time></trkpt><trkpt lat="42.873336" lon="-7.816434"><ele>593.370</ele><time>2022-07-16T10:37:04Z</time></trkpt><trkpt lat="42.873341" lon="-7.816495"><ele>593.531</ele><time>2022-07-16T10:37:07Z</time></trkpt><trkpt lat="42.873342" lon="-7.816563"><ele>593.833</ele><time>2022-07-16T10:37:10Z</time></trkpt><trkpt lat="42.873346" lon="-7.816638"><ele>594.023</ele><time>2022-07-16T10:37:14Z</time></trkpt><trkpt lat="42.873354" lon="-7.816719"><ele>594.315</ele><time>2022-07-16T10:37:18Z</time></trkpt><trkpt lat="42.873338" lon="-7.816778"><ele>594.509</ele><time>2022-07-16T10:37:22Z</time></trkpt><trkpt lat="42.873309" lon="-7.816833"><ele>594.894</ele><time>2022-07-16T10:37:26Z</time></trkpt><trkpt lat="42.873259" lon="-7.816844"><ele>595.093</ele><time>2022-07-16T10:37:31Z</time></trkpt><trkpt lat="42.873214" lon="-7.816837"><ele>595.271</ele><time>2022-07-16T10:37:36Z</time></trkpt><trkpt lat="42.873204" lon="-7.816774"><ele>595.483</ele><time>2022-07-16T10:37:41Z</time></trkpt><trkpt lat="42.873146" lon="-7.816682"><ele>595.860</ele><time>2022-07-16T10:38:46Z</time></trkpt><trkpt lat="42.873192" lon="-7.816664"><ele>595.984</ele><time>2022-07-16T10:38:52Z</time></trkpt><trkpt lat="42.873214" lon="-7.816610"><ele>595.953</ele><time>2022-07-16T10:39:12Z</time></trkpt><trkpt lat="42.873249" lon="-7.816648"><ele>595.891</ele><time>2022-07-16T10:39:21Z</time></trkpt><trkpt lat="42.873210" lon="-7.816895"><ele>595.662</ele><time>2022-07-16T10:39:50Z</time></trkpt><trkpt lat="42.873232" lon="-7.816950"><ele>595.723</ele><time>2022-07-16T10:39:54Z</time></trkpt><trkpt lat="42.873269" lon="-7.816991"><ele>595.783</ele><time>2022-07-16T10:39:59Z</time></trkpt><trkpt lat="42.873295" lon="-7.817058"><ele>595.711</ele><time>2022-07-16T10:40:22Z</time></trkpt><trkpt lat="42.873319" lon="-7.817114"><ele>595.709</ele><time>2022-07-16T10:40:26Z</time></trkpt><trkpt lat="42.873338" lon="-7.817172"><ele>595.813</ele><time>2022-07-16T10:40:30Z</time></trkpt><trkpt lat="42.873351" lon="-7.817231"><ele>595.972</ele><time>2022-07-16T10:40:35Z</time></trkpt><trkpt lat="42.873377" lon="-7.817288"><ele>595.990</ele><time>2022-07-16T10:40:40Z</time></trkpt><trkpt lat="42.873409" lon="-7.817335"><ele>596.032</ele><time>2022-07-16T10:40:44Z</time></trkpt><trkpt lat="42.873446" lon="-7.817381"><ele>596.199</ele><time>2022-07-16T10:40:50Z</time></trkpt><trkpt lat="42.873547" lon="-7.817430"><ele>596.113</ele><time>2022-07-16T10:41:07Z</time></trkpt><trkpt lat="42.873586" lon="-7.817467"><ele>596.292</ele><time>2022-07-16T10:41:13Z</time></trkpt><trkpt lat="42.873626" lon="-7.817503"><ele>596.480</ele><time>2022-07-16T10:41:20Z</time></trkpt><trkpt lat="42.873658" lon="-7.817548"><ele>596.591</ele><time>2022-07-16T10:41:25Z</time></trkpt><trkpt lat="42.873700" lon="-7.817581"><ele>596.643</ele><time>2022-07-16T10:41:31Z</time></trkpt><trkpt lat="42.873745" lon="-7.817630"><ele>596.664</ele><time>2022-07-16T10:41:36Z</time></trkpt><trkpt lat="42.873789" lon="-7.817652"><ele>596.710</ele><time>2022-07-16T10:41:40Z</time></trkpt><trkpt lat="42.873836" lon="-7.817662"><ele>596.909</ele><time>2022-07-16T10:41:53Z</time></trkpt><trkpt lat="42.873891" lon="-7.817686"><ele>597.045</ele><time>2022-07-16T10:41:59Z</time></trkpt><trkpt lat="42.873950" lon="-7.817711"><ele>597.254</ele><time>2022-07-16T10:42:05Z</time></trkpt><trkpt lat="42.873991" lon="-7.817743"><ele>597.362</ele><time>2022-07-16T10:42:10Z</time></trkpt><trkpt lat="42.874036" lon="-7.817774"><ele>597.614</ele><time>2022-07-16T10:42:15Z</time></trkpt><trkpt lat="42.874073" lon="-7.817811"><ele>598.031</ele><time>2022-07-16T10:42:20Z</time></trkpt><trkpt lat="42.874097" lon="-7.817866"><ele>598.465</ele><time>2022-07-16T10:42:30Z</time></trkpt><trkpt lat="42.874124" lon="-7.817924"><ele>598.834</ele><time>2022-07-16T10:42:36Z</time></trkpt><trkpt lat="42.874146" lon="-7.817983"><ele>599.292</ele><time>2022-07-16T10:42:41Z</time></trkpt><trkpt lat="42.874162" lon="-7.818045"><ele>599.693</ele><time>2022-07-16T10:42:47Z</time></trkpt><trkpt lat="42.874162" lon="-7.818112"><ele>600.147</ele><time>2022-07-16T10:42:54Z</time></trkpt><trkpt lat="42.874144" lon="-7.818174"><ele>600.729</ele><time>2022-07-16T10:42:59Z</time></trkpt><trkpt lat="42.874125" lon="-7.818234"><ele>601.421</ele><time>2022-07-16T10:43:05Z</time></trkpt><trkpt lat="42.874098" lon="-7.818302"><ele>602.009</ele><time>2022-07-16T10:43:12Z</time></trkpt><trkpt lat="42.874082" lon="-7.818368"><ele>602.675</ele><time>2022-07-16T10:43:18Z</time></trkpt><trkpt lat="42.874050" lon="-7.818424"><ele>603.254</ele><time>2022-07-16T10:43:23Z</time></trkpt><trkpt lat="42.874021" lon="-7.818493"><ele>603.892</ele><time>2022-07-16T10:43:33Z</time></trkpt><trkpt lat="42.874002" lon="-7.818552"><ele>604.434</ele><time>2022-07-16T10:43:37Z</time></trkpt><trkpt lat="42.873979" lon="-7.818605"><ele>604.981</ele><time>2022-07-16T10:43:42Z</time></trkpt><trkpt lat="42.873960" lon="-7.818663"><ele>605.365</ele><time>2022-07-16T10:43:47Z</time></trkpt><trkpt lat="42.873949" lon="-7.818738"><ele>605.684</ele><time>2022-07-16T10:43:53Z</time></trkpt><trkpt lat="42.873934" lon="-7.818803"><ele>605.972</ele><time>2022-07-16T10:43:58Z</time></trkpt><trkpt lat="42.873928" lon="-7.818868"><ele>606.233</ele><time>2022-07-16T10:44:02Z</time></trkpt><trkpt lat="42.873912" lon="-7.818945"><ele>606.425</ele><time>2022-07-16T10:44:08Z</time></trkpt><trkpt lat="42.873887" lon="-7.819001"><ele>606.526</ele><time>2022-07-16T10:44:12Z</time></trkpt><trkpt lat="42.873866" lon="-7.819063"><ele>606.608</ele><time>2022-07-16T10:44:16Z</time></trkpt><trkpt lat="42.873851" lon="-7.819136"><ele>606.709</ele><time>2022-07-16T10:44:21Z</time></trkpt><trkpt lat="42.873844" lon="-7.819199"><ele>606.873</ele><time>2022-07-16T10:44:25Z</time></trkpt><trkpt lat="42.873834" lon="-7.819263"><ele>606.932</ele><time>2022-07-16T10:44:29Z</time></trkpt><trkpt lat="42.873828" lon="-7.819336"><ele>607.070</ele><time>2022-07-16T10:44:34Z</time></trkpt><trkpt lat="42.873813" lon="-7.819403"><ele>607.152</ele><time>2022-07-16T10:44:39Z</time></trkpt><trkpt lat="42.873802" lon="-7.819465"><ele>607.229</ele><time>2022-07-16T10:44:43Z</time></trkpt><trkpt lat="42.873799" lon="-7.819530"><ele>607.273</ele><time>2022-07-16T10:44:47Z</time></trkpt><trkpt lat="42.873787" lon="-7.819590"><ele>607.282</ele><time>2022-07-16T10:44:51Z</time></trkpt><trkpt lat="42.873772" lon="-7.819652"><ele>607.220</ele><time>2022-07-16T10:44:55Z</time></trkpt><trkpt lat="42.873759" lon="-7.819730"><ele>607.151</ele><time>2022-07-16T10:45:00Z</time></trkpt><trkpt lat="42.873745" lon="-7.819799"><ele>607.059</ele><time>2022-07-16T10:45:05Z</time></trkpt><trkpt lat="42.873718" lon="-7.819858"><ele>606.903</ele><time>2022-07-16T10:45:10Z</time></trkpt><trkpt lat="42.873696" lon="-7.819926"><ele>606.823</ele><time>2022-07-16T10:45:15Z</time></trkpt><trkpt lat="42.873682" lon="-7.819999"><ele>606.809</ele><time>2022-07-16T10:45:20Z</time></trkpt><trkpt lat="42.873670" lon="-7.820063"><ele>606.826</ele><time>2022-07-16T10:45:25Z</time></trkpt><trkpt lat="42.873661" lon="-7.820135"><ele>606.795</ele><time>2022-07-16T10:45:30Z</time></trkpt><trkpt lat="42.873647" lon="-7.820196"><ele>606.663</ele><time>2022-07-16T10:45:45Z</time></trkpt><trkpt lat="42.873616" lon="-7.820259"><ele>606.635</ele><time>2022-07-16T10:45:49Z</time></trkpt><trkpt lat="42.873606" lon="-7.820330"><ele>606.662</ele><time>2022-07-16T10:45:54Z</time></trkpt><trkpt lat="42.873591" lon="-7.820394"><ele>606.736</ele><time>2022-07-16T10:45:59Z</time></trkpt><trkpt lat="42.873568" lon="-7.820452"><ele>606.715</ele><time>2022-07-16T10:46:04Z</time></trkpt><trkpt lat="42.873526" lon="-7.820549"><ele>607.093</ele><time>2022-07-16T10:46:24Z</time></trkpt><trkpt lat="42.873502" lon="-7.820610"><ele>607.334</ele><time>2022-07-16T10:46:29Z</time></trkpt><trkpt lat="42.873476" lon="-7.820668"><ele>607.799</ele><time>2022-07-16T10:46:36Z</time></trkpt><trkpt lat="42.873445" lon="-7.820719"><ele>607.707</ele><time>2022-07-16T10:46:41Z</time></trkpt><trkpt lat="42.873430" lon="-7.820785"><ele>608.127</ele><time>2022-07-16T10:46:46Z</time></trkpt><trkpt lat="42.873406" lon="-7.820843"><ele>608.309</ele><time>2022-07-16T10:46:50Z</time></trkpt><trkpt lat="42.873361" lon="-7.820893"><ele>608.670</ele><time>2022-07-16T10:46:55Z</time></trkpt><trkpt lat="42.873337" lon="-7.820957"><ele>608.939</ele><time>2022-07-16T10:47:00Z</time></trkpt><trkpt lat="42.873318" lon="-7.821012"><ele>609.267</ele><time>2022-07-16T10:47:04Z</time></trkpt><trkpt lat="42.873282" lon="-7.821071"><ele>609.579</ele><time>2022-07-16T10:47:09Z</time></trkpt><trkpt lat="42.873260" lon="-7.821135"><ele>609.876</ele><time>2022-07-16T10:47:14Z</time></trkpt><trkpt lat="42.873238" lon="-7.821190"><ele>610.060</ele><time>2022-07-16T10:47:18Z</time></trkpt><trkpt lat="42.873215" lon="-7.821254"><ele>610.169</ele><time>2022-07-16T10:47:24Z</time></trkpt><trkpt lat="42.873190" lon="-7.821305"><ele>610.217</ele><time>2022-07-16T10:47:28Z</time></trkpt><trkpt lat="42.873170" lon="-7.821366"><ele>610.468</ele><time>2022-07-16T10:47:33Z</time></trkpt><trkpt lat="42.873147" lon="-7.821427"><ele>610.626</ele><time>2022-07-16T10:47:38Z</time></trkpt><trkpt lat="42.873106" lon="-7.821457"><ele>610.847</ele><time>2022-07-16T10:47:56Z</time></trkpt><trkpt lat="42.873093" lon="-7.821530"><ele>611.011</ele><time>2022-07-16T10:48:02Z</time></trkpt><trkpt lat="42.873080" lon="-7.821598"><ele>611.109</ele><time>2022-07-16T10:48:08Z</time></trkpt><trkpt lat="42.873103" lon="-7.821669"><ele>611.263</ele><time>2022-07-16T10:48:27Z</time></trkpt><trkpt lat="42.873095" lon="-7.821732"><ele>611.372</ele><time>2022-07-16T10:48:33Z</time></trkpt><trkpt lat="42.873100" lon="-7.821806"><ele>611.590</ele><time>2022-07-16T10:48:38Z</time></trkpt><trkpt lat="42.873082" lon="-7.821869"><ele>611.762</ele><time>2022-07-16T10:48:42Z</time></trkpt><trkpt lat="42.873084" lon="-7.821939"><ele>611.969</ele><time>2022-07-16T10:48:47Z</time></trkpt><trkpt lat="42.873080" lon="-7.822003"><ele>612.023</ele><time>2022-07-16T10:48:51Z</time></trkpt><trkpt lat="42.873090" lon="-7.822075"><ele>612.052</ele><time>2022-07-16T10:48:56Z</time></trkpt><trkpt lat="42.873105" lon="-7.822141"><ele>612.040</ele><time>2022-07-16T10:49:00Z</time></trkpt><trkpt lat="42.873095" lon="-7.822201"><ele>612.171</ele><time>2022-07-16T10:49:05Z</time></trkpt><trkpt lat="42.873077" lon="-7.822263"><ele>612.447</ele><time>2022-07-16T10:49:14Z</time></trkpt><trkpt lat="42.873056" lon="-7.822322"><ele>612.729</ele><time>2022-07-16T10:49:19Z</time></trkpt><trkpt lat="42.873037" lon="-7.822379"><ele>613.121</ele><time>2022-07-16T10:49:24Z</time></trkpt><trkpt lat="42.873009" lon="-7.822439"><ele>613.309</ele><time>2022-07-16T10:49:29Z</time></trkpt><trkpt lat="42.872979" lon="-7.822510"><ele>613.655</ele><time>2022-07-16T10:49:46Z</time></trkpt><trkpt lat="42.872962" lon="-7.822583"><ele>614.214</ele><time>2022-07-16T10:49:51Z</time></trkpt><trkpt lat="42.872952" lon="-7.822661"><ele>615.542</ele><time>2022-07-16T10:49:56Z</time></trkpt><trkpt lat="42.872943" lon="-7.822727"><ele>615.594</ele><time>2022-07-16T10:50:00Z</time></trkpt><trkpt lat="42.872949" lon="-7.822793"><ele>615.771</ele><time>2022-07-16T10:50:05Z</time></trkpt><trkpt lat="42.872961" lon="-7.822865"><ele>615.845</ele><time>2022-07-16T10:50:09Z</time></trkpt><trkpt lat="42.872966" lon="-7.822940"><ele>616.094</ele><time>2022-07-16T10:50:14Z</time></trkpt><trkpt lat="42.872975" lon="-7.823007"><ele>616.232</ele><time>2022-07-16T10:50:18Z</time></trkpt><trkpt lat="42.872986" lon="-7.823070"><ele>616.493</ele><time>2022-07-16T10:50:22Z</time></trkpt><trkpt lat="42.872989" lon="-7.823134"><ele>616.712</ele><time>2022-07-16T10:50:26Z</time></trkpt><trkpt lat="42.872994" lon="-7.823203"><ele>616.932</ele><time>2022-07-16T10:50:31Z</time></trkpt><trkpt lat="42.873001" lon="-7.823271"><ele>616.905</ele><time>2022-07-16T10:50:35Z</time></trkpt><trkpt lat="42.873002" lon="-7.823338"><ele>616.909</ele><time>2022-07-16T10:50:39Z</time></trkpt><trkpt lat="42.873008" lon="-7.823413"><ele>616.982</ele><time>2022-07-16T10:50:44Z</time></trkpt><trkpt lat="42.873016" lon="-7.823477"><ele>616.861</ele><time>2022-07-16T10:50:48Z</time></trkpt><trkpt lat="42.873016" lon="-7.823540"><ele>616.719</ele><time>2022-07-16T10:50:53Z</time></trkpt><trkpt lat="42.873010" lon="-7.823609"><ele>616.641</ele><time>2022-07-16T10:50:58Z</time></trkpt><trkpt lat="42.873008" lon="-7.823675"><ele>616.588</ele><time>2022-07-16T10:51:03Z</time></trkpt><trkpt lat="42.873000" lon="-7.823751"><ele>616.442</ele><time>2022-07-16T10:51:08Z</time></trkpt><trkpt lat="42.872982" lon="-7.823821"><ele>616.381</ele><time>2022-07-16T10:51:13Z</time></trkpt><trkpt lat="42.872978" lon="-7.823891"><ele>616.129</ele><time>2022-07-16T10:51:18Z</time></trkpt><trkpt lat="42.872966" lon="-7.823957"><ele>615.810</ele><time>2022-07-16T10:51:22Z</time></trkpt><trkpt lat="42.872969" lon="-7.824022"><ele>615.599</ele><time>2022-07-16T10:51:26Z</time></trkpt><trkpt lat="42.872959" lon="-7.824088"><ele>615.307</ele><time>2022-07-16T10:51:30Z</time></trkpt><trkpt lat="42.872952" lon="-7.824166"><ele>615.127</ele><time>2022-07-16T10:51:34Z</time></trkpt><trkpt lat="42.872941" lon="-7.824228"><ele>614.909</ele><time>2022-07-16T10:51:38Z</time></trkpt><trkpt lat="42.872931" lon="-7.824292"><ele>614.870</ele><time>2022-07-16T10:51:42Z</time></trkpt><trkpt lat="42.872927" lon="-7.824361"><ele>614.619</ele><time>2022-07-16T10:51:46Z</time></trkpt><trkpt lat="42.872918" lon="-7.824421"><ele>614.417</ele><time>2022-07-16T10:51:50Z</time></trkpt><trkpt lat="42.872916" lon="-7.824493"><ele>614.229</ele><time>2022-07-16T10:51:55Z</time></trkpt><trkpt lat="42.872910" lon="-7.824564"><ele>614.036</ele><time>2022-07-16T10:52:00Z</time></trkpt><trkpt lat="42.872914" lon="-7.824630"><ele>613.730</ele><time>2022-07-16T10:52:04Z</time></trkpt><trkpt lat="42.872909" lon="-7.824695"><ele>613.449</ele><time>2022-07-16T10:52:32Z</time></trkpt><trkpt lat="42.872923" lon="-7.824766"><ele>613.227</ele><time>2022-07-16T10:52:37Z</time></trkpt><trkpt lat="42.872928" lon="-7.824839"><ele>613.188</ele><time>2022-07-16T10:52:42Z</time></trkpt><trkpt lat="42.872937" lon="-7.824907"><ele>612.925</ele><time>2022-07-16T10:52:47Z</time></trkpt><trkpt lat="42.872954" lon="-7.824974"><ele>612.626</ele><time>2022-07-16T10:52:52Z</time></trkpt><trkpt lat="42.872965" lon="-7.825047"><ele>612.208</ele><time>2022-07-16T10:52:57Z</time></trkpt><trkpt lat="42.872970" lon="-7.825128"><ele>611.609</ele><time>2022-07-16T10:53:02Z</time></trkpt><trkpt lat="42.872972" lon="-7.825196"><ele>611.483</ele><time>2022-07-16T10:53:07Z</time></trkpt><trkpt lat="42.872993" lon="-7.825253"><ele>611.142</ele><time>2022-07-16T10:53:11Z</time></trkpt><trkpt lat="42.873011" lon="-7.825315"><ele>610.950</ele><time>2022-07-16T10:53:16Z</time></trkpt><trkpt lat="42.873034" lon="-7.825373"><ele>610.792</ele><time>2022-07-16T10:53:21Z</time></trkpt><trkpt lat="42.873051" lon="-7.825432"><ele>610.569</ele><time>2022-07-16T10:53:25Z</time></trkpt><trkpt lat="42.873055" lon="-7.825500"><ele>610.323</ele><time>2022-07-16T10:53:29Z</time></trkpt><trkpt lat="42.873072" lon="-7.825564"><ele>610.162</ele><time>2022-07-16T10:53:33Z</time></trkpt><trkpt lat="42.873085" lon="-7.825628"><ele>610.060</ele><time>2022-07-16T10:53:37Z</time></trkpt><trkpt lat="42.873102" lon="-7.825692"><ele>609.971</ele><time>2022-07-16T10:53:42Z</time></trkpt><trkpt lat="42.873120" lon="-7.825758"><ele>609.849</ele><time>2022-07-16T10:53:50Z</time></trkpt><trkpt lat="42.873148" lon="-7.825821"><ele>609.702</ele><time>2022-07-16T10:53:54Z</time></trkpt><trkpt lat="42.873176" lon="-7.825879"><ele>609.522</ele><time>2022-07-16T10:53:58Z</time></trkpt><trkpt lat="42.873199" lon="-7.825946"><ele>609.309</ele><time>2022-07-16T10:54:02Z</time></trkpt><trkpt lat="42.873214" lon="-7.826004"><ele>609.245</ele><time>2022-07-16T10:54:06Z</time></trkpt><trkpt lat="42.873237" lon="-7.826059"><ele>609.144</ele><time>2022-07-16T10:54:10Z</time></trkpt><trkpt lat="42.873252" lon="-7.826120"><ele>609.022</ele><time>2022-07-16T10:54:15Z</time></trkpt><trkpt lat="42.873274" lon="-7.826180"><ele>608.994</ele><time>2022-07-16T10:54:22Z</time></trkpt><trkpt lat="42.873309" lon="-7.826233"><ele>608.861</ele><time>2022-07-16T10:54:28Z</time></trkpt><trkpt lat="42.873320" lon="-7.826301"><ele>608.525</ele><time>2022-07-16T10:54:33Z</time></trkpt><trkpt lat="42.873358" lon="-7.826342"><ele>608.264</ele><time>2022-07-16T10:54:38Z</time></trkpt><trkpt lat="42.873390" lon="-7.826393"><ele>608.062</ele><time>2022-07-16T10:54:42Z</time></trkpt><trkpt lat="42.873433" lon="-7.826475"><ele>607.623</ele><time>2022-07-16T10:54:52Z</time></trkpt><trkpt lat="42.873452" lon="-7.826537"><ele>607.411</ele><time>2022-07-16T10:55:02Z</time></trkpt><trkpt lat="42.873503" lon="-7.826605"><ele>607.021</ele><time>2022-07-16T10:55:13Z</time></trkpt><trkpt lat="42.873517" lon="-7.826721"><ele>606.703</ele><time>2022-07-16T10:55:32Z</time></trkpt><trkpt lat="42.873559" lon="-7.826760"><ele>606.509</ele><time>2022-07-16T10:55:43Z</time></trkpt><trkpt lat="42.873598" lon="-7.826799"><ele>606.242</ele><time>2022-07-16T10:55:49Z</time></trkpt><trkpt lat="42.873629" lon="-7.826850"><ele>605.941</ele><time>2022-07-16T10:55:54Z</time></trkpt><trkpt lat="42.873665" lon="-7.826905"><ele>605.649</ele><time>2022-07-16T10:56:00Z</time></trkpt><trkpt lat="42.873699" lon="-7.826947"><ele>605.461</ele><time>2022-07-16T10:56:04Z</time></trkpt><trkpt lat="42.873731" lon="-7.826991"><ele>605.148</ele><time>2022-07-16T10:56:09Z</time></trkpt><trkpt lat="42.873770" lon="-7.827031"><ele>604.812</ele><time>2022-07-16T10:56:13Z</time></trkpt><trkpt lat="42.873803" lon="-7.827078"><ele>604.471</ele><time>2022-07-16T10:56:18Z</time></trkpt><trkpt lat="42.873842" lon="-7.827135"><ele>604.089</ele><time>2022-07-16T10:56:23Z</time></trkpt><trkpt lat="42.873867" lon="-7.827186"><ele>603.830</ele><time>2022-07-16T10:56:27Z</time></trkpt><trkpt lat="42.873910" lon="-7.827232"><ele>603.513</ele><time>2022-07-16T10:56:32Z</time></trkpt><trkpt lat="42.873941" lon="-7.827297"><ele>603.243</ele><time>2022-07-16T10:56:37Z</time></trkpt><trkpt lat="42.873973" lon="-7.827348"><ele>602.907</ele><time>2022-07-16T10:56:42Z</time></trkpt><trkpt lat="42.874004" lon="-7.827411"><ele>602.409</ele><time>2022-07-16T10:56:47Z</time></trkpt><trkpt lat="42.874033" lon="-7.827459"><ele>602.032</ele><time>2022-07-16T10:56:52Z</time></trkpt><trkpt lat="42.874060" lon="-7.827509"><ele>601.871</ele><time>2022-07-16T10:56:56Z</time></trkpt><trkpt lat="42.874079" lon="-7.827573"><ele>601.589</ele><time>2022-07-16T10:57:11Z</time></trkpt><trkpt lat="42.874107" lon="-7.827630"><ele>601.291</ele><time>2022-07-16T10:57:16Z</time></trkpt><trkpt lat="42.874132" lon="-7.827681"><ele>601.048</ele><time>2022-07-16T10:57:21Z</time></trkpt><trkpt lat="42.874166" lon="-7.827730"><ele>600.872</ele><time>2022-07-16T10:57:26Z</time></trkpt><trkpt lat="42.874193" lon="-7.827779"><ele>600.691</ele><time>2022-07-16T10:57:31Z</time></trkpt><trkpt lat="42.874217" lon="-7.827837"><ele>600.469</ele><time>2022-07-16T10:57:35Z</time></trkpt><trkpt lat="42.874251" lon="-7.827887"><ele>600.240</ele><time>2022-07-16T10:57:41Z</time></trkpt><trkpt lat="42.874280" lon="-7.827940"><ele>600.073</ele><time>2022-07-16T10:57:45Z</time></trkpt><trkpt lat="42.874294" lon="-7.828051"><ele>599.885</ele><time>2022-07-16T10:58:03Z</time></trkpt><trkpt lat="42.874317" lon="-7.828106"><ele>599.813</ele><time>2022-07-16T10:58:07Z</time></trkpt><trkpt lat="42.874341" lon="-7.828161"><ele>599.709</ele><time>2022-07-16T10:58:12Z</time></trkpt><trkpt lat="42.874367" lon="-7.828220"><ele>599.718</ele><time>2022-07-16T10:58:17Z</time></trkpt><trkpt lat="42.874394" lon="-7.828275"><ele>599.697</ele><time>2022-07-16T10:58:22Z</time></trkpt><trkpt lat="42.874421" lon="-7.828331"><ele>599.645</ele><time>2022-07-16T10:58:27Z</time></trkpt><trkpt lat="42.874450" lon="-7.828391"><ele>599.627</ele><time>2022-07-16T10:58:32Z</time></trkpt><trkpt lat="42.874472" lon="-7.828447"><ele>599.524</ele><time>2022-07-16T10:58:36Z</time></trkpt><trkpt lat="42.874502" lon="-7.828508"><ele>599.468</ele><time>2022-07-16T10:58:55Z</time></trkpt><trkpt lat="42.874523" lon="-7.828576"><ele>599.437</ele><time>2022-07-16T10:59:01Z</time></trkpt><trkpt lat="42.874573" lon="-7.828650"><ele>599.485</ele><time>2022-07-16T10:59:24Z</time></trkpt><trkpt lat="42.874596" lon="-7.828703"><ele>599.496</ele><time>2022-07-16T10:59:29Z</time></trkpt><trkpt lat="42.874617" lon="-7.828758"><ele>599.471</ele><time>2022-07-16T10:59:34Z</time></trkpt><trkpt lat="42.874641" lon="-7.828816"><ele>599.441</ele><time>2022-07-16T10:59:39Z</time></trkpt><trkpt lat="42.874665" lon="-7.828875"><ele>599.415</ele><time>2022-07-16T10:59:43Z</time></trkpt><trkpt lat="42.874694" lon="-7.828933"><ele>599.409</ele><time>2022-07-16T10:59:49Z</time></trkpt><trkpt lat="42.874722" lon="-7.828982"><ele>599.428</ele><time>2022-07-16T10:59:54Z</time></trkpt><trkpt lat="42.874746" lon="-7.829040"><ele>599.487</ele><time>2022-07-16T10:59:59Z</time></trkpt><trkpt lat="42.874785" lon="-7.829089"><ele>599.475</ele><time>2022-07-16T11:00:04Z</time></trkpt><trkpt lat="42.874823" lon="-7.829135"><ele>599.357</ele><time>2022-07-16T11:00:09Z</time></trkpt><trkpt lat="42.874860" lon="-7.829184"><ele>599.214</ele><time>2022-07-16T11:00:14Z</time></trkpt><trkpt lat="42.874902" lon="-7.829230"><ele>599.268</ele><time>2022-07-16T11:00:19Z</time></trkpt><trkpt lat="42.874945" lon="-7.829271"><ele>598.937</ele><time>2022-07-16T11:00:24Z</time></trkpt><trkpt lat="42.874984" lon="-7.829368"><ele>598.465</ele><time>2022-07-16T11:00:40Z</time></trkpt><trkpt lat="42.875030" lon="-7.829393"><ele>598.326</ele><time>2022-07-16T11:00:45Z</time></trkpt><trkpt lat="42.875069" lon="-7.829430"><ele>597.983</ele><time>2022-07-16T11:00:50Z</time></trkpt><trkpt lat="42.875107" lon="-7.829474"><ele>597.825</ele><time>2022-07-16T11:00:55Z</time></trkpt><trkpt lat="42.875135" lon="-7.829539"><ele>597.517</ele><time>2022-07-16T11:01:00Z</time></trkpt><trkpt lat="42.875163" lon="-7.829591"><ele>597.409</ele><time>2022-07-16T11:01:05Z</time></trkpt><trkpt lat="42.875186" lon="-7.829659"><ele>597.379</ele><time>2022-07-16T11:01:11Z</time></trkpt><trkpt lat="42.875206" lon="-7.829717"><ele>597.378</ele><time>2022-07-16T11:01:15Z</time></trkpt><trkpt lat="42.875228" lon="-7.829778"><ele>597.366</ele><time>2022-07-16T11:01:20Z</time></trkpt><trkpt lat="42.875250" lon="-7.829843"><ele>597.348</ele><time>2022-07-16T11:01:25Z</time></trkpt><trkpt lat="42.875263" lon="-7.829906"><ele>597.395</ele><time>2022-07-16T11:01:30Z</time></trkpt><trkpt lat="42.875286" lon="-7.829979"><ele>597.249</ele><time>2022-07-16T11:01:35Z</time></trkpt><trkpt lat="42.875298" lon="-7.830049"><ele>597.128</ele><time>2022-07-16T11:01:40Z</time></trkpt><trkpt lat="42.875328" lon="-7.830107"><ele>597.086</ele><time>2022-07-16T11:01:45Z</time></trkpt><trkpt lat="42.875382" lon="-7.830168"><ele>597.097</ele><time>2022-07-16T11:02:14Z</time></trkpt><trkpt lat="42.875398" lon="-7.830233"><ele>597.095</ele><time>2022-07-16T11:02:20Z</time></trkpt><trkpt lat="42.875404" lon="-7.830303"><ele>597.349</ele><time>2022-07-16T11:02:26Z</time></trkpt><trkpt lat="42.875429" lon="-7.830362"><ele>597.323</ele><time>2022-07-16T11:02:31Z</time></trkpt><trkpt lat="42.875442" lon="-7.830433"><ele>597.309</ele><time>2022-07-16T11:02:37Z</time></trkpt><trkpt lat="42.875468" lon="-7.830503"><ele>597.350</ele><time>2022-07-16T11:02:42Z</time></trkpt><trkpt lat="42.875454" lon="-7.830562"><ele>597.359</ele><time>2022-07-16T11:02:57Z</time></trkpt><trkpt lat="42.875477" lon="-7.830617"><ele>597.317</ele><time>2022-07-16T11:03:01Z</time></trkpt><trkpt lat="42.875509" lon="-7.830680"><ele>597.219</ele><time>2022-07-16T11:03:06Z</time></trkpt><trkpt lat="42.875519" lon="-7.830751"><ele>597.276</ele><time>2022-07-16T11:03:11Z</time></trkpt><trkpt lat="42.875528" lon="-7.830813"><ele>597.280</ele><time>2022-07-16T11:03:16Z</time></trkpt><trkpt lat="42.875536" lon="-7.830876"><ele>597.239</ele><time>2022-07-16T11:03:31Z</time></trkpt><trkpt lat="42.875565" lon="-7.830935"><ele>597.237</ele><time>2022-07-16T11:03:36Z</time></trkpt><trkpt lat="42.875572" lon="-7.831006"><ele>597.228</ele><time>2022-07-16T11:03:41Z</time></trkpt><trkpt lat="42.875575" lon="-7.831076"><ele>597.227</ele><time>2022-07-16T11:03:46Z</time></trkpt><trkpt lat="42.875586" lon="-7.831147"><ele>597.268</ele><time>2022-07-16T11:03:51Z</time></trkpt><trkpt lat="42.875596" lon="-7.831220"><ele>597.214</ele><time>2022-07-16T11:04:00Z</time></trkpt><trkpt lat="42.875604" lon="-7.831288"><ele>597.209</ele><time>2022-07-16T11:04:05Z</time></trkpt><trkpt lat="42.875617" lon="-7.831348"><ele>597.213</ele><time>2022-07-16T11:04:10Z</time></trkpt><trkpt lat="42.875626" lon="-7.831422"><ele>597.242</ele><time>2022-07-16T11:04:15Z</time></trkpt><trkpt lat="42.875637" lon="-7.831491"><ele>597.270</ele><time>2022-07-16T11:04:20Z</time></trkpt><trkpt lat="42.875648" lon="-7.831563"><ele>597.222</ele><time>2022-07-16T11:04:25Z</time></trkpt><trkpt lat="42.875658" lon="-7.831625"><ele>597.269</ele><time>2022-07-16T11:04:29Z</time></trkpt><trkpt lat="42.875670" lon="-7.831685"><ele>597.393</ele><time>2022-07-16T11:04:33Z</time></trkpt><trkpt lat="42.875683" lon="-7.831749"><ele>597.472</ele><time>2022-07-16T11:04:37Z</time></trkpt><trkpt lat="42.875695" lon="-7.831812"><ele>597.420</ele><time>2022-07-16T11:04:41Z</time></trkpt><trkpt lat="42.875710" lon="-7.831879"><ele>597.481</ele><time>2022-07-16T11:04:45Z</time></trkpt><trkpt lat="42.875718" lon="-7.831942"><ele>597.586</ele><time>2022-07-16T11:04:49Z</time></trkpt><trkpt lat="42.875726" lon="-7.832010"><ele>597.560</ele><time>2022-07-16T11:04:53Z</time></trkpt><trkpt lat="42.875737" lon="-7.832084"><ele>597.526</ele><time>2022-07-16T11:04:58Z</time></trkpt><trkpt lat="42.875744" lon="-7.832151"><ele>597.609</ele><time>2022-07-16T11:05:02Z</time></trkpt><trkpt lat="42.875753" lon="-7.832225"><ele>597.719</ele><time>2022-07-16T11:05:07Z</time></trkpt><trkpt lat="42.875767" lon="-7.832296"><ele>597.868</ele><time>2022-07-16T11:05:12Z</time></trkpt><trkpt lat="42.875771" lon="-7.832372"><ele>597.966</ele><time>2022-07-16T11:05:17Z</time></trkpt><trkpt lat="42.875787" lon="-7.832444"><ele>598.038</ele><time>2022-07-16T11:05:22Z</time></trkpt><trkpt lat="42.875794" lon="-7.832509"><ele>598.085</ele><time>2022-07-16T11:05:26Z</time></trkpt><trkpt lat="42.875812" lon="-7.832575"><ele>598.119</ele><time>2022-07-16T11:05:31Z</time></trkpt><trkpt lat="42.875827" lon="-7.832641"><ele>598.218</ele><time>2022-07-16T11:05:35Z</time></trkpt><trkpt lat="42.875846" lon="-7.832706"><ele>598.346</ele><time>2022-07-16T11:05:40Z</time></trkpt><trkpt lat="42.875850" lon="-7.832775"><ele>598.457</ele><time>2022-07-16T11:05:44Z</time></trkpt><trkpt lat="42.875838" lon="-7.832848"><ele>598.543</ele><time>2022-07-16T11:06:00Z</time></trkpt><trkpt lat="42.875848" lon="-7.832908"><ele>598.664</ele><time>2022-07-16T11:06:05Z</time></trkpt><trkpt lat="42.875862" lon="-7.832967"><ele>598.610</ele><time>2022-07-16T11:06:10Z</time></trkpt><trkpt lat="42.875871" lon="-7.833035"><ele>598.709</ele><time>2022-07-16T11:06:32Z</time></trkpt><trkpt lat="42.875871" lon="-7.833107"><ele>598.865</ele><time>2022-07-16T11:06:37Z</time></trkpt><trkpt lat="42.875880" lon="-7.833171"><ele>598.924</ele><time>2022-07-16T11:06:42Z</time></trkpt><trkpt lat="42.875889" lon="-7.833249"><ele>599.012</ele><time>2022-07-16T11:06:47Z</time></trkpt><trkpt lat="42.875896" lon="-7.833311"><ele>599.274</ele><time>2022-07-16T11:06:52Z</time></trkpt><trkpt lat="42.875901" lon="-7.833372"><ele>599.431</ele><time>2022-07-16T11:07:02Z</time></trkpt><trkpt lat="42.875903" lon="-7.833434"><ele>599.555</ele><time>2022-07-16T11:07:06Z</time></trkpt><trkpt lat="42.875908" lon="-7.833496"><ele>599.664</ele><time>2022-07-16T11:07:11Z</time></trkpt><trkpt lat="42.875912" lon="-7.833562"><ele>599.722</ele><time>2022-07-16T11:07:16Z</time></trkpt><trkpt lat="42.875908" lon="-7.833628"><ele>599.853</ele><time>2022-07-16T11:07:21Z</time></trkpt><trkpt lat="42.875919" lon="-7.833690"><ele>600.013</ele><time>2022-07-16T11:07:26Z</time></trkpt><trkpt lat="42.875922" lon="-7.833758"><ele>600.243</ele><time>2022-07-16T11:07:32Z</time></trkpt><trkpt lat="42.875931" lon="-7.833819"><ele>600.407</ele><time>2022-07-16T11:07:36Z</time></trkpt><trkpt lat="42.875943" lon="-7.833878"><ele>600.609</ele><time>2022-07-16T11:07:41Z</time></trkpt><trkpt lat="42.875948" lon="-7.833947"><ele>600.732</ele><time>2022-07-16T11:07:46Z</time></trkpt><trkpt lat="42.875950" lon="-7.834014"><ele>600.781</ele><time>2022-07-16T11:07:50Z</time></trkpt><trkpt lat="42.875963" lon="-7.834083"><ele>600.769</ele><time>2022-07-16T11:07:55Z</time></trkpt><trkpt lat="42.875969" lon="-7.834147"><ele>600.791</ele><time>2022-07-16T11:07:59Z</time></trkpt><trkpt lat="42.875971" lon="-7.834221"><ele>600.648</ele><time>2022-07-16T11:08:04Z</time></trkpt><trkpt lat="42.875974" lon="-7.834287"><ele>600.522</ele><time>2022-07-16T11:08:08Z</time></trkpt><trkpt lat="42.875977" lon="-7.834352"><ele>600.341</ele><time>2022-07-16T11:08:12Z</time></trkpt><trkpt lat="42.875977" lon="-7.834423"><ele>600.269</ele><time>2022-07-16T11:08:17Z</time></trkpt><trkpt lat="42.875973" lon="-7.834493"><ele>600.180</ele><time>2022-07-16T11:08:22Z</time></trkpt><trkpt lat="42.875980" lon="-7.834568"><ele>600.135</ele><time>2022-07-16T11:08:34Z</time></trkpt><trkpt lat="42.875975" lon="-7.834634"><ele>600.186</ele><time>2022-07-16T11:08:39Z</time></trkpt><trkpt lat="42.875969" lon="-7.834703"><ele>600.114</ele><time>2022-07-16T11:08:43Z</time></trkpt><trkpt lat="42.875966" lon="-7.834777"><ele>600.109</ele><time>2022-07-16T11:08:48Z</time></trkpt><trkpt lat="42.875959" lon="-7.834848"><ele>600.124</ele><time>2022-07-16T11:08:53Z</time></trkpt><trkpt lat="42.875956" lon="-7.834912"><ele>600.163</ele><time>2022-07-16T11:08:58Z</time></trkpt><trkpt lat="42.875960" lon="-7.834985"><ele>600.191</ele><time>2022-07-16T11:09:07Z</time></trkpt><trkpt lat="42.875955" lon="-7.835052"><ele>600.153</ele><time>2022-07-16T11:09:12Z</time></trkpt><trkpt lat="42.875952" lon="-7.835121"><ele>600.170</ele><time>2022-07-16T11:09:17Z</time></trkpt><trkpt lat="42.875944" lon="-7.835188"><ele>600.164</ele><time>2022-07-16T11:09:22Z</time></trkpt><trkpt lat="42.875951" lon="-7.835265"><ele>600.173</ele><time>2022-07-16T11:09:47Z</time></trkpt><trkpt lat="42.875937" lon="-7.835335"><ele>600.131</ele><time>2022-07-16T11:09:54Z</time></trkpt><trkpt lat="42.875920" lon="-7.835406"><ele>600.252</ele><time>2022-07-16T11:09:59Z</time></trkpt><trkpt lat="42.875905" lon="-7.835473"><ele>600.499</ele><time>2022-07-16T11:10:05Z</time></trkpt><trkpt lat="42.875900" lon="-7.835545"><ele>600.507</ele><time>2022-07-16T11:10:10Z</time></trkpt><trkpt lat="42.875904" lon="-7.835607"><ele>600.627</ele><time>2022-07-16T11:10:14Z</time></trkpt><trkpt lat="42.875908" lon="-7.835670"><ele>600.609</ele><time>2022-07-16T11:10:18Z</time></trkpt><trkpt lat="42.875908" lon="-7.835732"><ele>600.620</ele><time>2022-07-16T11:10:22Z</time></trkpt><trkpt lat="42.875890" lon="-7.835800"><ele>600.649</ele><time>2022-07-16T11:10:27Z</time></trkpt><trkpt lat="42.875882" lon="-7.835860"><ele>600.687</ele><time>2022-07-16T11:10:31Z</time></trkpt><trkpt lat="42.875865" lon="-7.835920"><ele>600.629</ele><time>2022-07-16T11:10:35Z</time></trkpt><trkpt lat="42.875847" lon="-7.835983"><ele>600.686</ele><time>2022-07-16T11:10:39Z</time></trkpt><trkpt lat="42.875836" lon="-7.836043"><ele>600.730</ele><time>2022-07-16T11:10:43Z</time></trkpt><trkpt lat="42.875819" lon="-7.836106"><ele>600.939</ele><time>2022-07-16T11:10:48Z</time></trkpt><trkpt lat="42.875800" lon="-7.836163"><ele>601.147</ele><time>2022-07-16T11:10:53Z</time></trkpt><trkpt lat="42.875795" lon="-7.836231"><ele>601.358</ele><time>2022-07-16T11:10:59Z</time></trkpt><trkpt lat="42.875788" lon="-7.836305"><ele>601.494</ele><time>2022-07-16T11:11:04Z</time></trkpt><trkpt lat="42.875801" lon="-7.836378"><ele>601.457</ele><time>2022-07-16T11:11:09Z</time></trkpt><trkpt lat="42.875799" lon="-7.836456"><ele>601.522</ele><time>2022-07-16T11:11:13Z</time></trkpt><trkpt lat="42.875805" lon="-7.836525"><ele>601.709</ele><time>2022-07-16T11:11:17Z</time></trkpt><trkpt lat="42.875804" lon="-7.836587"><ele>602.050</ele><time>2022-07-16T11:11:22Z</time></trkpt><trkpt lat="42.875796" lon="-7.836649"><ele>602.339</ele><time>2022-07-16T11:11:27Z</time></trkpt><trkpt lat="42.875789" lon="-7.836718"><ele>602.477</ele><time>2022-07-16T11:11:32Z</time></trkpt><trkpt lat="42.875779" lon="-7.836791"><ele>602.559</ele><time>2022-07-16T11:11:37Z</time></trkpt><trkpt lat="42.875783" lon="-7.836859"><ele>602.646</ele><time>2022-07-16T11:11:41Z</time></trkpt><trkpt lat="42.875775" lon="-7.836924"><ele>602.670</ele><time>2022-07-16T11:11:45Z</time></trkpt><trkpt lat="42.875767" lon="-7.836999"><ele>602.699</ele><time>2022-07-16T11:11:50Z</time></trkpt><trkpt lat="42.875754" lon="-7.837069"><ele>602.647</ele><time>2022-07-16T11:11:55Z</time></trkpt><trkpt lat="42.875724" lon="-7.837128"><ele>602.648</ele><time>2022-07-16T11:12:00Z</time></trkpt><trkpt lat="42.875696" lon="-7.837186"><ele>602.715</ele><time>2022-07-16T11:12:04Z</time></trkpt><trkpt lat="42.875676" lon="-7.837264"><ele>603.065</ele><time>2022-07-16T11:12:09Z</time></trkpt><trkpt lat="42.875651" lon="-7.837322"><ele>603.011</ele><time>2022-07-16T11:12:15Z</time></trkpt><trkpt lat="42.875623" lon="-7.837385"><ele>603.009</ele><time>2022-07-16T11:12:41Z</time></trkpt><trkpt lat="42.875602" lon="-7.837444"><ele>603.292</ele><time>2022-07-16T11:12:47Z</time></trkpt><trkpt lat="42.875588" lon="-7.837521"><ele>603.411</ele><time>2022-07-16T11:12:52Z</time></trkpt><trkpt lat="42.875570" lon="-7.837590"><ele>603.439</ele><time>2022-07-16T11:12:57Z</time></trkpt><trkpt lat="42.875537" lon="-7.837645"><ele>603.591</ele><time>2022-07-16T11:13:01Z</time></trkpt><trkpt lat="42.875496" lon="-7.837699"><ele>603.658</ele><time>2022-07-16T11:13:04Z</time></trkpt><trkpt lat="42.875470" lon="-7.837751"><ele>603.812</ele><time>2022-07-16T11:13:08Z</time></trkpt><trkpt lat="42.875448" lon="-7.837819"><ele>603.971</ele><time>2022-07-16T11:13:13Z</time></trkpt><trkpt lat="42.875433" lon="-7.837884"><ele>604.079</ele><time>2022-07-16T11:13:17Z</time></trkpt><trkpt lat="42.875321" lon="-7.837980"><ele>604.260</ele><time>2022-07-16T11:13:49Z</time></trkpt><trkpt lat="42.875299" lon="-7.838046"><ele>604.523</ele><time>2022-07-16T11:13:53Z</time></trkpt><trkpt lat="42.875272" lon="-7.838105"><ele>605.083</ele><time>2022-07-16T11:13:57Z</time></trkpt><trkpt lat="42.875243" lon="-7.838166"><ele>605.411</ele><time>2022-07-16T11:14:02Z</time></trkpt><trkpt lat="42.875211" lon="-7.838224"><ele>605.509</ele><time>2022-07-16T11:14:06Z</time></trkpt><trkpt lat="42.875187" lon="-7.838279"><ele>605.713</ele><time>2022-07-16T11:14:10Z</time></trkpt><trkpt lat="42.875156" lon="-7.838339"><ele>606.052</ele><time>2022-07-16T11:14:15Z</time></trkpt><trkpt lat="42.875118" lon="-7.838391"><ele>606.340</ele><time>2022-07-16T11:14:19Z</time></trkpt><trkpt lat="42.875085" lon="-7.838435"><ele>606.692</ele><time>2022-07-16T11:14:24Z</time></trkpt><trkpt lat="42.875048" lon="-7.838483"><ele>606.869</ele><time>2022-07-16T11:14:28Z</time></trkpt><trkpt lat="42.875014" lon="-7.838531"><ele>606.963</ele><time>2022-07-16T11:14:32Z</time></trkpt><trkpt lat="42.874992" lon="-7.838591"><ele>607.092</ele><time>2022-07-16T11:14:36Z</time></trkpt><trkpt lat="42.874965" lon="-7.838648"><ele>607.140</ele><time>2022-07-16T11:14:41Z</time></trkpt><trkpt lat="42.874929" lon="-7.838700"><ele>607.281</ele><time>2022-07-16T11:14:45Z</time></trkpt><trkpt lat="42.874893" lon="-7.838752"><ele>607.325</ele><time>2022-07-16T11:14:49Z</time></trkpt><trkpt lat="42.874867" lon="-7.838816"><ele>607.326</ele><time>2022-07-16T11:14:52Z</time></trkpt><trkpt lat="42.874843" lon="-7.838874"><ele>607.408</ele><time>2022-07-16T11:14:56Z</time></trkpt><trkpt lat="42.874808" lon="-7.838929"><ele>607.509</ele><time>2022-07-16T11:15:00Z</time></trkpt><trkpt lat="42.874781" lon="-7.838982"><ele>607.653</ele><time>2022-07-16T11:15:04Z</time></trkpt><trkpt lat="42.874771" lon="-7.839051"><ele>607.842</ele><time>2022-07-16T11:15:08Z</time></trkpt><trkpt lat="42.874747" lon="-7.839124"><ele>608.080</ele><time>2022-07-16T11:15:13Z</time></trkpt><trkpt lat="42.874732" lon="-7.839192"><ele>608.142</ele><time>2022-07-16T11:15:18Z</time></trkpt><trkpt lat="42.874709" lon="-7.839253"><ele>608.399</ele><time>2022-07-16T11:15:23Z</time></trkpt><trkpt lat="42.874677" lon="-7.839299"><ele>608.553</ele><time>2022-07-16T11:15:27Z</time></trkpt><trkpt lat="42.874646" lon="-7.839352"><ele>608.712</ele><time>2022-07-16T11:15:31Z</time></trkpt><trkpt lat="42.874606" lon="-7.839392"><ele>608.860</ele><time>2022-07-16T11:15:35Z</time></trkpt><trkpt lat="42.874582" lon="-7.839449"><ele>608.951</ele><time>2022-07-16T11:15:39Z</time></trkpt><trkpt lat="42.874547" lon="-7.839501"><ele>609.087</ele><time>2022-07-16T11:15:43Z</time></trkpt><trkpt lat="42.874526" lon="-7.839567"><ele>609.142</ele><time>2022-07-16T11:15:47Z</time></trkpt><trkpt lat="42.874497" lon="-7.839634"><ele>609.126</ele><time>2022-07-16T11:15:52Z</time></trkpt><trkpt lat="42.874486" lon="-7.839700"><ele>609.209</ele><time>2022-07-16T11:15:57Z</time></trkpt><trkpt lat="42.874468" lon="-7.839766"><ele>609.299</ele><time>2022-07-16T11:16:01Z</time></trkpt><trkpt lat="42.874461" lon="-7.839831"><ele>609.218</ele><time>2022-07-16T11:16:05Z</time></trkpt><trkpt lat="42.874453" lon="-7.839898"><ele>609.296</ele><time>2022-07-16T11:16:10Z</time></trkpt><trkpt lat="42.874467" lon="-7.839967"><ele>609.178</ele><time>2022-07-16T11:16:15Z</time></trkpt><trkpt lat="42.874447" lon="-7.840023"><ele>609.045</ele><time>2022-07-16T11:16:20Z</time></trkpt><trkpt lat="42.874428" lon="-7.840087"><ele>609.049</ele><time>2022-07-16T11:16:52Z</time></trkpt><trkpt lat="42.874436" lon="-7.840152"><ele>609.098</ele><time>2022-07-16T11:16:55Z</time></trkpt><trkpt lat="42.874446" lon="-7.840091"><ele>609.056</ele><time>2022-07-16T11:16:58Z</time></trkpt><trkpt lat="42.874439" lon="-7.840284"><ele>608.917</ele><time>2022-07-16T11:17:12Z</time></trkpt><trkpt lat="42.874430" lon="-7.840351"><ele>609.146</ele><time>2022-07-16T11:17:16Z</time></trkpt><trkpt lat="42.874433" lon="-7.840434"><ele>609.488</ele><time>2022-07-16T11:17:21Z</time></trkpt><trkpt lat="42.874438" lon="-7.840495"><ele>609.416</ele><time>2022-07-16T11:17:25Z</time></trkpt><trkpt lat="42.874431" lon="-7.840564"><ele>609.309</ele><time>2022-07-16T11:17:30Z</time></trkpt><trkpt lat="42.874434" lon="-7.840629"><ele>609.315</ele><time>2022-07-16T11:17:34Z</time></trkpt><trkpt lat="42.874435" lon="-7.840697"><ele>609.134</ele><time>2022-07-16T11:17:38Z</time></trkpt><trkpt lat="42.874441" lon="-7.840761"><ele>608.812</ele><time>2022-07-16T11:17:42Z</time></trkpt><trkpt lat="42.874443" lon="-7.840837"><ele>608.844</ele><time>2022-07-16T11:17:47Z</time></trkpt><trkpt lat="42.874432" lon="-7.840904"><ele>608.851</ele><time>2022-07-16T11:17:51Z</time></trkpt><trkpt lat="42.874420" lon="-7.840974"><ele>608.835</ele><time>2022-07-16T11:17:56Z</time></trkpt><trkpt lat="42.874414" lon="-7.841035"><ele>608.884</ele><time>2022-07-16T11:18:00Z</time></trkpt><trkpt lat="42.874412" lon="-7.841118"><ele>608.872</ele><time>2022-07-16T11:18:06Z</time></trkpt><trkpt lat="42.874400" lon="-7.841186"><ele>608.813</ele><time>2022-07-16T11:18:12Z</time></trkpt><trkpt lat="42.874388" lon="-7.841253"><ele>608.929</ele><time>2022-07-16T11:18:16Z</time></trkpt><trkpt lat="42.874384" lon="-7.841329"><ele>609.000</ele><time>2022-07-16T11:18:20Z</time></trkpt><trkpt lat="42.874375" lon="-7.841389"><ele>609.020</ele><time>2022-07-16T11:18:23Z</time></trkpt><trkpt lat="42.874371" lon="-7.841466"><ele>609.009</ele><time>2022-07-16T11:18:27Z</time></trkpt><trkpt lat="42.874366" lon="-7.841538"><ele>609.063</ele><time>2022-07-16T11:18:31Z</time></trkpt><trkpt lat="42.874349" lon="-7.841607"><ele>609.032</ele><time>2022-07-16T11:18:34Z</time></trkpt><trkpt lat="42.874337" lon="-7.841672"><ele>609.050</ele><time>2022-07-16T11:18:37Z</time></trkpt><trkpt lat="42.874328" lon="-7.841737"><ele>609.072</ele><time>2022-07-16T11:18:40Z</time></trkpt><trkpt lat="42.874315" lon="-7.841798"><ele>609.189</ele><time>2022-07-16T11:18:43Z</time></trkpt><trkpt lat="42.874313" lon="-7.841868"><ele>609.263</ele><time>2022-07-16T11:18:47Z</time></trkpt><trkpt lat="42.874301" lon="-7.841938"><ele>609.282</ele><time>2022-07-16T11:18:51Z</time></trkpt><trkpt lat="42.874301" lon="-7.842007"><ele>609.370</ele><time>2022-07-16T11:18:55Z</time></trkpt><trkpt lat="42.874293" lon="-7.842089"><ele>609.461</ele><time>2022-07-16T11:19:00Z</time></trkpt><trkpt lat="42.874296" lon="-7.842158"><ele>609.471</ele><time>2022-07-16T11:19:05Z</time></trkpt><trkpt lat="42.874305" lon="-7.842256"><ele>609.541</ele><time>2022-07-16T11:19:15Z</time></trkpt><trkpt lat="42.874298" lon="-7.842332"><ele>609.615</ele><time>2022-07-16T11:19:24Z</time></trkpt><trkpt lat="42.874289" lon="-7.842395"><ele>610.309</ele><time>2022-07-16T11:19:34Z</time></trkpt><trkpt lat="42.874299" lon="-7.842459"><ele>610.578</ele><time>2022-07-16T11:19:39Z</time></trkpt><trkpt lat="42.874288" lon="-7.842525"><ele>610.677</ele><time>2022-07-16T11:19:44Z</time></trkpt><trkpt lat="42.874296" lon="-7.842586"><ele>610.645</ele><time>2022-07-16T11:19:49Z</time></trkpt><trkpt lat="42.874318" lon="-7.842650"><ele>610.637</ele><time>2022-07-16T11:20:04Z</time></trkpt><trkpt lat="42.874325" lon="-7.842719"><ele>610.764</ele><time>2022-07-16T11:20:12Z</time></trkpt><trkpt lat="42.874343" lon="-7.842784"><ele>610.958</ele><time>2022-07-16T11:20:17Z</time></trkpt><trkpt lat="42.874344" lon="-7.842853"><ele>611.077</ele><time>2022-07-16T11:20:22Z</time></trkpt><trkpt lat="42.874352" lon="-7.842921"><ele>611.275</ele><time>2022-07-16T11:20:25Z</time></trkpt><trkpt lat="42.874358" lon="-7.842993"><ele>611.446</ele><time>2022-07-16T11:20:30Z</time></trkpt><trkpt lat="42.874364" lon="-7.843058"><ele>611.619</ele><time>2022-07-16T11:20:34Z</time></trkpt><trkpt lat="42.874383" lon="-7.843128"><ele>611.809</ele><time>2022-07-16T11:20:38Z</time></trkpt><trkpt lat="42.874379" lon="-7.843192"><ele>612.119</ele><time>2022-07-16T11:20:42Z</time></trkpt><trkpt lat="42.874394" lon="-7.843258"><ele>612.409</ele><time>2022-07-16T11:20:46Z</time></trkpt><trkpt lat="42.874398" lon="-7.843321"><ele>612.632</ele><time>2022-07-16T11:20:50Z</time></trkpt><trkpt lat="42.874404" lon="-7.843387"><ele>612.891</ele><time>2022-07-16T11:20:55Z</time></trkpt><trkpt lat="42.874394" lon="-7.843462"><ele>613.069</ele><time>2022-07-16T11:20:58Z</time></trkpt><trkpt lat="42.874391" lon="-7.843526"><ele>613.381</ele><time>2022-07-16T11:21:01Z</time></trkpt><trkpt lat="42.874383" lon="-7.843588"><ele>613.688</ele><time>2022-07-16T11:21:06Z</time></trkpt><trkpt lat="42.874394" lon="-7.843649"><ele>613.992</ele><time>2022-07-16T11:21:10Z</time></trkpt><trkpt lat="42.874399" lon="-7.843712"><ele>614.351</ele><time>2022-07-16T11:21:14Z</time></trkpt><trkpt lat="42.874411" lon="-7.843783"><ele>614.739</ele><time>2022-07-16T11:21:18Z</time></trkpt><trkpt lat="42.874403" lon="-7.843848"><ele>615.050</ele><time>2022-07-16T11:21:21Z</time></trkpt><trkpt lat="42.874403" lon="-7.843917"><ele>615.283</ele><time>2022-07-16T11:21:26Z</time></trkpt><trkpt lat="42.874414" lon="-7.843986"><ele>615.325</ele><time>2022-07-16T11:21:29Z</time></trkpt><trkpt lat="42.874420" lon="-7.844048"><ele>615.417</ele><time>2022-07-16T11:21:33Z</time></trkpt><trkpt lat="42.874418" lon="-7.844127"><ele>615.509</ele><time>2022-07-16T11:21:37Z</time></trkpt><trkpt lat="42.874410" lon="-7.844210"><ele>615.529</ele><time>2022-07-16T11:21:41Z</time></trkpt><trkpt lat="42.874407" lon="-7.844289"><ele>615.588</ele><time>2022-07-16T11:21:45Z</time></trkpt><trkpt lat="42.874397" lon="-7.844363"><ele>615.516</ele><time>2022-07-16T11:21:49Z</time></trkpt><trkpt lat="42.874408" lon="-7.844425"><ele>615.578</ele><time>2022-07-16T11:21:53Z</time></trkpt><trkpt lat="42.874401" lon="-7.844487"><ele>615.555</ele><time>2022-07-16T11:21:58Z</time></trkpt><trkpt lat="42.874399" lon="-7.844549"><ele>615.519</ele><time>2022-07-16T11:22:01Z</time></trkpt><trkpt lat="42.874384" lon="-7.844613"><ele>615.528</ele><time>2022-07-16T11:22:05Z</time></trkpt><trkpt lat="42.874374" lon="-7.844687"><ele>615.586</ele><time>2022-07-16T11:22:09Z</time></trkpt><trkpt lat="42.874370" lon="-7.844752"><ele>615.537</ele><time>2022-07-16T11:22:13Z</time></trkpt><trkpt lat="42.874377" lon="-7.844828"><ele>615.438</ele><time>2022-07-16T11:22:17Z</time></trkpt><trkpt lat="42.874376" lon="-7.844891"><ele>615.470</ele><time>2022-07-16T11:22:21Z</time></trkpt><trkpt lat="42.874361" lon="-7.844965"><ele>615.417</ele><time>2022-07-16T11:22:27Z</time></trkpt><trkpt lat="42.874375" lon="-7.845037"><ele>615.409</ele><time>2022-07-16T11:22:32Z</time></trkpt><trkpt lat="42.874380" lon="-7.845104"><ele>615.394</ele><time>2022-07-16T11:22:35Z</time></trkpt><trkpt lat="42.874371" lon="-7.845173"><ele>615.323</ele><time>2022-07-16T11:22:39Z</time></trkpt><trkpt lat="42.874359" lon="-7.845238"><ele>615.361</ele><time>2022-07-16T11:22:42Z</time></trkpt><trkpt lat="42.874357" lon="-7.845302"><ele>615.313</ele><time>2022-07-16T11:22:45Z</time></trkpt><trkpt lat="42.874354" lon="-7.845374"><ele>615.360</ele><time>2022-07-16T11:22:48Z</time></trkpt><trkpt lat="42.874368" lon="-7.845433"><ele>615.334</ele><time>2022-07-16T11:22:51Z</time></trkpt><trkpt lat="42.874362" lon="-7.845500"><ele>615.283</ele><time>2022-07-16T11:22:55Z</time></trkpt><trkpt lat="42.874351" lon="-7.845572"><ele>615.281</ele><time>2022-07-16T11:22:59Z</time></trkpt><trkpt lat="42.874348" lon="-7.845637"><ele>615.172</ele><time>2022-07-16T11:23:02Z</time></trkpt><trkpt lat="42.874345" lon="-7.845708"><ele>615.011</ele><time>2022-07-16T11:23:05Z</time></trkpt><trkpt lat="42.874344" lon="-7.845789"><ele>614.921</ele><time>2022-07-16T11:23:09Z</time></trkpt><trkpt lat="42.874330" lon="-7.845859"><ele>614.903</ele><time>2022-07-16T11:23:13Z</time></trkpt><trkpt lat="42.874324" lon="-7.845926"><ele>614.809</ele><time>2022-07-16T11:23:17Z</time></trkpt><trkpt lat="42.874320" lon="-7.845988"><ele>614.762</ele><time>2022-07-16T11:23:20Z</time></trkpt><trkpt lat="42.874314" lon="-7.846069"><ele>614.691</ele><time>2022-07-16T11:23:25Z</time></trkpt><trkpt lat="42.874301" lon="-7.846133"><ele>614.619</ele><time>2022-07-16T11:23:28Z</time></trkpt><trkpt lat="42.874306" lon="-7.846194"><ele>614.671</ele><time>2022-07-16T11:23:32Z</time></trkpt><trkpt lat="42.874312" lon="-7.846269"><ele>614.528</ele><time>2022-07-16T11:23:37Z</time></trkpt><trkpt lat="42.874307" lon="-7.846343"><ele>614.472</ele><time>2022-07-16T11:23:41Z</time></trkpt><trkpt lat="42.874300" lon="-7.846408"><ele>614.391</ele><time>2022-07-16T11:23:45Z</time></trkpt><trkpt lat="42.874294" lon="-7.846473"><ele>614.279</ele><time>2022-07-16T11:23:49Z</time></trkpt><trkpt lat="42.874291" lon="-7.846537"><ele>614.150</ele><time>2022-07-16T11:23:53Z</time></trkpt><trkpt lat="42.874275" lon="-7.846601"><ele>614.155</ele><time>2022-07-16T11:23:57Z</time></trkpt><trkpt lat="42.874273" lon="-7.846692"><ele>614.107</ele><time>2022-07-16T11:24:01Z</time></trkpt><trkpt lat="42.874274" lon="-7.846759"><ele>614.117</ele><time>2022-07-16T11:24:04Z</time></trkpt><trkpt lat="42.874274" lon="-7.846832"><ele>614.109</ele><time>2022-07-16T11:24:07Z</time></trkpt><trkpt lat="42.874274" lon="-7.846897"><ele>614.236</ele><time>2022-07-16T11:24:11Z</time></trkpt><trkpt lat="42.874296" lon="-7.846953"><ele>614.415</ele><time>2022-07-16T11:24:15Z</time></trkpt><trkpt lat="42.874306" lon="-7.847026"><ele>614.733</ele><time>2022-07-16T11:24:19Z</time></trkpt><trkpt lat="42.874305" lon="-7.847091"><ele>615.125</ele><time>2022-07-16T11:24:22Z</time></trkpt><trkpt lat="42.874302" lon="-7.847161"><ele>615.422</ele><time>2022-07-16T11:24:25Z</time></trkpt><trkpt lat="42.874301" lon="-7.847224"><ele>615.466</ele><time>2022-07-16T11:24:28Z</time></trkpt><trkpt lat="42.874311" lon="-7.847287"><ele>615.475</ele><time>2022-07-16T11:24:31Z</time></trkpt><trkpt lat="42.874302" lon="-7.847349"><ele>615.483</ele><time>2022-07-16T11:24:34Z</time></trkpt><trkpt lat="42.874299" lon="-7.847418"><ele>615.334</ele><time>2022-07-16T11:24:38Z</time></trkpt><trkpt lat="42.874299" lon="-7.847486"><ele>615.245</ele><time>2022-07-16T11:24:42Z</time></trkpt><trkpt lat="42.874298" lon="-7.847558"><ele>615.147</ele><time>2022-07-16T11:24:47Z</time></trkpt><trkpt lat="42.874290" lon="-7.847646"><ele>615.011</ele><time>2022-07-16T11:24:52Z</time></trkpt><trkpt lat="42.874279" lon="-7.847724"><ele>615.009</ele><time>2022-07-16T11:24:56Z</time></trkpt><trkpt lat="42.874283" lon="-7.847791"><ele>615.035</ele><time>2022-07-16T11:25:00Z</time></trkpt><trkpt lat="42.874280" lon="-7.847864"><ele>615.074</ele><time>2022-07-16T11:25:04Z</time></trkpt><trkpt lat="42.874281" lon="-7.847927"><ele>615.032</ele><time>2022-07-16T11:25:07Z</time></trkpt><trkpt lat="42.874285" lon="-7.848002"><ele>615.024</ele><time>2022-07-16T11:25:10Z</time></trkpt><trkpt lat="42.874297" lon="-7.848072"><ele>615.081</ele><time>2022-07-16T11:25:15Z</time></trkpt><trkpt lat="42.874301" lon="-7.848144"><ele>615.065</ele><time>2022-07-16T11:25:20Z</time></trkpt><trkpt lat="42.874305" lon="-7.848206"><ele>615.084</ele><time>2022-07-16T11:25:24Z</time></trkpt><trkpt lat="42.874310" lon="-7.848283"><ele>615.042</ele><time>2022-07-16T11:25:27Z</time></trkpt><trkpt lat="42.874310" lon="-7.848345"><ele>615.063</ele><time>2022-07-16T11:25:31Z</time></trkpt><trkpt lat="42.874302" lon="-7.848407"><ele>614.993</ele><time>2022-07-16T11:25:35Z</time></trkpt><trkpt lat="42.874323" lon="-7.848516"><ele>614.765</ele><time>2022-07-16T11:25:58Z</time></trkpt><trkpt lat="42.874320" lon="-7.848584"><ele>614.621</ele><time>2022-07-16T11:26:05Z</time></trkpt><trkpt lat="42.874321" lon="-7.848650"><ele>614.409</ele><time>2022-07-16T11:26:11Z</time></trkpt><trkpt lat="42.874329" lon="-7.848711"><ele>614.310</ele><time>2022-07-16T11:26:15Z</time></trkpt><trkpt lat="42.874337" lon="-7.848776"><ele>614.199</ele><time>2022-07-16T11:26:19Z</time></trkpt><trkpt lat="42.874339" lon="-7.848848"><ele>614.097</ele><time>2022-07-16T11:26:25Z</time></trkpt><trkpt lat="42.874345" lon="-7.848926"><ele>613.849</ele><time>2022-07-16T11:26:30Z</time></trkpt><trkpt lat="42.874356" lon="-7.848987"><ele>613.616</ele><time>2022-07-16T11:26:34Z</time></trkpt><trkpt lat="42.874368" lon="-7.849067"><ele>613.520</ele><time>2022-07-16T11:26:39Z</time></trkpt><trkpt lat="42.874390" lon="-7.849165"><ele>613.399</ele><time>2022-07-16T11:26:57Z</time></trkpt><trkpt lat="42.874411" lon="-7.849234"><ele>613.297</ele><time>2022-07-16T11:27:01Z</time></trkpt><trkpt lat="42.874420" lon="-7.849297"><ele>613.168</ele><time>2022-07-16T11:27:04Z</time></trkpt><trkpt lat="42.874437" lon="-7.849356"><ele>613.011</ele><time>2022-07-16T11:27:07Z</time></trkpt><trkpt lat="42.874447" lon="-7.849422"><ele>612.821</ele><time>2022-07-16T11:27:12Z</time></trkpt><trkpt lat="42.874466" lon="-7.849486"><ele>612.703</ele><time>2022-07-16T11:27:16Z</time></trkpt><trkpt lat="42.874471" lon="-7.849550"><ele>612.509</ele><time>2022-07-16T11:27:19Z</time></trkpt><trkpt lat="42.874502" lon="-7.849601"><ele>612.422</ele><time>2022-07-16T11:27:23Z</time></trkpt><trkpt lat="42.874533" lon="-7.849657"><ele>612.431</ele><time>2022-07-16T11:27:26Z</time></trkpt><trkpt lat="42.874544" lon="-7.849716"><ele>612.339</ele><time>2022-07-16T11:27:30Z</time></trkpt><trkpt lat="42.874565" lon="-7.849770"><ele>612.151</ele><time>2022-07-16T11:27:34Z</time></trkpt><trkpt lat="42.874596" lon="-7.849829"><ele>611.948</ele><time>2022-07-16T11:27:39Z</time></trkpt><trkpt lat="42.874609" lon="-7.849901"><ele>611.792</ele><time>2022-07-16T11:27:43Z</time></trkpt><trkpt lat="42.874632" lon="-7.849962"><ele>611.531</ele><time>2022-07-16T11:27:46Z</time></trkpt><trkpt lat="42.874654" lon="-7.850037"><ele>611.369</ele><time>2022-07-16T11:27:50Z</time></trkpt><trkpt lat="42.874664" lon="-7.850106"><ele>611.220</ele><time>2022-07-16T11:27:54Z</time></trkpt><trkpt lat="42.874697" lon="-7.850176"><ele>611.025</ele><time>2022-07-16T11:27:59Z</time></trkpt><trkpt lat="42.874712" lon="-7.850239"><ele>610.826</ele><time>2022-07-16T11:28:02Z</time></trkpt><trkpt lat="42.874725" lon="-7.850314"><ele>610.608</ele><time>2022-07-16T11:28:06Z</time></trkpt><trkpt lat="42.874739" lon="-7.850399"><ele>610.409</ele><time>2022-07-16T11:28:09Z</time></trkpt><trkpt lat="42.874749" lon="-7.850459"><ele>610.383</ele><time>2022-07-16T11:28:12Z</time></trkpt><trkpt lat="42.874767" lon="-7.850532"><ele>610.372</ele><time>2022-07-16T11:28:16Z</time></trkpt><trkpt lat="42.874786" lon="-7.850600"><ele>610.350</ele><time>2022-07-16T11:28:20Z</time></trkpt><trkpt lat="42.874808" lon="-7.850665"><ele>610.182</ele><time>2022-07-16T11:28:24Z</time></trkpt><trkpt lat="42.874819" lon="-7.850734"><ele>610.019</ele><time>2022-07-16T11:28:28Z</time></trkpt><trkpt lat="42.874836" lon="-7.850802"><ele>609.883</ele><time>2022-07-16T11:28:32Z</time></trkpt><trkpt lat="42.874854" lon="-7.850868"><ele>609.672</ele><time>2022-07-16T11:28:36Z</time></trkpt><trkpt lat="42.874874" lon="-7.850928"><ele>609.470</ele><time>2022-07-16T11:28:40Z</time></trkpt><trkpt lat="42.874874" lon="-7.850995"><ele>609.261</ele><time>2022-07-16T11:28:44Z</time></trkpt><trkpt lat="42.874871" lon="-7.851059"><ele>609.165</ele><time>2022-07-16T11:28:48Z</time></trkpt><trkpt lat="42.874863" lon="-7.851127"><ele>608.968</ele><time>2022-07-16T11:28:52Z</time></trkpt><trkpt lat="42.874848" lon="-7.851198"><ele>608.714</ele><time>2022-07-16T11:28:56Z</time></trkpt><trkpt lat="42.874841" lon="-7.851262"><ele>608.409</ele><time>2022-07-16T11:29:00Z</time></trkpt><trkpt lat="42.874829" lon="-7.851327"><ele>608.217</ele><time>2022-07-16T11:29:04Z</time></trkpt><trkpt lat="42.874822" lon="-7.851407"><ele>608.046</ele><time>2022-07-16T11:29:09Z</time></trkpt><trkpt lat="42.874810" lon="-7.851481"><ele>607.914</ele><time>2022-07-16T11:29:13Z</time></trkpt><trkpt lat="42.874789" lon="-7.851542"><ele>607.886</ele><time>2022-07-16T11:29:17Z</time></trkpt><trkpt lat="42.874775" lon="-7.851604"><ele>607.693</ele><time>2022-07-16T11:29:21Z</time></trkpt><trkpt lat="42.874743" lon="-7.851664"><ele>607.457</ele><time>2022-07-16T11:29:26Z</time></trkpt><trkpt lat="42.874720" lon="-7.851726"><ele>607.386</ele><time>2022-07-16T11:29:30Z</time></trkpt><trkpt lat="42.874696" lon="-7.851792"><ele>607.214</ele><time>2022-07-16T11:29:35Z</time></trkpt><trkpt lat="42.874659" lon="-7.851854"><ele>607.155</ele><time>2022-07-16T11:29:40Z</time></trkpt><trkpt lat="42.874618" lon="-7.851897"><ele>607.195</ele><time>2022-07-16T11:29:45Z</time></trkpt><trkpt lat="42.874576" lon="-7.851927"><ele>607.149</ele><time>2022-07-16T11:29:48Z</time></trkpt><trkpt lat="42.874552" lon="-7.851989"><ele>607.123</ele><time>2022-07-16T11:29:52Z</time></trkpt><trkpt lat="42.874545" lon="-7.852058"><ele>607.209</ele><time>2022-07-16T11:29:56Z</time></trkpt><trkpt lat="42.874535" lon="-7.852124"><ele>607.360</ele><time>2022-07-16T11:30:00Z</time></trkpt><trkpt lat="42.874522" lon="-7.852185"><ele>607.479</ele><time>2022-07-16T11:30:04Z</time></trkpt><trkpt lat="42.874500" lon="-7.852257"><ele>607.647</ele><time>2022-07-16T11:30:08Z</time></trkpt><trkpt lat="42.874478" lon="-7.852317"><ele>607.829</ele><time>2022-07-16T11:30:12Z</time></trkpt><trkpt lat="42.874443" lon="-7.852368"><ele>608.076</ele><time>2022-07-16T11:30:15Z</time></trkpt><trkpt lat="42.874412" lon="-7.852423"><ele>608.120</ele><time>2022-07-16T11:30:19Z</time></trkpt><trkpt lat="42.874387" lon="-7.852483"><ele>608.149</ele><time>2022-07-16T11:30:23Z</time></trkpt><trkpt lat="42.874381" lon="-7.852552"><ele>608.127</ele><time>2022-07-16T11:30:27Z</time></trkpt><trkpt lat="42.874361" lon="-7.852621"><ele>608.068</ele><time>2022-07-16T11:30:32Z</time></trkpt><trkpt lat="42.874342" lon="-7.852677"><ele>607.764</ele><time>2022-07-16T11:30:37Z</time></trkpt><trkpt lat="42.874282" lon="-7.852802"><ele>607.406</ele><time>2022-07-16T11:31:09Z</time></trkpt><trkpt lat="42.874260" lon="-7.852861"><ele>607.316</ele><time>2022-07-16T11:31:15Z</time></trkpt><trkpt lat="42.874244" lon="-7.852923"><ele>607.209</ele><time>2022-07-16T11:31:20Z</time></trkpt><trkpt lat="42.874221" lon="-7.852979"><ele>607.297</ele><time>2022-07-16T11:31:24Z</time></trkpt><trkpt lat="42.874210" lon="-7.853041"><ele>607.256</ele><time>2022-07-16T11:31:28Z</time></trkpt><trkpt lat="42.874204" lon="-7.853107"><ele>607.184</ele><time>2022-07-16T11:31:33Z</time></trkpt><trkpt lat="42.874211" lon="-7.853176"><ele>606.966</ele><time>2022-07-16T11:31:38Z</time></trkpt><trkpt lat="42.874233" lon="-7.853239"><ele>606.793</ele><time>2022-07-16T11:31:41Z</time></trkpt><trkpt lat="42.874237" lon="-7.853314"><ele>606.537</ele><time>2022-07-16T11:31:45Z</time></trkpt><trkpt lat="42.874248" lon="-7.853379"><ele>606.266</ele><time>2022-07-16T11:31:51Z</time></trkpt><trkpt lat="42.874225" lon="-7.853448"><ele>605.924</ele><time>2022-07-16T11:31:57Z</time></trkpt><trkpt lat="42.874233" lon="-7.853509"><ele>605.645</ele><time>2022-07-16T11:32:01Z</time></trkpt><trkpt lat="42.874231" lon="-7.853585"><ele>605.486</ele><time>2022-07-16T11:32:05Z</time></trkpt><trkpt lat="42.874212" lon="-7.853659"><ele>605.360</ele><time>2022-07-16T11:32:10Z</time></trkpt><trkpt lat="42.874204" lon="-7.853726"><ele>605.226</ele><time>2022-07-16T11:32:15Z</time></trkpt><trkpt lat="42.874194" lon="-7.853793"><ele>605.109</ele><time>2022-07-16T11:32:19Z</time></trkpt><trkpt lat="42.874189" lon="-7.853877"><ele>604.929</ele><time>2022-07-16T11:32:24Z</time></trkpt><trkpt lat="42.874183" lon="-7.853941"><ele>604.988</ele><time>2022-07-16T11:32:28Z</time></trkpt><trkpt lat="42.874205" lon="-7.854005"><ele>604.946</ele><time>2022-07-16T11:32:31Z</time></trkpt><trkpt lat="42.874199" lon="-7.854070"><ele>604.868</ele><time>2022-07-16T11:32:35Z</time></trkpt><trkpt lat="42.874197" lon="-7.854157"><ele>604.795</ele><time>2022-07-16T11:32:39Z</time></trkpt><trkpt lat="42.874213" lon="-7.854227"><ele>604.779</ele><time>2022-07-16T11:32:43Z</time></trkpt><trkpt lat="42.874202" lon="-7.854290"><ele>604.648</ele><time>2022-07-16T11:32:46Z</time></trkpt><trkpt lat="42.874196" lon="-7.854371"><ele>604.466</ele><time>2022-07-16T11:32:49Z</time></trkpt><trkpt lat="42.874176" lon="-7.854434"><ele>604.347</ele><time>2022-07-16T11:32:51Z</time></trkpt><trkpt lat="42.874157" lon="-7.854508"><ele>604.293</ele><time>2022-07-16T11:32:54Z</time></trkpt><trkpt lat="42.874131" lon="-7.854591"><ele>604.165</ele><time>2022-07-16T11:32:58Z</time></trkpt><trkpt lat="42.874096" lon="-7.854649"><ele>604.021</ele><time>2022-07-16T11:33:01Z</time></trkpt><trkpt lat="42.874081" lon="-7.854727"><ele>603.809</ele><time>2022-07-16T11:33:05Z</time></trkpt><trkpt lat="42.874059" lon="-7.854786"><ele>603.790</ele><time>2022-07-16T11:33:08Z</time></trkpt><trkpt lat="42.874040" lon="-7.854864"><ele>603.579</ele><time>2022-07-16T11:33:12Z</time></trkpt><trkpt lat="42.874028" lon="-7.854945"><ele>603.377</ele><time>2022-07-16T11:33:16Z</time></trkpt><trkpt lat="42.874025" lon="-7.855020"><ele>602.949</ele><time>2022-07-16T11:33:20Z</time></trkpt><trkpt lat="42.874015" lon="-7.855083"><ele>602.556</ele><time>2022-07-16T11:33:23Z</time></trkpt><trkpt lat="42.874008" lon="-7.855146"><ele>602.020</ele><time>2022-07-16T11:33:26Z</time></trkpt><trkpt lat="42.873996" lon="-7.855221"><ele>601.859</ele><time>2022-07-16T11:33:30Z</time></trkpt><trkpt lat="42.873982" lon="-7.855299"><ele>601.437</ele><time>2022-07-16T11:33:34Z</time></trkpt><trkpt lat="42.873975" lon="-7.855366"><ele>601.048</ele><time>2022-07-16T11:33:38Z</time></trkpt><trkpt lat="42.873976" lon="-7.855449"><ele>600.398</ele><time>2022-07-16T11:33:50Z</time></trkpt><trkpt lat="42.873963" lon="-7.855510"><ele>599.915</ele><time>2022-07-16T11:33:54Z</time></trkpt><trkpt lat="42.873964" lon="-7.855572"><ele>599.526</ele><time>2022-07-16T11:33:58Z</time></trkpt><trkpt lat="42.873958" lon="-7.855647"><ele>599.109</ele><time>2022-07-16T11:34:02Z</time></trkpt><trkpt lat="42.873936" lon="-7.855710"><ele>598.910</ele><time>2022-07-16T11:34:07Z</time></trkpt><trkpt lat="42.873933" lon="-7.855774"><ele>598.679</ele><time>2022-07-16T11:34:10Z</time></trkpt><trkpt lat="42.873928" lon="-7.855854"><ele>598.377</ele><time>2022-07-16T11:34:15Z</time></trkpt><trkpt lat="42.873924" lon="-7.855921"><ele>597.979</ele><time>2022-07-16T11:34:19Z</time></trkpt><trkpt lat="42.873917" lon="-7.855988"><ele>597.276</ele><time>2022-07-16T11:34:23Z</time></trkpt><trkpt lat="42.873913" lon="-7.856050"><ele>596.540</ele><time>2022-07-16T11:34:26Z</time></trkpt><trkpt lat="42.873914" lon="-7.856119"><ele>596.199</ele><time>2022-07-16T11:34:29Z</time></trkpt><trkpt lat="42.873915" lon="-7.856185"><ele>595.817</ele><time>2022-07-16T11:34:32Z</time></trkpt><trkpt lat="42.873893" lon="-7.856248"><ele>595.568</ele><time>2022-07-16T11:34:35Z</time></trkpt><trkpt lat="42.873875" lon="-7.856320"><ele>595.273</ele><time>2022-07-16T11:34:39Z</time></trkpt><trkpt lat="42.873864" lon="-7.856380"><ele>594.985</ele><time>2022-07-16T11:34:43Z</time></trkpt><trkpt lat="42.873866" lon="-7.856446"><ele>594.713</ele><time>2022-07-16T11:34:46Z</time></trkpt><trkpt lat="42.873866" lon="-7.856509"><ele>594.509</ele><time>2022-07-16T11:34:49Z</time></trkpt><trkpt lat="42.873853" lon="-7.856583"><ele>594.348</ele><time>2022-07-16T11:34:52Z</time></trkpt><trkpt lat="42.873843" lon="-7.856657"><ele>594.217</ele><time>2022-07-16T11:34:56Z</time></trkpt><trkpt lat="42.873839" lon="-7.856720"><ele>594.245</ele><time>2022-07-16T11:34:59Z</time></trkpt><trkpt lat="42.873833" lon="-7.856786"><ele>594.127</ele><time>2022-07-16T11:35:03Z</time></trkpt><trkpt lat="42.873828" lon="-7.856853"><ele>594.084</ele><time>2022-07-16T11:35:07Z</time></trkpt><trkpt lat="42.873826" lon="-7.856919"><ele>593.878</ele><time>2022-07-16T11:35:11Z</time></trkpt><trkpt lat="42.873826" lon="-7.856993"><ele>593.617</ele><time>2022-07-16T11:35:15Z</time></trkpt><trkpt lat="42.873832" lon="-7.857060"><ele>593.415</ele><time>2022-07-16T11:35:19Z</time></trkpt><trkpt lat="42.873835" lon="-7.857125"><ele>593.236</ele><time>2022-07-16T11:35:23Z</time></trkpt><trkpt lat="42.873839" lon="-7.857188"><ele>593.023</ele><time>2022-07-16T11:35:27Z</time></trkpt><trkpt lat="42.873861" lon="-7.857254"><ele>592.783</ele><time>2022-07-16T11:35:31Z</time></trkpt><trkpt lat="42.873882" lon="-7.857329"><ele>592.511</ele><time>2022-07-16T11:35:36Z</time></trkpt><trkpt lat="42.873891" lon="-7.857390"><ele>592.309</ele><time>2022-07-16T11:35:41Z</time></trkpt><trkpt lat="42.873873" lon="-7.857455"><ele>591.913</ele><time>2022-07-16T11:35:46Z</time></trkpt><trkpt lat="42.873874" lon="-7.857527"><ele>591.542</ele><time>2022-07-16T11:35:51Z</time></trkpt><trkpt lat="42.873886" lon="-7.857601"><ele>591.280</ele><time>2022-07-16T11:35:56Z</time></trkpt><trkpt lat="42.873884" lon="-7.857673"><ele>590.742</ele><time>2022-07-16T11:36:02Z</time></trkpt><trkpt lat="42.873871" lon="-7.857735"><ele>590.189</ele><time>2022-07-16T11:36:06Z</time></trkpt><trkpt lat="42.873845" lon="-7.857797"><ele>589.633</ele><time>2022-07-16T11:36:11Z</time></trkpt><trkpt lat="42.873801" lon="-7.857836"><ele>589.192</ele><time>2022-07-16T11:36:15Z</time></trkpt><trkpt lat="42.873761" lon="-7.857867"><ele>588.640</ele><time>2022-07-16T11:36:19Z</time></trkpt><trkpt lat="42.873710" lon="-7.857841"><ele>588.161</ele><time>2022-07-16T11:36:23Z</time></trkpt><trkpt lat="42.873660" lon="-7.857831"><ele>587.786</ele><time>2022-07-16T11:36:28Z</time></trkpt><trkpt lat="42.873614" lon="-7.857813"><ele>587.460</ele><time>2022-07-16T11:36:32Z</time></trkpt><trkpt lat="42.873566" lon="-7.857779"><ele>587.226</ele><time>2022-07-16T11:36:37Z</time></trkpt><trkpt lat="42.873531" lon="-7.857736"><ele>587.009</ele><time>2022-07-16T11:36:41Z</time></trkpt><trkpt lat="42.873488" lon="-7.857716"><ele>586.989</ele><time>2022-07-16T11:36:46Z</time></trkpt><trkpt lat="42.873443" lon="-7.857691"><ele>586.898</ele><time>2022-07-16T11:36:49Z</time></trkpt><trkpt lat="42.873397" lon="-7.857673"><ele>586.646</ele><time>2022-07-16T11:36:53Z</time></trkpt><trkpt lat="42.873347" lon="-7.857654"><ele>586.368</ele><time>2022-07-16T11:36:57Z</time></trkpt><trkpt lat="42.873299" lon="-7.857642"><ele>585.885</ele><time>2022-07-16T11:37:02Z</time></trkpt><trkpt lat="42.873239" lon="-7.857632"><ele>585.219</ele><time>2022-07-16T11:37:14Z</time></trkpt><trkpt lat="42.873189" lon="-7.857630"><ele>584.538</ele><time>2022-07-16T11:37:31Z</time></trkpt><trkpt lat="42.873147" lon="-7.857662"><ele>584.016</ele><time>2022-07-16T11:37:36Z</time></trkpt><trkpt lat="42.873115" lon="-7.857710"><ele>583.747</ele><time>2022-07-16T11:37:41Z</time></trkpt><trkpt lat="42.873083" lon="-7.857763"><ele>583.322</ele><time>2022-07-16T11:37:46Z</time></trkpt><trkpt lat="42.873049" lon="-7.857808"><ele>582.862</ele><time>2022-07-16T11:37:50Z</time></trkpt><trkpt lat="42.873016" lon="-7.857856"><ele>582.308</ele><time>2022-07-16T11:37:54Z</time></trkpt><trkpt lat="42.872977" lon="-7.857919"><ele>581.909</ele><time>2022-07-16T11:37:59Z</time></trkpt><trkpt lat="42.872941" lon="-7.857967"><ele>581.643</ele><time>2022-07-16T11:38:03Z</time></trkpt><trkpt lat="42.872901" lon="-7.858011"><ele>581.282</ele><time>2022-07-16T11:38:07Z</time></trkpt><trkpt lat="42.872866" lon="-7.858060"><ele>580.850</ele><time>2022-07-16T11:38:11Z</time></trkpt><trkpt lat="42.872828" lon="-7.858103"><ele>580.582</ele><time>2022-07-16T11:38:15Z</time></trkpt><trkpt lat="42.872797" lon="-7.858154"><ele>580.259</ele><time>2022-07-16T11:38:19Z</time></trkpt><trkpt lat="42.872758" lon="-7.858190"><ele>580.023</ele><time>2022-07-16T11:38:23Z</time></trkpt><trkpt lat="42.872703" lon="-7.858209"><ele>579.982</ele><time>2022-07-16T11:38:27Z</time></trkpt><trkpt lat="42.872652" lon="-7.858230"><ele>579.810</ele><time>2022-07-16T11:38:31Z</time></trkpt><trkpt lat="42.872606" lon="-7.858243"><ele>579.761</ele><time>2022-07-16T11:38:35Z</time></trkpt><trkpt lat="42.872545" lon="-7.858263"><ele>579.645</ele><time>2022-07-16T11:38:46Z</time></trkpt><trkpt lat="42.872663" lon="-7.858225"><ele>579.547</ele><time>2022-07-16T11:39:03Z</time></trkpt><trkpt lat="42.872712" lon="-7.858189"><ele>579.511</ele><time>2022-07-16T11:39:07Z</time></trkpt><trkpt lat="42.872750" lon="-7.858141"><ele>579.609</ele><time>2022-07-16T11:39:11Z</time></trkpt><trkpt lat="42.872793" lon="-7.858087"><ele>579.655</ele><time>2022-07-16T11:39:16Z</time></trkpt><trkpt lat="42.872833" lon="-7.858051"><ele>579.684</ele><time>2022-07-16T11:39:20Z</time></trkpt><trkpt lat="42.872867" lon="-7.858002"><ele>579.632</ele><time>2022-07-16T11:39:24Z</time></trkpt><trkpt lat="42.872906" lon="-7.857950"><ele>579.794</ele><time>2022-07-16T11:39:28Z</time></trkpt><trkpt lat="42.872944" lon="-7.857902"><ele>580.061</ele><time>2022-07-16T11:39:32Z</time></trkpt><trkpt lat="42.872977" lon="-7.857848"><ele>580.355</ele><time>2022-07-16T11:39:36Z</time></trkpt><trkpt lat="42.873012" lon="-7.857792"><ele>580.644</ele><time>2022-07-16T11:39:40Z</time></trkpt><trkpt lat="42.873048" lon="-7.857745"><ele>581.082</ele><time>2022-07-16T11:39:44Z</time></trkpt><trkpt lat="42.873088" lon="-7.857684"><ele>581.553</ele><time>2022-07-16T11:39:49Z</time></trkpt><trkpt lat="42.873133" lon="-7.857652"><ele>581.869</ele><time>2022-07-16T11:39:54Z</time></trkpt><trkpt lat="42.873183" lon="-7.857636"><ele>582.104</ele><time>2022-07-16T11:39:58Z</time></trkpt><trkpt lat="42.873229" lon="-7.857624"><ele>582.624</ele><time>2022-07-16T11:40:01Z</time></trkpt><trkpt lat="42.873280" lon="-7.857624"><ele>583.109</ele><time>2022-07-16T11:40:05Z</time></trkpt><trkpt lat="42.873326" lon="-7.857612"><ele>583.587</ele><time>2022-07-16T11:40:08Z</time></trkpt><trkpt lat="42.873375" lon="-7.857621"><ele>583.956</ele><time>2022-07-16T11:40:12Z</time></trkpt><trkpt lat="42.873421" lon="-7.857637"><ele>584.354</ele><time>2022-07-16T11:40:16Z</time></trkpt><trkpt lat="42.873469" lon="-7.857658"><ele>584.776</ele><time>2022-07-16T11:40:20Z</time></trkpt><trkpt lat="42.873517" lon="-7.857696"><ele>585.283</ele><time>2022-07-16T11:40:25Z</time></trkpt><trkpt lat="42.873558" lon="-7.857737"><ele>585.647</ele><time>2022-07-16T11:40:29Z</time></trkpt><trkpt lat="42.873594" lon="-7.857781"><ele>586.086</ele><time>2022-07-16T11:40:33Z</time></trkpt><trkpt lat="42.873636" lon="-7.857836"><ele>586.264</ele><time>2022-07-16T11:40:38Z</time></trkpt><trkpt lat="42.873671" lon="-7.857888"><ele>586.275</ele><time>2022-07-16T11:40:42Z</time></trkpt><trkpt lat="42.873710" lon="-7.857931"><ele>586.311</ele><time>2022-07-16T11:40:46Z</time></trkpt><trkpt lat="42.873741" lon="-7.857995"><ele>586.321</ele><time>2022-07-16T11:40:50Z</time></trkpt><trkpt lat="42.873761" lon="-7.858062"><ele>586.303</ele><time>2022-07-16T11:40:55Z</time></trkpt><trkpt lat="42.873765" lon="-7.858125"><ele>586.309</ele><time>2022-07-16T11:40:59Z</time></trkpt><trkpt lat="42.873765" lon="-7.858206"><ele>586.322</ele><time>2022-07-16T11:41:04Z</time></trkpt><trkpt lat="42.873770" lon="-7.858269"><ele>586.261</ele><time>2022-07-16T11:41:08Z</time></trkpt><trkpt lat="42.873765" lon="-7.858338"><ele>586.189</ele><time>2022-07-16T11:41:13Z</time></trkpt><trkpt lat="42.873766" lon="-7.858412"><ele>586.011</ele><time>2022-07-16T11:41:16Z</time></trkpt><trkpt lat="42.873756" lon="-7.858476"><ele>586.098</ele><time>2022-07-16T11:41:20Z</time></trkpt><trkpt lat="42.873749" lon="-7.858541"><ele>585.982</ele><time>2022-07-16T11:41:24Z</time></trkpt><trkpt lat="42.873742" lon="-7.858612"><ele>585.791</ele><time>2022-07-16T11:41:27Z</time></trkpt><trkpt lat="42.873740" lon="-7.858686"><ele>585.459</ele><time>2022-07-16T11:41:31Z</time></trkpt><trkpt lat="42.873732" lon="-7.858750"><ele>585.230</ele><time>2022-07-16T11:41:36Z</time></trkpt><trkpt lat="42.873727" lon="-7.858828"><ele>585.059</ele><time>2022-07-16T11:41:41Z</time></trkpt><trkpt lat="42.873711" lon="-7.858896"><ele>584.803</ele><time>2022-07-16T11:41:45Z</time></trkpt><trkpt lat="42.873701" lon="-7.858969"><ele>584.623</ele><time>2022-07-16T11:41:48Z</time></trkpt><trkpt lat="42.873678" lon="-7.859025"><ele>584.409</ele><time>2022-07-16T11:41:51Z</time></trkpt><trkpt lat="42.873673" lon="-7.859092"><ele>584.346</ele><time>2022-07-16T11:41:54Z</time></trkpt><trkpt lat="42.873660" lon="-7.859168"><ele>584.385</ele><time>2022-07-16T11:41:58Z</time></trkpt><trkpt lat="42.873621" lon="-7.859224"><ele>584.213</ele><time>2022-07-16T11:42:02Z</time></trkpt><trkpt lat="42.873568" lon="-7.859235"><ele>584.125</ele><time>2022-07-16T11:42:06Z</time></trkpt><trkpt lat="42.873524" lon="-7.859258"><ele>584.072</ele><time>2022-07-16T11:42:14Z</time></trkpt><trkpt lat="42.873557" lon="-7.859306"><ele>584.086</ele><time>2022-07-16T11:42:29Z</time></trkpt><trkpt lat="42.873514" lon="-7.859334"><ele>583.955</ele><time>2022-07-16T11:42:37Z</time></trkpt><trkpt lat="42.873472" lon="-7.859374"><ele>583.813</ele><time>2022-07-16T11:43:00Z</time></trkpt><trkpt lat="42.873417" lon="-7.859363"><ele>583.714</ele><time>2022-07-16T11:43:04Z</time></trkpt><trkpt lat="42.873375" lon="-7.859332"><ele>583.613</ele><time>2022-07-16T11:43:09Z</time></trkpt><trkpt lat="42.873329" lon="-7.859303"><ele>583.543</ele><time>2022-07-16T11:43:13Z</time></trkpt><trkpt lat="42.873278" lon="-7.859272"><ele>583.407</ele><time>2022-07-16T11:43:18Z</time></trkpt><trkpt lat="42.873240" lon="-7.859237"><ele>583.309</ele><time>2022-07-16T11:43:22Z</time></trkpt><trkpt lat="42.873194" lon="-7.859198"><ele>583.282</ele><time>2022-07-16T11:43:26Z</time></trkpt><trkpt lat="42.873193" lon="-7.859123"><ele>583.111</ele><time>2022-07-16T11:43:45Z</time></trkpt><trkpt lat="42.873241" lon="-7.859150"><ele>583.079</ele><time>2022-07-16T11:44:10Z</time></trkpt><trkpt lat="42.873287" lon="-7.859184"><ele>583.011</ele><time>2022-07-16T11:44:14Z</time></trkpt><trkpt lat="42.873331" lon="-7.859226"><ele>583.088</ele><time>2022-07-16T11:44:18Z</time></trkpt><trkpt lat="42.873369" lon="-7.859261"><ele>583.092</ele><time>2022-07-16T11:44:22Z</time></trkpt><trkpt lat="42.873419" lon="-7.859269"><ele>583.131</ele><time>2022-07-16T11:44:27Z</time></trkpt><trkpt lat="42.873467" lon="-7.859278"><ele>583.259</ele><time>2022-07-16T11:44:31Z</time></trkpt><trkpt lat="42.873516" lon="-7.859286"><ele>583.350</ele><time>2022-07-16T11:44:37Z</time></trkpt><trkpt lat="42.873567" lon="-7.859294"><ele>583.392</ele><time>2022-07-16T11:44:44Z</time></trkpt><trkpt lat="42.873586" lon="-7.859355"><ele>583.473</ele><time>2022-07-16T11:44:50Z</time></trkpt><trkpt lat="42.873644" lon="-7.859493"><ele>583.520</ele><time>2022-07-16T11:45:02Z</time></trkpt><trkpt lat="42.873657" lon="-7.859561"><ele>583.509</ele><time>2022-07-16T11:45:06Z</time></trkpt><trkpt lat="42.873688" lon="-7.859620"><ele>583.570</ele><time>2022-07-16T11:45:10Z</time></trkpt><trkpt lat="42.873688" lon="-7.859695"><ele>583.539</ele><time>2022-07-16T11:45:14Z</time></trkpt><trkpt lat="42.873689" lon="-7.859760"><ele>583.517</ele><time>2022-07-16T11:45:18Z</time></trkpt><trkpt lat="42.873687" lon="-7.859836"><ele>583.559</ele><time>2022-07-16T11:45:22Z</time></trkpt><trkpt lat="42.873681" lon="-7.859914"><ele>583.456</ele><time>2022-07-16T11:45:26Z</time></trkpt><trkpt lat="42.873674" lon="-7.859982"><ele>583.320</ele><time>2022-07-16T11:45:30Z</time></trkpt><trkpt lat="42.873660" lon="-7.860056"><ele>583.329</ele><time>2022-07-16T11:45:34Z</time></trkpt><trkpt lat="42.873671" lon="-7.860126"><ele>583.117</ele><time>2022-07-16T11:45:38Z</time></trkpt><trkpt lat="42.873666" lon="-7.860191"><ele>583.088</ele><time>2022-07-16T11:45:41Z</time></trkpt><trkpt lat="42.873665" lon="-7.860254"><ele>582.984</ele><time>2022-07-16T11:45:44Z</time></trkpt><trkpt lat="42.873667" lon="-7.860323"><ele>582.907</ele><time>2022-07-16T11:45:48Z</time></trkpt><trkpt lat="42.873661" lon="-7.860391"><ele>582.917</ele><time>2022-07-16T11:45:52Z</time></trkpt><trkpt lat="42.873650" lon="-7.860453"><ele>582.809</ele><time>2022-07-16T11:45:55Z</time></trkpt><trkpt lat="42.873624" lon="-7.860512"><ele>582.739</ele><time>2022-07-16T11:45:58Z</time></trkpt><trkpt lat="42.873607" lon="-7.860576"><ele>582.688</ele><time>2022-07-16T11:46:01Z</time></trkpt><trkpt lat="42.873596" lon="-7.860636"><ele>582.596</ele><time>2022-07-16T11:46:04Z</time></trkpt><trkpt lat="42.873584" lon="-7.860699"><ele>582.548</ele><time>2022-07-16T11:46:07Z</time></trkpt><trkpt lat="42.873581" lon="-7.860762"><ele>582.585</ele><time>2022-07-16T11:46:10Z</time></trkpt><trkpt lat="42.873579" lon="-7.860824"><ele>582.519</ele><time>2022-07-16T11:46:13Z</time></trkpt><trkpt lat="42.873567" lon="-7.860898"><ele>582.578</ele><time>2022-07-16T11:46:17Z</time></trkpt><trkpt lat="42.873551" lon="-7.860959"><ele>582.526</ele><time>2022-07-16T11:46:21Z</time></trkpt><trkpt lat="42.873541" lon="-7.861029"><ele>582.587</ele><time>2022-07-16T11:46:25Z</time></trkpt><trkpt lat="42.873544" lon="-7.861098"><ele>582.589</ele><time>2022-07-16T11:46:28Z</time></trkpt><trkpt lat="42.873546" lon="-7.861162"><ele>582.506</ele><time>2022-07-16T11:46:31Z</time></trkpt><trkpt lat="42.873537" lon="-7.861246"><ele>582.526</ele><time>2022-07-16T11:46:35Z</time></trkpt><trkpt lat="42.873524" lon="-7.861328"><ele>582.509</ele><time>2022-07-16T11:46:39Z</time></trkpt><trkpt lat="42.873522" lon="-7.861407"><ele>582.639</ele><time>2022-07-16T11:46:43Z</time></trkpt><trkpt lat="42.873510" lon="-7.861482"><ele>582.628</ele><time>2022-07-16T11:46:47Z</time></trkpt><trkpt lat="42.873495" lon="-7.861559"><ele>582.636</ele><time>2022-07-16T11:46:51Z</time></trkpt><trkpt lat="42.873472" lon="-7.861629"><ele>582.718</ele><time>2022-07-16T11:46:55Z</time></trkpt><trkpt lat="42.873465" lon="-7.861692"><ele>582.915</ele><time>2022-07-16T11:46:58Z</time></trkpt><trkpt lat="42.873446" lon="-7.861763"><ele>583.099</ele><time>2022-07-16T11:47:02Z</time></trkpt><trkpt lat="42.873431" lon="-7.861825"><ele>583.038</ele><time>2022-07-16T11:47:06Z</time></trkpt><trkpt lat="42.873423" lon="-7.861885"><ele>583.126</ele><time>2022-07-16T11:47:09Z</time></trkpt><trkpt lat="42.873414" lon="-7.861962"><ele>583.297</ele><time>2022-07-16T11:47:13Z</time></trkpt><trkpt lat="42.873397" lon="-7.862023"><ele>583.356</ele><time>2022-07-16T11:47:17Z</time></trkpt><trkpt lat="42.873388" lon="-7.862085"><ele>583.459</ele><time>2022-07-16T11:47:22Z</time></trkpt><trkpt lat="42.873372" lon="-7.862152"><ele>583.514</ele><time>2022-07-16T11:47:27Z</time></trkpt><trkpt lat="42.873363" lon="-7.862231"><ele>583.709</ele><time>2022-07-16T11:47:31Z</time></trkpt><trkpt lat="42.873356" lon="-7.862308"><ele>583.986</ele><time>2022-07-16T11:47:35Z</time></trkpt><trkpt lat="42.873344" lon="-7.862374"><ele>584.035</ele><time>2022-07-16T11:47:39Z</time></trkpt><trkpt lat="42.873334" lon="-7.862444"><ele>584.163</ele><time>2022-07-16T11:47:42Z</time></trkpt><trkpt lat="42.873322" lon="-7.862515"><ele>584.215</ele><time>2022-07-16T11:47:46Z</time></trkpt><trkpt lat="42.873331" lon="-7.862583"><ele>584.252</ele><time>2022-07-16T11:47:51Z</time></trkpt><trkpt lat="42.873314" lon="-7.862650"><ele>584.256</ele><time>2022-07-16T11:47:57Z</time></trkpt><trkpt lat="42.873307" lon="-7.862714"><ele>584.085</ele><time>2022-07-16T11:48:01Z</time></trkpt><trkpt lat="42.873298" lon="-7.862785"><ele>583.423</ele><time>2022-07-16T11:48:07Z</time></trkpt><trkpt lat="42.873311" lon="-7.862845"><ele>582.954</ele><time>2022-07-16T11:48:11Z</time></trkpt><trkpt lat="42.873310" lon="-7.862910"><ele>582.369</ele><time>2022-07-16T11:48:15Z</time></trkpt><trkpt lat="42.873302" lon="-7.862974"><ele>581.704</ele><time>2022-07-16T11:48:19Z</time></trkpt><trkpt lat="42.873288" lon="-7.863034"><ele>581.224</ele><time>2022-07-16T11:48:22Z</time></trkpt><trkpt lat="42.873314" lon="-7.863098"><ele>580.709</ele><time>2022-07-16T11:48:26Z</time></trkpt><trkpt lat="42.873325" lon="-7.863169"><ele>580.217</ele><time>2022-07-16T11:48:30Z</time></trkpt><trkpt lat="42.873340" lon="-7.863234"><ele>579.626</ele><time>2022-07-16T11:48:36Z</time></trkpt><trkpt lat="42.873362" lon="-7.863318"><ele>578.984</ele><time>2022-07-16T11:48:39Z</time></trkpt><trkpt lat="42.873385" lon="-7.863382"><ele>577.996</ele><time>2022-07-16T11:48:41Z</time></trkpt><trkpt lat="42.873391" lon="-7.863445"><ele>577.733</ele><time>2022-07-16T11:48:44Z</time></trkpt><trkpt lat="42.873426" lon="-7.863485"><ele>577.357</ele><time>2022-07-16T11:48:48Z</time></trkpt><trkpt lat="42.873427" lon="-7.863555"><ele>576.896</ele><time>2022-07-16T11:48:51Z</time></trkpt><trkpt lat="42.873429" lon="-7.863632"><ele>576.234</ele><time>2022-07-16T11:48:55Z</time></trkpt><trkpt lat="42.873414" lon="-7.863709"><ele>575.725</ele><time>2022-07-16T11:48:59Z</time></trkpt><trkpt lat="42.873418" lon="-7.863777"><ele>575.255</ele><time>2022-07-16T11:49:02Z</time></trkpt><trkpt lat="42.873420" lon="-7.863845"><ele>574.707</ele><time>2022-07-16T11:49:05Z</time></trkpt><trkpt lat="42.873409" lon="-7.863914"><ele>574.217</ele><time>2022-07-16T11:49:09Z</time></trkpt><trkpt lat="42.873411" lon="-7.863989"><ele>573.809</ele><time>2022-07-16T11:49:12Z</time></trkpt><trkpt lat="42.873408" lon="-7.864059"><ele>573.366</ele><time>2022-07-16T11:49:16Z</time></trkpt><trkpt lat="42.873399" lon="-7.864151"><ele>572.685</ele><time>2022-07-16T11:49:21Z</time></trkpt><trkpt lat="42.873381" lon="-7.864231"><ele>572.273</ele><time>2022-07-16T11:49:26Z</time></trkpt><trkpt lat="42.873364" lon="-7.864304"><ele>571.795</ele><time>2022-07-16T11:49:30Z</time></trkpt><trkpt lat="42.873337" lon="-7.864360"><ele>571.272</ele><time>2022-07-16T11:49:33Z</time></trkpt><trkpt lat="42.873306" lon="-7.864420"><ele>570.816</ele><time>2022-07-16T11:49:36Z</time></trkpt><trkpt lat="42.873279" lon="-7.864486"><ele>570.525</ele><time>2022-07-16T11:49:40Z</time></trkpt><trkpt lat="42.873238" lon="-7.864550"><ele>570.263</ele><time>2022-07-16T11:49:43Z</time></trkpt><trkpt lat="42.873195" lon="-7.864610"><ele>569.934</ele><time>2022-07-16T11:49:47Z</time></trkpt><trkpt lat="42.873162" lon="-7.864672"><ele>569.635</ele><time>2022-07-16T11:49:50Z</time></trkpt><trkpt lat="42.873130" lon="-7.864720"><ele>569.286</ele><time>2022-07-16T11:49:53Z</time></trkpt><trkpt lat="42.873104" lon="-7.864771"><ele>568.914</ele><time>2022-07-16T11:49:55Z</time></trkpt><trkpt lat="42.873065" lon="-7.864824"><ele>568.809</ele><time>2022-07-16T11:49:58Z</time></trkpt><trkpt lat="42.873024" lon="-7.864877"><ele>568.684</ele><time>2022-07-16T11:50:01Z</time></trkpt><trkpt lat="42.873000" lon="-7.864936"><ele>568.423</ele><time>2022-07-16T11:50:05Z</time></trkpt><trkpt lat="42.872969" lon="-7.865004"><ele>568.211</ele><time>2022-07-16T11:50:09Z</time></trkpt><trkpt lat="42.872950" lon="-7.865064"><ele>567.873</ele><time>2022-07-16T11:50:12Z</time></trkpt><trkpt lat="42.872935" lon="-7.865136"><ele>567.220</ele><time>2022-07-16T11:50:16Z</time></trkpt><trkpt lat="42.872918" lon="-7.865208"><ele>566.684</ele><time>2022-07-16T11:50:20Z</time></trkpt><trkpt lat="42.872904" lon="-7.865282"><ele>565.463</ele><time>2022-07-16T11:50:24Z</time></trkpt><trkpt lat="42.872876" lon="-7.865338"><ele>565.091</ele><time>2022-07-16T11:50:28Z</time></trkpt><trkpt lat="42.872856" lon="-7.865407"><ele>563.972</ele><time>2022-07-16T11:50:31Z</time></trkpt><trkpt lat="42.872834" lon="-7.865466"><ele>563.676</ele><time>2022-07-16T11:50:34Z</time></trkpt><trkpt lat="42.872816" lon="-7.865530"><ele>563.190</ele><time>2022-07-16T11:50:37Z</time></trkpt><trkpt lat="42.872796" lon="-7.865593"><ele>562.619</ele><time>2022-07-16T11:50:40Z</time></trkpt><trkpt lat="42.872790" lon="-7.865669"><ele>562.109</ele><time>2022-07-16T11:50:44Z</time></trkpt><trkpt lat="42.872778" lon="-7.865748"><ele>561.628</ele><time>2022-07-16T11:50:49Z</time></trkpt><trkpt lat="42.872773" lon="-7.865816"><ele>561.087</ele><time>2022-07-16T11:50:52Z</time></trkpt><trkpt lat="42.872758" lon="-7.865882"><ele>560.335</ele><time>2022-07-16T11:51:22Z</time></trkpt><trkpt lat="42.872751" lon="-7.865953"><ele>559.837</ele><time>2022-07-16T11:51:26Z</time></trkpt><trkpt lat="42.872741" lon="-7.866014"><ele>559.444</ele><time>2022-07-16T11:51:30Z</time></trkpt><trkpt lat="42.872745" lon="-7.866076"><ele>559.038</ele><time>2022-07-16T11:51:34Z</time></trkpt><trkpt lat="42.872747" lon="-7.866138"><ele>558.637</ele><time>2022-07-16T11:51:38Z</time></trkpt><trkpt lat="42.872756" lon="-7.866199"><ele>558.025</ele><time>2022-07-16T11:51:42Z</time></trkpt><trkpt lat="42.872761" lon="-7.866265"><ele>557.456</ele><time>2022-07-16T11:51:47Z</time></trkpt><trkpt lat="42.872752" lon="-7.866338"><ele>556.756</ele><time>2022-07-16T11:51:51Z</time></trkpt><trkpt lat="42.872780" lon="-7.866406"><ele>556.159</ele><time>2022-07-16T11:51:56Z</time></trkpt><trkpt lat="42.872795" lon="-7.866474"><ele>555.614</ele><time>2022-07-16T11:52:00Z</time></trkpt><trkpt lat="42.872831" lon="-7.866522"><ele>555.109</ele><time>2022-07-16T11:52:04Z</time></trkpt><trkpt lat="42.872847" lon="-7.866591"><ele>554.866</ele><time>2022-07-16T11:52:08Z</time></trkpt><trkpt lat="42.872847" lon="-7.866664"><ele>554.615</ele><time>2022-07-16T11:52:12Z</time></trkpt><trkpt lat="42.872853" lon="-7.866734"><ele>554.473</ele><time>2022-07-16T11:52:18Z</time></trkpt><trkpt lat="42.872848" lon="-7.866804"><ele>554.375</ele><time>2022-07-16T11:52:21Z</time></trkpt><trkpt lat="42.872824" lon="-7.866872"><ele>554.282</ele><time>2022-07-16T11:52:25Z</time></trkpt><trkpt lat="42.872803" lon="-7.866938"><ele>554.196</ele><time>2022-07-16T11:52:29Z</time></trkpt><trkpt lat="42.872793" lon="-7.867016"><ele>553.945</ele><time>2022-07-16T11:52:33Z</time></trkpt><trkpt lat="42.872770" lon="-7.867082"><ele>553.943</ele><time>2022-07-16T11:52:37Z</time></trkpt><trkpt lat="42.872750" lon="-7.867140"><ele>553.924</ele><time>2022-07-16T11:52:41Z</time></trkpt><trkpt lat="42.872781" lon="-7.867196"><ele>553.939</ele><time>2022-07-16T11:52:58Z</time></trkpt><trkpt lat="42.872756" lon="-7.867249"><ele>553.801</ele><time>2022-07-16T11:53:02Z</time></trkpt><trkpt lat="42.872714" lon="-7.867284"><ele>553.721</ele><time>2022-07-16T11:53:08Z</time></trkpt><trkpt lat="42.872725" lon="-7.867359"><ele>553.709</ele><time>2022-07-16T11:53:15Z</time></trkpt><trkpt lat="42.872732" lon="-7.867437"><ele>553.664</ele><time>2022-07-16T11:53:19Z</time></trkpt><trkpt lat="42.872713" lon="-7.867496"><ele>553.593</ele><time>2022-07-16T11:53:24Z</time></trkpt><trkpt lat="42.872696" lon="-7.867553"><ele>553.481</ele><time>2022-07-16T11:53:28Z</time></trkpt><trkpt lat="42.872664" lon="-7.867597"><ele>553.223</ele><time>2022-07-16T11:53:31Z</time></trkpt><trkpt lat="42.872643" lon="-7.867707"><ele>552.530</ele><time>2022-07-16T11:53:54Z</time></trkpt><trkpt lat="42.872691" lon="-7.867701"><ele>552.224</ele><time>2022-07-16T11:54:00Z</time></trkpt><trkpt lat="42.872638" lon="-7.867685"><ele>552.073</ele><time>2022-07-16T11:54:22Z</time></trkpt><trkpt lat="42.872594" lon="-7.867674"><ele>551.721</ele><time>2022-07-16T11:54:28Z</time></trkpt><trkpt lat="42.872555" lon="-7.867631"><ele>551.772</ele><time>2022-07-16T11:54:33Z</time></trkpt><trkpt lat="42.872617" lon="-7.867614"><ele>551.484</ele><time>2022-07-16T12:08:10Z</time></trkpt><trkpt lat="42.872567" lon="-7.867601"><ele>550.707</ele><time>2022-07-16T12:08:35Z</time></trkpt><trkpt lat="42.872592" lon="-7.867653"><ele>550.017</ele><time>2022-07-16T12:08:43Z</time></trkpt><trkpt lat="42.872645" lon="-7.867661"><ele>550.009</ele><time>2022-07-16T12:08:54Z</time></trkpt><trkpt lat="42.872678" lon="-7.867597"><ele>550.029</ele><time>2022-07-16T12:08:58Z</time></trkpt><trkpt lat="42.872717" lon="-7.867566"><ele>550.338</ele><time>2022-07-16T12:09:02Z</time></trkpt><trkpt lat="42.872736" lon="-7.867501"><ele>551.276</ele><time>2022-07-16T12:09:08Z</time></trkpt><trkpt lat="42.872716" lon="-7.867433"><ele>551.538</ele><time>2022-07-16T12:09:30Z</time></trkpt><trkpt lat="42.872732" lon="-7.867362"><ele>552.095</ele><time>2022-07-16T12:09:32Z</time></trkpt><trkpt lat="42.872758" lon="-7.867299"><ele>552.289</ele><time>2022-07-16T12:09:37Z</time></trkpt><trkpt lat="42.872793" lon="-7.867258"><ele>552.358</ele><time>2022-07-16T12:09:41Z</time></trkpt><trkpt lat="42.872774" lon="-7.867183"><ele>552.336</ele><time>2022-07-16T12:09:49Z</time></trkpt><trkpt lat="42.872767" lon="-7.867112"><ele>552.387</ele><time>2022-07-16T12:09:54Z</time></trkpt><trkpt lat="42.872743" lon="-7.867060"><ele>552.599</ele><time>2022-07-16T12:09:58Z</time></trkpt><trkpt lat="42.872892" lon="-7.866829"><ele>553.207</ele><time>2022-07-16T12:10:18Z</time></trkpt><trkpt lat="42.872923" lon="-7.866778"><ele>553.127</ele><time>2022-07-16T12:10:21Z</time></trkpt><trkpt lat="42.872826" lon="-7.867213"><ele>552.809</ele><time>2022-07-16T12:18:49Z</time></trkpt><trkpt lat="42.872756" lon="-7.867478"><ele>552.330</ele><time>2022-07-16T12:26:46Z</time></trkpt><trkpt lat="42.872739" lon="-7.867548"><ele>551.899</ele><time>2022-07-16T12:26:53Z</time></trkpt><trkpt lat="42.872711" lon="-7.867616"><ele>551.427</ele><time>2022-07-16T12:26:57Z</time></trkpt><trkpt lat="42.872687" lon="-7.867675"><ele>551.199</ele><time>2022-07-16T12:27:01Z</time></trkpt><trkpt lat="42.872674" lon="-7.867750"><ele>550.816</ele><time>2022-07-16T12:27:05Z</time></trkpt><trkpt lat="42.872675" lon="-7.867826"><ele>550.440</ele><time>2022-07-16T12:27:09Z</time></trkpt><trkpt lat="42.872676" lon="-7.867900"><ele>550.099</ele><time>2022-07-16T12:27:12Z</time></trkpt><trkpt lat="42.872645" lon="-7.867945"><ele>549.957</ele><time>2022-07-16T12:27:15Z</time></trkpt><trkpt lat="42.872615" lon="-7.868004"><ele>549.738</ele><time>2022-07-16T12:27:19Z</time></trkpt><trkpt lat="42.872580" lon="-7.868056"><ele>549.645</ele><time>2022-07-16T12:27:23Z</time></trkpt><trkpt lat="42.872522" lon="-7.868076"><ele>549.347</ele><time>2022-07-16T12:27:27Z</time></trkpt><trkpt lat="42.872470" lon="-7.868055"><ele>549.011</ele><time>2022-07-16T12:27:30Z</time></trkpt><trkpt lat="42.872429" lon="-7.868018"><ele>548.809</ele><time>2022-07-16T12:27:45Z</time></trkpt><trkpt lat="42.872465" lon="-7.867960"><ele>548.675</ele><time>2022-07-16T12:28:37Z</time></trkpt><trkpt lat="42.872511" lon="-7.867871"><ele>548.694</ele><time>2022-07-16T12:28:54Z</time></trkpt><trkpt lat="42.872463" lon="-7.867875"><ele>548.732</ele><time>2022-07-16T12:29:05Z</time></trkpt><trkpt lat="42.872446" lon="-7.867936"><ele>548.954</ele><time>2022-07-16T12:29:11Z</time></trkpt><trkpt lat="42.872402" lon="-7.868098"><ele>548.981</ele><time>2022-07-16T12:29:20Z</time></trkpt><trkpt lat="42.872426" lon="-7.868164"><ele>548.735</ele><time>2022-07-16T12:29:25Z</time></trkpt><trkpt lat="42.872473" lon="-7.868180"><ele>548.234</ele><time>2022-07-16T12:29:30Z</time></trkpt><trkpt lat="42.872510" lon="-7.868229"><ele>547.472</ele><time>2022-07-16T12:29:37Z</time></trkpt><trkpt lat="42.872559" lon="-7.868257"><ele>547.063</ele><time>2022-07-16T12:29:42Z</time></trkpt><trkpt lat="42.872601" lon="-7.868285"><ele>546.094</ele><time>2022-07-16T12:29:46Z</time></trkpt><trkpt lat="42.872649" lon="-7.868303"><ele>544.557</ele><time>2022-07-16T12:29:50Z</time></trkpt><trkpt lat="42.872698" lon="-7.868332"><ele>543.622</ele><time>2022-07-16T12:29:54Z</time></trkpt><trkpt lat="42.872744" lon="-7.868348"><ele>542.909</ele><time>2022-07-16T12:29:57Z</time></trkpt><trkpt lat="42.872789" lon="-7.868362"><ele>542.280</ele><time>2022-07-16T12:30:02Z</time></trkpt><trkpt lat="42.872844" lon="-7.868389"><ele>541.789</ele><time>2022-07-16T12:30:08Z</time></trkpt><trkpt lat="42.872895" lon="-7.868402"><ele>541.647</ele><time>2022-07-16T12:30:14Z</time></trkpt><trkpt lat="42.872939" lon="-7.868388"><ele>541.569</ele><time>2022-07-16T12:30:19Z</time></trkpt><trkpt lat="42.872983" lon="-7.868444"><ele>541.336</ele><time>2022-07-16T12:30:28Z</time></trkpt><trkpt lat="42.872986" lon="-7.868510"><ele>540.990</ele><time>2022-07-16T12:30:32Z</time></trkpt><trkpt lat="42.873020" lon="-7.868583"><ele>540.669</ele><time>2022-07-16T12:30:35Z</time></trkpt><trkpt lat="42.873044" lon="-7.868636"><ele>539.517</ele><time>2022-07-16T12:30:37Z</time></trkpt><trkpt lat="42.873093" lon="-7.868688"><ele>538.598</ele><time>2022-07-16T12:30:41Z</time></trkpt><trkpt lat="42.873124" lon="-7.868759"><ele>538.395</ele><time>2022-07-16T12:30:44Z</time></trkpt><trkpt lat="42.873175" lon="-7.868835"><ele>537.849</ele><time>2022-07-16T12:30:47Z</time></trkpt><trkpt lat="42.873196" lon="-7.868899"><ele>537.523</ele><time>2022-07-16T12:30:50Z</time></trkpt><trkpt lat="42.873223" lon="-7.868959"><ele>537.209</ele><time>2022-07-16T12:30:53Z</time></trkpt><trkpt lat="42.873237" lon="-7.869048"><ele>536.810</ele><time>2022-07-16T12:30:57Z</time></trkpt><trkpt lat="42.873225" lon="-7.869114"><ele>536.539</ele><time>2022-07-16T12:31:09Z</time></trkpt><trkpt lat="42.873219" lon="-7.869179"><ele>536.367</ele><time>2022-07-16T12:31:13Z</time></trkpt><trkpt lat="42.873249" lon="-7.869233"><ele>536.079</ele><time>2022-07-16T12:31:19Z</time></trkpt><trkpt lat="42.873251" lon="-7.869296"><ele>535.736</ele><time>2022-07-16T12:31:22Z</time></trkpt><trkpt lat="42.873240" lon="-7.869355"><ele>535.640</ele><time>2022-07-16T12:31:25Z</time></trkpt><trkpt lat="42.873231" lon="-7.869417"><ele>535.499</ele><time>2022-07-16T12:31:29Z</time></trkpt><trkpt lat="42.873229" lon="-7.869482"><ele>535.077</ele><time>2022-07-16T12:31:32Z</time></trkpt><trkpt lat="42.873229" lon="-7.869556"><ele>534.528</ele><time>2022-07-16T12:31:36Z</time></trkpt><trkpt lat="42.873230" lon="-7.869628"><ele>534.081</ele><time>2022-07-16T12:31:40Z</time></trkpt><trkpt lat="42.873220" lon="-7.869694"><ele>533.561</ele><time>2022-07-16T12:31:44Z</time></trkpt><trkpt lat="42.873229" lon="-7.869766"><ele>533.017</ele><time>2022-07-16T12:31:48Z</time></trkpt><trkpt lat="42.873224" lon="-7.869840"><ele>532.509</ele><time>2022-07-16T12:31:52Z</time></trkpt><trkpt lat="42.873220" lon="-7.869912"><ele>532.039</ele><time>2022-07-16T12:31:56Z</time></trkpt><trkpt lat="42.873217" lon="-7.869989"><ele>531.538</ele><time>2022-07-16T12:32:00Z</time></trkpt><trkpt lat="42.873212" lon="-7.870064"><ele>530.776</ele><time>2022-07-16T12:32:05Z</time></trkpt><trkpt lat="42.873214" lon="-7.870137"><ele>530.218</ele><time>2022-07-16T12:32:10Z</time></trkpt><trkpt lat="42.873254" lon="-7.870182"><ele>529.685</ele><time>2022-07-16T12:32:15Z</time></trkpt><trkpt lat="42.873251" lon="-7.870247"><ele>529.379</ele><time>2022-07-16T12:32:26Z</time></trkpt><trkpt lat="42.873290" lon="-7.870299"><ele>528.718</ele><time>2022-07-16T12:32:32Z</time></trkpt><trkpt lat="42.873332" lon="-7.870330"><ele>528.246</ele><time>2022-07-16T12:32:35Z</time></trkpt><trkpt lat="42.873377" lon="-7.870357"><ele>527.937</ele><time>2022-07-16T12:32:38Z</time></trkpt><trkpt lat="42.873417" lon="-7.870403"><ele>527.846</ele><time>2022-07-16T12:32:41Z</time></trkpt><trkpt lat="42.873393" lon="-7.870511"><ele>527.488</ele><time>2022-07-16T12:32:49Z</time></trkpt><trkpt lat="42.873433" lon="-7.870662"><ele>526.716</ele><time>2022-07-16T12:33:18Z</time></trkpt><trkpt lat="42.873396" lon="-7.870702"><ele>525.709</ele><time>2022-07-16T12:33:22Z</time></trkpt><trkpt lat="42.873372" lon="-7.870754"><ele>524.825</ele><time>2022-07-16T12:33:26Z</time></trkpt><trkpt lat="42.873380" lon="-7.870824"><ele>524.524</ele><time>2022-07-16T12:33:31Z</time></trkpt><trkpt lat="42.873379" lon="-7.870885"><ele>523.652</ele><time>2022-07-16T12:33:35Z</time></trkpt><trkpt lat="42.873361" lon="-7.870954"><ele>523.144</ele><time>2022-07-16T12:33:39Z</time></trkpt><trkpt lat="42.873345" lon="-7.871028"><ele>522.321</ele><time>2022-07-16T12:33:42Z</time></trkpt><trkpt lat="42.873333" lon="-7.871091"><ele>521.855</ele><time>2022-07-16T12:33:45Z</time></trkpt><trkpt lat="42.873325" lon="-7.871165"><ele>521.554</ele><time>2022-07-16T12:33:49Z</time></trkpt><trkpt lat="42.873323" lon="-7.871229"><ele>521.282</ele><time>2022-07-16T12:33:52Z</time></trkpt><trkpt lat="42.873331" lon="-7.871299"><ele>520.883</ele><time>2022-07-16T12:33:56Z</time></trkpt><trkpt lat="42.873328" lon="-7.871361"><ele>520.444</ele><time>2022-07-16T12:33:59Z</time></trkpt><trkpt lat="42.873331" lon="-7.871424"><ele>520.005</ele><time>2022-07-16T12:34:03Z</time></trkpt><trkpt lat="42.873326" lon="-7.871496"><ele>519.615</ele><time>2022-07-16T12:34:07Z</time></trkpt><trkpt lat="42.873327" lon="-7.871560"><ele>519.309</ele><time>2022-07-16T12:34:10Z</time></trkpt><trkpt lat="42.873332" lon="-7.871626"><ele>519.155</ele><time>2022-07-16T12:34:13Z</time></trkpt><trkpt lat="42.873333" lon="-7.871688"><ele>518.944</ele><time>2022-07-16T12:34:16Z</time></trkpt><trkpt lat="42.873334" lon="-7.871760"><ele>518.782</ele><time>2022-07-16T12:34:19Z</time></trkpt><trkpt lat="42.873336" lon="-7.871849"><ele>518.544</ele><time>2022-07-16T12:34:23Z</time></trkpt><trkpt lat="42.873341" lon="-7.871927"><ele>518.211</ele><time>2022-07-16T12:34:27Z</time></trkpt><trkpt lat="42.873338" lon="-7.871989"><ele>518.125</ele><time>2022-07-16T12:34:30Z</time></trkpt><trkpt lat="42.873335" lon="-7.872051"><ele>517.954</ele><time>2022-07-16T12:34:33Z</time></trkpt><trkpt lat="42.873342" lon="-7.872129"><ele>517.822</ele><time>2022-07-16T12:34:37Z</time></trkpt><trkpt lat="42.873345" lon="-7.872197"><ele>517.723</ele><time>2022-07-16T12:34:40Z</time></trkpt><trkpt lat="42.873354" lon="-7.872257"><ele>517.547</ele><time>2022-07-16T12:34:43Z</time></trkpt><trkpt lat="42.873373" lon="-7.872327"><ele>517.229</ele><time>2022-07-16T12:34:47Z</time></trkpt><trkpt lat="42.873380" lon="-7.872393"><ele>516.921</ele><time>2022-07-16T12:34:51Z</time></trkpt><trkpt lat="42.873381" lon="-7.872455"><ele>516.509</ele><time>2022-07-16T12:34:54Z</time></trkpt><trkpt lat="42.873417" lon="-7.872510"><ele>516.155</ele><time>2022-07-16T12:34:57Z</time></trkpt><trkpt lat="42.873430" lon="-7.872573"><ele>515.854</ele><time>2022-07-16T12:35:01Z</time></trkpt><trkpt lat="42.873467" lon="-7.872614"><ele>515.662</ele><time>2022-07-16T12:35:05Z</time></trkpt><trkpt lat="42.873517" lon="-7.872619"><ele>515.624</ele><time>2022-07-16T12:35:09Z</time></trkpt><trkpt lat="42.873560" lon="-7.872637"><ele>515.661</ele><time>2022-07-16T12:35:12Z</time></trkpt><trkpt lat="42.873613" lon="-7.872658"><ele>515.665</ele><time>2022-07-16T12:35:17Z</time></trkpt><trkpt lat="42.873667" lon="-7.872686"><ele>515.714</ele><time>2022-07-16T12:35:23Z</time></trkpt><trkpt lat="42.873717" lon="-7.872709"><ele>515.822</ele><time>2022-07-16T12:35:27Z</time></trkpt><trkpt lat="42.873776" lon="-7.872735"><ele>516.323</ele><time>2022-07-16T12:35:31Z</time></trkpt><trkpt lat="42.873836" lon="-7.872785"><ele>516.565</ele><time>2022-07-16T12:35:35Z</time></trkpt><trkpt lat="42.873878" lon="-7.872813"><ele>516.868</ele><time>2022-07-16T12:35:38Z</time></trkpt><trkpt lat="42.873930" lon="-7.872826"><ele>516.814</ele><time>2022-07-16T12:35:42Z</time></trkpt><trkpt lat="42.873978" lon="-7.872859"><ele>516.809</ele><time>2022-07-16T12:35:46Z</time></trkpt><trkpt lat="42.874026" lon="-7.872895"><ele>516.887</ele><time>2022-07-16T12:35:49Z</time></trkpt><trkpt lat="42.874071" lon="-7.872925"><ele>516.826</ele><time>2022-07-16T12:35:52Z</time></trkpt><trkpt lat="42.874120" lon="-7.872963"><ele>516.834</ele><time>2022-07-16T12:35:56Z</time></trkpt><trkpt lat="42.874143" lon="-7.873030"><ele>516.736</ele><time>2022-07-16T12:35:59Z</time></trkpt><trkpt lat="42.874157" lon="-7.873093"><ele>516.673</ele><time>2022-07-16T12:36:02Z</time></trkpt><trkpt lat="42.874167" lon="-7.873165"><ele>516.597</ele><time>2022-07-16T12:36:06Z</time></trkpt><trkpt lat="42.874165" lon="-7.873245"><ele>516.256</ele><time>2022-07-16T12:36:10Z</time></trkpt><trkpt lat="42.874156" lon="-7.873321"><ele>515.984</ele><time>2022-07-16T12:36:14Z</time></trkpt><trkpt lat="42.874158" lon="-7.873383"><ele>515.865</ele><time>2022-07-16T12:36:17Z</time></trkpt><trkpt lat="42.874168" lon="-7.873447"><ele>515.672</ele><time>2022-07-16T12:36:20Z</time></trkpt><trkpt lat="42.874178" lon="-7.873507"><ele>515.413</ele><time>2022-07-16T12:36:23Z</time></trkpt><trkpt lat="42.874184" lon="-7.873575"><ele>515.314</ele><time>2022-07-16T12:36:26Z</time></trkpt><trkpt lat="42.874199" lon="-7.873637"><ele>515.209</ele><time>2022-07-16T12:36:29Z</time></trkpt><trkpt lat="42.874202" lon="-7.873706"><ele>515.158</ele><time>2022-07-16T12:36:32Z</time></trkpt><trkpt lat="42.874205" lon="-7.873774"><ele>515.077</ele><time>2022-07-16T12:36:35Z</time></trkpt><trkpt lat="42.874224" lon="-7.873852"><ele>514.915</ele><time>2022-07-16T12:36:38Z</time></trkpt><trkpt lat="42.874235" lon="-7.873917"><ele>514.877</ele><time>2022-07-16T12:36:41Z</time></trkpt><trkpt lat="42.874239" lon="-7.873984"><ele>514.884</ele><time>2022-07-16T12:36:44Z</time></trkpt><trkpt lat="42.874249" lon="-7.874050"><ele>514.868</ele><time>2022-07-16T12:36:47Z</time></trkpt><trkpt lat="42.874263" lon="-7.874118"><ele>514.847</ele><time>2022-07-16T12:36:50Z</time></trkpt><trkpt lat="42.874277" lon="-7.874194"><ele>514.845</ele><time>2022-07-16T12:36:54Z</time></trkpt><trkpt lat="42.874284" lon="-7.874256"><ele>514.796</ele><time>2022-07-16T12:36:57Z</time></trkpt><trkpt lat="42.874277" lon="-7.874326"><ele>514.651</ele><time>2022-07-16T12:37:00Z</time></trkpt><trkpt lat="42.874264" lon="-7.874387"><ele>514.601</ele><time>2022-07-16T12:37:03Z</time></trkpt><trkpt lat="42.874269" lon="-7.874460"><ele>514.511</ele><time>2022-07-16T12:37:07Z</time></trkpt><trkpt lat="42.874262" lon="-7.874527"><ele>514.409</ele><time>2022-07-16T12:37:11Z</time></trkpt><trkpt lat="42.874268" lon="-7.874610"><ele>514.346</ele><time>2022-07-16T12:37:17Z</time></trkpt><trkpt lat="42.874242" lon="-7.874675"><ele>514.125</ele><time>2022-07-16T12:37:22Z</time></trkpt><trkpt lat="42.874208" lon="-7.874722"><ele>513.983</ele><time>2022-07-16T12:37:26Z</time></trkpt><trkpt lat="42.874185" lon="-7.874793"><ele>513.475</ele><time>2022-07-16T12:37:30Z</time></trkpt><trkpt lat="42.874154" lon="-7.874853"><ele>512.932</ele><time>2022-07-16T12:37:33Z</time></trkpt><trkpt lat="42.874121" lon="-7.874905"><ele>512.716</ele><time>2022-07-16T12:37:36Z</time></trkpt><trkpt lat="42.874093" lon="-7.874954"><ele>512.395</ele><time>2022-07-16T12:37:39Z</time></trkpt><trkpt lat="42.874053" lon="-7.874995"><ele>512.013</ele><time>2022-07-16T12:37:42Z</time></trkpt><trkpt lat="42.874021" lon="-7.875045"><ele>511.854</ele><time>2022-07-16T12:37:46Z</time></trkpt><trkpt lat="42.873983" lon="-7.875081"><ele>511.564</ele><time>2022-07-16T12:37:49Z</time></trkpt><trkpt lat="42.873937" lon="-7.875127"><ele>511.006</ele><time>2022-07-16T12:37:53Z</time></trkpt><trkpt lat="42.873902" lon="-7.875184"><ele>510.616</ele><time>2022-07-16T12:37:57Z</time></trkpt><trkpt lat="42.873875" lon="-7.875248"><ele>510.309</ele><time>2022-07-16T12:38:01Z</time></trkpt><trkpt lat="42.873861" lon="-7.875309"><ele>510.017</ele><time>2022-07-16T12:38:04Z</time></trkpt><trkpt lat="42.873859" lon="-7.875375"><ele>509.766</ele><time>2022-07-16T12:38:08Z</time></trkpt><trkpt lat="42.873827" lon="-7.875423"><ele>509.414</ele><time>2022-07-16T12:38:11Z</time></trkpt><trkpt lat="42.873800" lon="-7.875473"><ele>509.166</ele><time>2022-07-16T12:38:14Z</time></trkpt><trkpt lat="42.873777" lon="-7.875551"><ele>508.963</ele><time>2022-07-16T12:38:18Z</time></trkpt><trkpt lat="42.873755" lon="-7.875605"><ele>508.787</ele><time>2022-07-16T12:38:21Z</time></trkpt><trkpt lat="42.873707" lon="-7.875651"><ele>508.416</ele><time>2022-07-16T12:38:25Z</time></trkpt><trkpt lat="42.873648" lon="-7.875665"><ele>508.014</ele><time>2022-07-16T12:38:30Z</time></trkpt><trkpt lat="42.873593" lon="-7.875683"><ele>507.745</ele><time>2022-07-16T12:38:34Z</time></trkpt><trkpt lat="42.873537" lon="-7.875705"><ele>507.317</ele><time>2022-07-16T12:38:38Z</time></trkpt><trkpt lat="42.873507" lon="-7.875767"><ele>506.887</ele><time>2022-07-16T12:38:42Z</time></trkpt><trkpt lat="42.873470" lon="-7.875803"><ele>506.415</ele><time>2022-07-16T12:38:46Z</time></trkpt><trkpt lat="42.873448" lon="-7.875858"><ele>506.309</ele><time>2022-07-16T12:38:49Z</time></trkpt><trkpt lat="42.873427" lon="-7.875921"><ele>506.122</ele><time>2022-07-16T12:38:52Z</time></trkpt><trkpt lat="42.873407" lon="-7.875980"><ele>505.981</ele><time>2022-07-16T12:38:55Z</time></trkpt><trkpt lat="42.873394" lon="-7.876046"><ele>505.719</ele><time>2022-07-16T12:38:58Z</time></trkpt><trkpt lat="42.873376" lon="-7.876109"><ele>505.591</ele><time>2022-07-16T12:39:01Z</time></trkpt><trkpt lat="42.873371" lon="-7.876172"><ele>505.398</ele><time>2022-07-16T12:39:04Z</time></trkpt><trkpt lat="42.873365" lon="-7.876234"><ele>505.112</ele><time>2022-07-16T12:39:07Z</time></trkpt><trkpt lat="42.873364" lon="-7.876300"><ele>504.951</ele><time>2022-07-16T12:39:10Z</time></trkpt><trkpt lat="42.873354" lon="-7.876374"><ele>504.769</ele><time>2022-07-16T12:39:14Z</time></trkpt><trkpt lat="42.873332" lon="-7.876448"><ele>504.630</ele><time>2022-07-16T12:39:18Z</time></trkpt><trkpt lat="42.873288" lon="-7.876470"><ele>504.421</ele><time>2022-07-16T12:39:23Z</time></trkpt><trkpt lat="42.873232" lon="-7.876504"><ele>504.241</ele><time>2022-07-16T12:39:27Z</time></trkpt><trkpt lat="42.873188" lon="-7.876543"><ele>504.205</ele><time>2022-07-16T12:39:30Z</time></trkpt><trkpt lat="42.873187" lon="-7.876623"><ele>504.009</ele><time>2022-07-16T12:39:33Z</time></trkpt><trkpt lat="42.873186" lon="-7.876687"><ele>503.913</ele><time>2022-07-16T12:39:35Z</time></trkpt><trkpt lat="42.873187" lon="-7.876760"><ele>503.842</ele><time>2022-07-16T12:39:38Z</time></trkpt><trkpt lat="42.873184" lon="-7.876847"><ele>503.720</ele><time>2022-07-16T12:39:41Z</time></trkpt><trkpt lat="42.873174" lon="-7.876914"><ele>503.622</ele><time>2022-07-16T12:39:44Z</time></trkpt><trkpt lat="42.873160" lon="-7.876997"><ele>503.459</ele><time>2022-07-16T12:39:47Z</time></trkpt><trkpt lat="42.873144" lon="-7.877069"><ele>503.233</ele><time>2022-07-16T12:39:50Z</time></trkpt><trkpt lat="42.873130" lon="-7.877133"><ele>503.112</ele><time>2022-07-16T12:39:53Z</time></trkpt><trkpt lat="42.873127" lon="-7.877195"><ele>503.040</ele><time>2022-07-16T12:39:56Z</time></trkpt><trkpt lat="42.873115" lon="-7.877264"><ele>502.991</ele><time>2022-07-16T12:40:00Z</time></trkpt><trkpt lat="42.873108" lon="-7.877341"><ele>502.893</ele><time>2022-07-16T12:40:03Z</time></trkpt><trkpt lat="42.873096" lon="-7.877415"><ele>502.765</ele><time>2022-07-16T12:40:06Z</time></trkpt><trkpt lat="42.873076" lon="-7.877483"><ele>502.621</ele><time>2022-07-16T12:40:09Z</time></trkpt><trkpt lat="42.873064" lon="-7.877546"><ele>502.509</ele><time>2022-07-16T12:40:12Z</time></trkpt><trkpt lat="42.873047" lon="-7.877613"><ele>502.490</ele><time>2022-07-16T12:40:15Z</time></trkpt><trkpt lat="42.873040" lon="-7.877689"><ele>502.319</ele><time>2022-07-16T12:40:18Z</time></trkpt><trkpt lat="42.873030" lon="-7.877772"><ele>502.137</ele><time>2022-07-16T12:40:22Z</time></trkpt><trkpt lat="42.873030" lon="-7.877838"><ele>502.089</ele><time>2022-07-16T12:40:25Z</time></trkpt><trkpt lat="42.873033" lon="-7.877901"><ele>501.816</ele><time>2022-07-16T12:40:28Z</time></trkpt><trkpt lat="42.873028" lon="-7.877969"><ele>501.620</ele><time>2022-07-16T12:40:31Z</time></trkpt><trkpt lat="42.873014" lon="-7.878038"><ele>501.539</ele><time>2022-07-16T12:40:34Z</time></trkpt><trkpt lat="42.872999" lon="-7.878098"><ele>501.397</ele><time>2022-07-16T12:40:37Z</time></trkpt><trkpt lat="42.872979" lon="-7.878176"><ele>501.148</ele><time>2022-07-16T12:40:41Z</time></trkpt><trkpt lat="42.872957" lon="-7.878248"><ele>500.964</ele><time>2022-07-16T12:40:45Z</time></trkpt><trkpt lat="42.872938" lon="-7.878326"><ele>500.506</ele><time>2022-07-16T12:40:49Z</time></trkpt><trkpt lat="42.872938" lon="-7.878394"><ele>500.316</ele><time>2022-07-16T12:40:52Z</time></trkpt><trkpt lat="42.872925" lon="-7.878455"><ele>500.109</ele><time>2022-07-16T12:40:55Z</time></trkpt><trkpt lat="42.872915" lon="-7.878516"><ele>500.067</ele><time>2022-07-16T12:40:58Z</time></trkpt><trkpt lat="42.872895" lon="-7.878583"><ele>499.856</ele><time>2022-07-16T12:41:02Z</time></trkpt><trkpt lat="42.872880" lon="-7.878642"><ele>499.614</ele><time>2022-07-16T12:41:05Z</time></trkpt><trkpt lat="42.872876" lon="-7.878705"><ele>499.336</ele><time>2022-07-16T12:41:08Z</time></trkpt><trkpt lat="42.872856" lon="-7.878776"><ele>499.053</ele><time>2022-07-16T12:41:12Z</time></trkpt><trkpt lat="42.872841" lon="-7.878859"><ele>498.757</ele><time>2022-07-16T12:41:16Z</time></trkpt><trkpt lat="42.872806" lon="-7.878931"><ele>498.146</ele><time>2022-07-16T12:41:21Z</time></trkpt><trkpt lat="42.872783" lon="-7.879010"><ele>497.894</ele><time>2022-07-16T12:41:25Z</time></trkpt><trkpt lat="42.872769" lon="-7.879073"><ele>497.415</ele><time>2022-07-16T12:41:28Z</time></trkpt><trkpt lat="42.872745" lon="-7.879151"><ele>497.266</ele><time>2022-07-16T12:41:31Z</time></trkpt><trkpt lat="42.872734" lon="-7.879219"><ele>497.029</ele><time>2022-07-16T12:41:35Z</time></trkpt><trkpt lat="42.872719" lon="-7.879293"><ele>496.621</ele><time>2022-07-16T12:41:39Z</time></trkpt><trkpt lat="42.872701" lon="-7.879359"><ele>496.409</ele><time>2022-07-16T12:41:42Z</time></trkpt><trkpt lat="42.872700" lon="-7.879444"><ele>496.017</ele><time>2022-07-16T12:41:45Z</time></trkpt><trkpt lat="42.872676" lon="-7.879523"><ele>495.936</ele><time>2022-07-16T12:41:49Z</time></trkpt><trkpt lat="42.872669" lon="-7.879603"><ele>495.654</ele><time>2022-07-16T12:41:53Z</time></trkpt><trkpt lat="42.872667" lon="-7.879667"><ele>495.216</ele><time>2022-07-16T12:41:56Z</time></trkpt><trkpt lat="42.872665" lon="-7.879744"><ele>494.913</ele><time>2022-07-16T12:41:59Z</time></trkpt><trkpt lat="42.872665" lon="-7.879818"><ele>494.647</ele><time>2022-07-16T12:42:03Z</time></trkpt><trkpt lat="42.872661" lon="-7.879886"><ele>494.536</ele><time>2022-07-16T12:42:06Z</time></trkpt><trkpt lat="42.872653" lon="-7.879968"><ele>494.384</ele><time>2022-07-16T12:42:10Z</time></trkpt><trkpt lat="42.872646" lon="-7.880055"><ele>494.155</ele><time>2022-07-16T12:42:14Z</time></trkpt><trkpt lat="42.872636" lon="-7.880122"><ele>493.692</ele><time>2022-07-16T12:42:17Z</time></trkpt><trkpt lat="42.872633" lon="-7.880199"><ele>493.273</ele><time>2022-07-16T12:42:20Z</time></trkpt><trkpt lat="42.872632" lon="-7.880267"><ele>492.920</ele><time>2022-07-16T12:42:23Z</time></trkpt><trkpt lat="42.872629" lon="-7.880343"><ele>492.609</ele><time>2022-07-16T12:42:26Z</time></trkpt><trkpt lat="42.872630" lon="-7.880409"><ele>492.420</ele><time>2022-07-16T12:42:29Z</time></trkpt><trkpt lat="42.872629" lon="-7.880478"><ele>492.179</ele><time>2022-07-16T12:42:32Z</time></trkpt><trkpt lat="42.872621" lon="-7.880559"><ele>491.927</ele><time>2022-07-16T12:42:36Z</time></trkpt><trkpt lat="42.872627" lon="-7.880626"><ele>491.789</ele><time>2022-07-16T12:42:39Z</time></trkpt><trkpt lat="42.872623" lon="-7.880689"><ele>491.476</ele><time>2022-07-16T12:42:42Z</time></trkpt><trkpt lat="42.872629" lon="-7.880755"><ele>491.110</ele><time>2022-07-16T12:42:45Z</time></trkpt><trkpt lat="42.872622" lon="-7.880819"><ele>490.979</ele><time>2022-07-16T12:42:48Z</time></trkpt><trkpt lat="42.872616" lon="-7.880884"><ele>490.777</ele><time>2022-07-16T12:42:51Z</time></trkpt><trkpt lat="42.872611" lon="-7.880946"><ele>490.538</ele><time>2022-07-16T12:42:54Z</time></trkpt><trkpt lat="42.872602" lon="-7.881033"><ele>490.481</ele><time>2022-07-16T12:42:58Z</time></trkpt><trkpt lat="42.872584" lon="-7.881100"><ele>490.361</ele><time>2022-07-16T12:43:02Z</time></trkpt><trkpt lat="42.872578" lon="-7.881167"><ele>490.117</ele><time>2022-07-16T12:43:05Z</time></trkpt><trkpt lat="42.872575" lon="-7.881248"><ele>489.809</ele><time>2022-07-16T12:43:09Z</time></trkpt><trkpt lat="42.872586" lon="-7.881308"><ele>489.769</ele><time>2022-07-16T12:43:12Z</time></trkpt><trkpt lat="42.872602" lon="-7.881385"><ele>489.528</ele><time>2022-07-16T12:43:16Z</time></trkpt><trkpt lat="42.872630" lon="-7.881454"><ele>488.896</ele><time>2022-07-16T12:43:20Z</time></trkpt><trkpt lat="42.872644" lon="-7.881515"><ele>488.748</ele><time>2022-07-16T12:43:23Z</time></trkpt><trkpt lat="42.872646" lon="-7.881602"><ele>488.275</ele><time>2022-07-16T12:43:27Z</time></trkpt><trkpt lat="42.872655" lon="-7.881666"><ele>487.859</ele><time>2022-07-16T12:43:30Z</time></trkpt><trkpt lat="42.872678" lon="-7.881739"><ele>487.528</ele><time>2022-07-16T12:43:34Z</time></trkpt><trkpt lat="42.872688" lon="-7.881814"><ele>487.486</ele><time>2022-07-16T12:43:38Z</time></trkpt><trkpt lat="42.872696" lon="-7.881895"><ele>487.387</ele><time>2022-07-16T12:43:42Z</time></trkpt><trkpt lat="42.872683" lon="-7.881958"><ele>487.256</ele><time>2022-07-16T12:43:45Z</time></trkpt><trkpt lat="42.872669" lon="-7.882021"><ele>487.259</ele><time>2022-07-16T12:43:48Z</time></trkpt><trkpt lat="42.872655" lon="-7.882100"><ele>487.214</ele><time>2022-07-16T12:43:52Z</time></trkpt><trkpt lat="42.872620" lon="-7.882145"><ele>487.209</ele><time>2022-07-16T12:43:55Z</time></trkpt><trkpt lat="42.872569" lon="-7.882193"><ele>487.216</ele><time>2022-07-16T12:43:59Z</time></trkpt><trkpt lat="42.872529" lon="-7.882248"><ele>487.215</ele><time>2022-07-16T12:44:03Z</time></trkpt><trkpt lat="42.872477" lon="-7.882283"><ele>487.293</ele><time>2022-07-16T12:44:07Z</time></trkpt><trkpt lat="42.872429" lon="-7.882316"><ele>487.255</ele><time>2022-07-16T12:44:11Z</time></trkpt><trkpt lat="42.872381" lon="-7.882365"><ele>487.262</ele><time>2022-07-16T12:44:15Z</time></trkpt><trkpt lat="42.872343" lon="-7.882399"><ele>487.276</ele><time>2022-07-16T12:44:18Z</time></trkpt><trkpt lat="42.872295" lon="-7.882421"><ele>487.255</ele><time>2022-07-16T12:44:21Z</time></trkpt><trkpt lat="42.872247" lon="-7.882456"><ele>487.273</ele><time>2022-07-16T12:44:25Z</time></trkpt><trkpt lat="42.872202" lon="-7.882484"><ele>487.294</ele><time>2022-07-16T12:44:29Z</time></trkpt><trkpt lat="42.872153" lon="-7.882515"><ele>487.399</ele><time>2022-07-16T12:44:33Z</time></trkpt><trkpt lat="42.872109" lon="-7.882540"><ele>487.507</ele><time>2022-07-16T12:44:37Z</time></trkpt><trkpt lat="42.872075" lon="-7.882587"><ele>487.727</ele><time>2022-07-16T12:44:40Z</time></trkpt><trkpt lat="42.872050" lon="-7.882646"><ele>487.909</ele><time>2022-07-16T12:44:43Z</time></trkpt><trkpt lat="42.872011" lon="-7.882688"><ele>488.170</ele><time>2022-07-16T12:44:46Z</time></trkpt><trkpt lat="42.871974" lon="-7.882724"><ele>488.359</ele><time>2022-07-16T12:44:49Z</time></trkpt><trkpt lat="42.871932" lon="-7.882762"><ele>488.417</ele><time>2022-07-16T12:44:52Z</time></trkpt><trkpt lat="42.871888" lon="-7.882804"><ele>488.529</ele><time>2022-07-16T12:44:56Z</time></trkpt><trkpt lat="42.871861" lon="-7.882873"><ele>488.696</ele><time>2022-07-16T12:45:00Z</time></trkpt><trkpt lat="42.871828" lon="-7.882942"><ele>488.870</ele><time>2022-07-16T12:45:04Z</time></trkpt><trkpt lat="42.871795" lon="-7.882989"><ele>489.119</ele><time>2022-07-16T12:45:07Z</time></trkpt><trkpt lat="42.871770" lon="-7.883044"><ele>489.497</ele><time>2022-07-16T12:45:11Z</time></trkpt><trkpt lat="42.871753" lon="-7.883107"><ele>489.618</ele><time>2022-07-16T12:45:15Z</time></trkpt><trkpt lat="42.871728" lon="-7.883172"><ele>489.864</ele><time>2022-07-16T12:45:21Z</time></trkpt><trkpt lat="42.871725" lon="-7.883246"><ele>490.006</ele><time>2022-07-16T12:45:25Z</time></trkpt><trkpt lat="42.871707" lon="-7.883307"><ele>490.416</ele><time>2022-07-16T12:45:28Z</time></trkpt><trkpt lat="42.871687" lon="-7.883375"><ele>491.009</ele><time>2022-07-16T12:45:33Z</time></trkpt><trkpt lat="42.871682" lon="-7.883442"><ele>491.597</ele><time>2022-07-16T12:45:38Z</time></trkpt><trkpt lat="42.871677" lon="-7.883504"><ele>492.166</ele><time>2022-07-16T12:45:41Z</time></trkpt><trkpt lat="42.871672" lon="-7.883571"><ele>492.944</ele><time>2022-07-16T12:45:46Z</time></trkpt><trkpt lat="42.871662" lon="-7.883634"><ele>493.546</ele><time>2022-07-16T12:45:50Z</time></trkpt><trkpt lat="42.871655" lon="-7.883702"><ele>494.143</ele><time>2022-07-16T12:45:53Z</time></trkpt><trkpt lat="42.871650" lon="-7.883772"><ele>494.767</ele><time>2022-07-16T12:45:56Z</time></trkpt><trkpt lat="42.871639" lon="-7.883839"><ele>495.216</ele><time>2022-07-16T12:45:59Z</time></trkpt><trkpt lat="42.871632" lon="-7.883918"><ele>495.694</ele><time>2022-07-16T12:46:03Z</time></trkpt><trkpt lat="42.871627" lon="-7.883981"><ele>496.015</ele><time>2022-07-16T12:46:08Z</time></trkpt><trkpt lat="42.871623" lon="-7.884045"><ele>496.451</ele><time>2022-07-16T12:46:14Z</time></trkpt><trkpt lat="42.871612" lon="-7.884111"><ele>496.901</ele><time>2022-07-16T12:46:18Z</time></trkpt><trkpt lat="42.871602" lon="-7.884180"><ele>497.611</ele><time>2022-07-16T12:46:23Z</time></trkpt><trkpt lat="42.871593" lon="-7.884245"><ele>498.309</ele><time>2022-07-16T12:46:26Z</time></trkpt><trkpt lat="42.871579" lon="-7.884316"><ele>499.026</ele><time>2022-07-16T12:46:29Z</time></trkpt><trkpt lat="42.871557" lon="-7.884378"><ele>499.625</ele><time>2022-07-16T12:46:32Z</time></trkpt><trkpt lat="42.871527" lon="-7.884440"><ele>500.153</ele><time>2022-07-16T12:46:35Z</time></trkpt><trkpt lat="42.871498" lon="-7.884496"><ele>500.695</ele><time>2022-07-16T12:46:38Z</time></trkpt><trkpt lat="42.871481" lon="-7.884557"><ele>501.122</ele><time>2022-07-16T12:46:42Z</time></trkpt><trkpt lat="42.871446" lon="-7.884622"><ele>501.666</ele><time>2022-07-16T12:46:46Z</time></trkpt><trkpt lat="42.871444" lon="-7.884693"><ele>502.215</ele><time>2022-07-16T12:46:51Z</time></trkpt><trkpt lat="42.871410" lon="-7.884745"><ele>502.793</ele><time>2022-07-16T12:46:56Z</time></trkpt><trkpt lat="42.871383" lon="-7.884811"><ele>503.124</ele><time>2022-07-16T12:47:03Z</time></trkpt><trkpt lat="42.871359" lon="-7.884871"><ele>503.685</ele><time>2022-07-16T12:47:08Z</time></trkpt><trkpt lat="42.871363" lon="-7.884947"><ele>504.589</ele><time>2022-07-16T12:47:17Z</time></trkpt><trkpt lat="42.871360" lon="-7.885013"><ele>505.617</ele><time>2022-07-16T12:47:22Z</time></trkpt><trkpt lat="42.871358" lon="-7.885084"><ele>506.809</ele><time>2022-07-16T12:47:27Z</time></trkpt><trkpt lat="42.871369" lon="-7.885168"><ele>507.959</ele><time>2022-07-16T12:47:31Z</time></trkpt><trkpt lat="42.871371" lon="-7.885243"><ele>509.088</ele><time>2022-07-16T12:47:59Z</time></trkpt><trkpt lat="42.871367" lon="-7.885308"><ele>509.246</ele><time>2022-07-16T12:48:05Z</time></trkpt><trkpt lat="42.871356" lon="-7.885373"><ele>509.448</ele><time>2022-07-16T12:48:10Z</time></trkpt><trkpt lat="42.871363" lon="-7.885457"><ele>509.665</ele><time>2022-07-16T12:48:15Z</time></trkpt><trkpt lat="42.871367" lon="-7.885528"><ele>509.939</ele><time>2022-07-16T12:48:19Z</time></trkpt><trkpt lat="42.871364" lon="-7.885610"><ele>510.818</ele><time>2022-07-16T12:48:23Z</time></trkpt><trkpt lat="42.871370" lon="-7.885676"><ele>511.286</ele><time>2022-07-16T12:48:27Z</time></trkpt><trkpt lat="42.871371" lon="-7.885752"><ele>511.627</ele><time>2022-07-16T12:48:30Z</time></trkpt><trkpt lat="42.871379" lon="-7.885821"><ele>511.991</ele><time>2022-07-16T12:48:34Z</time></trkpt><trkpt lat="42.871383" lon="-7.885900"><ele>512.581</ele><time>2022-07-16T12:48:38Z</time></trkpt><trkpt lat="42.871398" lon="-7.885975"><ele>512.819</ele><time>2022-07-16T12:48:42Z</time></trkpt><trkpt lat="42.871393" lon="-7.886041"><ele>513.109</ele><time>2022-07-16T12:48:46Z</time></trkpt><trkpt lat="42.871388" lon="-7.886125"><ele>513.370</ele><time>2022-07-16T12:48:50Z</time></trkpt><trkpt lat="42.871377" lon="-7.886198"><ele>513.659</ele><time>2022-07-16T12:48:54Z</time></trkpt><trkpt lat="42.871356" lon="-7.886257"><ele>513.897</ele><time>2022-07-16T12:48:58Z</time></trkpt><trkpt lat="42.871346" lon="-7.886328"><ele>514.229</ele><time>2022-07-16T12:49:02Z</time></trkpt><trkpt lat="42.871356" lon="-7.886393"><ele>514.646</ele><time>2022-07-16T12:49:05Z</time></trkpt><trkpt lat="42.871377" lon="-7.886463"><ele>514.740</ele><time>2022-07-16T12:49:09Z</time></trkpt><trkpt lat="42.871416" lon="-7.886509"><ele>514.739</ele><time>2022-07-16T12:49:13Z</time></trkpt><trkpt lat="42.871437" lon="-7.886578"><ele>514.747</ele><time>2022-07-16T12:49:17Z</time></trkpt><trkpt lat="42.871474" lon="-7.886615"><ele>514.628</ele><time>2022-07-16T12:49:20Z</time></trkpt><trkpt lat="42.871502" lon="-7.886668"><ele>514.384</ele><time>2022-07-16T12:49:24Z</time></trkpt><trkpt lat="42.871511" lon="-7.886748"><ele>514.007</ele><time>2022-07-16T12:49:28Z</time></trkpt><trkpt lat="42.871522" lon="-7.886817"><ele>513.717</ele><time>2022-07-16T12:49:32Z</time></trkpt><trkpt lat="42.871531" lon="-7.886893"><ele>513.509</ele><time>2022-07-16T12:49:36Z</time></trkpt><trkpt lat="42.871535" lon="-7.886970"><ele>513.329</ele><time>2022-07-16T12:49:40Z</time></trkpt><trkpt lat="42.871537" lon="-7.887052"><ele>513.338</ele><time>2022-07-16T12:49:45Z</time></trkpt><trkpt lat="42.871542" lon="-7.887127"><ele>513.366</ele><time>2022-07-16T12:49:50Z</time></trkpt><trkpt lat="42.871547" lon="-7.887192"><ele>513.368</ele><time>2022-07-16T12:49:53Z</time></trkpt><trkpt lat="42.871553" lon="-7.887254"><ele>513.315</ele><time>2022-07-16T12:49:58Z</time></trkpt><trkpt lat="42.871558" lon="-7.887320"><ele>513.389</ele><time>2022-07-16T12:50:02Z</time></trkpt><trkpt lat="42.871573" lon="-7.887381"><ele>513.378</ele><time>2022-07-16T12:50:07Z</time></trkpt><trkpt lat="42.871585" lon="-7.887458"><ele>513.346</ele><time>2022-07-16T12:50:10Z</time></trkpt><trkpt lat="42.871592" lon="-7.887523"><ele>513.367</ele><time>2022-07-16T12:50:13Z</time></trkpt><trkpt lat="42.871605" lon="-7.887588"><ele>513.367</ele><time>2022-07-16T12:50:17Z</time></trkpt><trkpt lat="42.871612" lon="-7.887669"><ele>513.481</ele><time>2022-07-16T12:50:22Z</time></trkpt><trkpt lat="42.871600" lon="-7.887750"><ele>513.519</ele><time>2022-07-16T12:50:26Z</time></trkpt><trkpt lat="42.871597" lon="-7.887823"><ele>513.609</ele><time>2022-07-16T12:50:30Z</time></trkpt><trkpt lat="42.871593" lon="-7.887899"><ele>513.797</ele><time>2022-07-16T12:50:34Z</time></trkpt><trkpt lat="42.871595" lon="-7.887965"><ele>513.826</ele><time>2022-07-16T12:50:37Z</time></trkpt><trkpt lat="42.871596" lon="-7.888028"><ele>513.994</ele><time>2022-07-16T12:50:41Z</time></trkpt><trkpt lat="42.871601" lon="-7.888095"><ele>514.186</ele><time>2022-07-16T12:50:44Z</time></trkpt><trkpt lat="42.871599" lon="-7.888181"><ele>514.373</ele><time>2022-07-16T12:50:48Z</time></trkpt><trkpt lat="42.871595" lon="-7.888255"><ele>514.647</ele><time>2022-07-16T12:50:51Z</time></trkpt><trkpt lat="42.871595" lon="-7.888334"><ele>515.296</ele><time>2022-07-16T12:50:55Z</time></trkpt><trkpt lat="42.871602" lon="-7.888398"><ele>515.354</ele><time>2022-07-16T12:50:58Z</time></trkpt><trkpt lat="42.871608" lon="-7.888466"><ele>515.455</ele><time>2022-07-16T12:51:02Z</time></trkpt><trkpt lat="42.871619" lon="-7.888531"><ele>515.586</ele><time>2022-07-16T12:51:05Z</time></trkpt><trkpt lat="42.871630" lon="-7.888611"><ele>515.760</ele><time>2022-07-16T12:51:11Z</time></trkpt><trkpt lat="42.871633" lon="-7.888676"><ele>515.926</ele><time>2022-07-16T12:51:14Z</time></trkpt><trkpt lat="42.871635" lon="-7.888746"><ele>516.209</ele><time>2022-07-16T12:51:19Z</time></trkpt><trkpt lat="42.871638" lon="-7.888815"><ele>516.589</ele><time>2022-07-16T12:51:22Z</time></trkpt><trkpt lat="42.871650" lon="-7.888887"><ele>516.998</ele><time>2022-07-16T12:51:26Z</time></trkpt><trkpt lat="42.871658" lon="-7.888960"><ele>517.466</ele><time>2022-07-16T12:51:29Z</time></trkpt><trkpt lat="42.871665" lon="-7.889031"><ele>517.858</ele><time>2022-07-16T12:51:34Z</time></trkpt><trkpt lat="42.871675" lon="-7.889093"><ele>518.215</ele><time>2022-07-16T12:51:37Z</time></trkpt><trkpt lat="42.871683" lon="-7.889179"><ele>518.999</ele><time>2022-07-16T12:51:41Z</time></trkpt><trkpt lat="42.871681" lon="-7.889264"><ele>519.258</ele><time>2022-07-16T12:51:47Z</time></trkpt><trkpt lat="42.871681" lon="-7.889344"><ele>519.876</ele><time>2022-07-16T12:51:51Z</time></trkpt><trkpt lat="42.871688" lon="-7.889410"><ele>520.477</ele><time>2022-07-16T12:51:54Z</time></trkpt><trkpt lat="42.871696" lon="-7.889479"><ele>520.764</ele><time>2022-07-16T12:51:57Z</time></trkpt><trkpt lat="42.871723" lon="-7.889535"><ele>520.906</ele><time>2022-07-16T12:52:01Z</time></trkpt><trkpt lat="42.871741" lon="-7.889604"><ele>521.016</ele><time>2022-07-16T12:52:07Z</time></trkpt><trkpt lat="42.871713" lon="-7.889762"><ele>521.209</ele><time>2022-07-16T12:57:19Z</time></trkpt><trkpt lat="42.871857" lon="-7.889948"><ele>521.277</ele><time>2022-07-16T12:57:58Z</time></trkpt><trkpt lat="42.871862" lon="-7.890030"><ele>521.256</ele><time>2022-07-16T12:58:02Z</time></trkpt><trkpt lat="42.871842" lon="-7.890108"><ele>521.274</ele><time>2022-07-16T12:58:05Z</time></trkpt><trkpt lat="42.871806" lon="-7.890160"><ele>521.196</ele><time>2022-07-16T12:58:09Z</time></trkpt><trkpt lat="42.871752" lon="-7.890179"><ele>521.013</ele><time>2022-07-16T12:58:13Z</time></trkpt><trkpt lat="42.871703" lon="-7.890191"><ele>520.817</ele><time>2022-07-16T12:58:19Z</time></trkpt><trkpt lat="42.871654" lon="-7.890201"><ele>520.746</ele><time>2022-07-16T12:58:24Z</time></trkpt><trkpt lat="42.871608" lon="-7.890178"><ele>520.384</ele><time>2022-07-16T12:58:28Z</time></trkpt><trkpt lat="42.871563" lon="-7.890136"><ele>519.825</ele><time>2022-07-16T12:58:33Z</time></trkpt><trkpt lat="42.871519" lon="-7.890085"><ele>519.393</ele><time>2022-07-16T12:58:38Z</time></trkpt><trkpt lat="42.871472" lon="-7.890051"><ele>518.865</ele><time>2022-07-16T12:58:41Z</time></trkpt><trkpt lat="42.871435" lon="-7.890009"><ele>518.321</ele><time>2022-07-16T12:58:44Z</time></trkpt><trkpt lat="42.871401" lon="-7.889957"><ele>518.009</ele><time>2022-07-16T12:58:49Z</time></trkpt><trkpt lat="42.871357" lon="-7.889932"><ele>517.890</ele><time>2022-07-16T12:58:56Z</time></trkpt><trkpt lat="42.871314" lon="-7.889901"><ele>517.569</ele><time>2022-07-16T12:59:00Z</time></trkpt><trkpt lat="42.871274" lon="-7.889855"><ele>517.077</ele><time>2022-07-16T12:59:04Z</time></trkpt><trkpt lat="42.871224" lon="-7.889818"><ele>516.489</ele><time>2022-07-16T12:59:09Z</time></trkpt><trkpt lat="42.871187" lon="-7.889775"><ele>515.956</ele><time>2022-07-16T12:59:12Z</time></trkpt><trkpt lat="42.871161" lon="-7.889709"><ele>515.490</ele><time>2022-07-16T12:59:15Z</time></trkpt><trkpt lat="42.871125" lon="-7.889669"><ele>515.029</ele><time>2022-07-16T12:59:18Z</time></trkpt><trkpt lat="42.871086" lon="-7.889633"><ele>514.747</ele><time>2022-07-16T12:59:21Z</time></trkpt><trkpt lat="42.871041" lon="-7.889600"><ele>514.488</ele><time>2022-07-16T12:59:24Z</time></trkpt><trkpt lat="42.870990" lon="-7.889581"><ele>514.156</ele><time>2022-07-16T12:59:28Z</time></trkpt><trkpt lat="42.870942" lon="-7.889579"><ele>513.859</ele><time>2022-07-16T12:59:31Z</time></trkpt><trkpt lat="42.870889" lon="-7.889562"><ele>513.514</ele><time>2022-07-16T12:59:34Z</time></trkpt><trkpt lat="42.870834" lon="-7.889566"><ele>513.209</ele><time>2022-07-16T12:59:38Z</time></trkpt><trkpt lat="42.870780" lon="-7.889563"><ele>513.056</ele><time>2022-07-16T12:59:41Z</time></trkpt><trkpt lat="42.870734" lon="-7.889557"><ele>512.785</ele><time>2022-07-16T12:59:44Z</time></trkpt><trkpt lat="42.870689" lon="-7.889550"><ele>512.313</ele><time>2022-07-16T12:59:46Z</time></trkpt><trkpt lat="42.870631" lon="-7.889551"><ele>511.975</ele><time>2022-07-16T12:59:49Z</time></trkpt><trkpt lat="42.870583" lon="-7.889544"><ele>511.562</ele><time>2022-07-16T12:59:52Z</time></trkpt><trkpt lat="42.870525" lon="-7.889537"><ele>511.386</ele><time>2022-07-16T12:59:55Z</time></trkpt><trkpt lat="42.870470" lon="-7.889533"><ele>511.045</ele><time>2022-07-16T12:59:58Z</time></trkpt><trkpt lat="42.870417" lon="-7.889528"><ele>510.653</ele><time>2022-07-16T13:00:01Z</time></trkpt><trkpt lat="42.870368" lon="-7.889527"><ele>510.634</ele><time>2022-07-16T13:00:04Z</time></trkpt><trkpt lat="42.870323" lon="-7.889498"><ele>510.678</ele><time>2022-07-16T13:00:14Z</time></trkpt><trkpt lat="42.870267" lon="-7.889507"><ele>510.633</ele><time>2022-07-16T13:00:29Z</time></trkpt><trkpt lat="42.870226" lon="-7.889535"><ele>510.626</ele><time>2022-07-16T13:00:35Z</time></trkpt><trkpt lat="42.870214" lon="-7.889615"><ele>510.709</ele><time>2022-07-16T13:00:39Z</time></trkpt><trkpt lat="42.870200" lon="-7.889682"><ele>510.738</ele><time>2022-07-16T13:00:49Z</time></trkpt><trkpt lat="42.870202" lon="-7.889761"><ele>510.727</ele><time>2022-07-16T13:00:53Z</time></trkpt><trkpt lat="42.870201" lon="-7.889849"><ele>510.765</ele><time>2022-07-16T13:00:57Z</time></trkpt><trkpt lat="42.870205" lon="-7.889922"><ele>510.797</ele><time>2022-07-16T13:01:01Z</time></trkpt><trkpt lat="42.870205" lon="-7.889984"><ele>510.814</ele><time>2022-07-16T13:01:05Z</time></trkpt><trkpt lat="42.870219" lon="-7.890044"><ele>510.968</ele><time>2022-07-16T13:01:08Z</time></trkpt><trkpt lat="42.870219" lon="-7.890116"><ele>511.157</ele><time>2022-07-16T13:01:12Z</time></trkpt><trkpt lat="42.870225" lon="-7.890185"><ele>511.215</ele><time>2022-07-16T13:01:16Z</time></trkpt><trkpt lat="42.870222" lon="-7.890250"><ele>511.296</ele><time>2022-07-16T13:01:19Z</time></trkpt><trkpt lat="42.870235" lon="-7.890311"><ele>511.387</ele><time>2022-07-16T13:01:22Z</time></trkpt><trkpt lat="42.870245" lon="-7.890381"><ele>511.442</ele><time>2022-07-16T13:01:26Z</time></trkpt><trkpt lat="42.870243" lon="-7.890454"><ele>511.426</ele><time>2022-07-16T13:01:30Z</time></trkpt><trkpt lat="42.870251" lon="-7.890524"><ele>511.509</ele><time>2022-07-16T13:01:34Z</time></trkpt><trkpt lat="42.870259" lon="-7.890584"><ele>511.649</ele><time>2022-07-16T13:01:37Z</time></trkpt><trkpt lat="42.870275" lon="-7.890642"><ele>511.768</ele><time>2022-07-16T13:01:40Z</time></trkpt><trkpt lat="42.870277" lon="-7.890704"><ele>511.726</ele><time>2022-07-16T13:01:43Z</time></trkpt><trkpt lat="42.870288" lon="-7.890777"><ele>511.828</ele><time>2022-07-16T13:01:47Z</time></trkpt><trkpt lat="42.870305" lon="-7.890853"><ele>511.845</ele><time>2022-07-16T13:01:51Z</time></trkpt><trkpt lat="42.870312" lon="-7.890924"><ele>511.859</ele><time>2022-07-16T13:01:55Z</time></trkpt><trkpt lat="42.870315" lon="-7.890986"><ele>511.828</ele><time>2022-07-16T13:01:58Z</time></trkpt><trkpt lat="42.870319" lon="-7.891054"><ele>511.896</ele><time>2022-07-16T13:02:01Z</time></trkpt><trkpt lat="42.870330" lon="-7.891114"><ele>511.857</ele><time>2022-07-16T13:02:04Z</time></trkpt><trkpt lat="42.870323" lon="-7.891182"><ele>511.861</ele><time>2022-07-16T13:02:07Z</time></trkpt><trkpt lat="42.870320" lon="-7.891257"><ele>511.721</ele><time>2022-07-16T13:02:11Z</time></trkpt><trkpt lat="42.870331" lon="-7.891317"><ele>511.713</ele><time>2022-07-16T13:02:15Z</time></trkpt><trkpt lat="42.870339" lon="-7.891380"><ele>511.709</ele><time>2022-07-16T13:02:18Z</time></trkpt><trkpt lat="42.870371" lon="-7.891440"><ele>511.747</ele><time>2022-07-16T13:02:22Z</time></trkpt><trkpt lat="42.870400" lon="-7.891511"><ele>511.756</ele><time>2022-07-16T13:02:26Z</time></trkpt><trkpt lat="42.870406" lon="-7.891586"><ele>511.784</ele><time>2022-07-16T13:02:30Z</time></trkpt><trkpt lat="42.870417" lon="-7.891651"><ele>511.766</ele><time>2022-07-16T13:02:34Z</time></trkpt><trkpt lat="42.870423" lon="-7.891716"><ele>511.693</ele><time>2022-07-16T13:02:37Z</time></trkpt><trkpt lat="42.870445" lon="-7.891770"><ele>511.377</ele><time>2022-07-16T13:02:40Z</time></trkpt><trkpt lat="42.870485" lon="-7.891829"><ele>510.736</ele><time>2022-07-16T13:02:44Z</time></trkpt><trkpt lat="42.870506" lon="-7.891884"><ele>510.044</ele><time>2022-07-16T13:02:47Z</time></trkpt><trkpt lat="42.870523" lon="-7.891947"><ele>509.195</ele><time>2022-07-16T13:02:50Z</time></trkpt><trkpt lat="42.870530" lon="-7.892019"><ele>508.283</ele><time>2022-07-16T13:02:53Z</time></trkpt><trkpt lat="42.870546" lon="-7.892084"><ele>507.425</ele><time>2022-07-16T13:02:56Z</time></trkpt><trkpt lat="42.870551" lon="-7.892161"><ele>506.617</ele><time>2022-07-16T13:03:00Z</time></trkpt><trkpt lat="42.870558" lon="-7.892233"><ele>505.709</ele><time>2022-07-16T13:03:05Z</time></trkpt><trkpt lat="42.870580" lon="-7.892290"><ele>504.719</ele><time>2022-07-16T13:03:09Z</time></trkpt><trkpt lat="42.870596" lon="-7.892353"><ele>503.428</ele><time>2022-07-16T13:03:13Z</time></trkpt><trkpt lat="42.870609" lon="-7.892437"><ele>502.216</ele><time>2022-07-16T13:03:17Z</time></trkpt><trkpt lat="42.870611" lon="-7.892501"><ele>501.378</ele><time>2022-07-16T13:03:20Z</time></trkpt><trkpt lat="42.870615" lon="-7.892569"><ele>500.555</ele><time>2022-07-16T13:03:23Z</time></trkpt><trkpt lat="42.870629" lon="-7.892646"><ele>499.939</ele><time>2022-07-16T13:03:27Z</time></trkpt><trkpt lat="42.870628" lon="-7.892720"><ele>499.228</ele><time>2022-07-16T13:03:31Z</time></trkpt><trkpt lat="42.870637" lon="-7.892782"><ele>499.086</ele><time>2022-07-16T13:03:35Z</time></trkpt><trkpt lat="42.870635" lon="-7.892861"><ele>498.667</ele><time>2022-07-16T13:03:40Z</time></trkpt><trkpt lat="42.870630" lon="-7.892929"><ele>498.311</ele><time>2022-07-16T13:03:44Z</time></trkpt><trkpt lat="42.870629" lon="-7.893002"><ele>498.021</ele><time>2022-07-16T13:03:47Z</time></trkpt><trkpt lat="42.870662" lon="-7.893067"><ele>497.803</ele><time>2022-07-16T13:03:51Z</time></trkpt><trkpt lat="42.870685" lon="-7.893131"><ele>497.409</ele><time>2022-07-16T13:03:54Z</time></trkpt><trkpt lat="42.870714" lon="-7.893197"><ele>496.682</ele><time>2022-07-16T13:03:59Z</time></trkpt><trkpt lat="42.870740" lon="-7.893262"><ele>496.121</ele><time>2022-07-16T13:04:03Z</time></trkpt><trkpt lat="42.870765" lon="-7.893331"><ele>495.269</ele><time>2022-07-16T13:04:07Z</time></trkpt><trkpt lat="42.870786" lon="-7.893413"><ele>494.391</ele><time>2022-07-16T13:04:09Z</time></trkpt><trkpt lat="42.870802" lon="-7.893478"><ele>493.518</ele><time>2022-07-16T13:04:11Z</time></trkpt><trkpt lat="42.870832" lon="-7.893564"><ele>493.282</ele><time>2022-07-16T13:04:14Z</time></trkpt><trkpt lat="42.870843" lon="-7.893632"><ele>492.931</ele><time>2022-07-16T13:04:16Z</time></trkpt><trkpt lat="42.870857" lon="-7.893694"><ele>492.589</ele><time>2022-07-16T13:04:18Z</time></trkpt><trkpt lat="42.870862" lon="-7.893769"><ele>492.460</ele><time>2022-07-16T13:04:21Z</time></trkpt><trkpt lat="42.870870" lon="-7.893846"><ele>492.325</ele><time>2022-07-16T13:04:24Z</time></trkpt><trkpt lat="42.870869" lon="-7.893914"><ele>492.226</ele><time>2022-07-16T13:04:27Z</time></trkpt><trkpt lat="42.870876" lon="-7.893977"><ele>492.108</ele><time>2022-07-16T13:04:30Z</time></trkpt><trkpt lat="42.870891" lon="-7.894037"><ele>491.909</ele><time>2022-07-16T13:04:34Z</time></trkpt><trkpt lat="42.870905" lon="-7.894095"><ele>491.793</ele><time>2022-07-16T13:04:39Z</time></trkpt><trkpt lat="42.870894" lon="-7.894157"><ele>491.672</ele><time>2022-07-16T13:04:43Z</time></trkpt><trkpt lat="42.870893" lon="-7.894229"><ele>491.490</ele><time>2022-07-16T13:04:46Z</time></trkpt><trkpt lat="42.870892" lon="-7.894295"><ele>491.222</ele><time>2022-07-16T13:04:49Z</time></trkpt><trkpt lat="42.870906" lon="-7.894371"><ele>491.159</ele><time>2022-07-16T13:04:53Z</time></trkpt><trkpt lat="42.870916" lon="-7.894437"><ele>491.083</ele><time>2022-07-16T13:04:56Z</time></trkpt><trkpt lat="42.870929" lon="-7.894519"><ele>490.732</ele><time>2022-07-16T13:05:00Z</time></trkpt><trkpt lat="42.870936" lon="-7.894586"><ele>490.710</ele><time>2022-07-16T13:05:03Z</time></trkpt><trkpt lat="42.870927" lon="-7.894659"><ele>490.531</ele><time>2022-07-16T13:05:09Z</time></trkpt><trkpt lat="42.870946" lon="-7.894725"><ele>490.415</ele><time>2022-07-16T13:05:13Z</time></trkpt><trkpt lat="42.870945" lon="-7.894791"><ele>490.265</ele><time>2022-07-16T13:05:16Z</time></trkpt><trkpt lat="42.870941" lon="-7.894855"><ele>490.011</ele><time>2022-07-16T13:05:19Z</time></trkpt><trkpt lat="42.870940" lon="-7.894925"><ele>489.909</ele><time>2022-07-16T13:05:22Z</time></trkpt><trkpt lat="42.870951" lon="-7.894997"><ele>489.892</ele><time>2022-07-16T13:05:25Z</time></trkpt><trkpt lat="42.870975" lon="-7.895055"><ele>489.831</ele><time>2022-07-16T13:05:28Z</time></trkpt><trkpt lat="42.870994" lon="-7.895126"><ele>489.889</ele><time>2022-07-16T13:05:34Z</time></trkpt><trkpt lat="42.871024" lon="-7.895182"><ele>489.871</ele><time>2022-07-16T13:05:37Z</time></trkpt><trkpt lat="42.871050" lon="-7.895237"><ele>489.848</ele><time>2022-07-16T13:05:41Z</time></trkpt><trkpt lat="42.871092" lon="-7.895292"><ele>489.822</ele><time>2022-07-16T13:05:44Z</time></trkpt><trkpt lat="42.871117" lon="-7.895359"><ele>489.851</ele><time>2022-07-16T13:05:48Z</time></trkpt><trkpt lat="42.871141" lon="-7.895428"><ele>489.879</ele><time>2022-07-16T13:05:53Z</time></trkpt><trkpt lat="42.871161" lon="-7.895507"><ele>489.990</ele><time>2022-07-16T13:05:57Z</time></trkpt><trkpt lat="42.871191" lon="-7.895555"><ele>490.058</ele><time>2022-07-16T13:06:00Z</time></trkpt><trkpt lat="42.871207" lon="-7.895631"><ele>490.152</ele><time>2022-07-16T13:06:04Z</time></trkpt><trkpt lat="42.871236" lon="-7.895700"><ele>490.217</ele><time>2022-07-16T13:06:07Z</time></trkpt><trkpt lat="42.871248" lon="-7.895768"><ele>490.309</ele><time>2022-07-16T13:06:11Z</time></trkpt><trkpt lat="42.871259" lon="-7.895837"><ele>490.386</ele><time>2022-07-16T13:06:14Z</time></trkpt><trkpt lat="42.871283" lon="-7.895908"><ele>490.595</ele><time>2022-07-16T13:06:18Z</time></trkpt><trkpt lat="42.871304" lon="-7.895967"><ele>490.673</ele><time>2022-07-16T13:06:21Z</time></trkpt><trkpt lat="42.871314" lon="-7.896038"><ele>490.895</ele><time>2022-07-16T13:06:25Z</time></trkpt><trkpt lat="42.871334" lon="-7.896101"><ele>491.052</ele><time>2022-07-16T13:06:28Z</time></trkpt><trkpt lat="42.871360" lon="-7.896177"><ele>491.486</ele><time>2022-07-16T13:06:32Z</time></trkpt><trkpt lat="42.871366" lon="-7.896240"><ele>491.595</ele><time>2022-07-16T13:06:35Z</time></trkpt><trkpt lat="42.871379" lon="-7.896300"><ele>491.783</ele><time>2022-07-16T13:06:38Z</time></trkpt><trkpt lat="42.871383" lon="-7.896379"><ele>492.184</ele><time>2022-07-16T13:06:41Z</time></trkpt><trkpt lat="42.871391" lon="-7.896455"><ele>492.552</ele><time>2022-07-16T13:06:45Z</time></trkpt><trkpt lat="42.871392" lon="-7.896543"><ele>492.753</ele><time>2022-07-16T13:06:49Z</time></trkpt><trkpt lat="42.871400" lon="-7.896621"><ele>492.708</ele><time>2022-07-16T13:06:52Z</time></trkpt><trkpt lat="42.871407" lon="-7.896687"><ele>492.709</ele><time>2022-07-16T13:06:56Z</time></trkpt><trkpt lat="42.871421" lon="-7.896757"><ele>492.496</ele><time>2022-07-16T13:07:00Z</time></trkpt><trkpt lat="42.871434" lon="-7.896837"><ele>492.065</ele><time>2022-07-16T13:07:03Z</time></trkpt><trkpt lat="42.871445" lon="-7.896915"><ele>491.533</ele><time>2022-07-16T13:07:06Z</time></trkpt><trkpt lat="42.871464" lon="-7.896983"><ele>491.275</ele><time>2022-07-16T13:07:09Z</time></trkpt><trkpt lat="42.871483" lon="-7.897054"><ele>491.062</ele><time>2022-07-16T13:07:12Z</time></trkpt><trkpt lat="42.871506" lon="-7.897120"><ele>490.936</ele><time>2022-07-16T13:07:15Z</time></trkpt><trkpt lat="42.871521" lon="-7.897195"><ele>490.865</ele><time>2022-07-16T13:07:18Z</time></trkpt><trkpt lat="42.871542" lon="-7.897257"><ele>490.723</ele><time>2022-07-16T13:07:21Z</time></trkpt><trkpt lat="42.871560" lon="-7.897327"><ele>490.374</ele><time>2022-07-16T13:07:25Z</time></trkpt><trkpt lat="42.871575" lon="-7.897395"><ele>490.016</ele><time>2022-07-16T13:07:28Z</time></trkpt><trkpt lat="42.871593" lon="-7.897457"><ele>489.476</ele><time>2022-07-16T13:07:31Z</time></trkpt><trkpt lat="42.871620" lon="-7.897518"><ele>488.913</ele><time>2022-07-16T13:07:34Z</time></trkpt><trkpt lat="42.871661" lon="-7.897570"><ele>488.709</ele><time>2022-07-16T13:07:38Z</time></trkpt><trkpt lat="42.871695" lon="-7.897618"><ele>488.562</ele><time>2022-07-16T13:07:41Z</time></trkpt><trkpt lat="42.871723" lon="-7.897677"><ele>488.471</ele><time>2022-07-16T13:07:44Z</time></trkpt><trkpt lat="42.871745" lon="-7.897736"><ele>488.369</ele><time>2022-07-16T13:07:47Z</time></trkpt><trkpt lat="42.871770" lon="-7.897800"><ele>488.231</ele><time>2022-07-16T13:07:50Z</time></trkpt><trkpt lat="42.871793" lon="-7.897866"><ele>488.198</ele><time>2022-07-16T13:07:53Z</time></trkpt><trkpt lat="42.871825" lon="-7.897913"><ele>488.082</ele><time>2022-07-16T13:07:56Z</time></trkpt><trkpt lat="42.871870" lon="-7.897965"><ele>487.771</ele><time>2022-07-16T13:08:00Z</time></trkpt><trkpt lat="42.871910" lon="-7.898008"><ele>487.299</ele><time>2022-07-16T13:08:03Z</time></trkpt><trkpt lat="42.871944" lon="-7.898055"><ele>486.790</ele><time>2022-07-16T13:08:06Z</time></trkpt><trkpt lat="42.871975" lon="-7.898102"><ele>486.426</ele><time>2022-07-16T13:08:09Z</time></trkpt><trkpt lat="42.872009" lon="-7.898149"><ele>486.247</ele><time>2022-07-16T13:08:12Z</time></trkpt><trkpt lat="42.872061" lon="-7.898187"><ele>486.011</ele><time>2022-07-16T13:08:16Z</time></trkpt><trkpt lat="42.872099" lon="-7.898226"><ele>485.809</ele><time>2022-07-16T13:08:19Z</time></trkpt><trkpt lat="42.872141" lon="-7.898251"><ele>485.763</ele><time>2022-07-16T13:08:22Z</time></trkpt><trkpt lat="42.872194" lon="-7.898291"><ele>485.642</ele><time>2022-07-16T13:08:26Z</time></trkpt><trkpt lat="42.872228" lon="-7.898337"><ele>485.620</ele><time>2022-07-16T13:08:29Z</time></trkpt><trkpt lat="42.872252" lon="-7.898390"><ele>485.632</ele><time>2022-07-16T13:08:32Z</time></trkpt><trkpt lat="42.872279" lon="-7.898443"><ele>485.649</ele><time>2022-07-16T13:08:35Z</time></trkpt><trkpt lat="42.872314" lon="-7.898513"><ele>485.383</ele><time>2022-07-16T13:08:39Z</time></trkpt><trkpt lat="42.872351" lon="-7.898566"><ele>484.942</ele><time>2022-07-16T13:08:43Z</time></trkpt><trkpt lat="42.872392" lon="-7.898614"><ele>484.570</ele><time>2022-07-16T13:08:46Z</time></trkpt><trkpt lat="42.872440" lon="-7.898651"><ele>483.911</ele><time>2022-07-16T13:08:50Z</time></trkpt><trkpt lat="42.872489" lon="-7.898682"><ele>483.647</ele><time>2022-07-16T13:08:53Z</time></trkpt><trkpt lat="42.872534" lon="-7.898719"><ele>483.329</ele><time>2022-07-16T13:08:56Z</time></trkpt><trkpt lat="42.872575" lon="-7.898764"><ele>483.221</ele><time>2022-07-16T13:08:59Z</time></trkpt><trkpt lat="42.872620" lon="-7.898798"><ele>482.909</ele><time>2022-07-16T13:09:02Z</time></trkpt><trkpt lat="42.872665" lon="-7.898836"><ele>482.535</ele><time>2022-07-16T13:09:05Z</time></trkpt><trkpt lat="42.872713" lon="-7.898877"><ele>482.034</ele><time>2022-07-16T13:09:08Z</time></trkpt><trkpt lat="42.872761" lon="-7.898912"><ele>481.452</ele><time>2022-07-16T13:09:11Z</time></trkpt><trkpt lat="42.872805" lon="-7.898944"><ele>480.874</ele><time>2022-07-16T13:09:14Z</time></trkpt><trkpt lat="42.872847" lon="-7.898985"><ele>480.231</ele><time>2022-07-16T13:09:17Z</time></trkpt><trkpt lat="42.872883" lon="-7.899029"><ele>479.635</ele><time>2022-07-16T13:09:20Z</time></trkpt><trkpt lat="42.872921" lon="-7.899074"><ele>479.174</ele><time>2022-07-16T13:09:23Z</time></trkpt><trkpt lat="42.872955" lon="-7.899119"><ele>478.772</ele><time>2022-07-16T13:09:26Z</time></trkpt><trkpt lat="42.872996" lon="-7.899167"><ele>478.463</ele><time>2022-07-16T13:09:30Z</time></trkpt><trkpt lat="42.873042" lon="-7.899215"><ele>478.174</ele><time>2022-07-16T13:09:34Z</time></trkpt><trkpt lat="42.873086" lon="-7.899255"><ele>477.856</ele><time>2022-07-16T13:09:39Z</time></trkpt><trkpt lat="42.873127" lon="-7.899299"><ele>477.421</ele><time>2022-07-16T13:09:42Z</time></trkpt><trkpt lat="42.873178" lon="-7.899340"><ele>477.009</ele><time>2022-07-16T13:09:46Z</time></trkpt><trkpt lat="42.873224" lon="-7.899395"><ele>476.968</ele><time>2022-07-16T13:09:52Z</time></trkpt><trkpt lat="42.873261" lon="-7.899437"><ele>476.887</ele><time>2022-07-16T13:09:54Z</time></trkpt><trkpt lat="42.873302" lon="-7.899493"><ele>476.865</ele><time>2022-07-16T13:09:58Z</time></trkpt><trkpt lat="42.873337" lon="-7.899542"><ele>476.877</ele><time>2022-07-16T13:10:00Z</time></trkpt><trkpt lat="42.873389" lon="-7.899594"><ele>476.884</ele><time>2022-07-16T13:10:04Z</time></trkpt><trkpt lat="42.873420" lon="-7.899646"><ele>476.848</ele><time>2022-07-16T13:10:07Z</time></trkpt><trkpt lat="42.873464" lon="-7.899701"><ele>476.837</ele><time>2022-07-16T13:10:10Z</time></trkpt><trkpt lat="42.873500" lon="-7.899749"><ele>476.965</ele><time>2022-07-16T13:10:13Z</time></trkpt><trkpt lat="42.873527" lon="-7.899799"><ele>476.916</ele><time>2022-07-16T13:10:16Z</time></trkpt><trkpt lat="42.873574" lon="-7.899849"><ele>476.949</ele><time>2022-07-16T13:10:20Z</time></trkpt><trkpt lat="42.873606" lon="-7.899894"><ele>476.902</ele><time>2022-07-16T13:10:23Z</time></trkpt><trkpt lat="42.873653" lon="-7.899954"><ele>476.922</ele><time>2022-07-16T13:10:27Z</time></trkpt><trkpt lat="42.873683" lon="-7.900002"><ele>476.909</ele><time>2022-07-16T13:10:30Z</time></trkpt><trkpt lat="42.873709" lon="-7.900066"><ele>476.795</ele><time>2022-07-16T13:10:33Z</time></trkpt><trkpt lat="42.873745" lon="-7.900119"><ele>476.664</ele><time>2022-07-16T13:10:36Z</time></trkpt><trkpt lat="42.873772" lon="-7.900172"><ele>476.432</ele><time>2022-07-16T13:10:39Z</time></trkpt><trkpt lat="42.873803" lon="-7.900228"><ele>476.274</ele><time>2022-07-16T13:10:42Z</time></trkpt><trkpt lat="42.873832" lon="-7.900286"><ele>476.061</ele><time>2022-07-16T13:10:45Z</time></trkpt><trkpt lat="42.873842" lon="-7.900346"><ele>475.815</ele><time>2022-07-16T13:10:47Z</time></trkpt><trkpt lat="42.873855" lon="-7.900420"><ele>475.554</ele><time>2022-07-16T13:10:50Z</time></trkpt><trkpt lat="42.873891" lon="-7.900488"><ele>475.172</ele><time>2022-07-16T13:10:54Z</time></trkpt><trkpt lat="42.873924" lon="-7.900559"><ele>474.453</ele><time>2022-07-16T13:10:58Z</time></trkpt><trkpt lat="42.873960" lon="-7.900621"><ele>473.561</ele><time>2022-07-16T13:11:02Z</time></trkpt><trkpt lat="42.873995" lon="-7.900681"><ele>472.621</ele><time>2022-07-16T13:11:06Z</time></trkpt><trkpt lat="42.874016" lon="-7.900750"><ele>471.913</ele><time>2022-07-16T13:11:10Z</time></trkpt><trkpt lat="42.874054" lon="-7.900796"><ele>471.409</ele><time>2022-07-16T13:11:14Z</time></trkpt><trkpt lat="42.874088" lon="-7.900838"><ele>471.397</ele><time>2022-07-16T13:11:17Z</time></trkpt><trkpt lat="42.874127" lon="-7.900899"><ele>471.116</ele><time>2022-07-16T13:11:22Z</time></trkpt><trkpt lat="42.874151" lon="-7.900962"><ele>471.034</ele><time>2022-07-16T13:11:25Z</time></trkpt><trkpt lat="42.874182" lon="-7.901013"><ele>470.926</ele><time>2022-07-16T13:11:28Z</time></trkpt><trkpt lat="42.874208" lon="-7.901075"><ele>470.893</ele><time>2022-07-16T13:11:31Z</time></trkpt><trkpt lat="42.874224" lon="-7.901138"><ele>470.717</ele><time>2022-07-16T13:11:34Z</time></trkpt><trkpt lat="42.874240" lon="-7.901205"><ele>470.386</ele><time>2022-07-16T13:11:39Z</time></trkpt><trkpt lat="42.874253" lon="-7.901269"><ele>469.624</ele><time>2022-07-16T13:11:42Z</time></trkpt><trkpt lat="42.874295" lon="-7.901329"><ele>468.455</ele><time>2022-07-16T13:11:46Z</time></trkpt><trkpt lat="42.874326" lon="-7.901378"><ele>467.285</ele><time>2022-07-16T13:11:49Z</time></trkpt><trkpt lat="42.874360" lon="-7.901439"><ele>466.189</ele><time>2022-07-16T13:11:53Z</time></trkpt><trkpt lat="42.874414" lon="-7.901487"><ele>464.817</ele><time>2022-07-16T13:11:57Z</time></trkpt><trkpt lat="42.874459" lon="-7.901527"><ele>464.009</ele><time>2022-07-16T13:12:00Z</time></trkpt><trkpt lat="42.874497" lon="-7.901561"><ele>463.789</ele><time>2022-07-16T13:12:03Z</time></trkpt><trkpt lat="42.874542" lon="-7.901610"><ele>463.198</ele><time>2022-07-16T13:12:06Z</time></trkpt><trkpt lat="42.874576" lon="-7.901667"><ele>462.816</ele><time>2022-07-16T13:12:09Z</time></trkpt><trkpt lat="42.874561" lon="-7.901726"><ele>462.538</ele><time>2022-07-16T13:12:11Z</time></trkpt><trkpt lat="42.874555" lon="-7.901788"><ele>461.915</ele><time>2022-07-16T13:12:15Z</time></trkpt><trkpt lat="42.874522" lon="-7.901861"><ele>461.459</ele><time>2022-07-16T13:12:21Z</time></trkpt><trkpt lat="42.874514" lon="-7.901924"><ele>460.958</ele><time>2022-07-16T13:12:24Z</time></trkpt><trkpt lat="42.874521" lon="-7.901989"><ele>460.146</ele><time>2022-07-16T13:12:26Z</time></trkpt><trkpt lat="42.874528" lon="-7.902071"><ele>459.377</ele><time>2022-07-16T13:12:29Z</time></trkpt><trkpt lat="42.874537" lon="-7.902154"><ele>458.711</ele><time>2022-07-16T13:12:32Z</time></trkpt><trkpt lat="42.874547" lon="-7.902221"><ele>458.521</ele><time>2022-07-16T13:12:35Z</time></trkpt><trkpt lat="42.874550" lon="-7.902293"><ele>457.903</ele><time>2022-07-16T13:12:38Z</time></trkpt><trkpt lat="42.874555" lon="-7.902378"><ele>457.509</ele><time>2022-07-16T13:12:42Z</time></trkpt><trkpt lat="42.874552" lon="-7.902441"><ele>457.212</ele><time>2022-07-16T13:12:45Z</time></trkpt><trkpt lat="42.874562" lon="-7.902506"><ele>457.261</ele><time>2022-07-16T13:12:48Z</time></trkpt><trkpt lat="42.874577" lon="-7.902577"><ele>457.249</ele><time>2022-07-16T13:12:51Z</time></trkpt><trkpt lat="42.874593" lon="-7.902638"><ele>457.291</ele><time>2022-07-16T13:12:54Z</time></trkpt><trkpt lat="42.874595" lon="-7.902702"><ele>457.018</ele><time>2022-07-16T13:12:57Z</time></trkpt><trkpt lat="42.874594" lon="-7.902764"><ele>456.672</ele><time>2022-07-16T13:13:00Z</time></trkpt><trkpt lat="42.874583" lon="-7.902832"><ele>456.471</ele><time>2022-07-16T13:13:03Z</time></trkpt><trkpt lat="42.874554" lon="-7.902894"><ele>456.379</ele><time>2022-07-16T13:13:07Z</time></trkpt><trkpt lat="42.874532" lon="-7.902957"><ele>456.220</ele><time>2022-07-16T13:13:11Z</time></trkpt><trkpt lat="42.874512" lon="-7.903018"><ele>456.088</ele><time>2022-07-16T13:13:14Z</time></trkpt><trkpt lat="42.874486" lon="-7.903071"><ele>455.824</ele><time>2022-07-16T13:13:17Z</time></trkpt><trkpt lat="42.874454" lon="-7.903146"><ele>455.626</ele><time>2022-07-16T13:13:21Z</time></trkpt><trkpt lat="42.874457" lon="-7.903214"><ele>455.409</ele><time>2022-07-16T13:13:25Z</time></trkpt><trkpt lat="42.874476" lon="-7.903274"><ele>455.249</ele><time>2022-07-16T13:13:29Z</time></trkpt><trkpt lat="42.874506" lon="-7.903340"><ele>454.938</ele><time>2022-07-16T13:13:34Z</time></trkpt><trkpt lat="42.874530" lon="-7.903420"><ele>454.586</ele><time>2022-07-16T13:13:38Z</time></trkpt><trkpt lat="42.874537" lon="-7.903484"><ele>454.438</ele><time>2022-07-16T13:13:41Z</time></trkpt><trkpt lat="42.874544" lon="-7.903562"><ele>454.015</ele><time>2022-07-16T13:13:45Z</time></trkpt><trkpt lat="42.874545" lon="-7.903632"><ele>453.789</ele><time>2022-07-16T13:13:50Z</time></trkpt><trkpt lat="42.874596" lon="-7.903641"><ele>453.588</ele><time>2022-07-16T13:13:58Z</time></trkpt><trkpt lat="42.874508" lon="-7.903820"><ele>452.856</ele><time>2022-07-16T13:15:09Z</time></trkpt><trkpt lat="42.874484" lon="-7.903874"><ele>452.447</ele><time>2022-07-16T13:15:16Z</time></trkpt><trkpt lat="42.874449" lon="-7.903918"><ele>452.068</ele><time>2022-07-16T13:15:20Z</time></trkpt><trkpt lat="42.874429" lon="-7.904000"><ele>451.742</ele><time>2022-07-16T13:15:28Z</time></trkpt><trkpt lat="42.874424" lon="-7.904076"><ele>451.526</ele><time>2022-07-16T13:15:33Z</time></trkpt><trkpt lat="42.874432" lon="-7.904147"><ele>451.109</ele><time>2022-07-16T13:15:37Z</time></trkpt><trkpt lat="42.874448" lon="-7.904218"><ele>450.087</ele><time>2022-07-16T13:15:42Z</time></trkpt><trkpt lat="42.874469" lon="-7.904274"><ele>449.516</ele><time>2022-07-16T13:15:46Z</time></trkpt><trkpt lat="42.874493" lon="-7.904331"><ele>449.324</ele><time>2022-07-16T13:15:50Z</time></trkpt><trkpt lat="42.874528" lon="-7.904385"><ele>448.986</ele><time>2022-07-16T13:16:04Z</time></trkpt><trkpt lat="42.874572" lon="-7.904425"><ele>448.453</ele><time>2022-07-16T13:16:08Z</time></trkpt><trkpt lat="42.874621" lon="-7.904443"><ele>448.097</ele><time>2022-07-16T13:16:12Z</time></trkpt><trkpt lat="42.874668" lon="-7.904455"><ele>447.836</ele><time>2022-07-16T13:16:19Z</time></trkpt><trkpt lat="42.874713" lon="-7.904491"><ele>447.414</ele><time>2022-07-16T13:16:23Z</time></trkpt><trkpt lat="42.874768" lon="-7.904509"><ele>446.415</ele><time>2022-07-16T13:16:27Z</time></trkpt><trkpt lat="42.874814" lon="-7.904556"><ele>445.482</ele><time>2022-07-16T13:16:31Z</time></trkpt><trkpt lat="42.874853" lon="-7.904589"><ele>444.943</ele><time>2022-07-16T13:16:34Z</time></trkpt><trkpt lat="42.874887" lon="-7.904630"><ele>444.617</ele><time>2022-07-16T13:16:37Z</time></trkpt><trkpt lat="42.874903" lon="-7.904701"><ele>444.409</ele><time>2022-07-16T13:16:41Z</time></trkpt><trkpt lat="42.874913" lon="-7.904772"><ele>444.229</ele><time>2022-07-16T13:16:45Z</time></trkpt><trkpt lat="42.874934" lon="-7.904842"><ele>444.188</ele><time>2022-07-16T13:16:53Z</time></trkpt><trkpt lat="42.874952" lon="-7.904908"><ele>443.936</ele><time>2022-07-16T13:16:58Z</time></trkpt><trkpt lat="42.874967" lon="-7.904966"><ele>443.858</ele><time>2022-07-16T13:17:02Z</time></trkpt><trkpt lat="42.874989" lon="-7.905028"><ele>443.785</ele><time>2022-07-16T13:17:06Z</time></trkpt><trkpt lat="42.875021" lon="-7.905092"><ele>443.789</ele><time>2022-07-16T13:17:27Z</time></trkpt><trkpt lat="42.875050" lon="-7.905154"><ele>443.778</ele><time>2022-07-16T13:17:31Z</time></trkpt><trkpt lat="42.875064" lon="-7.905214"><ele>443.636</ele><time>2022-07-16T13:17:35Z</time></trkpt><trkpt lat="42.875091" lon="-7.905277"><ele>443.677</ele><time>2022-07-16T13:17:39Z</time></trkpt><trkpt lat="42.875117" lon="-7.905343"><ele>443.653</ele><time>2022-07-16T13:17:44Z</time></trkpt><trkpt lat="42.875134" lon="-7.905407"><ele>443.604</ele><time>2022-07-16T13:17:47Z</time></trkpt><trkpt lat="42.875140" lon="-7.905470"><ele>443.814</ele><time>2022-07-16T13:17:51Z</time></trkpt><trkpt lat="42.875141" lon="-7.905543"><ele>443.909</ele><time>2022-07-16T13:17:55Z</time></trkpt><trkpt lat="42.875141" lon="-7.905622"><ele>444.076</ele><time>2022-07-16T13:17:59Z</time></trkpt><trkpt lat="42.875147" lon="-7.905691"><ele>444.225</ele><time>2022-07-16T13:18:03Z</time></trkpt><trkpt lat="42.875152" lon="-7.905769"><ele>444.423</ele><time>2022-07-16T13:18:07Z</time></trkpt><trkpt lat="42.875160" lon="-7.905839"><ele>444.635</ele><time>2022-07-16T13:18:12Z</time></trkpt><trkpt lat="42.875165" lon="-7.905912"><ele>444.642</ele><time>2022-07-16T13:18:16Z</time></trkpt><trkpt lat="42.875169" lon="-7.905987"><ele>444.876</ele><time>2022-07-16T13:18:20Z</time></trkpt><trkpt lat="42.875176" lon="-7.906052"><ele>444.895</ele><time>2022-07-16T13:18:24Z</time></trkpt><trkpt lat="42.875181" lon="-7.906113"><ele>444.873</ele><time>2022-07-16T13:18:28Z</time></trkpt><trkpt lat="42.875198" lon="-7.906184"><ele>444.874</ele><time>2022-07-16T13:18:33Z</time></trkpt><trkpt lat="42.875204" lon="-7.906252"><ele>444.854</ele><time>2022-07-16T13:18:41Z</time></trkpt><trkpt lat="42.875225" lon="-7.906319"><ele>444.856</ele><time>2022-07-16T13:18:46Z</time></trkpt><trkpt lat="42.875248" lon="-7.906375"><ele>444.811</ele><time>2022-07-16T13:18:50Z</time></trkpt><trkpt lat="42.875248" lon="-7.906456"><ele>444.809</ele><time>2022-07-16T13:18:58Z</time></trkpt><trkpt lat="42.875257" lon="-7.906529"><ele>444.876</ele><time>2022-07-16T13:19:02Z</time></trkpt><trkpt lat="42.875270" lon="-7.906600"><ele>444.895</ele><time>2022-07-16T13:19:06Z</time></trkpt><trkpt lat="42.875294" lon="-7.906669"><ele>444.963</ele><time>2022-07-16T13:19:10Z</time></trkpt><trkpt lat="42.875306" lon="-7.906734"><ele>444.915</ele><time>2022-07-16T13:19:14Z</time></trkpt><trkpt lat="42.875320" lon="-7.906805"><ele>444.912</ele><time>2022-07-16T13:19:18Z</time></trkpt><trkpt lat="42.875335" lon="-7.906872"><ele>444.916</ele><time>2022-07-16T13:19:21Z</time></trkpt><trkpt lat="42.875339" lon="-7.906935"><ele>444.995</ele><time>2022-07-16T13:19:24Z</time></trkpt><trkpt lat="42.875352" lon="-7.907013"><ele>444.913</ele><time>2022-07-16T13:19:28Z</time></trkpt><trkpt lat="42.875366" lon="-7.907081"><ele>444.924</ele><time>2022-07-16T13:19:39Z</time></trkpt><trkpt lat="42.875370" lon="-7.907144"><ele>444.996</ele><time>2022-07-16T13:19:43Z</time></trkpt><trkpt lat="42.875382" lon="-7.907211"><ele>445.031</ele><time>2022-07-16T13:19:48Z</time></trkpt><trkpt lat="42.875397" lon="-7.907284"><ele>445.024</ele><time>2022-07-16T13:20:11Z</time></trkpt><trkpt lat="42.875404" lon="-7.907351"><ele>445.009</ele><time>2022-07-16T13:20:15Z</time></trkpt><trkpt lat="42.875416" lon="-7.907414"><ele>444.840</ele><time>2022-07-16T13:20:19Z</time></trkpt><trkpt lat="42.875423" lon="-7.907481"><ele>444.659</ele><time>2022-07-16T13:20:23Z</time></trkpt><trkpt lat="42.875430" lon="-7.907544"><ele>444.587</ele><time>2022-07-16T13:20:27Z</time></trkpt><trkpt lat="42.875453" lon="-7.907609"><ele>444.439</ele><time>2022-07-16T13:20:31Z</time></trkpt><trkpt lat="42.875467" lon="-7.907668"><ele>444.216</ele><time>2022-07-16T13:20:34Z</time></trkpt><trkpt lat="42.875477" lon="-7.907746"><ele>444.090</ele><time>2022-07-16T13:20:38Z</time></trkpt><trkpt lat="42.875492" lon="-7.907805"><ele>443.819</ele><time>2022-07-16T13:20:41Z</time></trkpt><trkpt lat="42.875518" lon="-7.907872"><ele>443.777</ele><time>2022-07-16T13:20:45Z</time></trkpt><trkpt lat="42.875538" lon="-7.907949"><ele>443.638</ele><time>2022-07-16T13:20:49Z</time></trkpt><trkpt lat="42.875562" lon="-7.908017"><ele>443.573</ele><time>2022-07-16T13:20:53Z</time></trkpt><trkpt lat="42.875587" lon="-7.908088"><ele>443.385</ele><time>2022-07-16T13:20:57Z</time></trkpt><trkpt lat="42.875613" lon="-7.908156"><ele>443.313</ele><time>2022-07-16T13:21:01Z</time></trkpt><trkpt lat="42.875634" lon="-7.908229"><ele>443.309</ele><time>2022-07-16T13:21:05Z</time></trkpt><trkpt lat="42.875653" lon="-7.908300"><ele>443.428</ele><time>2022-07-16T13:21:09Z</time></trkpt><trkpt lat="42.875671" lon="-7.908357"><ele>443.497</ele><time>2022-07-16T13:21:12Z</time></trkpt><trkpt lat="42.875698" lon="-7.908428"><ele>443.585</ele><time>2022-07-16T13:21:16Z</time></trkpt><trkpt lat="42.875717" lon="-7.908502"><ele>443.557</ele><time>2022-07-16T13:21:20Z</time></trkpt><trkpt lat="42.875740" lon="-7.908556"><ele>443.524</ele><time>2022-07-16T13:21:23Z</time></trkpt><trkpt lat="42.875768" lon="-7.908625"><ele>443.588</ele><time>2022-07-16T13:21:27Z</time></trkpt><trkpt lat="42.875803" lon="-7.908689"><ele>443.567</ele><time>2022-07-16T13:21:31Z</time></trkpt><trkpt lat="42.875833" lon="-7.908737"><ele>443.595</ele><time>2022-07-16T13:21:34Z</time></trkpt><trkpt lat="42.875873" lon="-7.908790"><ele>443.576</ele><time>2022-07-16T13:21:38Z</time></trkpt><trkpt lat="42.875910" lon="-7.908851"><ele>443.517</ele><time>2022-07-16T13:21:42Z</time></trkpt><trkpt lat="42.875943" lon="-7.908916"><ele>443.587</ele><time>2022-07-16T13:21:46Z</time></trkpt><trkpt lat="42.875989" lon="-7.908959"><ele>443.515</ele><time>2022-07-16T13:21:50Z</time></trkpt><trkpt lat="42.876028" lon="-7.909003"><ele>443.509</ele><time>2022-07-16T13:21:54Z</time></trkpt><trkpt lat="42.876070" lon="-7.909050"><ele>443.172</ele><time>2022-07-16T13:21:58Z</time></trkpt><trkpt lat="42.876109" lon="-7.909103"><ele>442.781</ele><time>2022-07-16T13:22:02Z</time></trkpt><trkpt lat="42.876150" lon="-7.909146"><ele>442.639</ele><time>2022-07-16T13:22:07Z</time></trkpt><trkpt lat="42.876195" lon="-7.909196"><ele>442.311</ele><time>2022-07-16T13:22:12Z</time></trkpt><trkpt lat="42.876229" lon="-7.909239"><ele>441.948</ele><time>2022-07-16T13:22:17Z</time></trkpt><trkpt lat="42.876274" lon="-7.909265"><ele>441.652</ele><time>2022-07-16T13:22:20Z</time></trkpt><trkpt lat="42.876319" lon="-7.909301"><ele>441.261</ele><time>2022-07-16T13:22:24Z</time></trkpt><trkpt lat="42.876359" lon="-7.909349"><ele>440.819</ele><time>2022-07-16T13:22:28Z</time></trkpt><trkpt lat="42.876391" lon="-7.909402"><ele>440.480</ele><time>2022-07-16T13:22:32Z</time></trkpt><trkpt lat="42.876425" lon="-7.909447"><ele>440.085</ele><time>2022-07-16T13:22:35Z</time></trkpt><trkpt lat="42.876465" lon="-7.909483"><ele>439.589</ele><time>2022-07-16T13:22:39Z</time></trkpt><trkpt lat="42.876516" lon="-7.909521"><ele>439.217</ele><time>2022-07-16T13:22:42Z</time></trkpt><trkpt lat="42.876558" lon="-7.909573"><ele>439.009</ele><time>2022-07-16T13:22:45Z</time></trkpt><trkpt lat="42.876593" lon="-7.909619"><ele>438.819</ele><time>2022-07-16T13:22:48Z</time></trkpt><trkpt lat="42.876638" lon="-7.909640"><ele>438.588</ele><time>2022-07-16T13:22:52Z</time></trkpt><trkpt lat="42.876679" lon="-7.909700"><ele>437.916</ele><time>2022-07-16T13:22:55Z</time></trkpt><trkpt lat="42.876719" lon="-7.909751"><ele>437.668</ele><time>2022-07-16T13:22:59Z</time></trkpt><trkpt lat="42.876750" lon="-7.909838"><ele>436.995</ele><time>2022-07-16T13:23:04Z</time></trkpt><trkpt lat="42.876762" lon="-7.909913"><ele>436.559</ele><time>2022-07-16T13:23:07Z</time></trkpt><trkpt lat="42.876774" lon="-7.909979"><ele>436.158</ele><time>2022-07-16T13:23:11Z</time></trkpt><trkpt lat="42.876789" lon="-7.910063"><ele>435.956</ele><time>2022-07-16T13:23:15Z</time></trkpt><trkpt lat="42.876814" lon="-7.910123"><ele>435.797</ele><time>2022-07-16T13:23:18Z</time></trkpt><trkpt lat="42.876848" lon="-7.910187"><ele>435.595</ele><time>2022-07-16T13:23:22Z</time></trkpt><trkpt lat="42.876868" lon="-7.910251"><ele>435.349</ele><time>2022-07-16T13:23:30Z</time></trkpt><trkpt lat="42.876879" lon="-7.910315"><ele>434.823</ele><time>2022-07-16T13:23:34Z</time></trkpt><trkpt lat="42.876901" lon="-7.910381"><ele>434.709</ele><time>2022-07-16T13:23:38Z</time></trkpt><trkpt lat="42.876921" lon="-7.910439"><ele>434.280</ele><time>2022-07-16T13:23:41Z</time></trkpt><trkpt lat="42.876947" lon="-7.910507"><ele>433.769</ele><time>2022-07-16T13:23:44Z</time></trkpt><trkpt lat="42.876984" lon="-7.910556"><ele>433.437</ele><time>2022-07-16T13:23:48Z</time></trkpt><trkpt lat="42.876992" lon="-7.910620"><ele>433.099</ele><time>2022-07-16T13:23:52Z</time></trkpt><trkpt lat="42.877014" lon="-7.910683"><ele>432.646</ele><time>2022-07-16T13:23:56Z</time></trkpt><trkpt lat="42.877038" lon="-7.910736"><ele>432.320</ele><time>2022-07-16T13:24:00Z</time></trkpt><trkpt lat="42.877077" lon="-7.910803"><ele>432.049</ele><time>2022-07-16T13:24:03Z</time></trkpt><trkpt lat="42.877099" lon="-7.910859"><ele>431.747</ele><time>2022-07-16T13:24:06Z</time></trkpt><trkpt lat="42.877125" lon="-7.910920"><ele>431.438</ele><time>2022-07-16T13:24:10Z</time></trkpt><trkpt lat="42.877151" lon="-7.910987"><ele>431.292</ele><time>2022-07-16T13:24:13Z</time></trkpt><trkpt lat="42.877158" lon="-7.911050"><ele>431.073</ele><time>2022-07-16T13:24:16Z</time></trkpt><trkpt lat="42.877174" lon="-7.911114"><ele>430.720</ele><time>2022-07-16T13:24:19Z</time></trkpt><trkpt lat="42.877191" lon="-7.911173"><ele>430.309</ele><time>2022-07-16T13:24:23Z</time></trkpt><trkpt lat="42.877233" lon="-7.911220"><ele>429.950</ele><time>2022-07-16T13:24:28Z</time></trkpt><trkpt lat="42.877251" lon="-7.911293"><ele>429.479</ele><time>2022-07-16T13:24:32Z</time></trkpt><trkpt lat="42.877270" lon="-7.911373"><ele>428.757</ele><time>2022-07-16T13:24:35Z</time></trkpt><trkpt lat="42.877278" lon="-7.911434"><ele>427.849</ele><time>2022-07-16T13:24:39Z</time></trkpt><trkpt lat="42.877293" lon="-7.911496"><ele>427.056</ele><time>2022-07-16T13:24:42Z</time></trkpt><trkpt lat="42.877315" lon="-7.911550"><ele>426.270</ele><time>2022-07-16T13:24:46Z</time></trkpt><trkpt lat="42.877342" lon="-7.911614"><ele>425.259</ele><time>2022-07-16T13:24:50Z</time></trkpt><trkpt lat="42.877359" lon="-7.911681"><ele>424.167</ele><time>2022-07-16T13:24:55Z</time></trkpt><trkpt lat="42.877382" lon="-7.911742"><ele>423.078</ele><time>2022-07-16T13:24:59Z</time></trkpt><trkpt lat="42.877414" lon="-7.911806"><ele>421.825</ele><time>2022-07-16T13:25:03Z</time></trkpt><trkpt lat="42.877447" lon="-7.911852"><ele>420.626</ele><time>2022-07-16T13:25:07Z</time></trkpt><trkpt lat="42.877485" lon="-7.911912"><ele>419.508</ele><time>2022-07-16T13:25:11Z</time></trkpt><trkpt lat="42.877522" lon="-7.911956"><ele>418.509</ele><time>2022-07-16T13:25:15Z</time></trkpt><trkpt lat="42.877555" lon="-7.912020"><ele>417.643</ele><time>2022-07-16T13:25:19Z</time></trkpt><trkpt lat="42.877575" lon="-7.912076"><ele>416.822</ele><time>2022-07-16T13:25:23Z</time></trkpt><trkpt lat="42.877609" lon="-7.912117"><ele>416.040</ele><time>2022-07-16T13:25:28Z</time></trkpt><trkpt lat="42.877602" lon="-7.912194"><ele>415.382</ele><time>2022-07-16T13:25:47Z</time></trkpt><trkpt lat="42.877637" lon="-7.912241"><ele>414.779</ele><time>2022-07-16T13:25:50Z</time></trkpt><trkpt lat="42.877669" lon="-7.912291"><ele>414.363</ele><time>2022-07-16T13:25:53Z</time></trkpt><trkpt lat="42.877713" lon="-7.912323"><ele>414.032</ele><time>2022-07-16T13:25:55Z</time></trkpt><trkpt lat="42.877757" lon="-7.912351"><ele>413.670</ele><time>2022-07-16T13:25:57Z</time></trkpt><trkpt lat="42.877794" lon="-7.912407"><ele>413.251</ele><time>2022-07-16T13:26:00Z</time></trkpt><trkpt lat="42.877818" lon="-7.912463"><ele>412.943</ele><time>2022-07-16T13:26:03Z</time></trkpt><trkpt lat="42.877836" lon="-7.912530"><ele>412.564</ele><time>2022-07-16T13:26:07Z</time></trkpt><trkpt lat="42.877857" lon="-7.912585"><ele>412.110</ele><time>2022-07-16T13:26:10Z</time></trkpt><trkpt lat="42.877867" lon="-7.912661"><ele>411.709</ele><time>2022-07-16T13:26:13Z</time></trkpt><trkpt lat="42.877887" lon="-7.912727"><ele>411.235</ele><time>2022-07-16T13:26:16Z</time></trkpt><trkpt lat="42.877908" lon="-7.912803"><ele>410.624</ele><time>2022-07-16T13:26:20Z</time></trkpt><trkpt lat="42.877941" lon="-7.912862"><ele>410.152</ele><time>2022-07-16T13:26:24Z</time></trkpt><trkpt lat="42.877952" lon="-7.912933"><ele>409.624</ele><time>2022-07-16T13:26:28Z</time></trkpt><trkpt lat="42.877951" lon="-7.913012"><ele>409.131</ele><time>2022-07-16T13:26:31Z</time></trkpt><trkpt lat="42.877942" lon="-7.913073"><ele>408.425</ele><time>2022-07-16T13:26:33Z</time></trkpt><trkpt lat="42.877938" lon="-7.913145"><ele>408.234</ele><time>2022-07-16T13:26:36Z</time></trkpt><trkpt lat="42.877918" lon="-7.913208"><ele>407.952</ele><time>2022-07-16T13:26:39Z</time></trkpt><trkpt lat="42.877901" lon="-7.913275"><ele>407.563</ele><time>2022-07-16T13:26:42Z</time></trkpt><trkpt lat="42.877903" lon="-7.913349"><ele>407.017</ele><time>2022-07-16T13:26:45Z</time></trkpt><trkpt lat="42.877912" lon="-7.913422"><ele>406.587</ele><time>2022-07-16T13:26:49Z</time></trkpt><trkpt lat="42.877937" lon="-7.913478"><ele>406.015</ele><time>2022-07-16T13:26:52Z</time></trkpt><trkpt lat="42.877960" lon="-7.913534"><ele>405.509</ele><time>2022-07-16T13:26:55Z</time></trkpt><trkpt lat="42.877991" lon="-7.913600"><ele>405.162</ele><time>2022-07-16T13:26:59Z</time></trkpt><trkpt lat="42.878019" lon="-7.913666"><ele>404.881</ele><time>2022-07-16T13:27:03Z</time></trkpt><trkpt lat="42.878049" lon="-7.913728"><ele>404.699</ele><time>2022-07-16T13:27:07Z</time></trkpt><trkpt lat="42.878077" lon="-7.913792"><ele>404.541</ele><time>2022-07-16T13:27:11Z</time></trkpt><trkpt lat="42.878096" lon="-7.913864"><ele>404.548</ele><time>2022-07-16T13:27:15Z</time></trkpt><trkpt lat="42.878102" lon="-7.913931"><ele>404.552</ele><time>2022-07-16T13:27:19Z</time></trkpt><trkpt lat="42.878102" lon="-7.914000"><ele>404.571</ele><time>2022-07-16T13:27:24Z</time></trkpt><trkpt lat="42.878105" lon="-7.914064"><ele>404.639</ele><time>2022-07-16T13:27:27Z</time></trkpt><trkpt lat="42.878117" lon="-7.914123"><ele>404.810</ele><time>2022-07-16T13:27:30Z</time></trkpt><trkpt lat="42.878138" lon="-7.914179"><ele>404.949</ele><time>2022-07-16T13:27:34Z</time></trkpt><trkpt lat="42.878189" lon="-7.914218"><ele>404.902</ele><time>2022-07-16T13:27:39Z</time></trkpt><trkpt lat="42.878236" lon="-7.914241"><ele>405.122</ele><time>2022-07-16T13:27:43Z</time></trkpt><trkpt lat="42.878290" lon="-7.914256"><ele>405.209</ele><time>2022-07-16T13:27:47Z</time></trkpt><trkpt lat="42.878336" lon="-7.914288"><ele>405.335</ele><time>2022-07-16T13:27:51Z</time></trkpt><trkpt lat="42.878373" lon="-7.914324"><ele>405.534</ele><time>2022-07-16T13:27:54Z</time></trkpt><trkpt lat="42.878408" lon="-7.914364"><ele>405.862</ele><time>2022-07-16T13:27:57Z</time></trkpt><trkpt lat="42.878447" lon="-7.914405"><ele>406.254</ele><time>2022-07-16T13:28:01Z</time></trkpt><trkpt lat="42.878499" lon="-7.914421"><ele>406.651</ele><time>2022-07-16T13:28:05Z</time></trkpt><trkpt lat="42.878551" lon="-7.914452"><ele>407.095</ele><time>2022-07-16T13:28:09Z</time></trkpt><trkpt lat="42.878599" lon="-7.914478"><ele>407.444</ele><time>2022-07-16T13:28:13Z</time></trkpt><trkpt lat="42.878644" lon="-7.914510"><ele>407.722</ele><time>2022-07-16T13:28:19Z</time></trkpt><trkpt lat="42.878698" lon="-7.914527"><ele>407.933</ele><time>2022-07-16T13:28:24Z</time></trkpt><trkpt lat="42.878745" lon="-7.914563"><ele>408.156</ele><time>2022-07-16T13:28:29Z</time></trkpt><trkpt lat="42.878792" lon="-7.914598"><ele>408.459</ele><time>2022-07-16T13:28:35Z</time></trkpt><trkpt lat="42.878820" lon="-7.914649"><ele>408.914</ele><time>2022-07-16T13:28:39Z</time></trkpt><trkpt lat="42.878860" lon="-7.914708"><ele>409.409</ele><time>2022-07-16T13:28:44Z</time></trkpt><trkpt lat="42.878893" lon="-7.914763"><ele>409.876</ele><time>2022-07-16T13:28:48Z</time></trkpt><trkpt lat="42.878921" lon="-7.914815"><ele>410.215</ele><time>2022-07-16T13:28:53Z</time></trkpt><trkpt lat="42.878941" lon="-7.914884"><ele>410.713</ele><time>2022-07-16T13:28:59Z</time></trkpt><trkpt lat="42.878972" lon="-7.914940"><ele>411.235</ele><time>2022-07-16T13:29:05Z</time></trkpt><trkpt lat="42.879005" lon="-7.914987"><ele>411.942</ele><time>2022-07-16T13:29:10Z</time></trkpt><trkpt lat="42.879036" lon="-7.915043"><ele>412.886</ele><time>2022-07-16T13:29:15Z</time></trkpt><trkpt lat="42.879064" lon="-7.915127"><ele>414.075</ele><time>2022-07-16T13:29:19Z</time></trkpt><trkpt lat="42.879072" lon="-7.915197"><ele>414.723</ele><time>2022-07-16T13:29:24Z</time></trkpt><trkpt lat="42.879078" lon="-7.915268"><ele>415.244</ele><time>2022-07-16T13:29:29Z</time></trkpt><trkpt lat="42.879088" lon="-7.915334"><ele>415.992</ele><time>2022-07-16T13:29:33Z</time></trkpt><trkpt lat="42.879098" lon="-7.915407"><ele>416.473</ele><time>2022-07-16T13:29:37Z</time></trkpt><trkpt lat="42.879106" lon="-7.915480"><ele>416.620</ele><time>2022-07-16T13:29:41Z</time></trkpt><trkpt lat="42.879101" lon="-7.915548"><ele>417.009</ele><time>2022-07-16T13:29:44Z</time></trkpt><trkpt lat="42.879106" lon="-7.915620"><ele>417.390</ele><time>2022-07-16T13:29:47Z</time></trkpt><trkpt lat="42.879113" lon="-7.915693"><ele>417.699</ele><time>2022-07-16T13:29:51Z</time></trkpt><trkpt lat="42.879108" lon="-7.915765"><ele>417.827</ele><time>2022-07-16T13:29:54Z</time></trkpt><trkpt lat="42.879101" lon="-7.915828"><ele>418.199</ele><time>2022-07-16T13:29:58Z</time></trkpt><trkpt lat="42.879099" lon="-7.915904"><ele>418.456</ele><time>2022-07-16T13:30:02Z</time></trkpt><trkpt lat="42.879095" lon="-7.915972"><ele>418.790</ele><time>2022-07-16T13:30:05Z</time></trkpt><trkpt lat="42.879100" lon="-7.916038"><ele>419.049</ele><time>2022-07-16T13:30:08Z</time></trkpt><trkpt lat="42.879117" lon="-7.916117"><ele>419.217</ele><time>2022-07-16T13:30:13Z</time></trkpt><trkpt lat="42.879130" lon="-7.916189"><ele>419.418</ele><time>2022-07-16T13:30:16Z</time></trkpt><trkpt lat="42.879141" lon="-7.916248"><ele>419.741</ele><time>2022-07-16T13:30:19Z</time></trkpt><trkpt lat="42.879160" lon="-7.916321"><ele>420.081</ele><time>2022-07-16T13:30:23Z</time></trkpt><trkpt lat="42.879167" lon="-7.916389"><ele>420.209</ele><time>2022-07-16T13:30:27Z</time></trkpt><trkpt lat="42.879182" lon="-7.916455"><ele>420.409</ele><time>2022-07-16T13:30:31Z</time></trkpt><trkpt lat="42.879211" lon="-7.916526"><ele>420.635</ele><time>2022-07-16T13:30:35Z</time></trkpt><trkpt lat="42.879231" lon="-7.916581"><ele>420.884</ele><time>2022-07-16T13:30:38Z</time></trkpt><trkpt lat="42.879256" lon="-7.916644"><ele>421.082</ele><time>2022-07-16T13:30:42Z</time></trkpt><trkpt lat="42.879274" lon="-7.916716"><ele>421.214</ele><time>2022-07-16T13:30:47Z</time></trkpt><trkpt lat="42.879298" lon="-7.916785"><ele>421.481</ele><time>2022-07-16T13:30:51Z</time></trkpt><trkpt lat="42.879313" lon="-7.916857"><ele>421.755</ele><time>2022-07-16T13:30:56Z</time></trkpt><trkpt lat="42.879340" lon="-7.916920"><ele>422.084</ele><time>2022-07-16T13:31:00Z</time></trkpt><trkpt lat="42.879360" lon="-7.916976"><ele>422.122</ele><time>2022-07-16T13:31:03Z</time></trkpt><trkpt lat="42.879373" lon="-7.917045"><ele>422.373</ele><time>2022-07-16T13:31:06Z</time></trkpt><trkpt lat="42.879383" lon="-7.917124"><ele>422.563</ele><time>2022-07-16T13:31:09Z</time></trkpt><trkpt lat="42.879401" lon="-7.917187"><ele>422.744</ele><time>2022-07-16T13:31:12Z</time></trkpt><trkpt lat="42.879421" lon="-7.917248"><ele>422.918</ele><time>2022-07-16T13:31:15Z</time></trkpt><trkpt lat="42.879445" lon="-7.917300"><ele>423.209</ele><time>2022-07-16T13:31:18Z</time></trkpt><trkpt lat="42.879463" lon="-7.917357"><ele>423.467</ele><time>2022-07-16T13:31:21Z</time></trkpt><trkpt lat="42.879488" lon="-7.917429"><ele>423.646</ele><time>2022-07-16T13:31:25Z</time></trkpt><trkpt lat="42.879511" lon="-7.917501"><ele>423.824</ele><time>2022-07-16T13:31:29Z</time></trkpt><trkpt lat="42.879541" lon="-7.917567"><ele>423.956</ele><time>2022-07-16T13:31:33Z</time></trkpt><trkpt lat="42.879574" lon="-7.917618"><ele>424.093</ele><time>2022-07-16T13:31:37Z</time></trkpt><trkpt lat="42.879605" lon="-7.917674"><ele>424.117</ele><time>2022-07-16T13:31:41Z</time></trkpt><trkpt lat="42.879636" lon="-7.917738"><ele>424.146</ele><time>2022-07-16T13:31:45Z</time></trkpt><trkpt lat="42.879663" lon="-7.917810"><ele>424.254</ele><time>2022-07-16T13:31:50Z</time></trkpt><trkpt lat="42.879675" lon="-7.917881"><ele>424.385</ele><time>2022-07-16T13:31:56Z</time></trkpt><trkpt lat="42.879690" lon="-7.917941"><ele>424.422</ele><time>2022-07-16T13:32:00Z</time></trkpt><trkpt lat="42.879711" lon="-7.918005"><ele>424.562</ele><time>2022-07-16T13:32:04Z</time></trkpt><trkpt lat="42.879736" lon="-7.918082"><ele>424.608</ele><time>2022-07-16T13:32:09Z</time></trkpt><trkpt lat="42.879751" lon="-7.918142"><ele>424.609</ele><time>2022-07-16T13:32:12Z</time></trkpt><trkpt lat="42.879783" lon="-7.918206"><ele>424.663</ele><time>2022-07-16T13:32:14Z</time></trkpt><trkpt lat="42.879803" lon="-7.918269"><ele>424.652</ele><time>2022-07-16T13:32:18Z</time></trkpt><trkpt lat="42.879817" lon="-7.918337"><ele>424.690</ele><time>2022-07-16T13:32:22Z</time></trkpt><trkpt lat="42.879835" lon="-7.918395"><ele>424.792</ele><time>2022-07-16T13:32:25Z</time></trkpt><trkpt lat="42.879857" lon="-7.918452"><ele>424.979</ele><time>2022-07-16T13:32:27Z</time></trkpt><trkpt lat="42.879888" lon="-7.918510"><ele>425.133</ele><time>2022-07-16T13:32:30Z</time></trkpt><trkpt lat="42.879894" lon="-7.918572"><ele>425.292</ele><time>2022-07-16T13:32:34Z</time></trkpt><trkpt lat="42.879886" lon="-7.918644"><ele>425.210</ele><time>2022-07-16T13:32:38Z</time></trkpt><trkpt lat="42.879903" lon="-7.918736"><ele>425.291</ele><time>2022-07-16T13:32:48Z</time></trkpt><trkpt lat="42.879899" lon="-7.918801"><ele>425.229</ele><time>2022-07-16T13:32:51Z</time></trkpt><trkpt lat="42.879900" lon="-7.918887"><ele>425.200</ele><time>2022-07-16T13:32:55Z</time></trkpt><trkpt lat="42.879917" lon="-7.918946"><ele>425.220</ele><time>2022-07-16T13:32:58Z</time></trkpt><trkpt lat="42.879924" lon="-7.919019"><ele>425.309</ele><time>2022-07-16T13:33:02Z</time></trkpt><trkpt lat="42.879940" lon="-7.919098"><ele>425.463</ele><time>2022-07-16T13:33:05Z</time></trkpt><trkpt lat="42.879942" lon="-7.919177"><ele>425.642</ele><time>2022-07-16T13:33:08Z</time></trkpt><trkpt lat="42.879946" lon="-7.919246"><ele>425.790</ele><time>2022-07-16T13:33:11Z</time></trkpt><trkpt lat="42.879954" lon="-7.919315"><ele>425.982</ele><time>2022-07-16T13:33:14Z</time></trkpt><trkpt lat="42.879945" lon="-7.919388"><ele>426.029</ele><time>2022-07-16T13:33:18Z</time></trkpt><trkpt lat="42.879949" lon="-7.919456"><ele>426.123</ele><time>2022-07-16T13:33:23Z</time></trkpt><trkpt lat="42.879954" lon="-7.919552"><ele>426.312</ele><time>2022-07-16T13:33:36Z</time></trkpt><trkpt lat="42.879965" lon="-7.919631"><ele>426.610</ele><time>2022-07-16T13:33:41Z</time></trkpt><trkpt lat="42.879976" lon="-7.919708"><ele>426.911</ele><time>2022-07-16T13:33:45Z</time></trkpt><trkpt lat="42.879984" lon="-7.919783"><ele>427.162</ele><time>2022-07-16T13:33:48Z</time></trkpt><trkpt lat="42.879999" lon="-7.919855"><ele>427.383</ele><time>2022-07-16T13:33:53Z</time></trkpt><trkpt lat="42.880011" lon="-7.919917"><ele>427.411</ele><time>2022-07-16T13:33:56Z</time></trkpt><trkpt lat="42.880022" lon="-7.919981"><ele>427.509</ele><time>2022-07-16T13:33:59Z</time></trkpt><trkpt lat="42.880014" lon="-7.920053"><ele>427.897</ele><time>2022-07-16T13:34:03Z</time></trkpt><trkpt lat="42.880011" lon="-7.920118"><ele>428.126</ele><time>2022-07-16T13:34:08Z</time></trkpt><trkpt lat="42.880000" lon="-7.920202"><ele>428.584</ele><time>2022-07-16T13:34:13Z</time></trkpt><trkpt lat="42.880000" lon="-7.920275"><ele>428.986</ele><time>2022-07-16T13:34:18Z</time></trkpt><trkpt lat="42.880014" lon="-7.920336"><ele>429.523</ele><time>2022-07-16T13:34:22Z</time></trkpt><trkpt lat="42.880013" lon="-7.920407"><ele>430.377</ele><time>2022-07-16T13:34:26Z</time></trkpt><trkpt lat="42.880012" lon="-7.920473"><ele>430.926</ele><time>2022-07-16T13:34:30Z</time></trkpt><trkpt lat="42.880015" lon="-7.920539"><ele>431.364</ele><time>2022-07-16T13:34:34Z</time></trkpt><trkpt lat="42.880011" lon="-7.920612"><ele>431.635</ele><time>2022-07-16T13:34:39Z</time></trkpt><trkpt lat="42.880022" lon="-7.920697"><ele>431.956</ele><time>2022-07-16T13:34:44Z</time></trkpt><trkpt lat="42.880025" lon="-7.920760"><ele>432.259</ele><time>2022-07-16T13:34:46Z</time></trkpt><trkpt lat="42.880026" lon="-7.920830"><ele>432.714</ele><time>2022-07-16T13:34:51Z</time></trkpt><trkpt lat="42.880028" lon="-7.920900"><ele>433.109</ele><time>2022-07-16T13:34:56Z</time></trkpt><trkpt lat="42.880033" lon="-7.920970"><ele>433.656</ele><time>2022-07-16T13:35:00Z</time></trkpt><trkpt lat="42.880036" lon="-7.921044"><ele>434.395</ele><time>2022-07-16T13:35:04Z</time></trkpt><trkpt lat="42.880020" lon="-7.921109"><ele>434.993</ele><time>2022-07-16T13:35:07Z</time></trkpt><trkpt lat="42.880018" lon="-7.921173"><ele>435.585</ele><time>2022-07-16T13:35:11Z</time></trkpt><trkpt lat="42.880017" lon="-7.921248"><ele>436.122</ele><time>2022-07-16T13:35:15Z</time></trkpt><trkpt lat="42.880030" lon="-7.921323"><ele>436.726</ele><time>2022-07-16T13:35:20Z</time></trkpt><trkpt lat="42.880036" lon="-7.921392"><ele>437.495</ele><time>2022-07-16T13:35:25Z</time></trkpt><trkpt lat="42.880043" lon="-7.921457"><ele>438.043</ele><time>2022-07-16T13:35:31Z</time></trkpt><trkpt lat="42.880059" lon="-7.921523"><ele>438.544</ele><time>2022-07-16T13:35:36Z</time></trkpt><trkpt lat="42.880049" lon="-7.921586"><ele>438.867</ele><time>2022-07-16T13:35:41Z</time></trkpt><trkpt lat="42.880052" lon="-7.921662"><ele>439.281</ele><time>2022-07-16T13:35:45Z</time></trkpt><trkpt lat="42.880040" lon="-7.921723"><ele>439.719</ele><time>2022-07-16T13:35:49Z</time></trkpt><trkpt lat="42.880030" lon="-7.921785"><ele>440.209</ele><time>2022-07-16T13:35:52Z</time></trkpt><trkpt lat="42.880010" lon="-7.921846"><ele>440.667</ele><time>2022-07-16T13:35:55Z</time></trkpt><trkpt lat="42.879991" lon="-7.921908"><ele>441.026</ele><time>2022-07-16T13:35:59Z</time></trkpt><trkpt lat="42.879974" lon="-7.921971"><ele>441.264</ele><time>2022-07-16T13:36:03Z</time></trkpt><trkpt lat="42.879954" lon="-7.922032"><ele>441.536</ele><time>2022-07-16T13:36:07Z</time></trkpt><trkpt lat="42.879937" lon="-7.922105"><ele>441.813</ele><time>2022-07-16T13:36:11Z</time></trkpt><trkpt lat="42.879919" lon="-7.922168"><ele>442.157</ele><time>2022-07-16T13:36:15Z</time></trkpt><trkpt lat="42.879893" lon="-7.922234"><ele>442.426</ele><time>2022-07-16T13:36:19Z</time></trkpt><trkpt lat="42.879855" lon="-7.922291"><ele>442.764</ele><time>2022-07-16T13:36:24Z</time></trkpt><trkpt lat="42.879825" lon="-7.922344"><ele>443.025</ele><time>2022-07-16T13:36:28Z</time></trkpt><trkpt lat="42.879791" lon="-7.922403"><ele>443.487</ele><time>2022-07-16T13:36:32Z</time></trkpt><trkpt lat="42.879763" lon="-7.922471"><ele>444.142</ele><time>2022-07-16T13:36:36Z</time></trkpt><trkpt lat="42.879736" lon="-7.922540"><ele>444.526</ele><time>2022-07-16T13:36:40Z</time></trkpt><trkpt lat="42.879713" lon="-7.922596"><ele>444.709</ele><time>2022-07-16T13:36:43Z</time></trkpt><trkpt lat="42.879687" lon="-7.922661"><ele>445.379</ele><time>2022-07-16T13:36:47Z</time></trkpt><trkpt lat="42.879668" lon="-7.922722"><ele>445.428</ele><time>2022-07-16T13:36:50Z</time></trkpt><trkpt lat="42.879645" lon="-7.922777"><ele>445.756</ele><time>2022-07-16T13:36:54Z</time></trkpt><trkpt lat="42.879630" lon="-7.922839"><ele>446.118</ele><time>2022-07-16T13:36:57Z</time></trkpt><trkpt lat="42.879607" lon="-7.922893"><ele>446.595</ele><time>2022-07-16T13:37:01Z</time></trkpt><trkpt lat="42.879588" lon="-7.922951"><ele>446.999</ele><time>2022-07-16T13:37:04Z</time></trkpt><trkpt lat="42.879580" lon="-7.923018"><ele>447.248</ele><time>2022-07-16T13:37:08Z</time></trkpt><trkpt lat="42.879568" lon="-7.923078"><ele>447.556</ele><time>2022-07-16T13:37:12Z</time></trkpt><trkpt lat="42.879556" lon="-7.923140"><ele>447.767</ele><time>2022-07-16T13:37:15Z</time></trkpt><trkpt lat="42.879550" lon="-7.923216"><ele>447.986</ele><time>2022-07-16T13:37:19Z</time></trkpt><trkpt lat="42.879543" lon="-7.923277"><ele>448.260</ele><time>2022-07-16T13:37:22Z</time></trkpt><trkpt lat="42.879533" lon="-7.923349"><ele>448.626</ele><time>2022-07-16T13:37:27Z</time></trkpt><trkpt lat="42.879524" lon="-7.923409"><ele>448.909</ele><time>2022-07-16T13:37:31Z</time></trkpt><trkpt lat="42.879512" lon="-7.923473"><ele>449.329</ele><time>2022-07-16T13:37:36Z</time></trkpt><trkpt lat="42.879488" lon="-7.923549"><ele>449.748</ele><time>2022-07-16T13:37:40Z</time></trkpt><trkpt lat="42.879464" lon="-7.923603"><ele>449.946</ele><time>2022-07-16T13:37:44Z</time></trkpt><trkpt lat="42.879444" lon="-7.923673"><ele>450.158</ele><time>2022-07-16T13:37:49Z</time></trkpt><trkpt lat="42.879417" lon="-7.923749"><ele>450.585</ele><time>2022-07-16T13:37:53Z</time></trkpt><trkpt lat="42.879402" lon="-7.923823"><ele>450.959</ele><time>2022-07-16T13:37:57Z</time></trkpt><trkpt lat="42.879382" lon="-7.923900"><ele>451.188</ele><time>2022-07-16T13:38:01Z</time></trkpt><trkpt lat="42.879367" lon="-7.923986"><ele>451.256</ele><time>2022-07-16T13:38:05Z</time></trkpt><trkpt lat="42.879353" lon="-7.924046"><ele>451.367</ele><time>2022-07-16T13:38:09Z</time></trkpt><trkpt lat="42.879338" lon="-7.924118"><ele>451.516</ele><time>2022-07-16T13:38:13Z</time></trkpt><trkpt lat="42.879330" lon="-7.924194"><ele>451.876</ele><time>2022-07-16T13:38:17Z</time></trkpt><trkpt lat="42.879327" lon="-7.924263"><ele>451.913</ele><time>2022-07-16T13:38:20Z</time></trkpt><trkpt lat="42.879326" lon="-7.924328"><ele>452.009</ele><time>2022-07-16T13:38:24Z</time></trkpt><trkpt lat="42.879311" lon="-7.924386"><ele>452.292</ele><time>2022-07-16T13:38:27Z</time></trkpt><trkpt lat="42.879295" lon="-7.924446"><ele>452.441</ele><time>2022-07-16T13:38:31Z</time></trkpt><trkpt lat="42.879297" lon="-7.924518"><ele>452.669</ele><time>2022-07-16T13:38:35Z</time></trkpt><trkpt lat="42.879289" lon="-7.924599"><ele>452.731</ele><time>2022-07-16T13:38:39Z</time></trkpt><trkpt lat="42.879299" lon="-7.924662"><ele>452.898</ele><time>2022-07-16T13:38:43Z</time></trkpt><trkpt lat="42.879304" lon="-7.924735"><ele>453.032</ele><time>2022-07-16T13:38:47Z</time></trkpt><trkpt lat="42.879316" lon="-7.924810"><ele>453.291</ele><time>2022-07-16T13:38:50Z</time></trkpt><trkpt lat="42.879324" lon="-7.924883"><ele>453.249</ele><time>2022-07-16T13:38:54Z</time></trkpt><trkpt lat="42.879323" lon="-7.924958"><ele>453.280</ele><time>2022-07-16T13:38:59Z</time></trkpt><trkpt lat="42.879315" lon="-7.925026"><ele>453.323</ele><time>2022-07-16T13:39:03Z</time></trkpt><trkpt lat="42.879299" lon="-7.925090"><ele>453.483</ele><time>2022-07-16T13:39:07Z</time></trkpt><trkpt lat="42.879302" lon="-7.925153"><ele>453.611</ele><time>2022-07-16T13:39:10Z</time></trkpt><trkpt lat="42.879296" lon="-7.925215"><ele>453.809</ele><time>2022-07-16T13:39:13Z</time></trkpt><trkpt lat="42.879294" lon="-7.925295"><ele>453.993</ele><time>2022-07-16T13:39:16Z</time></trkpt><trkpt lat="42.879289" lon="-7.925356"><ele>454.022</ele><time>2022-07-16T13:39:19Z</time></trkpt><trkpt lat="42.879295" lon="-7.925418"><ele>454.180</ele><time>2022-07-16T13:39:22Z</time></trkpt><trkpt lat="42.879299" lon="-7.925490"><ele>454.212</ele><time>2022-07-16T13:39:25Z</time></trkpt><trkpt lat="42.879297" lon="-7.925552"><ele>454.389</ele><time>2022-07-16T13:39:28Z</time></trkpt><trkpt lat="42.879301" lon="-7.925636"><ele>454.483</ele><time>2022-07-16T13:39:31Z</time></trkpt><trkpt lat="42.879312" lon="-7.925703"><ele>454.562</ele><time>2022-07-16T13:39:34Z</time></trkpt><trkpt lat="42.879305" lon="-7.925781"><ele>454.750</ele><time>2022-07-16T13:39:37Z</time></trkpt><trkpt lat="42.879281" lon="-7.925843"><ele>455.071</ele><time>2022-07-16T13:39:40Z</time></trkpt><trkpt lat="42.879253" lon="-7.925914"><ele>455.465</ele><time>2022-07-16T13:39:44Z</time></trkpt><trkpt lat="42.879229" lon="-7.925993"><ele>455.668</ele><time>2022-07-16T13:39:48Z</time></trkpt><trkpt lat="42.879205" lon="-7.926059"><ele>455.714</ele><time>2022-07-16T13:39:52Z</time></trkpt><trkpt lat="42.879188" lon="-7.926118"><ele>455.709</ele><time>2022-07-16T13:39:55Z</time></trkpt><trkpt lat="42.879172" lon="-7.926181"><ele>455.767</ele><time>2022-07-16T13:39:59Z</time></trkpt><trkpt lat="42.879147" lon="-7.926237"><ele>455.766</ele><time>2022-07-16T13:40:03Z</time></trkpt><trkpt lat="42.879101" lon="-7.926288"><ele>455.814</ele><time>2022-07-16T13:40:07Z</time></trkpt><trkpt lat="42.879058" lon="-7.926332"><ele>455.986</ele><time>2022-07-16T13:40:10Z</time></trkpt><trkpt lat="42.879031" lon="-7.926391"><ele>456.023</ele><time>2022-07-16T13:40:13Z</time></trkpt><trkpt lat="42.879003" lon="-7.926444"><ele>456.177</ele><time>2022-07-16T13:40:16Z</time></trkpt><trkpt lat="42.878974" lon="-7.926491"><ele>456.256</ele><time>2022-07-16T13:40:19Z</time></trkpt><trkpt lat="42.878955" lon="-7.926563"><ele>456.364</ele><time>2022-07-16T13:40:23Z</time></trkpt><trkpt lat="42.878941" lon="-7.926631"><ele>456.465</ele><time>2022-07-16T13:40:27Z</time></trkpt><trkpt lat="42.878921" lon="-7.926695"><ele>456.525</ele><time>2022-07-16T13:40:31Z</time></trkpt><trkpt lat="42.878891" lon="-7.926748"><ele>456.726</ele><time>2022-07-16T13:40:35Z</time></trkpt><trkpt lat="42.878857" lon="-7.926805"><ele>456.808</ele><time>2022-07-16T13:40:38Z</time></trkpt><trkpt lat="42.878853" lon="-7.926873"><ele>457.009</ele><time>2022-07-16T13:40:43Z</time></trkpt><trkpt lat="42.878845" lon="-7.926936"><ele>457.213</ele><time>2022-07-16T13:40:46Z</time></trkpt><trkpt lat="42.878837" lon="-7.927002"><ele>457.452</ele><time>2022-07-16T13:40:49Z</time></trkpt><trkpt lat="42.878819" lon="-7.927062"><ele>457.680</ele><time>2022-07-16T13:40:53Z</time></trkpt><trkpt lat="42.878808" lon="-7.927124"><ele>457.872</ele><time>2022-07-16T13:40:56Z</time></trkpt><trkpt lat="42.878788" lon="-7.927180"><ele>458.099</ele><time>2022-07-16T13:40:59Z</time></trkpt><trkpt lat="42.878777" lon="-7.927245"><ele>458.233</ele><time>2022-07-16T13:41:03Z</time></trkpt><trkpt lat="42.878769" lon="-7.927317"><ele>458.382</ele><time>2022-07-16T13:41:07Z</time></trkpt><trkpt lat="42.878758" lon="-7.927380"><ele>458.480</ele><time>2022-07-16T13:41:11Z</time></trkpt><trkpt lat="42.878750" lon="-7.927454"><ele>458.731</ele><time>2022-07-16T13:41:15Z</time></trkpt><trkpt lat="42.878757" lon="-7.927529"><ele>459.024</ele><time>2022-07-16T13:41:19Z</time></trkpt><trkpt lat="42.878759" lon="-7.927609"><ele>459.404</ele><time>2022-07-16T13:41:23Z</time></trkpt><trkpt lat="42.878753" lon="-7.927683"><ele>459.814</ele><time>2022-07-16T13:41:27Z</time></trkpt><trkpt lat="42.878757" lon="-7.927751"><ele>460.209</ele><time>2022-07-16T13:41:31Z</time></trkpt><trkpt lat="42.878753" lon="-7.927820"><ele>460.483</ele><time>2022-07-16T13:41:35Z</time></trkpt><trkpt lat="42.878758" lon="-7.927894"><ele>460.762</ele><time>2022-07-16T13:41:39Z</time></trkpt><trkpt lat="42.878754" lon="-7.927966"><ele>461.190</ele><time>2022-07-16T13:41:43Z</time></trkpt><trkpt lat="42.878758" lon="-7.928034"><ele>461.582</ele><time>2022-07-16T13:41:47Z</time></trkpt><trkpt lat="42.878766" lon="-7.928095"><ele>462.079</ele><time>2022-07-16T13:41:51Z</time></trkpt><trkpt lat="42.878757" lon="-7.928169"><ele>462.683</ele><time>2022-07-16T13:41:55Z</time></trkpt><trkpt lat="42.878750" lon="-7.928231"><ele>463.172</ele><time>2022-07-16T13:41:59Z</time></trkpt><trkpt lat="42.878747" lon="-7.928297"><ele>463.490</ele><time>2022-07-16T13:42:07Z</time></trkpt><trkpt lat="42.878766" lon="-7.928355"><ele>463.611</ele><time>2022-07-16T13:42:11Z</time></trkpt><trkpt lat="42.878765" lon="-7.928425"><ele>463.918</ele><time>2022-07-16T13:42:16Z</time></trkpt><trkpt lat="42.878767" lon="-7.928502"><ele>464.198</ele><time>2022-07-16T13:42:20Z</time></trkpt><trkpt lat="42.878766" lon="-7.928570"><ele>464.317</ele><time>2022-07-16T13:42:24Z</time></trkpt><trkpt lat="42.878768" lon="-7.928644"><ele>464.609</ele><time>2022-07-16T13:42:28Z</time></trkpt><trkpt lat="42.878769" lon="-7.928712"><ele>464.982</ele><time>2022-07-16T13:42:32Z</time></trkpt><trkpt lat="42.878776" lon="-7.928775"><ele>465.111</ele><time>2022-07-16T13:42:36Z</time></trkpt><trkpt lat="42.878781" lon="-7.928839"><ele>465.429</ele><time>2022-07-16T13:42:40Z</time></trkpt><trkpt lat="42.878801" lon="-7.928899"><ele>465.711</ele><time>2022-07-16T13:42:45Z</time></trkpt><trkpt lat="42.878819" lon="-7.928959"><ele>466.188</ele><time>2022-07-16T13:42:50Z</time></trkpt><trkpt lat="42.878843" lon="-7.929028"><ele>466.772</ele><time>2022-07-16T13:42:54Z</time></trkpt><trkpt lat="42.878862" lon="-7.929103"><ele>467.271</ele><time>2022-07-16T13:42:58Z</time></trkpt><trkpt lat="42.878884" lon="-7.929175"><ele>467.669</ele><time>2022-07-16T13:43:02Z</time></trkpt><trkpt lat="42.878902" lon="-7.929249"><ele>468.140</ele><time>2022-07-16T13:43:06Z</time></trkpt><trkpt lat="42.878927" lon="-7.929314"><ele>468.621</ele><time>2022-07-16T13:43:10Z</time></trkpt><trkpt lat="42.878925" lon="-7.929379"><ele>469.141</ele><time>2022-07-16T13:43:14Z</time></trkpt><trkpt lat="42.878948" lon="-7.929439"><ele>469.305</ele><time>2022-07-16T13:47:33Z</time></trkpt><trkpt lat="42.878968" lon="-7.929507"><ele>469.709</ele><time>2022-07-16T13:47:39Z</time></trkpt><trkpt lat="42.878983" lon="-7.929578"><ele>470.323</ele><time>2022-07-16T13:47:45Z</time></trkpt><trkpt lat="42.879000" lon="-7.929639"><ele>471.042</ele><time>2022-07-16T13:47:50Z</time></trkpt><trkpt lat="42.879013" lon="-7.929711"><ele>471.590</ele><time>2022-07-16T13:47:55Z</time></trkpt><trkpt lat="42.879021" lon="-7.929775"><ele>471.942</ele><time>2022-07-16T13:47:59Z</time></trkpt><trkpt lat="42.879036" lon="-7.929839"><ele>472.479</ele><time>2022-07-16T13:48:03Z</time></trkpt><trkpt lat="42.879053" lon="-7.929905"><ele>472.963</ele><time>2022-07-16T13:48:08Z</time></trkpt><trkpt lat="42.879065" lon="-7.929967"><ele>473.562</ele><time>2022-07-16T13:48:12Z</time></trkpt><trkpt lat="42.879086" lon="-7.930036"><ele>474.270</ele><time>2022-07-16T13:48:16Z</time></trkpt><trkpt lat="42.879093" lon="-7.930105"><ele>474.841</ele><time>2022-07-16T13:48:21Z</time></trkpt><trkpt lat="42.879104" lon="-7.930176"><ele>475.327</ele><time>2022-07-16T13:48:25Z</time></trkpt><trkpt lat="42.879114" lon="-7.930249"><ele>475.968</ele><time>2022-07-16T13:48:30Z</time></trkpt><trkpt lat="42.879119" lon="-7.930326"><ele>476.514</ele><time>2022-07-16T13:48:35Z</time></trkpt><trkpt lat="42.879131" lon="-7.930401"><ele>477.609</ele><time>2022-07-16T13:48:39Z</time></trkpt><trkpt lat="42.879128" lon="-7.930468"><ele>478.273</ele><time>2022-07-16T13:48:43Z</time></trkpt><trkpt lat="42.879129" lon="-7.930530"><ele>478.542</ele><time>2022-07-16T13:48:47Z</time></trkpt><trkpt lat="42.879128" lon="-7.930594"><ele>479.050</ele><time>2022-07-16T13:48:51Z</time></trkpt><trkpt lat="42.879129" lon="-7.930656"><ele>479.622</ele><time>2022-07-16T13:48:56Z</time></trkpt><trkpt lat="42.879129" lon="-7.930733"><ele>480.129</ele><time>2022-07-16T13:49:01Z</time></trkpt><trkpt lat="42.879131" lon="-7.930799"><ele>480.783</ele><time>2022-07-16T13:49:05Z</time></trkpt><trkpt lat="42.879136" lon="-7.930880"><ele>481.482</ele><time>2022-07-16T13:49:10Z</time></trkpt><trkpt lat="42.879168" lon="-7.930945"><ele>482.060</ele><time>2022-07-16T13:49:14Z</time></trkpt><trkpt lat="42.879201" lon="-7.931009"><ele>482.841</ele><time>2022-07-16T13:49:18Z</time></trkpt><trkpt lat="42.879231" lon="-7.931075"><ele>483.382</ele><time>2022-07-16T13:49:22Z</time></trkpt><trkpt lat="42.879264" lon="-7.931117"><ele>483.843</ele><time>2022-07-16T13:49:25Z</time></trkpt><trkpt lat="42.879306" lon="-7.931169"><ele>484.417</ele><time>2022-07-16T13:49:29Z</time></trkpt><trkpt lat="42.879347" lon="-7.931223"><ele>484.809</ele><time>2022-07-16T13:49:33Z</time></trkpt><trkpt lat="42.879386" lon="-7.931275"><ele>485.069</ele><time>2022-07-16T13:49:37Z</time></trkpt><trkpt lat="42.879426" lon="-7.931321"><ele>485.148</ele><time>2022-07-16T13:49:41Z</time></trkpt><trkpt lat="42.879471" lon="-7.931363"><ele>485.356</ele><time>2022-07-16T13:49:46Z</time></trkpt><trkpt lat="42.879510" lon="-7.931409"><ele>485.558</ele><time>2022-07-16T13:49:50Z</time></trkpt><trkpt lat="42.879553" lon="-7.931453"><ele>485.595</ele><time>2022-07-16T13:49:54Z</time></trkpt><trkpt lat="42.879592" lon="-7.931496"><ele>485.669</ele><time>2022-07-16T13:49:58Z</time></trkpt><trkpt lat="42.879629" lon="-7.931543"><ele>485.788</ele><time>2022-07-16T13:50:02Z</time></trkpt><trkpt lat="42.879667" lon="-7.931583"><ele>485.816</ele><time>2022-07-16T13:50:06Z</time></trkpt><trkpt lat="42.879712" lon="-7.931619"><ele>485.957</ele><time>2022-07-16T13:50:10Z</time></trkpt><trkpt lat="42.879756" lon="-7.931656"><ele>486.082</ele><time>2022-07-16T13:50:14Z</time></trkpt><trkpt lat="42.879802" lon="-7.931692"><ele>486.143</ele><time>2022-07-16T13:50:19Z</time></trkpt><trkpt lat="42.879838" lon="-7.931730"><ele>486.117</ele><time>2022-07-16T13:50:23Z</time></trkpt><trkpt lat="42.879877" lon="-7.931789"><ele>486.109</ele><time>2022-07-16T13:50:27Z</time></trkpt><trkpt lat="42.879908" lon="-7.931835"><ele>486.199</ele><time>2022-07-16T13:50:30Z</time></trkpt><trkpt lat="42.879946" lon="-7.931880"><ele>486.058</ele><time>2022-07-16T13:50:34Z</time></trkpt><trkpt lat="42.879974" lon="-7.931941"><ele>485.886</ele><time>2022-07-16T13:50:38Z</time></trkpt><trkpt lat="42.879997" lon="-7.931999"><ele>485.458</ele><time>2022-07-16T13:50:41Z</time></trkpt><trkpt lat="42.880042" lon="-7.932059"><ele>484.985</ele><time>2022-07-16T13:50:45Z</time></trkpt><trkpt lat="42.880075" lon="-7.932114"><ele>484.449</ele><time>2022-07-16T13:50:48Z</time></trkpt><trkpt lat="42.880112" lon="-7.932176"><ele>483.798</ele><time>2022-07-16T13:50:52Z</time></trkpt><trkpt lat="42.880127" lon="-7.932235"><ele>483.596</ele><time>2022-07-16T13:50:56Z</time></trkpt><trkpt lat="42.880144" lon="-7.932293"><ele>483.237</ele><time>2022-07-16T13:51:00Z</time></trkpt><trkpt lat="42.880164" lon="-7.932353"><ele>482.927</ele><time>2022-07-16T13:51:03Z</time></trkpt><trkpt lat="42.880179" lon="-7.932427"><ele>482.768</ele><time>2022-07-16T13:51:07Z</time></trkpt><trkpt lat="42.880197" lon="-7.932490"><ele>482.514</ele><time>2022-07-16T13:51:11Z</time></trkpt><trkpt lat="42.880211" lon="-7.932572"><ele>482.309</ele><time>2022-07-16T13:51:15Z</time></trkpt><trkpt lat="42.880234" lon="-7.932649"><ele>481.993</ele><time>2022-07-16T13:51:19Z</time></trkpt><trkpt lat="42.880247" lon="-7.932718"><ele>481.792</ele><time>2022-07-16T13:51:23Z</time></trkpt><trkpt lat="42.880268" lon="-7.932787"><ele>481.470</ele><time>2022-07-16T13:51:27Z</time></trkpt><trkpt lat="42.880287" lon="-7.932864"><ele>481.192</ele><time>2022-07-16T13:51:30Z</time></trkpt><trkpt lat="42.880300" lon="-7.932923"><ele>480.879</ele><time>2022-07-16T13:51:33Z</time></trkpt><trkpt lat="42.880316" lon="-7.932985"><ele>480.753</ele><time>2022-07-16T13:51:37Z</time></trkpt><trkpt lat="42.880329" lon="-7.933046"><ele>480.572</ele><time>2022-07-16T13:51:40Z</time></trkpt><trkpt lat="42.880344" lon="-7.933104"><ele>480.310</ele><time>2022-07-16T13:51:43Z</time></trkpt><trkpt lat="42.880363" lon="-7.933175"><ele>480.181</ele><time>2022-07-16T13:51:47Z</time></trkpt><trkpt lat="42.880379" lon="-7.933233"><ele>480.072</ele><time>2022-07-16T13:51:51Z</time></trkpt><trkpt lat="42.880396" lon="-7.933293"><ele>479.813</ele><time>2022-07-16T13:51:55Z</time></trkpt><trkpt lat="42.880412" lon="-7.933353"><ele>479.614</ele><time>2022-07-16T13:51:58Z</time></trkpt><trkpt lat="42.880432" lon="-7.933415"><ele>479.309</ele><time>2022-07-16T13:52:02Z</time></trkpt><trkpt lat="42.880455" lon="-7.933492"><ele>479.058</ele><time>2022-07-16T13:52:06Z</time></trkpt><trkpt lat="42.880474" lon="-7.933560"><ele>478.887</ele><time>2022-07-16T13:52:09Z</time></trkpt><trkpt lat="42.880489" lon="-7.933622"><ele>478.625</ele><time>2022-07-16T13:52:13Z</time></trkpt><trkpt lat="42.880508" lon="-7.933682"><ele>478.427</ele><time>2022-07-16T13:52:16Z</time></trkpt><trkpt lat="42.880520" lon="-7.933744"><ele>478.354</ele><time>2022-07-16T13:52:19Z</time></trkpt><trkpt lat="42.880530" lon="-7.933812"><ele>478.218</ele><time>2022-07-16T13:52:23Z</time></trkpt><trkpt lat="42.880552" lon="-7.933884"><ele>478.177</ele><time>2022-07-16T13:52:27Z</time></trkpt><trkpt lat="42.880566" lon="-7.933953"><ele>478.085</ele><time>2022-07-16T13:52:32Z</time></trkpt><trkpt lat="42.880582" lon="-7.934029"><ele>477.936</ele><time>2022-07-16T13:52:37Z</time></trkpt><trkpt lat="42.880602" lon="-7.934085"><ele>477.781</ele><time>2022-07-16T13:52:40Z</time></trkpt><trkpt lat="42.880622" lon="-7.934151"><ele>477.561</ele><time>2022-07-16T13:52:44Z</time></trkpt><trkpt lat="42.880638" lon="-7.934209"><ele>477.317</ele><time>2022-07-16T13:52:47Z</time></trkpt><trkpt lat="42.880660" lon="-7.934268"><ele>477.209</ele><time>2022-07-16T13:52:50Z</time></trkpt><trkpt lat="42.880700" lon="-7.934317"><ele>477.119</ele><time>2022-07-16T13:52:54Z</time></trkpt><trkpt lat="42.880742" lon="-7.934367"><ele>477.058</ele><time>2022-07-16T13:52:57Z</time></trkpt><trkpt lat="42.880771" lon="-7.934418"><ele>476.746</ele><time>2022-07-16T13:53:01Z</time></trkpt><trkpt lat="42.880779" lon="-7.934478"><ele>476.268</ele><time>2022-07-16T13:53:05Z</time></trkpt><trkpt lat="42.880779" lon="-7.934540"><ele>475.785</ele><time>2022-07-16T13:53:08Z</time></trkpt><trkpt lat="42.880782" lon="-7.934613"><ele>475.159</ele><time>2022-07-16T13:53:13Z</time></trkpt><trkpt lat="42.880767" lon="-7.934684"><ele>474.618</ele><time>2022-07-16T13:53:17Z</time></trkpt><trkpt lat="42.880772" lon="-7.934759"><ele>473.816</ele><time>2022-07-16T13:53:21Z</time></trkpt><trkpt lat="42.880770" lon="-7.934852"><ele>472.417</ele><time>2022-07-16T13:53:28Z</time></trkpt><trkpt lat="42.880761" lon="-7.934923"><ele>471.843</ele><time>2022-07-16T13:53:31Z</time></trkpt><trkpt lat="42.880771" lon="-7.934994"><ele>470.764</ele><time>2022-07-16T13:53:35Z</time></trkpt><trkpt lat="42.880747" lon="-7.935118"><ele>470.210</ele><time>2022-07-16T13:53:43Z</time></trkpt><trkpt lat="42.880733" lon="-7.935181"><ele>469.509</ele><time>2022-07-16T13:53:46Z</time></trkpt><trkpt lat="42.880710" lon="-7.935239"><ele>468.545</ele><time>2022-07-16T13:53:49Z</time></trkpt><trkpt lat="42.880697" lon="-7.935321"><ele>468.174</ele><time>2022-07-16T13:53:53Z</time></trkpt><trkpt lat="42.880684" lon="-7.935382"><ele>467.652</ele><time>2022-07-16T13:53:56Z</time></trkpt><trkpt lat="42.880677" lon="-7.935480"><ele>466.824</ele><time>2022-07-16T13:54:01Z</time></trkpt><trkpt lat="42.880686" lon="-7.935559"><ele>466.311</ele><time>2022-07-16T13:54:04Z</time></trkpt><trkpt lat="42.880695" lon="-7.935630"><ele>465.795</ele><time>2022-07-16T13:54:08Z</time></trkpt><trkpt lat="42.880680" lon="-7.935709"><ele>465.274</ele><time>2022-07-16T13:54:13Z</time></trkpt><trkpt lat="42.880668" lon="-7.935778"><ele>464.512</ele><time>2022-07-16T13:54:16Z</time></trkpt><trkpt lat="42.880658" lon="-7.935841"><ele>463.893</ele><time>2022-07-16T13:54:19Z</time></trkpt><trkpt lat="42.880646" lon="-7.935904"><ele>463.614</ele><time>2022-07-16T13:54:22Z</time></trkpt><trkpt lat="42.880649" lon="-7.935980"><ele>463.254</ele><time>2022-07-16T13:54:26Z</time></trkpt><trkpt lat="42.880638" lon="-7.936053"><ele>462.809</ele><time>2022-07-16T13:54:29Z</time></trkpt><trkpt lat="42.880631" lon="-7.936115"><ele>462.309</ele><time>2022-07-16T13:54:32Z</time></trkpt><trkpt lat="42.880618" lon="-7.936178"><ele>461.962</ele><time>2022-07-16T13:54:35Z</time></trkpt><trkpt lat="42.880616" lon="-7.936251"><ele>461.621</ele><time>2022-07-16T13:54:39Z</time></trkpt><trkpt lat="42.880603" lon="-7.936328"><ele>461.229</ele><time>2022-07-16T13:54:43Z</time></trkpt><trkpt lat="42.880589" lon="-7.936396"><ele>460.891</ele><time>2022-07-16T13:54:46Z</time></trkpt><trkpt lat="42.880573" lon="-7.936470"><ele>460.438</ele><time>2022-07-16T13:54:50Z</time></trkpt><trkpt lat="42.880553" lon="-7.936530"><ele>460.012</ele><time>2022-07-16T13:54:53Z</time></trkpt><trkpt lat="42.880546" lon="-7.936600"><ele>459.741</ele><time>2022-07-16T13:54:57Z</time></trkpt><trkpt lat="42.880515" lon="-7.936669"><ele>459.489</ele><time>2022-07-16T13:55:00Z</time></trkpt><trkpt lat="42.880507" lon="-7.936739"><ele>459.040</ele><time>2022-07-16T13:55:04Z</time></trkpt><trkpt lat="42.880499" lon="-7.936810"><ele>458.679</ele><time>2022-07-16T13:55:08Z</time></trkpt><trkpt lat="42.880489" lon="-7.936875"><ele>458.105</ele><time>2022-07-16T13:55:11Z</time></trkpt><trkpt lat="42.880463" lon="-7.936944"><ele>457.625</ele><time>2022-07-16T13:55:15Z</time></trkpt><trkpt lat="42.880464" lon="-7.937020"><ele>457.309</ele><time>2022-07-16T13:55:19Z</time></trkpt><trkpt lat="42.880492" lon="-7.937071"><ele>457.028</ele><time>2022-07-16T13:55:23Z</time></trkpt><trkpt lat="42.880506" lon="-7.937136"><ele>456.477</ele><time>2022-07-16T13:55:27Z</time></trkpt><trkpt lat="42.880531" lon="-7.937192"><ele>455.615</ele><time>2022-07-16T13:55:31Z</time></trkpt><trkpt lat="42.880563" lon="-7.937236"><ele>454.737</ele><time>2022-07-16T13:55:34Z</time></trkpt><trkpt lat="42.880593" lon="-7.937300"><ele>453.974</ele><time>2022-07-16T13:55:37Z</time></trkpt><trkpt lat="42.880619" lon="-7.937350"><ele>453.318</ele><time>2022-07-16T13:55:40Z</time></trkpt><trkpt lat="42.880651" lon="-7.937397"><ele>452.857</ele><time>2022-07-16T13:55:42Z</time></trkpt><trkpt lat="42.880691" lon="-7.937466"><ele>452.495</ele><time>2022-07-16T13:55:45Z</time></trkpt><trkpt lat="42.880715" lon="-7.937521"><ele>452.196</ele><time>2022-07-16T13:55:47Z</time></trkpt><trkpt lat="42.880750" lon="-7.937581"><ele>451.945</ele><time>2022-07-16T13:55:50Z</time></trkpt><trkpt lat="42.880775" lon="-7.937634"><ele>451.747</ele><time>2022-07-16T13:55:53Z</time></trkpt><trkpt lat="42.880804" lon="-7.937680"><ele>451.511</ele><time>2022-07-16T13:55:56Z</time></trkpt><trkpt lat="42.880834" lon="-7.937729"><ele>451.309</ele><time>2022-07-16T13:55:59Z</time></trkpt><trkpt lat="42.880872" lon="-7.937786"><ele>451.155</ele><time>2022-07-16T13:56:03Z</time></trkpt><trkpt lat="42.880907" lon="-7.937842"><ele>450.954</ele><time>2022-07-16T13:56:07Z</time></trkpt><trkpt lat="42.880934" lon="-7.937901"><ele>450.832</ele><time>2022-07-16T13:56:11Z</time></trkpt><trkpt lat="42.880972" lon="-7.937956"><ele>450.754</ele><time>2022-07-16T13:56:15Z</time></trkpt><trkpt lat="42.880999" lon="-7.938025"><ele>450.691</ele><time>2022-07-16T13:56:19Z</time></trkpt><trkpt lat="42.881027" lon="-7.938093"><ele>450.615</ele><time>2022-07-16T13:56:23Z</time></trkpt><trkpt lat="42.881054" lon="-7.938154"><ele>450.564</ele><time>2022-07-16T13:56:27Z</time></trkpt><trkpt lat="42.881085" lon="-7.938212"><ele>450.492</ele><time>2022-07-16T13:56:31Z</time></trkpt><trkpt lat="42.881114" lon="-7.938269"><ele>450.353</ele><time>2022-07-16T13:56:35Z</time></trkpt><trkpt lat="42.881136" lon="-7.938331"><ele>450.333</ele><time>2022-07-16T13:56:39Z</time></trkpt><trkpt lat="42.881163" lon="-7.938403"><ele>450.323</ele><time>2022-07-16T13:56:43Z</time></trkpt><trkpt lat="42.881175" lon="-7.938469"><ele>450.315</ele><time>2022-07-16T13:56:47Z</time></trkpt><trkpt lat="42.881182" lon="-7.938540"><ele>450.309</ele><time>2022-07-16T13:56:51Z</time></trkpt><trkpt lat="42.881183" lon="-7.938603"><ele>450.334</ele><time>2022-07-16T13:56:55Z</time></trkpt><trkpt lat="42.881186" lon="-7.938683"><ele>450.363</ele><time>2022-07-16T13:56:59Z</time></trkpt><trkpt lat="42.881175" lon="-7.938753"><ele>450.381</ele><time>2022-07-16T13:57:04Z</time></trkpt><trkpt lat="42.881170" lon="-7.938827"><ele>450.333</ele><time>2022-07-16T13:57:09Z</time></trkpt><trkpt lat="42.881165" lon="-7.938902"><ele>450.240</ele><time>2022-07-16T13:57:14Z</time></trkpt><trkpt lat="42.881157" lon="-7.938982"><ele>449.594</ele><time>2022-07-16T13:57:18Z</time></trkpt><trkpt lat="42.881136" lon="-7.939048"><ele>448.883</ele><time>2022-07-16T13:57:21Z</time></trkpt><trkpt lat="42.881126" lon="-7.939118"><ele>448.241</ele><time>2022-07-16T13:57:25Z</time></trkpt><trkpt lat="42.881113" lon="-7.939186"><ele>447.762</ele><time>2022-07-16T13:57:29Z</time></trkpt><trkpt lat="42.881105" lon="-7.939265"><ele>447.034</ele><time>2022-07-16T13:57:33Z</time></trkpt><trkpt lat="42.881085" lon="-7.939339"><ele>446.455</ele><time>2022-07-16T13:57:38Z</time></trkpt><trkpt lat="42.881085" lon="-7.939412"><ele>445.710</ele><time>2022-07-16T13:57:41Z</time></trkpt><trkpt lat="42.881077" lon="-7.939493"><ele>444.909</ele><time>2022-07-16T13:57:45Z</time></trkpt><trkpt lat="42.881051" lon="-7.939565"><ele>444.574</ele><time>2022-07-16T13:57:49Z</time></trkpt><trkpt lat="42.881031" lon="-7.939631"><ele>444.223</ele><time>2022-07-16T13:57:53Z</time></trkpt><trkpt lat="42.881023" lon="-7.939699"><ele>443.981</ele><time>2022-07-16T13:57:56Z</time></trkpt><trkpt lat="42.881015" lon="-7.939777"><ele>443.663</ele><time>2022-07-16T13:58:00Z</time></trkpt><trkpt lat="42.881012" lon="-7.939839"><ele>443.590</ele><time>2022-07-16T13:58:03Z</time></trkpt><trkpt lat="42.881005" lon="-7.939911"><ele>443.284</ele><time>2022-07-16T13:58:07Z</time></trkpt><trkpt lat="42.880998" lon="-7.939980"><ele>442.893</ele><time>2022-07-16T13:58:10Z</time></trkpt><trkpt lat="42.881005" lon="-7.940043"><ele>442.581</ele><time>2022-07-16T13:58:13Z</time></trkpt><trkpt lat="42.881004" lon="-7.940106"><ele>442.272</ele><time>2022-07-16T13:58:16Z</time></trkpt><trkpt lat="42.881004" lon="-7.940186"><ele>441.926</ele><time>2022-07-16T13:58:19Z</time></trkpt><trkpt lat="42.880987" lon="-7.940268"><ele>441.547</ele><time>2022-07-16T13:58:23Z</time></trkpt><trkpt lat="42.880982" lon="-7.940333"><ele>441.111</ele><time>2022-07-16T13:58:26Z</time></trkpt><trkpt lat="42.880974" lon="-7.940411"><ele>440.609</ele><time>2022-07-16T13:58:29Z</time></trkpt><trkpt lat="42.880954" lon="-7.940487"><ele>440.333</ele><time>2022-07-16T13:58:33Z</time></trkpt><trkpt lat="42.880939" lon="-7.940564"><ele>440.192</ele><time>2022-07-16T13:58:38Z</time></trkpt><trkpt lat="42.880914" lon="-7.940628"><ele>439.850</ele><time>2022-07-16T13:58:41Z</time></trkpt><trkpt lat="42.880897" lon="-7.940686"><ele>439.442</ele><time>2022-07-16T13:58:45Z</time></trkpt><trkpt lat="42.880863" lon="-7.940761"><ele>439.229</ele><time>2022-07-16T13:58:49Z</time></trkpt><trkpt lat="42.880841" lon="-7.940824"><ele>438.853</ele><time>2022-07-16T13:58:52Z</time></trkpt><trkpt lat="42.880834" lon="-7.940891"><ele>438.662</ele><time>2022-07-16T13:58:56Z</time></trkpt><trkpt lat="42.880812" lon="-7.940952"><ele>438.310</ele><time>2022-07-16T13:59:00Z</time></trkpt><trkpt lat="42.880789" lon="-7.941007"><ele>438.071</ele><time>2022-07-16T13:59:04Z</time></trkpt><trkpt lat="42.880798" lon="-7.941068"><ele>437.845</ele><time>2022-07-16T13:59:07Z</time></trkpt><trkpt lat="42.880756" lon="-7.941096"><ele>437.547</ele><time>2022-07-16T14:00:20Z</time></trkpt><trkpt lat="42.880741" lon="-7.941156"><ele>437.111</ele><time>2022-07-16T14:00:25Z</time></trkpt><trkpt lat="42.880726" lon="-7.941223"><ele>436.609</ele><time>2022-07-16T14:00:30Z</time></trkpt><trkpt lat="42.880708" lon="-7.941288"><ele>436.165</ele><time>2022-07-16T14:00:34Z</time></trkpt><trkpt lat="42.880688" lon="-7.941360"><ele>435.644</ele><time>2022-07-16T14:00:38Z</time></trkpt><trkpt lat="42.880669" lon="-7.941428"><ele>435.132</ele><time>2022-07-16T14:00:42Z</time></trkpt><trkpt lat="42.880659" lon="-7.941492"><ele>434.664</ele><time>2022-07-16T14:00:45Z</time></trkpt><trkpt lat="42.880643" lon="-7.941561"><ele>434.121</ele><time>2022-07-16T14:00:49Z</time></trkpt><trkpt lat="42.880630" lon="-7.941638"><ele>433.715</ele><time>2022-07-16T14:00:53Z</time></trkpt><trkpt lat="42.880617" lon="-7.941712"><ele>433.154</ele><time>2022-07-16T14:00:56Z</time></trkpt><trkpt lat="42.880606" lon="-7.941782"><ele>432.422</ele><time>2022-07-16T14:00:59Z</time></trkpt><trkpt lat="42.880596" lon="-7.941855"><ele>431.593</ele><time>2022-07-16T14:01:02Z</time></trkpt><trkpt lat="42.880573" lon="-7.941914"><ele>431.275</ele><time>2022-07-16T14:01:05Z</time></trkpt><trkpt lat="42.880562" lon="-7.941979"><ele>430.628</ele><time>2022-07-16T14:01:08Z</time></trkpt><trkpt lat="42.880545" lon="-7.942038"><ele>430.020</ele><time>2022-07-16T14:01:11Z</time></trkpt><trkpt lat="42.880526" lon="-7.942115"><ele>429.409</ele><time>2022-07-16T14:01:15Z</time></trkpt><trkpt lat="42.880503" lon="-7.942173"><ele>428.888</ele><time>2022-07-16T14:01:19Z</time></trkpt><trkpt lat="42.880478" lon="-7.942227"><ele>428.277</ele><time>2022-07-16T14:01:23Z</time></trkpt><trkpt lat="42.880451" lon="-7.942283"><ele>427.615</ele><time>2022-07-16T14:01:27Z</time></trkpt><trkpt lat="42.880413" lon="-7.942331"><ele>426.997</ele><time>2022-07-16T14:01:31Z</time></trkpt><trkpt lat="42.880396" lon="-7.942397"><ele>426.284</ele><time>2022-07-16T14:01:38Z</time></trkpt><trkpt lat="42.880384" lon="-7.942457"><ele>425.598</ele><time>2022-07-16T14:01:42Z</time></trkpt><trkpt lat="42.880350" lon="-7.942506"><ele>424.937</ele><time>2022-07-16T14:01:45Z</time></trkpt><trkpt lat="42.880325" lon="-7.942569"><ele>424.175</ele><time>2022-07-16T14:01:48Z</time></trkpt><trkpt lat="42.880299" lon="-7.942620"><ele>423.216</ele><time>2022-07-16T14:01:51Z</time></trkpt><trkpt lat="42.880271" lon="-7.942685"><ele>422.415</ele><time>2022-07-16T14:01:55Z</time></trkpt><trkpt lat="42.880259" lon="-7.942745"><ele>421.665</ele><time>2022-07-16T14:02:00Z</time></trkpt><trkpt lat="42.880255" lon="-7.942815"><ele>420.811</ele><time>2022-07-16T14:02:06Z</time></trkpt><trkpt lat="42.880272" lon="-7.942888"><ele>420.009</ele><time>2022-07-16T14:02:10Z</time></trkpt><trkpt lat="42.880285" lon="-7.942955"><ele>419.232</ele><time>2022-07-16T14:02:14Z</time></trkpt><trkpt lat="42.880307" lon="-7.943023"><ele>418.551</ele><time>2022-07-16T14:02:18Z</time></trkpt><trkpt lat="42.880319" lon="-7.943104"><ele>417.829</ele><time>2022-07-16T14:02:21Z</time></trkpt><trkpt lat="42.880334" lon="-7.943164"><ele>417.671</ele><time>2022-07-16T14:02:24Z</time></trkpt><trkpt lat="42.880350" lon="-7.943221"><ele>417.328</ele><time>2022-07-16T14:02:28Z</time></trkpt><trkpt lat="42.880364" lon="-7.943288"><ele>417.042</ele><time>2022-07-16T14:02:31Z</time></trkpt><trkpt lat="42.880386" lon="-7.943345"><ele>416.751</ele><time>2022-07-16T14:02:35Z</time></trkpt><trkpt lat="42.880403" lon="-7.943412"><ele>416.429</ele><time>2022-07-16T14:02:38Z</time></trkpt><trkpt lat="42.880423" lon="-7.943490"><ele>416.240</ele><time>2022-07-16T14:02:42Z</time></trkpt><trkpt lat="42.880441" lon="-7.943547"><ele>416.055</ele><time>2022-07-16T14:02:45Z</time></trkpt><trkpt lat="42.880466" lon="-7.943616"><ele>415.807</ele><time>2022-07-16T14:02:49Z</time></trkpt><trkpt lat="42.880478" lon="-7.943682"><ele>415.617</ele><time>2022-07-16T14:02:53Z</time></trkpt><trkpt lat="42.880498" lon="-7.943740"><ele>415.409</ele><time>2022-07-16T14:02:57Z</time></trkpt><trkpt lat="42.880521" lon="-7.943798"><ele>415.176</ele><time>2022-07-16T14:03:00Z</time></trkpt><trkpt lat="42.880534" lon="-7.943861"><ele>414.945</ele><time>2022-07-16T14:03:03Z</time></trkpt><trkpt lat="42.880563" lon="-7.943921"><ele>414.733</ele><time>2022-07-16T14:03:07Z</time></trkpt><trkpt lat="42.880586" lon="-7.943981"><ele>414.615</ele><time>2022-07-16T14:03:10Z</time></trkpt><trkpt lat="42.880603" lon="-7.944040"><ele>414.582</ele><time>2022-07-16T14:03:13Z</time></trkpt><trkpt lat="42.880615" lon="-7.944102"><ele>414.326</ele><time>2022-07-16T14:03:17Z</time></trkpt><trkpt lat="42.880609" lon="-7.944163"><ele>414.245</ele><time>2022-07-16T14:03:22Z</time></trkpt><trkpt lat="42.880603" lon="-7.944230"><ele>414.023</ele><time>2022-07-16T14:03:27Z</time></trkpt><trkpt lat="42.880599" lon="-7.944297"><ele>413.934</ele><time>2022-07-16T14:03:32Z</time></trkpt><trkpt lat="42.880592" lon="-7.944375"><ele>413.913</ele><time>2022-07-16T14:03:37Z</time></trkpt><trkpt lat="42.880577" lon="-7.944441"><ele>414.143</ele><time>2022-07-16T14:03:40Z</time></trkpt><trkpt lat="42.880554" lon="-7.944519"><ele>414.207</ele><time>2022-07-16T14:03:45Z</time></trkpt><trkpt lat="42.880564" lon="-7.944589"><ele>414.309</ele><time>2022-07-16T14:03:49Z</time></trkpt><trkpt lat="42.880563" lon="-7.944652"><ele>414.512</ele><time>2022-07-16T14:03:52Z</time></trkpt><trkpt lat="42.880551" lon="-7.944725"><ele>414.871</ele><time>2022-07-16T14:03:55Z</time></trkpt><trkpt lat="42.880553" lon="-7.944787"><ele>415.019</ele><time>2022-07-16T14:03:57Z</time></trkpt><trkpt lat="42.880573" lon="-7.944851"><ele>415.291</ele><time>2022-07-16T14:04:00Z</time></trkpt><trkpt lat="42.880596" lon="-7.944907"><ele>415.398</ele><time>2022-07-16T14:04:03Z</time></trkpt><trkpt lat="42.880625" lon="-7.944958"><ele>415.462</ele><time>2022-07-16T14:04:06Z</time></trkpt><trkpt lat="42.880662" lon="-7.945020"><ele>415.611</ele><time>2022-07-16T14:04:10Z</time></trkpt><trkpt lat="42.880701" lon="-7.945073"><ele>415.879</ele><time>2022-07-16T14:04:14Z</time></trkpt><trkpt lat="42.880737" lon="-7.945119"><ele>416.080</ele><time>2022-07-16T14:04:18Z</time></trkpt><trkpt lat="42.880769" lon="-7.945184"><ele>416.389</ele><time>2022-07-16T14:04:23Z</time></trkpt><trkpt lat="42.880787" lon="-7.945248"><ele>417.106</ele><time>2022-07-16T14:04:28Z</time></trkpt><trkpt lat="42.880822" lon="-7.945318"><ele>417.626</ele><time>2022-07-16T14:04:32Z</time></trkpt><trkpt lat="42.880845" lon="-7.945372"><ele>417.809</ele><time>2022-07-16T14:04:36Z</time></trkpt><trkpt lat="42.880871" lon="-7.945427"><ele>418.239</ele><time>2022-07-16T14:04:40Z</time></trkpt><trkpt lat="42.880902" lon="-7.945489"><ele>418.658</ele><time>2022-07-16T14:04:44Z</time></trkpt><trkpt lat="42.880932" lon="-7.945538"><ele>418.976</ele><time>2022-07-16T14:04:48Z</time></trkpt><trkpt lat="42.880968" lon="-7.945583"><ele>419.158</ele><time>2022-07-16T14:04:52Z</time></trkpt><trkpt lat="42.880998" lon="-7.945630"><ele>419.215</ele><time>2022-07-16T14:04:57Z</time></trkpt><trkpt lat="42.881037" lon="-7.945671"><ele>419.329</ele><time>2022-07-16T14:05:01Z</time></trkpt><trkpt lat="42.881083" lon="-7.945714"><ele>419.548</ele><time>2022-07-16T14:05:05Z</time></trkpt><trkpt lat="42.881132" lon="-7.945756"><ele>419.826</ele><time>2022-07-16T14:05:09Z</time></trkpt><trkpt lat="42.881172" lon="-7.945789"><ele>420.087</ele><time>2022-07-16T14:05:12Z</time></trkpt><trkpt lat="42.881214" lon="-7.945826"><ele>420.298</ele><time>2022-07-16T14:05:15Z</time></trkpt><trkpt lat="42.881258" lon="-7.945857"><ele>420.415</ele><time>2022-07-16T14:05:19Z</time></trkpt><trkpt lat="42.881299" lon="-7.945910"><ele>420.726</ele><time>2022-07-16T14:05:23Z</time></trkpt><trkpt lat="42.881340" lon="-7.945956"><ele>421.109</ele><time>2022-07-16T14:05:27Z</time></trkpt><trkpt lat="42.881376" lon="-7.946018"><ele>421.640</ele><time>2022-07-16T14:05:32Z</time></trkpt><trkpt lat="42.881420" lon="-7.946067"><ele>422.469</ele><time>2022-07-16T14:05:37Z</time></trkpt><trkpt lat="42.881461" lon="-7.946122"><ele>423.367</ele><time>2022-07-16T14:05:42Z</time></trkpt><trkpt lat="42.881492" lon="-7.946171"><ele>424.029</ele><time>2022-07-16T14:05:46Z</time></trkpt><trkpt lat="42.881530" lon="-7.946226"><ele>424.736</ele><time>2022-07-16T14:05:50Z</time></trkpt><trkpt lat="42.881560" lon="-7.946288"><ele>425.240</ele><time>2022-07-16T14:05:54Z</time></trkpt><trkpt lat="42.881603" lon="-7.946338"><ele>425.549</ele><time>2022-07-16T14:05:59Z</time></trkpt><trkpt lat="42.881626" lon="-7.946403"><ele>425.697</ele><time>2022-07-16T14:06:04Z</time></trkpt><trkpt lat="42.881636" lon="-7.946466"><ele>425.928</ele><time>2022-07-16T14:06:08Z</time></trkpt><trkpt lat="42.881652" lon="-7.946548"><ele>426.466</ele><time>2022-07-16T14:06:12Z</time></trkpt><trkpt lat="42.881667" lon="-7.946612"><ele>426.429</ele><time>2022-07-16T14:06:16Z</time></trkpt><trkpt lat="42.881686" lon="-7.946673"><ele>426.521</ele><time>2022-07-16T14:06:20Z</time></trkpt><trkpt lat="42.881697" lon="-7.946743"><ele>426.509</ele><time>2022-07-16T14:06:24Z</time></trkpt><trkpt lat="42.881711" lon="-7.946804"><ele>426.677</ele><time>2022-07-16T14:06:28Z</time></trkpt><trkpt lat="42.881715" lon="-7.946865"><ele>426.656</ele><time>2022-07-16T14:06:31Z</time></trkpt><trkpt lat="42.881721" lon="-7.946926"><ele>426.624</ele><time>2022-07-16T14:06:34Z</time></trkpt><trkpt lat="42.881736" lon="-7.946995"><ele>426.676</ele><time>2022-07-16T14:06:39Z</time></trkpt><trkpt lat="42.881747" lon="-7.947056"><ele>426.653</ele><time>2022-07-16T14:06:42Z</time></trkpt><trkpt lat="42.881758" lon="-7.947117"><ele>426.797</ele><time>2022-07-16T14:06:46Z</time></trkpt><trkpt lat="42.881773" lon="-7.947179"><ele>426.846</ele><time>2022-07-16T14:06:50Z</time></trkpt><trkpt lat="42.881778" lon="-7.947254"><ele>426.964</ele><time>2022-07-16T14:06:54Z</time></trkpt><trkpt lat="42.881775" lon="-7.947330"><ele>427.065</ele><time>2022-07-16T14:06:58Z</time></trkpt><trkpt lat="42.881774" lon="-7.947393"><ele>427.147</ele><time>2022-07-16T14:07:00Z</time></trkpt><trkpt lat="42.881774" lon="-7.947460"><ele>427.229</ele><time>2022-07-16T14:07:03Z</time></trkpt><trkpt lat="42.881772" lon="-7.947540"><ele>427.321</ele><time>2022-07-16T14:07:07Z</time></trkpt><trkpt lat="42.881766" lon="-7.947615"><ele>427.409</ele><time>2022-07-16T14:07:11Z</time></trkpt><trkpt lat="42.881768" lon="-7.947699"><ele>427.845</ele><time>2022-07-16T14:07:15Z</time></trkpt><trkpt lat="42.881778" lon="-7.947765"><ele>428.154</ele><time>2022-07-16T14:07:18Z</time></trkpt><trkpt lat="42.881789" lon="-7.947830"><ele>428.562</ele><time>2022-07-16T14:07:21Z</time></trkpt><trkpt lat="42.881804" lon="-7.947888"><ele>428.714</ele><time>2022-07-16T14:07:24Z</time></trkpt><trkpt lat="42.881825" lon="-7.947965"><ele>429.041</ele><time>2022-07-16T14:07:28Z</time></trkpt><trkpt lat="42.881840" lon="-7.948039"><ele>429.445</ele><time>2022-07-16T14:07:32Z</time></trkpt><trkpt lat="42.881853" lon="-7.948098"><ele>430.054</ele><time>2022-07-16T14:07:35Z</time></trkpt><trkpt lat="42.881867" lon="-7.948172"><ele>430.752</ele><time>2022-07-16T14:07:39Z</time></trkpt><trkpt lat="42.881877" lon="-7.948243"><ele>431.553</ele><time>2022-07-16T14:07:43Z</time></trkpt><trkpt lat="42.881885" lon="-7.948317"><ele>431.887</ele><time>2022-07-16T14:07:47Z</time></trkpt><trkpt lat="42.881884" lon="-7.948397"><ele>432.542</ele><time>2022-07-16T14:07:51Z</time></trkpt><trkpt lat="42.881883" lon="-7.948475"><ele>433.726</ele><time>2022-07-16T14:07:55Z</time></trkpt><trkpt lat="42.881875" lon="-7.948544"><ele>434.009</ele><time>2022-07-16T14:08:00Z</time></trkpt><trkpt lat="42.881861" lon="-7.948607"><ele>434.119</ele><time>2022-07-16T14:08:06Z</time></trkpt><trkpt lat="42.881848" lon="-7.948674"><ele>434.148</ele><time>2022-07-16T14:08:13Z</time></trkpt><trkpt lat="42.881824" lon="-7.948739"><ele>434.126</ele><time>2022-07-16T14:08:18Z</time></trkpt><trkpt lat="42.881795" lon="-7.948797"><ele>434.238</ele><time>2022-07-16T14:08:22Z</time></trkpt><trkpt lat="42.881762" lon="-7.948859"><ele>434.425</ele><time>2022-07-16T14:08:27Z</time></trkpt><trkpt lat="42.881752" lon="-7.948931"><ele>434.749</ele><time>2022-07-16T14:08:30Z</time></trkpt><trkpt lat="42.881739" lon="-7.949006"><ele>435.458</ele><time>2022-07-16T14:08:33Z</time></trkpt><trkpt lat="42.881727" lon="-7.949068"><ele>435.566</ele><time>2022-07-16T14:08:36Z</time></trkpt><trkpt lat="42.881711" lon="-7.949131"><ele>435.737</ele><time>2022-07-16T14:08:39Z</time></trkpt><trkpt lat="42.881699" lon="-7.949193"><ele>436.071</ele><time>2022-07-16T14:08:42Z</time></trkpt><trkpt lat="42.881686" lon="-7.949253"><ele>436.241</ele><time>2022-07-16T14:08:45Z</time></trkpt><trkpt lat="42.881678" lon="-7.949334"><ele>436.415</ele><time>2022-07-16T14:08:49Z</time></trkpt><trkpt lat="42.881665" lon="-7.949393"><ele>436.609</ele><time>2022-07-16T14:08:52Z</time></trkpt><trkpt lat="42.881647" lon="-7.949469"><ele>436.778</ele><time>2022-07-16T14:08:56Z</time></trkpt><trkpt lat="42.881631" lon="-7.949540"><ele>436.987</ele><time>2022-07-16T14:09:00Z</time></trkpt><trkpt lat="42.881613" lon="-7.949609"><ele>437.295</ele><time>2022-07-16T14:09:04Z</time></trkpt><trkpt lat="42.881588" lon="-7.949678"><ele>437.367</ele><time>2022-07-16T14:09:08Z</time></trkpt><trkpt lat="42.881563" lon="-7.949748"><ele>437.634</ele><time>2022-07-16T14:09:12Z</time></trkpt><trkpt lat="42.881536" lon="-7.949810"><ele>437.758</ele><time>2022-07-16T14:09:16Z</time></trkpt><trkpt lat="42.881505" lon="-7.949870"><ele>438.027</ele><time>2022-07-16T14:09:20Z</time></trkpt><trkpt lat="42.881497" lon="-7.949935"><ele>438.195</ele><time>2022-07-16T14:09:26Z</time></trkpt><trkpt lat="42.881484" lon="-7.950005"><ele>438.476</ele><time>2022-07-16T14:09:32Z</time></trkpt><trkpt lat="42.881467" lon="-7.950075"><ele>438.862</ele><time>2022-07-16T14:09:39Z</time></trkpt><trkpt lat="42.881477" lon="-7.950141"><ele>439.383</ele><time>2022-07-16T14:09:44Z</time></trkpt><trkpt lat="42.881474" lon="-7.950211"><ele>439.711</ele><time>2022-07-16T14:09:48Z</time></trkpt><trkpt lat="42.881472" lon="-7.950279"><ele>439.909</ele><time>2022-07-16T14:09:52Z</time></trkpt><trkpt lat="42.881473" lon="-7.950354"><ele>440.047</ele><time>2022-07-16T14:09:56Z</time></trkpt><trkpt lat="42.881477" lon="-7.950427"><ele>440.186</ele><time>2022-07-16T14:10:00Z</time></trkpt><trkpt lat="42.881481" lon="-7.950492"><ele>440.324</ele><time>2022-07-16T14:10:03Z</time></trkpt><trkpt lat="42.881489" lon="-7.950563"><ele>440.656</ele><time>2022-07-16T14:10:07Z</time></trkpt><trkpt lat="42.881497" lon="-7.950633"><ele>441.083</ele><time>2022-07-16T14:10:11Z</time></trkpt><trkpt lat="42.881499" lon="-7.950696"><ele>441.327</ele><time>2022-07-16T14:10:14Z</time></trkpt><trkpt lat="42.881497" lon="-7.950774"><ele>441.556</ele><time>2022-07-16T14:10:18Z</time></trkpt><trkpt lat="42.881498" lon="-7.950836"><ele>441.754</ele><time>2022-07-16T14:10:22Z</time></trkpt><trkpt lat="42.881505" lon="-7.950900"><ele>441.925</ele><time>2022-07-16T14:10:27Z</time></trkpt><trkpt lat="42.881512" lon="-7.950963"><ele>442.182</ele><time>2022-07-16T14:10:31Z</time></trkpt><trkpt lat="42.881528" lon="-7.951030"><ele>442.443</ele><time>2022-07-16T14:10:35Z</time></trkpt><trkpt lat="42.881540" lon="-7.951103"><ele>442.817</ele><time>2022-07-16T14:10:40Z</time></trkpt><trkpt lat="42.881555" lon="-7.951161"><ele>443.109</ele><time>2022-07-16T14:10:45Z</time></trkpt><trkpt lat="42.881565" lon="-7.951231"><ele>443.519</ele><time>2022-07-16T14:10:51Z</time></trkpt><trkpt lat="42.881557" lon="-7.951303"><ele>443.988</ele><time>2022-07-16T14:10:56Z</time></trkpt><trkpt lat="42.881546" lon="-7.951376"><ele>444.286</ele><time>2022-07-16T14:11:01Z</time></trkpt><trkpt lat="42.881535" lon="-7.951443"><ele>444.418</ele><time>2022-07-16T14:11:05Z</time></trkpt><trkpt lat="42.881505" lon="-7.951501"><ele>444.615</ele><time>2022-07-16T14:11:10Z</time></trkpt><trkpt lat="42.881549" lon="-7.951703"><ele>445.249</ele><time>2022-07-16T14:15:55Z</time></trkpt><trkpt lat="42.881505" lon="-7.951731"><ele>445.488</ele><time>2022-07-16T14:16:02Z</time></trkpt><trkpt lat="42.881512" lon="-7.951793"><ele>445.776</ele><time>2022-07-16T14:16:08Z</time></trkpt><trkpt lat="42.881519" lon="-7.951869"><ele>446.227</ele><time>2022-07-16T14:16:13Z</time></trkpt><trkpt lat="42.881494" lon="-7.951941"><ele>446.493</ele><time>2022-07-16T14:16:18Z</time></trkpt><trkpt lat="42.881491" lon="-7.952005"><ele>446.765</ele><time>2022-07-16T14:16:22Z</time></trkpt><trkpt lat="42.881496" lon="-7.952076"><ele>447.221</ele><time>2022-07-16T14:16:26Z</time></trkpt><trkpt lat="42.881519" lon="-7.952145"><ele>448.109</ele><time>2022-07-16T14:16:31Z</time></trkpt><trkpt lat="42.881540" lon="-7.952212"><ele>448.460</ele><time>2022-07-16T14:16:35Z</time></trkpt><trkpt lat="42.881552" lon="-7.952277"><ele>448.979</ele><time>2022-07-16T14:16:42Z</time></trkpt><trkpt lat="42.881555" lon="-7.952342"><ele>449.417</ele><time>2022-07-16T14:16:47Z</time></trkpt><trkpt lat="42.881551" lon="-7.952414"><ele>450.099</ele><time>2022-07-16T14:16:52Z</time></trkpt><trkpt lat="42.881531" lon="-7.952488"><ele>450.666</ele><time>2022-07-16T14:16:58Z</time></trkpt><trkpt lat="42.881511" lon="-7.952547"><ele>451.120</ele><time>2022-07-16T14:17:02Z</time></trkpt><trkpt lat="42.881519" lon="-7.952619"><ele>451.629</ele><time>2022-07-16T14:17:05Z</time></trkpt><trkpt lat="42.881516" lon="-7.952693"><ele>451.957</ele><time>2022-07-16T14:17:10Z</time></trkpt><trkpt lat="42.881519" lon="-7.952766"><ele>452.098</ele><time>2022-07-16T14:17:13Z</time></trkpt><trkpt lat="42.881521" lon="-7.952835"><ele>452.175</ele><time>2022-07-16T14:17:18Z</time></trkpt><trkpt lat="42.881532" lon="-7.952912"><ele>452.328</ele><time>2022-07-16T14:17:21Z</time></trkpt><trkpt lat="42.881556" lon="-7.952976"><ele>452.420</ele><time>2022-07-16T14:17:24Z</time></trkpt><trkpt lat="42.881576" lon="-7.953032"><ele>452.509</ele><time>2022-07-16T14:17:27Z</time></trkpt><trkpt lat="42.881600" lon="-7.953095"><ele>452.748</ele><time>2022-07-16T14:17:31Z</time></trkpt><trkpt lat="42.881631" lon="-7.953158"><ele>452.947</ele><time>2022-07-16T14:17:35Z</time></trkpt><trkpt lat="42.881664" lon="-7.953209"><ele>453.155</ele><time>2022-07-16T14:17:38Z</time></trkpt><trkpt lat="42.881699" lon="-7.953260"><ele>453.367</ele><time>2022-07-16T14:17:42Z</time></trkpt><trkpt lat="42.881733" lon="-7.953301"><ele>453.554</ele><time>2022-07-16T14:17:45Z</time></trkpt><trkpt lat="42.881772" lon="-7.953358"><ele>453.758</ele><time>2022-07-16T14:17:49Z</time></trkpt><trkpt lat="42.881806" lon="-7.953399"><ele>453.927</ele><time>2022-07-16T14:17:52Z</time></trkpt><trkpt lat="42.881847" lon="-7.953442"><ele>454.095</ele><time>2022-07-16T14:17:57Z</time></trkpt><trkpt lat="42.881884" lon="-7.953490"><ele>454.136</ele><time>2022-07-16T14:18:01Z</time></trkpt><trkpt lat="42.881918" lon="-7.953537"><ele>454.492</ele><time>2022-07-16T14:18:04Z</time></trkpt><trkpt lat="42.881952" lon="-7.953591"><ele>454.773</ele><time>2022-07-16T14:18:09Z</time></trkpt><trkpt lat="42.881985" lon="-7.953636"><ele>454.820</ele><time>2022-07-16T14:18:13Z</time></trkpt><trkpt lat="42.882021" lon="-7.953686"><ele>455.009</ele><time>2022-07-16T14:18:17Z</time></trkpt><trkpt lat="42.882056" lon="-7.953728"><ele>455.240</ele><time>2022-07-16T14:18:20Z</time></trkpt><trkpt lat="42.882097" lon="-7.953781"><ele>455.319</ele><time>2022-07-16T14:18:25Z</time></trkpt><trkpt lat="42.882130" lon="-7.953827"><ele>455.497</ele><time>2022-07-16T14:18:29Z</time></trkpt><trkpt lat="42.882161" lon="-7.953874"><ele>455.579</ele><time>2022-07-16T14:18:32Z</time></trkpt><trkpt lat="42.882199" lon="-7.953923"><ele>455.696</ele><time>2022-07-16T14:18:36Z</time></trkpt><trkpt lat="42.882231" lon="-7.953984"><ele>455.790</ele><time>2022-07-16T14:18:40Z</time></trkpt><trkpt lat="42.882263" lon="-7.954053"><ele>455.799</ele><time>2022-07-16T14:18:44Z</time></trkpt><trkpt lat="42.882281" lon="-7.954125"><ele>455.797</ele><time>2022-07-16T14:18:49Z</time></trkpt><trkpt lat="42.882301" lon="-7.954186"><ele>455.768</ele><time>2022-07-16T14:18:53Z</time></trkpt><trkpt lat="42.882313" lon="-7.954247"><ele>455.713</ele><time>2022-07-16T14:18:57Z</time></trkpt><trkpt lat="42.882346" lon="-7.954319"><ele>455.843</ele><time>2022-07-16T14:19:02Z</time></trkpt><trkpt lat="42.882371" lon="-7.954388"><ele>455.807</ele><time>2022-07-16T14:19:06Z</time></trkpt><trkpt lat="42.882405" lon="-7.954450"><ele>455.909</ele><time>2022-07-16T14:19:10Z</time></trkpt><trkpt lat="42.882431" lon="-7.954508"><ele>455.972</ele><time>2022-07-16T14:19:14Z</time></trkpt><trkpt lat="42.882464" lon="-7.954573"><ele>456.051</ele><time>2022-07-16T14:19:18Z</time></trkpt><trkpt lat="42.882491" lon="-7.954624"><ele>456.039</ele><time>2022-07-16T14:19:21Z</time></trkpt><trkpt lat="42.882517" lon="-7.954686"><ele>456.181</ele><time>2022-07-16T14:19:25Z</time></trkpt><trkpt lat="42.882541" lon="-7.954741"><ele>456.128</ele><time>2022-07-16T14:19:29Z</time></trkpt><trkpt lat="42.882559" lon="-7.954818"><ele>456.222</ele><time>2022-07-16T14:19:33Z</time></trkpt><trkpt lat="42.882582" lon="-7.954884"><ele>456.331</ele><time>2022-07-16T14:19:37Z</time></trkpt><trkpt lat="42.882607" lon="-7.954958"><ele>456.399</ele><time>2022-07-16T14:19:41Z</time></trkpt><trkpt lat="42.882646" lon="-7.955023"><ele>456.380</ele><time>2022-07-16T14:19:45Z</time></trkpt><trkpt lat="42.882678" lon="-7.955085"><ele>456.366</ele><time>2022-07-16T14:19:49Z</time></trkpt><trkpt lat="42.882701" lon="-7.955139"><ele>456.429</ele><time>2022-07-16T14:19:53Z</time></trkpt><trkpt lat="42.882719" lon="-7.955198"><ele>456.421</ele><time>2022-07-16T14:19:56Z</time></trkpt><trkpt lat="42.882745" lon="-7.955251"><ele>456.509</ele><time>2022-07-16T14:19:59Z</time></trkpt><trkpt lat="42.882772" lon="-7.955308"><ele>456.687</ele><time>2022-07-16T14:20:02Z</time></trkpt><trkpt lat="42.882786" lon="-7.955385"><ele>456.786</ele><time>2022-07-16T14:20:06Z</time></trkpt><trkpt lat="42.882823" lon="-7.955440"><ele>456.844</ele><time>2022-07-16T14:20:13Z</time></trkpt><trkpt lat="42.882845" lon="-7.955495"><ele>456.936</ele><time>2022-07-16T14:20:17Z</time></trkpt><trkpt lat="42.882881" lon="-7.955536"><ele>457.153</ele><time>2022-07-16T14:20:20Z</time></trkpt><trkpt lat="42.882921" lon="-7.955594"><ele>457.337</ele><time>2022-07-16T14:20:25Z</time></trkpt><trkpt lat="42.882966" lon="-7.955656"><ele>457.456</ele><time>2022-07-16T14:20:30Z</time></trkpt><trkpt lat="42.883004" lon="-7.955707"><ele>457.534</ele><time>2022-07-16T14:20:33Z</time></trkpt><trkpt lat="42.883042" lon="-7.955750"><ele>457.835</ele><time>2022-07-16T14:20:37Z</time></trkpt><trkpt lat="42.883077" lon="-7.955803"><ele>458.061</ele><time>2022-07-16T14:20:42Z</time></trkpt><trkpt lat="42.883110" lon="-7.955847"><ele>458.121</ele><time>2022-07-16T14:20:44Z</time></trkpt><trkpt lat="42.883158" lon="-7.955902"><ele>458.313</ele><time>2022-07-16T14:20:48Z</time></trkpt><trkpt lat="42.883201" lon="-7.955951"><ele>458.409</ele><time>2022-07-16T14:20:52Z</time></trkpt><trkpt lat="42.883244" lon="-7.956002"><ele>458.737</ele><time>2022-07-16T14:20:56Z</time></trkpt><trkpt lat="42.883287" lon="-7.956048"><ele>458.976</ele><time>2022-07-16T14:21:00Z</time></trkpt><trkpt lat="42.883319" lon="-7.956109"><ele>459.234</ele><time>2022-07-16T14:21:04Z</time></trkpt><trkpt lat="42.883358" lon="-7.956143"><ele>459.376</ele><time>2022-07-16T14:21:07Z</time></trkpt><trkpt lat="42.883395" lon="-7.956188"><ele>459.543</ele><time>2022-07-16T14:21:10Z</time></trkpt><trkpt lat="42.883427" lon="-7.956238"><ele>459.787</ele><time>2022-07-16T14:21:13Z</time></trkpt><trkpt lat="42.883458" lon="-7.956293"><ele>459.816</ele><time>2022-07-16T14:21:17Z</time></trkpt><trkpt lat="42.883494" lon="-7.956351"><ele>460.024</ele><time>2022-07-16T14:21:22Z</time></trkpt><trkpt lat="42.883539" lon="-7.956393"><ele>460.275</ele><time>2022-07-16T14:21:27Z</time></trkpt><trkpt lat="42.883568" lon="-7.956457"><ele>460.496</ele><time>2022-07-16T14:21:32Z</time></trkpt><trkpt lat="42.883611" lon="-7.956495"><ele>460.631</ele><time>2022-07-16T14:21:36Z</time></trkpt><trkpt lat="42.883711" lon="-7.956555"><ele>461.024</ele><time>2022-07-16T14:22:04Z</time></trkpt><trkpt lat="42.883744" lon="-7.956623"><ele>461.009</ele><time>2022-07-16T14:22:13Z</time></trkpt><trkpt lat="42.883785" lon="-7.956670"><ele>461.050</ele><time>2022-07-16T14:22:18Z</time></trkpt><trkpt lat="42.883824" lon="-7.956712"><ele>461.099</ele><time>2022-07-16T14:22:22Z</time></trkpt><trkpt lat="42.883852" lon="-7.956767"><ele>461.087</ele><time>2022-07-16T14:22:26Z</time></trkpt><trkpt lat="42.883885" lon="-7.956813"><ele>460.949</ele><time>2022-07-16T14:22:29Z</time></trkpt><trkpt lat="42.883892" lon="-7.956884"><ele>460.796</ele><time>2022-07-16T14:22:34Z</time></trkpt><trkpt lat="42.883928" lon="-7.956936"><ele>460.550</ele><time>2022-07-16T14:22:38Z</time></trkpt><trkpt lat="42.883971" lon="-7.956982"><ele>460.329</ele><time>2022-07-16T14:22:42Z</time></trkpt><trkpt lat="42.883999" lon="-7.957032"><ele>460.197</ele><time>2022-07-16T14:22:46Z</time></trkpt><trkpt lat="42.884039" lon="-7.957083"><ele>460.028</ele><time>2022-07-16T14:22:50Z</time></trkpt><trkpt lat="42.884074" lon="-7.957132"><ele>459.924</ele><time>2022-07-16T14:22:54Z</time></trkpt><trkpt lat="42.884110" lon="-7.957184"><ele>459.704</ele><time>2022-07-16T14:22:58Z</time></trkpt><trkpt lat="42.884143" lon="-7.957238"><ele>459.514</ele><time>2022-07-16T14:23:02Z</time></trkpt><trkpt lat="42.884176" lon="-7.957291"><ele>459.309</ele><time>2022-07-16T14:23:06Z</time></trkpt><trkpt lat="42.884200" lon="-7.957355"><ele>459.183</ele><time>2022-07-16T14:23:10Z</time></trkpt><trkpt lat="42.884236" lon="-7.957413"><ele>458.982</ele><time>2022-07-16T14:23:14Z</time></trkpt><trkpt lat="42.884261" lon="-7.957474"><ele>458.790</ele><time>2022-07-16T14:23:18Z</time></trkpt><trkpt lat="42.884287" lon="-7.957532"><ele>458.682</ele><time>2022-07-16T14:23:22Z</time></trkpt><trkpt lat="42.884311" lon="-7.957590"><ele>458.659</ele><time>2022-07-16T14:23:25Z</time></trkpt><trkpt lat="42.884334" lon="-7.957647"><ele>458.643</ele><time>2022-07-16T14:23:28Z</time></trkpt><trkpt lat="42.884361" lon="-7.957717"><ele>458.682</ele><time>2022-07-16T14:23:32Z</time></trkpt><trkpt lat="42.884385" lon="-7.957776"><ele>458.770</ele><time>2022-07-16T14:23:36Z</time></trkpt><trkpt lat="42.884414" lon="-7.957844"><ele>458.891</ele><time>2022-07-16T14:23:40Z</time></trkpt><trkpt lat="42.884438" lon="-7.957908"><ele>458.893</ele><time>2022-07-16T14:23:44Z</time></trkpt><trkpt lat="42.884467" lon="-7.957961"><ele>458.865</ele><time>2022-07-16T14:23:48Z</time></trkpt><trkpt lat="42.884492" lon="-7.958020"><ele>458.821</ele><time>2022-07-16T14:23:51Z</time></trkpt><trkpt lat="42.884506" lon="-7.958086"><ele>458.809</ele><time>2022-07-16T14:23:55Z</time></trkpt><trkpt lat="42.884529" lon="-7.958146"><ele>458.820</ele><time>2022-07-16T14:23:59Z</time></trkpt><trkpt lat="42.884563" lon="-7.958197"><ele>458.819</ele><time>2022-07-16T14:24:03Z</time></trkpt><trkpt lat="42.884596" lon="-7.958263"><ele>458.887</ele><time>2022-07-16T14:24:07Z</time></trkpt><trkpt lat="42.884633" lon="-7.958316"><ele>458.989</ele><time>2022-07-16T14:24:11Z</time></trkpt><trkpt lat="42.884672" lon="-7.958351"><ele>459.116</ele><time>2022-07-16T14:24:14Z</time></trkpt><trkpt lat="42.884700" lon="-7.958399"><ele>459.250</ele><time>2022-07-16T14:24:23Z</time></trkpt><trkpt lat="42.884714" lon="-7.958464"><ele>459.229</ele><time>2022-07-16T14:24:29Z</time></trkpt><trkpt lat="42.884704" lon="-7.958528"><ele>459.327</ele><time>2022-07-16T14:24:39Z</time></trkpt><trkpt lat="42.884791" lon="-7.958554"><ele>459.568</ele><time>2022-07-16T14:25:14Z</time></trkpt><trkpt lat="42.884807" lon="-7.958619"><ele>459.584</ele><time>2022-07-16T14:25:23Z</time></trkpt><trkpt lat="42.884810" lon="-7.958684"><ele>459.507</ele><time>2022-07-16T14:25:27Z</time></trkpt><trkpt lat="42.884806" lon="-7.958750"><ele>459.517</ele><time>2022-07-16T14:25:32Z</time></trkpt><trkpt lat="42.884812" lon="-7.958820"><ele>459.409</ele><time>2022-07-16T14:25:37Z</time></trkpt><trkpt lat="42.884838" lon="-7.958880"><ele>459.479</ele><time>2022-07-16T14:25:41Z</time></trkpt><trkpt lat="42.884850" lon="-7.958939"><ele>459.458</ele><time>2022-07-16T14:25:46Z</time></trkpt><trkpt lat="42.884856" lon="-7.959008"><ele>459.496</ele><time>2022-07-16T14:26:01Z</time></trkpt><trkpt lat="42.884964" lon="-7.958920"><ele>459.648</ele><time>2022-07-16T14:26:16Z</time></trkpt><trkpt lat="42.884978" lon="-7.958816"><ele>459.555</ele><time>2022-07-16T14:27:10Z</time></trkpt><trkpt lat="42.885072" lon="-7.958839"><ele>459.379</ele><time>2022-07-16T14:43:31Z</time></trkpt><trkpt lat="42.884981" lon="-7.958864"><ele>459.918</ele><time>2022-07-16T14:43:35Z</time></trkpt><trkpt lat="42.884937" lon="-7.958902"><ele>460.596</ele><time>2022-07-16T14:44:07Z</time></trkpt><trkpt lat="42.884888" lon="-7.958926"><ele>460.547</ele><time>2022-07-16T14:44:12Z</time></trkpt><trkpt lat="42.884863" lon="-7.958985"><ele>460.545</ele><time>2022-07-16T14:44:17Z</time></trkpt><trkpt lat="42.884867" lon="-7.959053"><ele>460.547</ele><time>2022-07-16T14:44:21Z</time></trkpt><trkpt lat="42.884871" lon="-7.959115"><ele>460.511</ele><time>2022-07-16T14:44:25Z</time></trkpt><trkpt lat="42.884895" lon="-7.959178"><ele>460.609</ele><time>2022-07-16T14:44:30Z</time></trkpt><trkpt lat="42.884928" lon="-7.959219"><ele>460.785</ele><time>2022-07-16T14:44:34Z</time></trkpt><trkpt lat="42.884958" lon="-7.959274"><ele>460.764</ele><time>2022-07-16T14:44:38Z</time></trkpt><trkpt lat="42.884989" lon="-7.959338"><ele>460.832</ele><time>2022-07-16T14:44:42Z</time></trkpt><trkpt lat="42.884995" lon="-7.959408"><ele>460.914</ele><time>2022-07-16T14:44:47Z</time></trkpt><trkpt lat="42.884995" lon="-7.959471"><ele>460.911</ele><time>2022-07-16T14:44:51Z</time></trkpt><trkpt lat="42.885001" lon="-7.959534"><ele>460.985</ele><time>2022-07-16T14:44:55Z</time></trkpt><trkpt lat="42.885017" lon="-7.959595"><ele>460.954</ele><time>2022-07-16T14:45:00Z</time></trkpt><trkpt lat="42.885040" lon="-7.959667"><ele>460.732</ele><time>2022-07-16T14:45:05Z</time></trkpt><trkpt lat="42.885077" lon="-7.959723"><ele>460.413</ele><time>2022-07-16T14:45:11Z</time></trkpt><trkpt lat="42.885103" lon="-7.959775"><ele>460.288</ele><time>2022-07-16T14:45:16Z</time></trkpt><trkpt lat="42.885140" lon="-7.959838"><ele>459.724</ele><time>2022-07-16T14:45:20Z</time></trkpt><trkpt lat="42.885165" lon="-7.959892"><ele>459.026</ele><time>2022-07-16T14:45:24Z</time></trkpt><trkpt lat="42.885188" lon="-7.959947"><ele>458.409</ele><time>2022-07-16T14:45:27Z</time></trkpt><trkpt lat="42.885216" lon="-7.960008"><ele>458.059</ele><time>2022-07-16T14:45:30Z</time></trkpt><trkpt lat="42.885243" lon="-7.960071"><ele>457.898</ele><time>2022-07-16T14:45:33Z</time></trkpt><trkpt lat="42.885274" lon="-7.960126"><ele>457.616</ele><time>2022-07-16T14:45:36Z</time></trkpt><trkpt lat="42.885297" lon="-7.960184"><ele>457.418</ele><time>2022-07-16T14:45:39Z</time></trkpt><trkpt lat="42.885321" lon="-7.960240"><ele>457.285</ele><time>2022-07-16T14:45:43Z</time></trkpt><trkpt lat="42.885349" lon="-7.960306"><ele>457.119</ele><time>2022-07-16T14:45:48Z</time></trkpt><trkpt lat="42.885375" lon="-7.960370"><ele>457.048</ele><time>2022-07-16T14:45:53Z</time></trkpt><trkpt lat="42.885403" lon="-7.960434"><ele>456.846</ele><time>2022-07-16T14:45:57Z</time></trkpt><trkpt lat="42.885431" lon="-7.960505"><ele>456.477</ele><time>2022-07-16T14:46:01Z</time></trkpt><trkpt lat="42.885461" lon="-7.960564"><ele>456.471</ele><time>2022-07-16T14:46:04Z</time></trkpt><trkpt lat="42.885482" lon="-7.960627"><ele>456.341</ele><time>2022-07-16T14:46:08Z</time></trkpt><trkpt lat="42.885509" lon="-7.960678"><ele>456.215</ele><time>2022-07-16T14:46:11Z</time></trkpt><trkpt lat="42.885533" lon="-7.960732"><ele>455.909</ele><time>2022-07-16T14:46:14Z</time></trkpt><trkpt lat="42.885559" lon="-7.960796"><ele>455.648</ele><time>2022-07-16T14:46:17Z</time></trkpt><trkpt lat="42.885587" lon="-7.960856"><ele>455.437</ele><time>2022-07-16T14:46:20Z</time></trkpt><trkpt lat="42.885619" lon="-7.960930"><ele>455.225</ele><time>2022-07-16T14:46:24Z</time></trkpt><trkpt lat="42.885650" lon="-7.960991"><ele>455.037</ele><time>2022-07-16T14:46:27Z</time></trkpt><trkpt lat="42.885678" lon="-7.961057"><ele>454.874</ele><time>2022-07-16T14:46:30Z</time></trkpt><trkpt lat="42.885705" lon="-7.961111"><ele>454.788</ele><time>2022-07-16T14:46:33Z</time></trkpt><trkpt lat="42.885712" lon="-7.961190"><ele>454.657</ele><time>2022-07-16T14:46:35Z</time></trkpt><trkpt lat="42.885725" lon="-7.961251"><ele>454.595</ele><time>2022-07-16T14:46:38Z</time></trkpt><trkpt lat="42.885741" lon="-7.961319"><ele>454.466</ele><time>2022-07-16T14:46:41Z</time></trkpt><trkpt lat="42.885761" lon="-7.961386"><ele>454.234</ele><time>2022-07-16T14:46:45Z</time></trkpt><trkpt lat="42.885776" lon="-7.961444"><ele>453.955</ele><time>2022-07-16T14:46:48Z</time></trkpt><trkpt lat="42.885802" lon="-7.961517"><ele>453.510</ele><time>2022-07-16T14:46:53Z</time></trkpt><trkpt lat="42.885830" lon="-7.961568"><ele>453.209</ele><time>2022-07-16T14:46:56Z</time></trkpt><trkpt lat="42.885850" lon="-7.961630"><ele>453.144</ele><time>2022-07-16T14:47:00Z</time></trkpt><trkpt lat="42.885870" lon="-7.961700"><ele>453.023</ele><time>2022-07-16T14:47:04Z</time></trkpt><trkpt lat="42.885890" lon="-7.961767"><ele>452.841</ele><time>2022-07-16T14:47:08Z</time></trkpt><trkpt lat="42.885914" lon="-7.961830"><ele>452.633</ele><time>2022-07-16T14:47:12Z</time></trkpt><trkpt lat="42.885942" lon="-7.961890"><ele>452.380</ele><time>2022-07-16T14:47:16Z</time></trkpt><trkpt lat="42.885970" lon="-7.961949"><ele>451.824</ele><time>2022-07-16T14:47:20Z</time></trkpt><trkpt lat="42.885999" lon="-7.962014"><ele>451.563</ele><time>2022-07-16T14:47:24Z</time></trkpt><trkpt lat="42.886016" lon="-7.962073"><ele>451.351</ele><time>2022-07-16T14:47:27Z</time></trkpt><trkpt lat="42.886032" lon="-7.962131"><ele>451.142</ele><time>2022-07-16T14:47:30Z</time></trkpt><trkpt lat="42.886044" lon="-7.962194"><ele>450.921</ele><time>2022-07-16T14:47:33Z</time></trkpt><trkpt lat="42.886066" lon="-7.962252"><ele>450.741</ele><time>2022-07-16T14:47:36Z</time></trkpt><trkpt lat="42.886089" lon="-7.962324"><ele>450.305</ele><time>2022-07-16T14:47:40Z</time></trkpt><trkpt lat="42.886110" lon="-7.962395"><ele>449.809</ele><time>2022-07-16T14:47:44Z</time></trkpt><trkpt lat="42.886134" lon="-7.962468"><ele>449.293</ele><time>2022-07-16T14:47:48Z</time></trkpt><trkpt lat="42.886157" lon="-7.962531"><ele>448.472</ele><time>2022-07-16T14:47:52Z</time></trkpt><trkpt lat="42.886187" lon="-7.962599"><ele>448.280</ele><time>2022-07-16T14:47:56Z</time></trkpt><trkpt lat="42.886212" lon="-7.962661"><ele>447.862</ele><time>2022-07-16T14:48:00Z</time></trkpt><trkpt lat="42.886238" lon="-7.962729"><ele>447.519</ele><time>2022-07-16T14:48:04Z</time></trkpt><trkpt lat="42.886267" lon="-7.962793"><ele>447.213</ele><time>2022-07-16T14:48:08Z</time></trkpt><trkpt lat="42.886289" lon="-7.962866"><ele>446.972</ele><time>2022-07-16T14:48:12Z</time></trkpt><trkpt lat="42.886315" lon="-7.962916"><ele>446.630</ele><time>2022-07-16T14:48:15Z</time></trkpt><trkpt lat="42.886339" lon="-7.962970"><ele>446.181</ele><time>2022-07-16T14:48:19Z</time></trkpt><trkpt lat="42.886369" lon="-7.963032"><ele>445.747</ele><time>2022-07-16T14:48:23Z</time></trkpt><trkpt lat="42.886392" lon="-7.963102"><ele>445.329</ele><time>2022-07-16T14:48:27Z</time></trkpt><trkpt lat="42.886428" lon="-7.963142"><ele>444.721</ele><time>2022-07-16T14:48:31Z</time></trkpt><trkpt lat="42.886466" lon="-7.963196"><ele>444.009</ele><time>2022-07-16T14:48:35Z</time></trkpt><trkpt lat="42.886507" lon="-7.963245"><ele>443.565</ele><time>2022-07-16T14:48:39Z</time></trkpt><trkpt lat="42.886533" lon="-7.963309"><ele>443.144</ele><time>2022-07-16T14:48:43Z</time></trkpt><trkpt lat="42.886567" lon="-7.963366"><ele>442.782</ele><time>2022-07-16T14:48:48Z</time></trkpt><trkpt lat="42.886598" lon="-7.963423"><ele>442.334</ele><time>2022-07-16T14:48:51Z</time></trkpt><trkpt lat="42.886607" lon="-7.963484"><ele>441.931</ele><time>2022-07-16T14:48:54Z</time></trkpt><trkpt lat="42.886613" lon="-7.963558"><ele>441.515</ele><time>2022-07-16T14:48:57Z</time></trkpt><trkpt lat="42.886623" lon="-7.963631"><ele>441.084</ele><time>2022-07-16T14:49:00Z</time></trkpt><trkpt lat="42.886640" lon="-7.963704"><ele>440.412</ele><time>2022-07-16T14:49:03Z</time></trkpt><trkpt lat="42.886655" lon="-7.963781"><ele>439.873</ele><time>2022-07-16T14:49:08Z</time></trkpt><trkpt lat="42.886670" lon="-7.963853"><ele>439.175</ele><time>2022-07-16T14:49:12Z</time></trkpt><trkpt lat="42.886683" lon="-7.963923"><ele>438.728</ele><time>2022-07-16T14:49:16Z</time></trkpt><trkpt lat="42.886693" lon="-7.963990"><ele>438.520</ele><time>2022-07-16T14:49:20Z</time></trkpt><trkpt lat="42.886712" lon="-7.964056"><ele>438.209</ele><time>2022-07-16T14:49:24Z</time></trkpt><trkpt lat="42.886729" lon="-7.964113"><ele>437.678</ele><time>2022-07-16T14:49:27Z</time></trkpt><trkpt lat="42.886762" lon="-7.964162"><ele>437.247</ele><time>2022-07-16T14:49:31Z</time></trkpt><trkpt lat="42.886796" lon="-7.964220"><ele>436.925</ele><time>2022-07-16T14:49:35Z</time></trkpt><trkpt lat="42.886826" lon="-7.964271"><ele>436.517</ele><time>2022-07-16T14:49:38Z</time></trkpt><trkpt lat="42.886863" lon="-7.964328"><ele>436.264</ele><time>2022-07-16T14:49:42Z</time></trkpt><trkpt lat="42.886888" lon="-7.964389"><ele>436.038</ele><time>2022-07-16T14:49:46Z</time></trkpt><trkpt lat="42.886917" lon="-7.964440"><ele>435.917</ele><time>2022-07-16T14:49:50Z</time></trkpt><trkpt lat="42.886949" lon="-7.964487"><ele>435.835</ele><time>2022-07-16T14:49:54Z</time></trkpt><trkpt lat="42.887000" lon="-7.964542"><ele>435.666</ele><time>2022-07-16T14:49:58Z</time></trkpt><trkpt lat="42.887033" lon="-7.964589"><ele>435.275</ele><time>2022-07-16T14:50:01Z</time></trkpt><trkpt lat="42.887070" lon="-7.964627"><ele>434.828</ele><time>2022-07-16T14:50:05Z</time></trkpt><trkpt lat="42.887103" lon="-7.964678"><ele>434.520</ele><time>2022-07-16T14:50:08Z</time></trkpt><trkpt lat="42.887139" lon="-7.964730"><ele>434.309</ele><time>2022-07-16T14:50:11Z</time></trkpt><trkpt lat="42.887162" lon="-7.964785"><ele>434.278</ele><time>2022-07-16T14:50:15Z</time></trkpt><trkpt lat="42.887190" lon="-7.964835"><ele>434.167</ele><time>2022-07-16T14:50:18Z</time></trkpt><trkpt lat="42.887237" lon="-7.964879"><ele>433.875</ele><time>2022-07-16T14:50:25Z</time></trkpt><trkpt lat="42.887285" lon="-7.964910"><ele>433.517</ele><time>2022-07-16T14:50:29Z</time></trkpt><trkpt lat="42.887331" lon="-7.964958"><ele>433.394</ele><time>2022-07-16T14:50:33Z</time></trkpt><trkpt lat="42.887362" lon="-7.965017"><ele>433.218</ele><time>2022-07-16T14:50:37Z</time></trkpt><trkpt lat="42.887392" lon="-7.965070"><ele>433.247</ele><time>2022-07-16T14:50:40Z</time></trkpt><trkpt lat="42.887425" lon="-7.965113"><ele>433.285</ele><time>2022-07-16T14:50:43Z</time></trkpt><trkpt lat="42.887462" lon="-7.965157"><ele>433.296</ele><time>2022-07-16T14:50:47Z</time></trkpt><trkpt lat="42.887494" lon="-7.965215"><ele>433.248</ele><time>2022-07-16T14:50:50Z</time></trkpt><trkpt lat="42.887538" lon="-7.965269"><ele>433.261</ele><time>2022-07-16T14:50:54Z</time></trkpt><trkpt lat="42.887579" lon="-7.965319"><ele>433.217</ele><time>2022-07-16T14:50:58Z</time></trkpt><trkpt lat="42.887607" lon="-7.965388"><ele>433.109</ele><time>2022-07-16T14:51:02Z</time></trkpt><trkpt lat="42.887643" lon="-7.965441"><ele>433.115</ele><time>2022-07-16T14:51:05Z</time></trkpt><trkpt lat="42.887673" lon="-7.965507"><ele>433.134</ele><time>2022-07-16T14:51:09Z</time></trkpt><trkpt lat="42.887709" lon="-7.965566"><ele>433.192</ele><time>2022-07-16T14:51:13Z</time></trkpt><trkpt lat="42.887751" lon="-7.965594"><ele>432.964</ele><time>2022-07-16T14:51:18Z</time></trkpt><trkpt lat="42.887795" lon="-7.965635"><ele>432.821</ele><time>2022-07-16T14:51:21Z</time></trkpt><trkpt lat="42.887828" lon="-7.965684"><ele>432.775</ele><time>2022-07-16T14:51:24Z</time></trkpt><trkpt lat="42.887866" lon="-7.965729"><ele>432.654</ele><time>2022-07-16T14:51:28Z</time></trkpt><trkpt lat="42.887903" lon="-7.965796"><ele>432.582</ele><time>2022-07-16T14:51:32Z</time></trkpt><trkpt lat="42.887942" lon="-7.965857"><ele>432.323</ele><time>2022-07-16T14:51:35Z</time></trkpt><trkpt lat="42.887964" lon="-7.965922"><ele>432.186</ele><time>2022-07-16T14:51:43Z</time></trkpt><trkpt lat="42.888014" lon="-7.965921"><ele>432.160</ele><time>2022-07-16T14:51:51Z</time></trkpt><trkpt lat="42.888042" lon="-7.965976"><ele>432.126</ele><time>2022-07-16T14:52:18Z</time></trkpt><trkpt lat="42.888068" lon="-7.966047"><ele>432.109</ele><time>2022-07-16T14:52:22Z</time></trkpt><trkpt lat="42.888089" lon="-7.966116"><ele>432.059</ele><time>2022-07-16T14:52:26Z</time></trkpt><trkpt lat="42.888115" lon="-7.966173"><ele>431.698</ele><time>2022-07-16T14:52:30Z</time></trkpt><trkpt lat="42.888151" lon="-7.966219"><ele>431.156</ele><time>2022-07-16T14:52:34Z</time></trkpt><trkpt lat="42.888195" lon="-7.966263"><ele>430.948</ele><time>2022-07-16T14:52:38Z</time></trkpt><trkpt lat="42.888236" lon="-7.966302"><ele>430.665</ele><time>2022-07-16T14:52:41Z</time></trkpt><trkpt lat="42.888283" lon="-7.966348"><ele>430.279</ele><time>2022-07-16T14:52:45Z</time></trkpt><trkpt lat="42.888332" lon="-7.966376"><ele>429.898</ele><time>2022-07-16T14:52:49Z</time></trkpt><trkpt lat="42.888383" lon="-7.966401"><ele>429.576</ele><time>2022-07-16T14:52:53Z</time></trkpt><trkpt lat="42.888435" lon="-7.966438"><ele>429.377</ele><time>2022-07-16T14:52:57Z</time></trkpt><trkpt lat="42.888492" lon="-7.966466"><ele>429.116</ele><time>2022-07-16T14:53:01Z</time></trkpt><trkpt lat="42.888545" lon="-7.966492"><ele>428.776</ele><time>2022-07-16T14:53:05Z</time></trkpt><trkpt lat="42.888594" lon="-7.966507"><ele>428.313</ele><time>2022-07-16T14:53:09Z</time></trkpt><trkpt lat="42.888639" lon="-7.966534"><ele>427.909</ele><time>2022-07-16T14:53:13Z</time></trkpt><trkpt lat="42.888695" lon="-7.966569"><ele>427.752</ele><time>2022-07-16T14:53:17Z</time></trkpt><trkpt lat="42.888744" lon="-7.966605"><ele>427.531</ele><time>2022-07-16T14:53:21Z</time></trkpt><trkpt lat="42.888794" lon="-7.966622"><ele>427.499</ele><time>2022-07-16T14:53:25Z</time></trkpt><trkpt lat="42.888846" lon="-7.966652"><ele>427.211</ele><time>2022-07-16T14:53:29Z</time></trkpt><trkpt lat="42.888892" lon="-7.966674"><ele>427.158</ele><time>2022-07-16T14:53:33Z</time></trkpt><trkpt lat="42.888945" lon="-7.966687"><ele>427.092</ele><time>2022-07-16T14:53:37Z</time></trkpt><trkpt lat="42.888994" lon="-7.966710"><ele>426.961</ele><time>2022-07-16T14:53:41Z</time></trkpt><trkpt lat="42.889038" lon="-7.966734"><ele>426.869</ele><time>2022-07-16T14:53:44Z</time></trkpt><trkpt lat="42.889090" lon="-7.966754"><ele>426.870</ele><time>2022-07-16T14:53:48Z</time></trkpt><trkpt lat="42.889139" lon="-7.966770"><ele>426.816</ele><time>2022-07-16T14:53:52Z</time></trkpt><trkpt lat="42.889194" lon="-7.966798"><ele>426.876</ele><time>2022-07-16T14:53:56Z</time></trkpt><trkpt lat="42.889235" lon="-7.966830"><ele>426.713</ele><time>2022-07-16T14:53:59Z</time></trkpt><trkpt lat="42.889279" lon="-7.966848"><ele>426.609</ele><time>2022-07-16T14:54:02Z</time></trkpt><trkpt lat="42.889328" lon="-7.966885"><ele>426.572</ele><time>2022-07-16T14:54:06Z</time></trkpt><trkpt lat="42.889378" lon="-7.966912"><ele>426.351</ele><time>2022-07-16T14:54:10Z</time></trkpt><trkpt lat="42.889425" lon="-7.966945"><ele>425.949</ele><time>2022-07-16T14:54:14Z</time></trkpt><trkpt lat="42.889470" lon="-7.966978"><ele>425.311</ele><time>2022-07-16T14:54:18Z</time></trkpt><trkpt lat="42.889510" lon="-7.967006"><ele>424.848</ele><time>2022-07-16T14:54:22Z</time></trkpt><trkpt lat="42.889559" lon="-7.967039"><ele>424.292</ele><time>2022-07-16T14:54:27Z</time></trkpt><trkpt lat="42.889603" lon="-7.967073"><ele>423.431</ele><time>2022-07-16T14:54:31Z</time></trkpt><trkpt lat="42.889632" lon="-7.967124"><ele>422.739</ele><time>2022-07-16T14:54:35Z</time></trkpt><trkpt lat="42.889661" lon="-7.967173"><ele>422.260</ele><time>2022-07-16T14:54:40Z</time></trkpt><trkpt lat="42.889706" lon="-7.967270"><ele>421.982</ele><time>2022-07-16T14:54:59Z</time></trkpt><trkpt lat="42.889750" lon="-7.967311"><ele>421.643</ele><time>2022-07-16T14:55:05Z</time></trkpt><trkpt lat="42.889797" lon="-7.967350"><ele>421.117</ele><time>2022-07-16T14:55:09Z</time></trkpt><trkpt lat="42.889826" lon="-7.967407"><ele>421.109</ele><time>2022-07-16T14:55:14Z</time></trkpt><trkpt lat="42.889856" lon="-7.967483"><ele>421.199</ele><time>2022-07-16T14:55:18Z</time></trkpt><trkpt lat="42.889885" lon="-7.967546"><ele>421.198</ele><time>2022-07-16T14:55:22Z</time></trkpt><trkpt lat="42.889905" lon="-7.967603"><ele>421.296</ele><time>2022-07-16T14:55:25Z</time></trkpt><trkpt lat="42.889922" lon="-7.967663"><ele>421.398</ele><time>2022-07-16T14:55:28Z</time></trkpt><trkpt lat="42.889939" lon="-7.967732"><ele>421.565</ele><time>2022-07-16T14:55:32Z</time></trkpt><trkpt lat="42.889954" lon="-7.967806"><ele>421.759</ele><time>2022-07-16T14:55:36Z</time></trkpt><trkpt lat="42.889954" lon="-7.967871"><ele>421.838</ele><time>2022-07-16T14:55:39Z</time></trkpt><trkpt lat="42.889963" lon="-7.967949"><ele>421.916</ele><time>2022-07-16T14:55:43Z</time></trkpt><trkpt lat="42.889965" lon="-7.968023"><ele>422.047</ele><time>2022-07-16T14:55:48Z</time></trkpt><trkpt lat="42.889971" lon="-7.968088"><ele>422.141</ele><time>2022-07-16T14:55:52Z</time></trkpt><trkpt lat="42.889982" lon="-7.968165"><ele>422.281</ele><time>2022-07-16T14:55:56Z</time></trkpt><trkpt lat="42.889995" lon="-7.968234"><ele>422.409</ele><time>2022-07-16T14:55:59Z</time></trkpt><trkpt lat="42.889991" lon="-7.968297"><ele>422.609</ele><time>2022-07-16T14:56:03Z</time></trkpt><trkpt lat="42.890007" lon="-7.968359"><ele>422.865</ele><time>2022-07-16T14:56:07Z</time></trkpt><trkpt lat="42.890012" lon="-7.968424"><ele>422.994</ele><time>2022-07-16T14:56:11Z</time></trkpt><trkpt lat="42.890027" lon="-7.968490"><ele>423.032</ele><time>2022-07-16T14:56:15Z</time></trkpt><trkpt lat="42.890028" lon="-7.968553"><ele>423.124</ele><time>2022-07-16T14:56:18Z</time></trkpt><trkpt lat="42.890036" lon="-7.968615"><ele>423.281</ele><time>2022-07-16T14:56:21Z</time></trkpt><trkpt lat="42.890045" lon="-7.968678"><ele>423.465</ele><time>2022-07-16T14:56:25Z</time></trkpt><trkpt lat="42.890070" lon="-7.968732"><ele>423.534</ele><time>2022-07-16T14:56:30Z</time></trkpt><trkpt lat="42.890096" lon="-7.968785"><ele>423.682</ele><time>2022-07-16T14:56:33Z</time></trkpt><trkpt lat="42.890134" lon="-7.968837"><ele>423.743</ele><time>2022-07-16T14:56:37Z</time></trkpt><trkpt lat="42.890166" lon="-7.968897"><ele>423.769</ele><time>2022-07-16T14:56:41Z</time></trkpt><trkpt lat="42.890200" lon="-7.968946"><ele>423.704</ele><time>2022-07-16T14:56:45Z</time></trkpt><trkpt lat="42.890243" lon="-7.969006"><ele>423.724</ele><time>2022-07-16T14:56:50Z</time></trkpt><trkpt lat="42.890283" lon="-7.969038"><ele>423.709</ele><time>2022-07-16T14:56:53Z</time></trkpt><trkpt lat="42.890319" lon="-7.969076"><ele>423.857</ele><time>2022-07-16T14:56:57Z</time></trkpt><trkpt lat="42.890355" lon="-7.969114"><ele>423.946</ele><time>2022-07-16T14:57:01Z</time></trkpt><trkpt lat="42.890394" lon="-7.969171"><ele>424.044</ele><time>2022-07-16T14:57:06Z</time></trkpt><trkpt lat="42.890426" lon="-7.969224"><ele>424.216</ele><time>2022-07-16T14:57:10Z</time></trkpt><trkpt lat="42.890464" lon="-7.969270"><ele>424.553</ele><time>2022-07-16T14:57:14Z</time></trkpt><trkpt lat="42.890504" lon="-7.969322"><ele>424.897</ele><time>2022-07-16T14:57:18Z</time></trkpt><trkpt lat="42.890536" lon="-7.969368"><ele>425.136</ele><time>2022-07-16T14:57:21Z</time></trkpt><trkpt lat="42.890577" lon="-7.969422"><ele>425.574</ele><time>2022-07-16T14:57:26Z</time></trkpt><trkpt lat="42.890625" lon="-7.969468"><ele>426.075</ele><time>2022-07-16T14:57:30Z</time></trkpt><trkpt lat="42.890676" lon="-7.969506"><ele>426.717</ele><time>2022-07-16T14:57:34Z</time></trkpt><trkpt lat="42.890715" lon="-7.969538"><ele>426.987</ele><time>2022-07-16T14:57:38Z</time></trkpt><trkpt lat="42.890773" lon="-7.969557"><ele>427.315</ele><time>2022-07-16T14:57:43Z</time></trkpt><trkpt lat="42.890817" lon="-7.969576"><ele>427.409</ele><time>2022-07-16T14:57:47Z</time></trkpt><trkpt lat="42.890859" lon="-7.969599"><ele>427.842</ele><time>2022-07-16T14:57:51Z</time></trkpt><trkpt lat="42.890902" lon="-7.969647"><ele>428.361</ele><time>2022-07-16T14:57:56Z</time></trkpt><trkpt lat="42.890936" lon="-7.969701"><ele>428.769</ele><time>2022-07-16T14:58:01Z</time></trkpt><trkpt lat="42.890981" lon="-7.969747"><ele>429.121</ele><time>2022-07-16T14:58:06Z</time></trkpt><trkpt lat="42.891015" lon="-7.969803"><ele>429.458</ele><time>2022-07-16T14:58:10Z</time></trkpt><trkpt lat="42.891055" lon="-7.969849"><ele>429.712</ele><time>2022-07-16T14:58:14Z</time></trkpt><trkpt lat="42.891092" lon="-7.969895"><ele>430.071</ele><time>2022-07-16T14:58:18Z</time></trkpt><trkpt lat="42.891128" lon="-7.969932"><ele>430.329</ele><time>2022-07-16T14:58:22Z</time></trkpt><trkpt lat="42.891168" lon="-7.969974"><ele>430.640</ele><time>2022-07-16T14:58:26Z</time></trkpt><trkpt lat="42.891198" lon="-7.970023"><ele>430.912</ele><time>2022-07-16T14:58:29Z</time></trkpt><trkpt lat="42.891228" lon="-7.970070"><ele>431.232</ele><time>2022-07-16T14:58:32Z</time></trkpt><trkpt lat="42.891264" lon="-7.970126"><ele>431.405</ele><time>2022-07-16T14:58:36Z</time></trkpt><trkpt lat="42.891306" lon="-7.970169"><ele>431.609</ele><time>2022-07-16T14:58:40Z</time></trkpt><trkpt lat="42.891346" lon="-7.970205"><ele>431.872</ele><time>2022-07-16T14:58:44Z</time></trkpt><trkpt lat="42.891386" lon="-7.970249"><ele>432.111</ele><time>2022-07-16T14:58:48Z</time></trkpt><trkpt lat="42.891417" lon="-7.970297"><ele>432.379</ele><time>2022-07-16T14:58:51Z</time></trkpt><trkpt lat="42.891450" lon="-7.970347"><ele>432.611</ele><time>2022-07-16T14:58:54Z</time></trkpt><trkpt lat="42.891485" lon="-7.970393"><ele>432.958</ele><time>2022-07-16T14:58:58Z</time></trkpt><trkpt lat="42.891521" lon="-7.970444"><ele>433.142</ele><time>2022-07-16T14:59:02Z</time></trkpt><trkpt lat="42.891557" lon="-7.970481"><ele>433.381</ele><time>2022-07-16T14:59:06Z</time></trkpt><trkpt lat="42.891591" lon="-7.970536"><ele>433.579</ele><time>2022-07-16T14:59:10Z</time></trkpt><trkpt lat="42.891627" lon="-7.970588"><ele>433.680</ele><time>2022-07-16T14:59:14Z</time></trkpt><trkpt lat="42.891657" lon="-7.970638"><ele>433.794</ele><time>2022-07-16T14:59:18Z</time></trkpt><trkpt lat="42.891699" lon="-7.970690"><ele>433.957</ele><time>2022-07-16T14:59:23Z</time></trkpt><trkpt lat="42.891740" lon="-7.970738"><ele>434.122</ele><time>2022-07-16T14:59:27Z</time></trkpt><trkpt lat="42.891780" lon="-7.970784"><ele>434.309</ele><time>2022-07-16T14:59:31Z</time></trkpt><trkpt lat="42.891817" lon="-7.970819"><ele>434.550</ele><time>2022-07-16T14:59:34Z</time></trkpt><trkpt lat="42.891852" lon="-7.970859"><ele>434.689</ele><time>2022-07-16T14:59:37Z</time></trkpt><trkpt lat="42.891895" lon="-7.970907"><ele>434.877</ele><time>2022-07-16T14:59:41Z</time></trkpt><trkpt lat="42.891933" lon="-7.970960"><ele>434.969</ele><time>2022-07-16T14:59:45Z</time></trkpt><trkpt lat="42.891978" lon="-7.971014"><ele>435.056</ele><time>2022-07-16T14:59:49Z</time></trkpt><trkpt lat="42.892012" lon="-7.971057"><ele>435.270</ele><time>2022-07-16T14:59:53Z</time></trkpt><trkpt lat="42.892049" lon="-7.971111"><ele>435.639</ele><time>2022-07-16T14:59:58Z</time></trkpt><trkpt lat="42.892078" lon="-7.971159"><ele>435.747</ele><time>2022-07-16T15:00:02Z</time></trkpt><trkpt lat="42.892116" lon="-7.971200"><ele>435.918</ele><time>2022-07-16T15:00:06Z</time></trkpt><trkpt lat="42.892160" lon="-7.971248"><ele>436.127</ele><time>2022-07-16T15:00:10Z</time></trkpt><trkpt lat="42.892197" lon="-7.971286"><ele>436.268</ele><time>2022-07-16T15:00:14Z</time></trkpt><trkpt lat="42.892235" lon="-7.971336"><ele>436.414</ele><time>2022-07-16T15:00:18Z</time></trkpt><trkpt lat="42.892277" lon="-7.971375"><ele>436.709</ele><time>2022-07-16T15:00:22Z</time></trkpt><trkpt lat="42.892319" lon="-7.971414"><ele>437.023</ele><time>2022-07-16T15:00:26Z</time></trkpt><trkpt lat="42.892359" lon="-7.971462"><ele>437.392</ele><time>2022-07-16T15:00:31Z</time></trkpt><trkpt lat="42.892396" lon="-7.971506"><ele>437.670</ele><time>2022-07-16T15:00:35Z</time></trkpt><trkpt lat="42.892431" lon="-7.971551"><ele>437.922</ele><time>2022-07-16T15:00:38Z</time></trkpt><trkpt lat="42.892468" lon="-7.971592"><ele>438.249</ele><time>2022-07-16T15:00:41Z</time></trkpt><trkpt lat="42.892505" lon="-7.971674"><ele>438.533</ele><time>2022-07-16T15:00:58Z</time></trkpt><trkpt lat="42.892579" lon="-7.971786"><ele>439.052</ele><time>2022-07-16T15:01:10Z</time></trkpt><trkpt lat="42.892608" lon="-7.971846"><ele>439.450</ele><time>2022-07-16T15:01:14Z</time></trkpt><trkpt lat="42.892643" lon="-7.971906"><ele>439.731</ele><time>2022-07-16T15:01:18Z</time></trkpt><trkpt lat="42.892677" lon="-7.971958"><ele>440.021</ele><time>2022-07-16T15:01:22Z</time></trkpt><trkpt lat="42.892724" lon="-7.972000"><ele>440.241</ele><time>2022-07-16T15:01:27Z</time></trkpt><trkpt lat="42.892761" lon="-7.972046"><ele>440.405</ele><time>2022-07-16T15:01:32Z</time></trkpt><trkpt lat="42.892832" lon="-7.972080"><ele>440.909</ele><time>2022-07-16T15:03:53Z</time></trkpt><trkpt lat="42.892866" lon="-7.972131"><ele>441.093</ele><time>2022-07-16T15:03:59Z</time></trkpt><trkpt lat="42.892897" lon="-7.972181"><ele>441.682</ele><time>2022-07-16T15:04:03Z</time></trkpt><trkpt lat="42.892936" lon="-7.972231"><ele>441.930</ele><time>2022-07-16T15:04:08Z</time></trkpt><trkpt lat="42.892975" lon="-7.972289"><ele>442.322</ele><time>2022-07-16T15:04:12Z</time></trkpt><trkpt lat="42.893007" lon="-7.972344"><ele>442.449</ele><time>2022-07-16T15:04:16Z</time></trkpt><trkpt lat="42.893037" lon="-7.972395"><ele>442.773</ele><time>2022-07-16T15:04:20Z</time></trkpt><trkpt lat="42.893075" lon="-7.972450"><ele>443.042</ele><time>2022-07-16T15:04:24Z</time></trkpt><trkpt lat="42.893111" lon="-7.972496"><ele>443.330</ele><time>2022-07-16T15:04:29Z</time></trkpt><trkpt lat="42.893152" lon="-7.972557"><ele>443.541</ele><time>2022-07-16T15:04:34Z</time></trkpt><trkpt lat="42.893180" lon="-7.972606"><ele>443.734</ele><time>2022-07-16T15:04:37Z</time></trkpt><trkpt lat="42.893205" lon="-7.972662"><ele>444.155</ele><time>2022-07-16T15:04:40Z</time></trkpt><trkpt lat="42.893238" lon="-7.972713"><ele>444.510</ele><time>2022-07-16T15:04:43Z</time></trkpt><trkpt lat="42.893280" lon="-7.972774"><ele>444.709</ele><time>2022-07-16T15:04:47Z</time></trkpt><trkpt lat="42.893317" lon="-7.972835"><ele>444.884</ele><time>2022-07-16T15:04:51Z</time></trkpt><trkpt lat="42.893353" lon="-7.972896"><ele>445.063</ele><time>2022-07-16T15:04:55Z</time></trkpt><trkpt lat="42.893388" lon="-7.972953"><ele>445.171</ele><time>2022-07-16T15:04:59Z</time></trkpt><trkpt lat="42.893420" lon="-7.972998"><ele>445.363</ele><time>2022-07-16T15:05:02Z</time></trkpt><trkpt lat="42.893452" lon="-7.973062"><ele>445.410</ele><time>2022-07-16T15:05:06Z</time></trkpt><trkpt lat="42.893489" lon="-7.973121"><ele>445.424</ele><time>2022-07-16T15:05:10Z</time></trkpt><trkpt lat="42.893527" lon="-7.973175"><ele>445.583</ele><time>2022-07-16T15:05:14Z</time></trkpt><trkpt lat="42.893567" lon="-7.973206"><ele>445.641</ele><time>2022-07-16T15:05:18Z</time></trkpt><trkpt lat="42.893610" lon="-7.973235"><ele>445.712</ele><time>2022-07-16T15:05:22Z</time></trkpt><trkpt lat="42.893658" lon="-7.973273"><ele>445.877</ele><time>2022-07-16T15:05:26Z</time></trkpt><trkpt lat="42.893711" lon="-7.973290"><ele>445.961</ele><time>2022-07-16T15:05:30Z</time></trkpt><trkpt lat="42.893763" lon="-7.973311"><ele>445.927</ele><time>2022-07-16T15:05:34Z</time></trkpt><trkpt lat="42.893809" lon="-7.973312"><ele>445.909</ele><time>2022-07-16T15:05:38Z</time></trkpt><trkpt lat="42.893855" lon="-7.973334"><ele>445.978</ele><time>2022-07-16T15:05:41Z</time></trkpt><trkpt lat="42.893896" lon="-7.973391"><ele>445.977</ele><time>2022-07-16T15:05:45Z</time></trkpt><trkpt lat="42.893926" lon="-7.973443"><ele>445.945</ele><time>2022-07-16T15:05:49Z</time></trkpt><trkpt lat="42.893954" lon="-7.973493"><ele>445.917</ele><time>2022-07-16T15:05:52Z</time></trkpt><trkpt lat="42.893996" lon="-7.973538"><ele>445.924</ele><time>2022-07-16T15:05:57Z</time></trkpt><trkpt lat="42.894038" lon="-7.973577"><ele>445.988</ele><time>2022-07-16T15:06:01Z</time></trkpt><trkpt lat="42.894072" lon="-7.973628"><ele>445.947</ele><time>2022-07-16T15:06:05Z</time></trkpt><trkpt lat="42.894103" lon="-7.973692"><ele>445.995</ele><time>2022-07-16T15:06:09Z</time></trkpt><trkpt lat="42.894124" lon="-7.973747"><ele>445.916</ele><time>2022-07-16T15:06:12Z</time></trkpt><trkpt lat="42.894161" lon="-7.973803"><ele>445.922</ele><time>2022-07-16T15:06:17Z</time></trkpt><trkpt lat="42.894189" lon="-7.973852"><ele>445.962</ele><time>2022-07-16T15:06:20Z</time></trkpt><trkpt lat="42.894205" lon="-7.973931"><ele>445.808</ele><time>2022-07-16T15:06:24Z</time></trkpt><trkpt lat="42.894223" lon="-7.973989"><ele>445.709</ele><time>2022-07-16T15:06:27Z</time></trkpt><trkpt lat="42.894240" lon="-7.974051"><ele>445.783</ele><time>2022-07-16T15:06:30Z</time></trkpt><trkpt lat="42.894256" lon="-7.974121"><ele>445.722</ele><time>2022-07-16T15:06:34Z</time></trkpt><trkpt lat="42.894268" lon="-7.974191"><ele>445.740</ele><time>2022-07-16T15:06:38Z</time></trkpt><trkpt lat="42.894278" lon="-7.974266"><ele>445.712</ele><time>2022-07-16T15:06:41Z</time></trkpt><trkpt lat="42.894281" lon="-7.974331"><ele>445.769</ele><time>2022-07-16T15:06:44Z</time></trkpt><trkpt lat="42.894293" lon="-7.974392"><ele>445.733</ele><time>2022-07-16T15:06:47Z</time></trkpt><trkpt lat="42.894286" lon="-7.974453"><ele>445.622</ele><time>2022-07-16T15:06:50Z</time></trkpt><trkpt lat="42.894261" lon="-7.974522"><ele>445.430</ele><time>2022-07-16T15:06:54Z</time></trkpt><trkpt lat="42.894232" lon="-7.974570"><ele>445.241</ele><time>2022-07-16T15:06:57Z</time></trkpt><trkpt lat="42.894203" lon="-7.974620"><ele>445.119</ele><time>2022-07-16T15:07:00Z</time></trkpt><trkpt lat="42.894167" lon="-7.974675"><ele>445.109</ele><time>2022-07-16T15:07:04Z</time></trkpt><trkpt lat="42.894145" lon="-7.974734"><ele>445.119</ele><time>2022-07-16T15:07:08Z</time></trkpt><trkpt lat="42.894114" lon="-7.974788"><ele>445.109</ele><time>2022-07-16T15:07:12Z</time></trkpt><trkpt lat="42.894084" lon="-7.974847"><ele>445.142</ele><time>2022-07-16T15:07:16Z</time></trkpt><trkpt lat="42.894053" lon="-7.974895"><ele>445.171</ele><time>2022-07-16T15:07:20Z</time></trkpt><trkpt lat="42.894029" lon="-7.974948"><ele>445.199</ele><time>2022-07-16T15:07:24Z</time></trkpt><trkpt lat="42.894002" lon="-7.975002"><ele>445.161</ele><time>2022-07-16T15:07:28Z</time></trkpt><trkpt lat="42.893970" lon="-7.975056"><ele>445.188</ele><time>2022-07-16T15:07:32Z</time></trkpt><trkpt lat="42.893944" lon="-7.975107"><ele>445.132</ele><time>2022-07-16T15:07:35Z</time></trkpt><trkpt lat="42.893916" lon="-7.975171"><ele>445.151</ele><time>2022-07-16T15:07:39Z</time></trkpt><trkpt lat="42.893889" lon="-7.975223"><ele>445.199</ele><time>2022-07-16T15:07:42Z</time></trkpt><trkpt lat="42.893851" lon="-7.975285"><ele>445.190</ele><time>2022-07-16T15:07:46Z</time></trkpt><trkpt lat="42.893829" lon="-7.975351"><ele>445.167</ele><time>2022-07-16T15:07:50Z</time></trkpt><trkpt lat="42.893806" lon="-7.975423"><ele>445.181</ele><time>2022-07-16T15:07:54Z</time></trkpt><trkpt lat="42.893782" lon="-7.975488"><ele>445.119</ele><time>2022-07-16T15:07:58Z</time></trkpt><trkpt lat="42.893766" lon="-7.975548"><ele>445.109</ele><time>2022-07-16T15:08:01Z</time></trkpt><trkpt lat="42.893731" lon="-7.975615"><ele>444.917</ele><time>2022-07-16T15:08:05Z</time></trkpt><trkpt lat="42.893708" lon="-7.975682"><ele>444.926</ele><time>2022-07-16T15:08:09Z</time></trkpt><trkpt lat="42.893692" lon="-7.975742"><ele>444.964</ele><time>2022-07-16T15:08:12Z</time></trkpt><trkpt lat="42.893676" lon="-7.975799"><ele>444.996</ele><time>2022-07-16T15:08:15Z</time></trkpt><trkpt lat="42.893655" lon="-7.975873"><ele>444.983</ele><time>2022-07-16T15:08:19Z</time></trkpt><trkpt lat="42.893639" lon="-7.975939"><ele>444.967</ele><time>2022-07-16T15:08:23Z</time></trkpt><trkpt lat="42.893626" lon="-7.976013"><ele>444.946</ele><time>2022-07-16T15:08:27Z</time></trkpt><trkpt lat="42.893624" lon="-7.976087"><ele>444.944</ele><time>2022-07-16T15:08:31Z</time></trkpt><trkpt lat="42.893637" lon="-7.976151"><ele>444.875</ele><time>2022-07-16T15:08:35Z</time></trkpt><trkpt lat="42.893664" lon="-7.976216"><ele>444.712</ele><time>2022-07-16T15:08:39Z</time></trkpt><trkpt lat="42.893701" lon="-7.976267"><ele>444.532</ele><time>2022-07-16T15:08:43Z</time></trkpt><trkpt lat="42.893740" lon="-7.976321"><ele>444.305</ele><time>2022-07-16T15:08:47Z</time></trkpt><trkpt lat="42.893775" lon="-7.976364"><ele>444.109</ele><time>2022-07-16T15:08:51Z</time></trkpt><trkpt lat="42.893811" lon="-7.976421"><ele>443.912</ele><time>2022-07-16T15:08:55Z</time></trkpt><trkpt lat="42.893850" lon="-7.976462"><ele>443.811</ele><time>2022-07-16T15:08:59Z</time></trkpt><trkpt lat="42.893885" lon="-7.976512"><ele>443.769</ele><time>2022-07-16T15:09:03Z</time></trkpt><trkpt lat="42.893929" lon="-7.976558"><ele>443.521</ele><time>2022-07-16T15:09:07Z</time></trkpt><trkpt lat="42.893973" lon="-7.976612"><ele>443.378</ele><time>2022-07-16T15:09:12Z</time></trkpt><trkpt lat="42.894013" lon="-7.976656"><ele>443.252</ele><time>2022-07-16T15:09:16Z</time></trkpt><trkpt lat="42.894046" lon="-7.976705"><ele>443.171</ele><time>2022-07-16T15:09:20Z</time></trkpt><trkpt lat="42.894092" lon="-7.976743"><ele>442.919</ele><time>2022-07-16T15:09:24Z</time></trkpt><trkpt lat="42.894137" lon="-7.976780"><ele>442.730</ele><time>2022-07-16T15:09:29Z</time></trkpt><trkpt lat="42.894175" lon="-7.976823"><ele>442.556</ele><time>2022-07-16T15:09:32Z</time></trkpt><trkpt lat="42.894213" lon="-7.976868"><ele>442.359</ele><time>2022-07-16T15:09:35Z</time></trkpt><trkpt lat="42.894246" lon="-7.976914"><ele>442.214</ele><time>2022-07-16T15:09:39Z</time></trkpt><trkpt lat="42.894283" lon="-7.976961"><ele>442.209</ele><time>2022-07-16T15:09:43Z</time></trkpt><trkpt lat="42.894323" lon="-7.977005"><ele>442.236</ele><time>2022-07-16T15:09:47Z</time></trkpt><trkpt lat="42.894360" lon="-7.977052"><ele>442.195</ele><time>2022-07-16T15:09:51Z</time></trkpt><trkpt lat="42.894387" lon="-7.977102"><ele>442.033</ele><time>2022-07-16T15:09:54Z</time></trkpt><trkpt lat="42.894430" lon="-7.977150"><ele>441.975</ele><time>2022-07-16T15:09:58Z</time></trkpt><trkpt lat="42.894475" lon="-7.977193"><ele>441.812</ele><time>2022-07-16T15:10:02Z</time></trkpt><trkpt lat="42.894503" lon="-7.977247"><ele>441.726</ele><time>2022-07-16T15:10:04Z</time></trkpt><trkpt lat="42.894525" lon="-7.977308"><ele>441.745</ele><time>2022-07-16T15:10:07Z</time></trkpt><trkpt lat="42.894552" lon="-7.977359"><ele>441.783</ele><time>2022-07-16T15:10:10Z</time></trkpt><trkpt lat="42.894590" lon="-7.977412"><ele>441.794</ele><time>2022-07-16T15:10:14Z</time></trkpt><trkpt lat="42.894631" lon="-7.977467"><ele>441.777</ele><time>2022-07-16T15:10:18Z</time></trkpt><trkpt lat="42.894666" lon="-7.977507"><ele>441.761</ele><time>2022-07-16T15:10:21Z</time></trkpt><trkpt lat="42.894716" lon="-7.977550"><ele>441.727</ele><time>2022-07-16T15:10:25Z</time></trkpt><trkpt lat="42.894753" lon="-7.977590"><ele>441.609</ele><time>2022-07-16T15:10:29Z</time></trkpt><trkpt lat="42.894782" lon="-7.977647"><ele>441.668</ele><time>2022-07-16T15:10:33Z</time></trkpt><trkpt lat="42.894821" lon="-7.977678"><ele>441.657</ele><time>2022-07-16T15:10:37Z</time></trkpt><trkpt lat="42.894861" lon="-7.977724"><ele>441.645</ele><time>2022-07-16T15:10:42Z</time></trkpt><trkpt lat="42.894896" lon="-7.977773"><ele>441.577</ele><time>2022-07-16T15:10:48Z</time></trkpt><trkpt lat="42.894932" lon="-7.977812"><ele>441.544</ele><time>2022-07-16T15:10:52Z</time></trkpt><trkpt lat="42.894953" lon="-7.977868"><ele>441.598</ele><time>2022-07-16T15:10:59Z</time></trkpt><trkpt lat="42.894994" lon="-7.977904"><ele>441.327</ele><time>2022-07-16T15:11:04Z</time></trkpt><trkpt lat="42.895040" lon="-7.977944"><ele>441.235</ele><time>2022-07-16T15:11:10Z</time></trkpt><trkpt lat="42.895085" lon="-7.977984"><ele>441.126</ele><time>2022-07-16T15:11:15Z</time></trkpt><trkpt lat="42.895126" lon="-7.978027"><ele>441.152</ele><time>2022-07-16T15:11:19Z</time></trkpt><trkpt lat="42.895166" lon="-7.978069"><ele>441.053</ele><time>2022-07-16T15:11:24Z</time></trkpt><trkpt lat="42.895209" lon="-7.978092"><ele>440.908</ele><time>2022-07-16T15:11:27Z</time></trkpt><trkpt lat="42.895267" lon="-7.978110"><ele>440.909</ele><time>2022-07-16T15:11:32Z</time></trkpt><trkpt lat="42.895314" lon="-7.978134"><ele>440.956</ele><time>2022-07-16T15:11:39Z</time></trkpt><trkpt lat="42.895367" lon="-7.978164"><ele>440.975</ele><time>2022-07-16T15:11:44Z</time></trkpt><trkpt lat="42.895403" lon="-7.978217"><ele>440.843</ele><time>2022-07-16T15:11:48Z</time></trkpt><trkpt lat="42.895455" lon="-7.978244"><ele>440.785</ele><time>2022-07-16T15:11:53Z</time></trkpt><trkpt lat="42.895500" lon="-7.978290"><ele>440.762</ele><time>2022-07-16T15:11:57Z</time></trkpt><trkpt lat="42.895547" lon="-7.978332"><ele>440.786</ele><time>2022-07-16T15:12:01Z</time></trkpt><trkpt lat="42.895594" lon="-7.978383"><ele>440.615</ele><time>2022-07-16T15:12:05Z</time></trkpt><trkpt lat="42.895640" lon="-7.978428"><ele>440.693</ele><time>2022-07-16T15:12:10Z</time></trkpt><trkpt lat="42.895686" lon="-7.978466"><ele>440.624</ele><time>2022-07-16T15:12:14Z</time></trkpt><trkpt lat="42.895721" lon="-7.978505"><ele>440.479</ele><time>2022-07-16T15:12:17Z</time></trkpt><trkpt lat="42.895758" lon="-7.978546"><ele>440.305</ele><time>2022-07-16T15:12:20Z</time></trkpt><trkpt lat="42.895798" lon="-7.978582"><ele>440.225</ele><time>2022-07-16T15:12:24Z</time></trkpt><trkpt lat="42.895838" lon="-7.978621"><ele>440.109</ele><time>2022-07-16T15:12:27Z</time></trkpt><trkpt lat="42.895873" lon="-7.978660"><ele>440.058</ele><time>2022-07-16T15:12:30Z</time></trkpt><trkpt lat="42.895922" lon="-7.978702"><ele>439.957</ele><time>2022-07-16T15:12:34Z</time></trkpt><trkpt lat="42.895962" lon="-7.978749"><ele>439.815</ele><time>2022-07-16T15:12:38Z</time></trkpt><trkpt lat="42.896008" lon="-7.978798"><ele>439.747</ele><time>2022-07-16T15:12:42Z</time></trkpt><trkpt lat="42.896044" lon="-7.978843"><ele>439.654</ele><time>2022-07-16T15:12:45Z</time></trkpt><trkpt lat="42.896075" lon="-7.978890"><ele>439.538</ele><time>2022-07-16T15:12:48Z</time></trkpt><trkpt lat="42.896109" lon="-7.978937"><ele>439.417</ele><time>2022-07-16T15:12:51Z</time></trkpt><trkpt lat="42.896147" lon="-7.978987"><ele>439.325</ele><time>2022-07-16T15:12:55Z</time></trkpt><trkpt lat="42.896187" lon="-7.979043"><ele>439.326</ele><time>2022-07-16T15:12:59Z</time></trkpt><trkpt lat="42.896227" lon="-7.979099"><ele>439.323</ele><time>2022-07-16T15:13:03Z</time></trkpt><trkpt lat="42.896262" lon="-7.979163"><ele>439.383</ele><time>2022-07-16T15:13:06Z</time></trkpt><trkpt lat="42.896308" lon="-7.979216"><ele>439.311</ele><time>2022-07-16T15:13:10Z</time></trkpt><trkpt lat="42.896348" lon="-7.979273"><ele>439.209</ele><time>2022-07-16T15:13:14Z</time></trkpt><trkpt lat="42.896379" lon="-7.979319"><ele>439.053</ele><time>2022-07-16T15:13:17Z</time></trkpt><trkpt lat="42.896415" lon="-7.979371"><ele>438.982</ele><time>2022-07-16T15:13:21Z</time></trkpt><trkpt lat="42.896457" lon="-7.979428"><ele>438.880</ele><time>2022-07-16T15:13:25Z</time></trkpt><trkpt lat="42.896492" lon="-7.979469"><ele>438.822</ele><time>2022-07-16T15:13:28Z</time></trkpt><trkpt lat="42.896521" lon="-7.979517"><ele>438.759</ele><time>2022-07-16T15:13:31Z</time></trkpt><trkpt lat="42.896558" lon="-7.979562"><ele>438.693</ele><time>2022-07-16T15:13:35Z</time></trkpt><trkpt lat="42.896597" lon="-7.979610"><ele>438.542</ele><time>2022-07-16T15:13:39Z</time></trkpt><trkpt lat="42.896631" lon="-7.979663"><ele>438.470</ele><time>2022-07-16T15:13:43Z</time></trkpt><trkpt lat="42.896664" lon="-7.979708"><ele>438.311</ele><time>2022-07-16T15:13:46Z</time></trkpt><trkpt lat="42.896705" lon="-7.979760"><ele>438.248</ele><time>2022-07-16T15:13:50Z</time></trkpt><trkpt lat="42.896735" lon="-7.979808"><ele>438.161</ele><time>2022-07-16T15:13:53Z</time></trkpt><trkpt lat="42.896767" lon="-7.979855"><ele>437.917</ele><time>2022-07-16T15:13:56Z</time></trkpt><trkpt lat="42.896811" lon="-7.979894"><ele>437.709</ele><time>2022-07-16T15:14:00Z</time></trkpt><trkpt lat="42.896854" lon="-7.979938"><ele>437.555</ele><time>2022-07-16T15:14:04Z</time></trkpt><trkpt lat="42.896893" lon="-7.979968"><ele>437.314</ele><time>2022-07-16T15:14:07Z</time></trkpt><trkpt lat="42.896937" lon="-7.980012"><ele>437.182</ele><time>2022-07-16T15:14:11Z</time></trkpt><trkpt lat="42.896979" lon="-7.980058"><ele>437.074</ele><time>2022-07-16T15:14:15Z</time></trkpt><trkpt lat="42.897023" lon="-7.980100"><ele>436.951</ele><time>2022-07-16T15:14:19Z</time></trkpt><trkpt lat="42.897073" lon="-7.980142"><ele>436.865</ele><time>2022-07-16T15:14:23Z</time></trkpt><trkpt lat="42.897113" lon="-7.980185"><ele>436.794</ele><time>2022-07-16T15:14:27Z</time></trkpt><trkpt lat="42.897152" lon="-7.980223"><ele>436.782</ele><time>2022-07-16T15:14:30Z</time></trkpt><trkpt lat="42.897197" lon="-7.980274"><ele>436.673</ele><time>2022-07-16T15:14:34Z</time></trkpt><trkpt lat="42.897247" lon="-7.980313"><ele>436.475</ele><time>2022-07-16T15:14:38Z</time></trkpt><trkpt lat="42.897290" lon="-7.980362"><ele>436.328</ele><time>2022-07-16T15:14:42Z</time></trkpt><trkpt lat="42.897339" lon="-7.980405"><ele>436.220</ele><time>2022-07-16T15:14:46Z</time></trkpt><trkpt lat="42.897382" lon="-7.980440"><ele>436.109</ele><time>2022-07-16T15:14:50Z</time></trkpt><trkpt lat="42.897428" lon="-7.980482"><ele>436.098</ele><time>2022-07-16T15:14:54Z</time></trkpt><trkpt lat="42.897476" lon="-7.980524"><ele>435.927</ele><time>2022-07-16T15:14:58Z</time></trkpt><trkpt lat="42.897511" lon="-7.980562"><ele>435.965</ele><time>2022-07-16T15:15:02Z</time></trkpt><trkpt lat="42.897555" lon="-7.980596"><ele>435.867</ele><time>2022-07-16T15:15:06Z</time></trkpt><trkpt lat="42.897598" lon="-7.980653"><ele>435.774</ele><time>2022-07-16T15:15:10Z</time></trkpt><trkpt lat="42.897635" lon="-7.980700"><ele>435.638</ele><time>2022-07-16T15:15:14Z</time></trkpt><trkpt lat="42.897671" lon="-7.980748"><ele>435.597</ele><time>2022-07-16T15:15:18Z</time></trkpt><trkpt lat="42.897704" lon="-7.980816"><ele>435.515</ele><time>2022-07-16T15:15:22Z</time></trkpt><trkpt lat="42.897739" lon="-7.980879"><ele>435.596</ele><time>2022-07-16T15:15:26Z</time></trkpt><trkpt lat="42.897770" lon="-7.980934"><ele>435.555</ele><time>2022-07-16T15:15:29Z</time></trkpt><trkpt lat="42.897795" lon="-7.980990"><ele>435.507</ele><time>2022-07-16T15:15:33Z</time></trkpt><trkpt lat="42.897826" lon="-7.981037"><ele>435.517</ele><time>2022-07-16T15:15:37Z</time></trkpt><trkpt lat="42.897863" lon="-7.981078"><ele>435.509</ele><time>2022-07-16T15:15:41Z</time></trkpt><trkpt lat="42.897892" lon="-7.981140"><ele>435.596</ele><time>2022-07-16T15:15:47Z</time></trkpt><trkpt lat="42.897916" lon="-7.981193"><ele>435.595</ele><time>2022-07-16T15:15:50Z</time></trkpt><trkpt lat="42.897946" lon="-7.981258"><ele>435.523</ele><time>2022-07-16T15:15:53Z</time></trkpt><trkpt lat="42.897978" lon="-7.981305"><ele>435.515</ele><time>2022-07-16T15:15:57Z</time></trkpt><trkpt lat="42.898017" lon="-7.981366"><ele>435.542</ele><time>2022-07-16T15:16:01Z</time></trkpt><trkpt lat="42.898051" lon="-7.981420"><ele>435.576</ele><time>2022-07-16T15:16:06Z</time></trkpt><trkpt lat="42.898065" lon="-7.981483"><ele>435.565</ele><time>2022-07-16T15:16:10Z</time></trkpt><trkpt lat="42.898092" lon="-7.981537"><ele>435.573</ele><time>2022-07-16T15:16:14Z</time></trkpt><trkpt lat="42.898117" lon="-7.981595"><ele>435.574</ele><time>2022-07-16T15:16:17Z</time></trkpt><trkpt lat="42.898154" lon="-7.981644"><ele>435.522</ele><time>2022-07-16T15:16:20Z</time></trkpt><trkpt lat="42.898187" lon="-7.981713"><ele>435.562</ele><time>2022-07-16T15:16:24Z</time></trkpt><trkpt lat="42.898213" lon="-7.981780"><ele>435.508</ele><time>2022-07-16T15:16:28Z</time></trkpt><trkpt lat="42.898236" lon="-7.981833"><ele>435.409</ele><time>2022-07-16T15:16:31Z</time></trkpt><trkpt lat="42.898270" lon="-7.981899"><ele>435.283</ele><time>2022-07-16T15:16:35Z</time></trkpt><trkpt lat="42.898301" lon="-7.981960"><ele>435.232</ele><time>2022-07-16T15:16:39Z</time></trkpt><trkpt lat="42.898325" lon="-7.982032"><ele>435.230</ele><time>2022-07-16T15:16:42Z</time></trkpt><trkpt lat="42.898345" lon="-7.982102"><ele>435.262</ele><time>2022-07-16T15:16:46Z</time></trkpt><trkpt lat="42.898376" lon="-7.982170"><ele>435.279</ele><time>2022-07-16T15:16:50Z</time></trkpt><trkpt lat="42.898398" lon="-7.982226"><ele>435.293</ele><time>2022-07-16T15:16:53Z</time></trkpt><trkpt lat="42.898410" lon="-7.982298"><ele>435.282</ele><time>2022-07-16T15:16:57Z</time></trkpt><trkpt lat="42.898434" lon="-7.982353"><ele>435.270</ele><time>2022-07-16T15:17:01Z</time></trkpt><trkpt lat="42.898455" lon="-7.982408"><ele>435.241</ele><time>2022-07-16T15:17:04Z</time></trkpt><trkpt lat="42.898492" lon="-7.982446"><ele>435.351</ele><time>2022-07-16T15:17:07Z</time></trkpt><trkpt lat="42.898517" lon="-7.982505"><ele>435.401</ele><time>2022-07-16T15:17:10Z</time></trkpt><trkpt lat="42.898539" lon="-7.982569"><ele>435.511</ele><time>2022-07-16T15:17:13Z</time></trkpt><trkpt lat="42.898573" lon="-7.982628"><ele>435.609</ele><time>2022-07-16T15:17:17Z</time></trkpt><trkpt lat="42.898604" lon="-7.982688"><ele>435.676</ele><time>2022-07-16T15:17:21Z</time></trkpt><trkpt lat="42.898626" lon="-7.982749"><ele>435.645</ele><time>2022-07-16T15:17:24Z</time></trkpt><trkpt lat="42.898650" lon="-7.982801"><ele>435.783</ele><time>2022-07-16T15:17:27Z</time></trkpt><trkpt lat="42.898680" lon="-7.982865"><ele>435.875</ele><time>2022-07-16T15:17:31Z</time></trkpt><trkpt lat="42.898705" lon="-7.982924"><ele>435.832</ele><time>2022-07-16T15:17:35Z</time></trkpt><trkpt lat="42.898735" lon="-7.982970"><ele>435.846</ele><time>2022-07-16T15:17:38Z</time></trkpt><trkpt lat="42.898756" lon="-7.983036"><ele>435.895</ele><time>2022-07-16T15:17:42Z</time></trkpt><trkpt lat="42.898780" lon="-7.983100"><ele>435.733</ele><time>2022-07-16T15:17:46Z</time></trkpt><trkpt lat="42.898797" lon="-7.983160"><ele>435.644</ele><time>2022-07-16T15:18:38Z</time></trkpt><trkpt lat="42.898837" lon="-7.983213"><ele>435.558</ele><time>2022-07-16T15:18:43Z</time></trkpt><trkpt lat="42.898864" lon="-7.983264"><ele>435.552</ele><time>2022-07-16T15:18:47Z</time></trkpt><trkpt lat="42.898893" lon="-7.983320"><ele>435.517</ele><time>2022-07-16T15:18:51Z</time></trkpt><trkpt lat="42.898930" lon="-7.983372"><ele>435.509</ele><time>2022-07-16T15:18:56Z</time></trkpt><trkpt lat="42.898964" lon="-7.983424"><ele>435.546</ele><time>2022-07-16T15:19:00Z</time></trkpt><trkpt lat="42.898994" lon="-7.983470"><ele>435.655</ele><time>2022-07-16T15:19:03Z</time></trkpt><trkpt lat="42.899024" lon="-7.983522"><ele>435.683</ele><time>2022-07-16T15:19:07Z</time></trkpt><trkpt lat="42.899055" lon="-7.983581"><ele>435.655</ele><time>2022-07-16T15:19:11Z</time></trkpt><trkpt lat="42.899082" lon="-7.983636"><ele>435.652</ele><time>2022-07-16T15:19:15Z</time></trkpt><trkpt lat="42.899116" lon="-7.983700"><ele>435.656</ele><time>2022-07-16T15:19:19Z</time></trkpt><trkpt lat="42.899144" lon="-7.983752"><ele>435.635</ele><time>2022-07-16T15:19:23Z</time></trkpt><trkpt lat="42.899177" lon="-7.983813"><ele>435.643</ele><time>2022-07-16T15:19:27Z</time></trkpt><trkpt lat="42.899204" lon="-7.983870"><ele>435.614</ele><time>2022-07-16T15:19:30Z</time></trkpt><trkpt lat="42.899241" lon="-7.983932"><ele>435.794</ele><time>2022-07-16T15:19:35Z</time></trkpt><trkpt lat="42.899267" lon="-7.983995"><ele>435.857</ele><time>2022-07-16T15:19:39Z</time></trkpt><trkpt lat="42.899295" lon="-7.984055"><ele>435.922</ele><time>2022-07-16T15:19:43Z</time></trkpt><trkpt lat="42.899330" lon="-7.984110"><ele>435.909</ele><time>2022-07-16T15:19:47Z</time></trkpt><trkpt lat="42.899358" lon="-7.984163"><ele>435.960</ele><time>2022-07-16T15:19:52Z</time></trkpt><trkpt lat="42.899383" lon="-7.984231"><ele>435.929</ele><time>2022-07-16T15:19:57Z</time></trkpt><trkpt lat="42.899412" lon="-7.984288"><ele>435.947</ele><time>2022-07-16T15:20:01Z</time></trkpt><trkpt lat="42.899443" lon="-7.984338"><ele>436.099</ele><time>2022-07-16T15:20:05Z</time></trkpt><trkpt lat="42.899470" lon="-7.984390"><ele>436.196</ele><time>2022-07-16T15:20:08Z</time></trkpt><trkpt lat="42.899506" lon="-7.984442"><ele>436.210</ele><time>2022-07-16T15:20:12Z</time></trkpt><trkpt lat="42.899537" lon="-7.984498"><ele>436.219</ele><time>2022-07-16T15:20:15Z</time></trkpt><trkpt lat="42.899571" lon="-7.984560"><ele>436.257</ele><time>2022-07-16T15:20:19Z</time></trkpt><trkpt lat="42.899603" lon="-7.984617"><ele>436.238</ele><time>2022-07-16T15:20:23Z</time></trkpt><trkpt lat="42.899630" lon="-7.984669"><ele>436.365</ele><time>2022-07-16T15:20:27Z</time></trkpt><trkpt lat="42.899654" lon="-7.984726"><ele>436.468</ele><time>2022-07-16T15:20:30Z</time></trkpt><trkpt lat="42.899675" lon="-7.984786"><ele>436.514</ele><time>2022-07-16T15:20:34Z</time></trkpt><trkpt lat="42.899705" lon="-7.984847"><ele>436.609</ele><time>2022-07-16T15:20:39Z</time></trkpt><trkpt lat="42.899726" lon="-7.984902"><ele>436.657</ele><time>2022-07-16T15:20:43Z</time></trkpt><trkpt lat="42.899761" lon="-7.984949"><ele>436.726</ele><time>2022-07-16T15:20:47Z</time></trkpt><trkpt lat="42.899796" lon="-7.985007"><ele>436.844</ele><time>2022-07-16T15:20:51Z</time></trkpt><trkpt lat="42.899826" lon="-7.985067"><ele>437.046</ele><time>2022-07-16T15:20:55Z</time></trkpt><trkpt lat="42.899861" lon="-7.985128"><ele>437.193</ele><time>2022-07-16T15:20:59Z</time></trkpt><trkpt lat="42.899893" lon="-7.985177"><ele>437.257</ele><time>2022-07-16T15:21:04Z</time></trkpt><trkpt lat="42.899916" lon="-7.985231"><ele>437.346</ele><time>2022-07-16T15:21:08Z</time></trkpt><trkpt lat="42.899937" lon="-7.985286"><ele>437.594</ele><time>2022-07-16T15:21:12Z</time></trkpt><trkpt lat="42.899964" lon="-7.985351"><ele>437.645</ele><time>2022-07-16T15:21:17Z</time></trkpt><trkpt lat="42.899996" lon="-7.985402"><ele>437.883</ele><time>2022-07-16T15:21:22Z</time></trkpt><trkpt lat="42.900034" lon="-7.985457"><ele>438.025</ele><time>2022-07-16T15:21:28Z</time></trkpt><trkpt lat="42.900062" lon="-7.985509"><ele>438.217</ele><time>2022-07-16T15:21:32Z</time></trkpt><trkpt lat="42.900099" lon="-7.985552"><ele>438.409</ele><time>2022-07-16T15:21:36Z</time></trkpt><trkpt lat="42.900127" lon="-7.985600"><ele>438.679</ele><time>2022-07-16T15:21:40Z</time></trkpt><trkpt lat="42.900167" lon="-7.985637"><ele>438.828</ele><time>2022-07-16T15:21:44Z</time></trkpt><trkpt lat="42.900196" lon="-7.985700"><ele>439.076</ele><time>2022-07-16T15:21:46Z</time></trkpt><trkpt lat="42.900219" lon="-7.985779"><ele>439.088</ele><time>2022-07-16T15:25:13Z</time></trkpt><trkpt lat="42.900191" lon="-7.985860"><ele>439.135</ele><time>2022-07-16T15:25:21Z</time></trkpt><trkpt lat="42.900210" lon="-7.985921"><ele>439.279</ele><time>2022-07-16T15:25:26Z</time></trkpt><trkpt lat="42.900246" lon="-7.985973"><ele>439.298</ele><time>2022-07-16T15:25:30Z</time></trkpt><trkpt lat="42.900289" lon="-7.985998"><ele>439.496</ele><time>2022-07-16T15:25:33Z</time></trkpt><trkpt lat="42.900325" lon="-7.986041"><ele>439.647</ele><time>2022-07-16T15:25:37Z</time></trkpt><trkpt lat="42.900368" lon="-7.986088"><ele>439.831</ele><time>2022-07-16T15:25:41Z</time></trkpt><trkpt lat="42.900408" lon="-7.986119"><ele>439.961</ele><time>2022-07-16T15:25:44Z</time></trkpt><trkpt lat="42.900453" lon="-7.986145"><ele>440.007</ele><time>2022-07-16T15:25:47Z</time></trkpt><trkpt lat="42.900493" lon="-7.986175"><ele>440.109</ele><time>2022-07-16T15:25:50Z</time></trkpt><trkpt lat="42.900530" lon="-7.986211"><ele>440.244</ele><time>2022-07-16T15:25:53Z</time></trkpt><trkpt lat="42.900576" lon="-7.986245"><ele>440.373</ele><time>2022-07-16T15:25:56Z</time></trkpt><trkpt lat="42.900615" lon="-7.986283"><ele>440.441</ele><time>2022-07-16T15:25:59Z</time></trkpt><trkpt lat="42.900650" lon="-7.986326"><ele>440.573</ele><time>2022-07-16T15:26:02Z</time></trkpt><trkpt lat="42.900676" lon="-7.986396"><ele>440.720</ele><time>2022-07-16T15:26:06Z</time></trkpt><trkpt lat="42.900708" lon="-7.986455"><ele>440.824</ele><time>2022-07-16T15:26:10Z</time></trkpt><trkpt lat="42.900740" lon="-7.986522"><ele>440.963</ele><time>2022-07-16T15:26:14Z</time></trkpt><trkpt lat="42.900769" lon="-7.986582"><ele>441.171</ele><time>2022-07-16T15:26:18Z</time></trkpt><trkpt lat="42.900798" lon="-7.986643"><ele>441.122</ele><time>2022-07-16T15:26:22Z</time></trkpt><trkpt lat="42.900827" lon="-7.986692"><ele>441.118</ele><time>2022-07-16T15:26:26Z</time></trkpt><trkpt lat="42.900848" lon="-7.986749"><ele>441.198</ele><time>2022-07-16T15:26:30Z</time></trkpt><trkpt lat="42.900880" lon="-7.986816"><ele>441.117</ele><time>2022-07-16T15:26:34Z</time></trkpt><trkpt lat="42.900916" lon="-7.986882"><ele>441.109</ele><time>2022-07-16T15:26:38Z</time></trkpt><trkpt lat="42.900947" lon="-7.986942"><ele>441.082</ele><time>2022-07-16T15:26:42Z</time></trkpt><trkpt lat="42.900975" lon="-7.986996"><ele>440.931</ele><time>2022-07-16T15:26:46Z</time></trkpt><trkpt lat="42.901006" lon="-7.987061"><ele>440.769</ele><time>2022-07-16T15:26:50Z</time></trkpt><trkpt lat="42.901038" lon="-7.987109"><ele>440.661</ele><time>2022-07-16T15:26:53Z</time></trkpt><trkpt lat="42.901066" lon="-7.987166"><ele>440.538</ele><time>2022-07-16T15:26:57Z</time></trkpt><trkpt lat="42.901100" lon="-7.987220"><ele>440.582</ele><time>2022-07-16T15:27:01Z</time></trkpt><trkpt lat="42.901126" lon="-7.987282"><ele>440.411</ele><time>2022-07-16T15:27:05Z</time></trkpt><trkpt lat="42.901152" lon="-7.987336"><ele>440.289</ele><time>2022-07-16T15:27:08Z</time></trkpt><trkpt lat="42.901178" lon="-7.987387"><ele>440.020</ele><time>2022-07-16T15:27:11Z</time></trkpt><trkpt lat="42.901207" lon="-7.987442"><ele>439.876</ele><time>2022-07-16T15:27:14Z</time></trkpt><trkpt lat="42.901244" lon="-7.987508"><ele>439.790</ele><time>2022-07-16T15:27:18Z</time></trkpt><trkpt lat="42.901273" lon="-7.987570"><ele>439.519</ele><time>2022-07-16T15:27:22Z</time></trkpt><trkpt lat="42.901305" lon="-7.987630"><ele>439.209</ele><time>2022-07-16T15:27:26Z</time></trkpt><trkpt lat="42.901334" lon="-7.987685"><ele>438.978</ele><time>2022-07-16T15:27:30Z</time></trkpt><trkpt lat="42.901364" lon="-7.987735"><ele>438.667</ele><time>2022-07-16T15:27:34Z</time></trkpt><trkpt lat="42.901395" lon="-7.987780"><ele>438.375</ele><time>2022-07-16T15:27:38Z</time></trkpt><trkpt lat="42.901426" lon="-7.987836"><ele>438.057</ele><time>2022-07-16T15:27:42Z</time></trkpt><trkpt lat="42.901445" lon="-7.987907"><ele>437.874</ele><time>2022-07-16T15:27:46Z</time></trkpt><trkpt lat="42.901479" lon="-7.987972"><ele>437.728</ele><time>2022-07-16T15:27:50Z</time></trkpt><trkpt lat="42.901514" lon="-7.988031"><ele>437.637</ele><time>2022-07-16T15:27:54Z</time></trkpt><trkpt lat="42.901539" lon="-7.988082"><ele>437.435</ele><time>2022-07-16T15:27:57Z</time></trkpt><trkpt lat="42.901565" lon="-7.988139"><ele>437.296</ele><time>2022-07-16T15:28:00Z</time></trkpt><trkpt lat="42.901592" lon="-7.988194"><ele>437.068</ele><time>2022-07-16T15:28:03Z</time></trkpt><trkpt lat="42.901626" lon="-7.988262"><ele>436.942</ele><time>2022-07-16T15:28:07Z</time></trkpt><trkpt lat="42.901656" lon="-7.988317"><ele>436.826</ele><time>2022-07-16T15:28:10Z</time></trkpt><trkpt lat="42.901688" lon="-7.988367"><ele>436.709</ele><time>2022-07-16T15:28:13Z</time></trkpt><trkpt lat="42.901716" lon="-7.988416"><ele>436.527</ele><time>2022-07-16T15:28:16Z</time></trkpt><trkpt lat="42.901739" lon="-7.988471"><ele>436.346</ele><time>2022-07-16T15:28:19Z</time></trkpt><trkpt lat="42.901772" lon="-7.988536"><ele>436.174</ele><time>2022-07-16T15:28:23Z</time></trkpt><trkpt lat="42.901801" lon="-7.988587"><ele>436.036</ele><time>2022-07-16T15:28:26Z</time></trkpt><trkpt lat="42.901834" lon="-7.988651"><ele>435.983</ele><time>2022-07-16T15:28:30Z</time></trkpt><trkpt lat="42.901867" lon="-7.988712"><ele>435.887</ele><time>2022-07-16T15:28:34Z</time></trkpt><trkpt lat="42.901894" lon="-7.988766"><ele>435.696</ele><time>2022-07-16T15:28:37Z</time></trkpt><trkpt lat="42.901928" lon="-7.988829"><ele>435.244</ele><time>2022-07-16T15:28:41Z</time></trkpt><trkpt lat="42.901956" lon="-7.988892"><ele>435.065</ele><time>2022-07-16T15:28:45Z</time></trkpt><trkpt lat="42.901985" lon="-7.988951"><ele>434.886</ele><time>2022-07-16T15:28:49Z</time></trkpt><trkpt lat="42.902020" lon="-7.989018"><ele>434.560</ele><time>2022-07-16T15:28:53Z</time></trkpt><trkpt lat="42.902044" lon="-7.989077"><ele>434.326</ele><time>2022-07-16T15:28:57Z</time></trkpt><trkpt lat="42.902078" lon="-7.989133"><ele>434.109</ele><time>2022-07-16T15:29:01Z</time></trkpt><trkpt lat="42.902108" lon="-7.989204"><ele>433.669</ele><time>2022-07-16T15:29:06Z</time></trkpt><trkpt lat="42.902139" lon="-7.989266"><ele>433.358</ele><time>2022-07-16T15:29:10Z</time></trkpt><trkpt lat="42.902171" lon="-7.989324"><ele>432.986</ele><time>2022-07-16T15:29:15Z</time></trkpt><trkpt lat="42.902186" lon="-7.989385"><ele>432.728</ele><time>2022-07-16T15:29:19Z</time></trkpt><trkpt lat="42.902222" lon="-7.989442"><ele>432.295</ele><time>2022-07-16T15:29:23Z</time></trkpt><trkpt lat="42.902255" lon="-7.989497"><ele>432.149</ele><time>2022-07-16T15:29:27Z</time></trkpt><trkpt lat="42.902285" lon="-7.989552"><ele>431.858</ele><time>2022-07-16T15:29:30Z</time></trkpt><trkpt lat="42.902314" lon="-7.989619"><ele>431.666</ele><time>2022-07-16T15:29:34Z</time></trkpt><trkpt lat="42.902348" lon="-7.989676"><ele>431.487</ele><time>2022-07-16T15:29:38Z</time></trkpt><trkpt lat="42.902382" lon="-7.989723"><ele>431.327</ele><time>2022-07-16T15:29:42Z</time></trkpt><trkpt lat="42.902418" lon="-7.989764"><ele>431.168</ele><time>2022-07-16T15:29:46Z</time></trkpt><trkpt lat="42.902452" lon="-7.989817"><ele>430.814</ele><time>2022-07-16T15:29:50Z</time></trkpt><trkpt lat="42.902492" lon="-7.989879"><ele>430.509</ele><time>2022-07-16T15:29:54Z</time></trkpt><trkpt lat="42.902530" lon="-7.989928"><ele>430.223</ele><time>2022-07-16T15:29:58Z</time></trkpt><trkpt lat="42.902572" lon="-7.989985"><ele>429.722</ele><time>2022-07-16T15:30:02Z</time></trkpt><trkpt lat="42.902594" lon="-7.990058"><ele>429.520</ele><time>2022-07-16T15:30:06Z</time></trkpt><trkpt lat="42.902627" lon="-7.990118"><ele>429.372</ele><time>2022-07-16T15:30:10Z</time></trkpt><trkpt lat="42.902645" lon="-7.990175"><ele>429.169</ele><time>2022-07-16T15:30:13Z</time></trkpt><trkpt lat="42.902668" lon="-7.990252"><ele>428.933</ele><time>2022-07-16T15:30:17Z</time></trkpt><trkpt lat="42.902684" lon="-7.990318"><ele>428.782</ele><time>2022-07-16T15:30:20Z</time></trkpt><trkpt lat="42.902703" lon="-7.990391"><ele>428.790</ele><time>2022-07-16T15:30:24Z</time></trkpt><trkpt lat="42.902717" lon="-7.990456"><ele>428.621</ele><time>2022-07-16T15:30:27Z</time></trkpt><trkpt lat="42.902733" lon="-7.990528"><ele>428.238</ele><time>2022-07-16T15:30:31Z</time></trkpt><trkpt lat="42.902742" lon="-7.990603"><ele>428.270</ele><time>2022-07-16T15:30:34Z</time></trkpt><trkpt lat="42.902751" lon="-7.990672"><ele>428.217</ele><time>2022-07-16T15:30:38Z</time></trkpt><trkpt lat="42.902757" lon="-7.990746"><ele>428.109</ele><time>2022-07-16T15:30:42Z</time></trkpt><trkpt lat="42.902757" lon="-7.990811"><ele>428.034</ele><time>2022-07-16T15:30:45Z</time></trkpt><trkpt lat="42.902763" lon="-7.990876"><ele>427.963</ele><time>2022-07-16T15:30:48Z</time></trkpt><trkpt lat="42.902762" lon="-7.990938"><ele>427.891</ele><time>2022-07-16T15:30:51Z</time></trkpt><trkpt lat="42.902748" lon="-7.991009"><ele>427.823</ele><time>2022-07-16T15:30:55Z</time></trkpt><trkpt lat="42.902736" lon="-7.991070"><ele>427.810</ele><time>2022-07-16T15:30:59Z</time></trkpt><trkpt lat="42.902727" lon="-7.991134"><ele>427.924</ele><time>2022-07-16T15:31:03Z</time></trkpt><trkpt lat="42.902734" lon="-7.991200"><ele>427.913</ele><time>2022-07-16T15:31:07Z</time></trkpt><trkpt lat="42.902757" lon="-7.991271"><ele>427.941</ele><time>2022-07-16T15:31:11Z</time></trkpt><trkpt lat="42.902771" lon="-7.991339"><ele>427.932</ele><time>2022-07-16T15:31:15Z</time></trkpt><trkpt lat="42.902780" lon="-7.991404"><ele>427.838</ele><time>2022-07-16T15:31:18Z</time></trkpt><trkpt lat="42.902803" lon="-7.991475"><ele>427.770</ele><time>2022-07-16T15:31:23Z</time></trkpt><trkpt lat="42.902825" lon="-7.991545"><ele>427.517</ele><time>2022-07-16T15:31:28Z</time></trkpt><trkpt lat="42.902858" lon="-7.991605"><ele>427.509</ele><time>2022-07-16T15:31:33Z</time></trkpt><trkpt lat="42.902882" lon="-7.991664"><ele>427.594</ele><time>2022-07-16T15:31:37Z</time></trkpt><trkpt lat="42.902907" lon="-7.991734"><ele>427.523</ele><time>2022-07-16T15:31:41Z</time></trkpt><trkpt lat="42.902927" lon="-7.991802"><ele>427.481</ele><time>2022-07-16T15:31:45Z</time></trkpt><trkpt lat="42.902945" lon="-7.991884"><ele>427.423</ele><time>2022-07-16T15:31:50Z</time></trkpt><trkpt lat="42.902965" lon="-7.991942"><ele>427.490</ele><time>2022-07-16T15:31:53Z</time></trkpt><trkpt lat="42.902980" lon="-7.992007"><ele>427.324</ele><time>2022-07-16T15:31:57Z</time></trkpt><trkpt lat="42.903013" lon="-7.992064"><ele>427.313</ele><time>2022-07-16T15:32:01Z</time></trkpt><trkpt lat="42.903049" lon="-7.992112"><ele>427.381</ele><time>2022-07-16T15:32:04Z</time></trkpt><trkpt lat="42.903083" lon="-7.992160"><ele>427.342</ele><time>2022-07-16T15:32:07Z</time></trkpt><trkpt lat="42.903116" lon="-7.992206"><ele>427.388</ele><time>2022-07-16T15:32:10Z</time></trkpt><trkpt lat="42.903151" lon="-7.992265"><ele>427.324</ele><time>2022-07-16T15:32:14Z</time></trkpt><trkpt lat="42.903180" lon="-7.992312"><ele>427.326</ele><time>2022-07-16T15:32:17Z</time></trkpt><trkpt lat="42.903211" lon="-7.992358"><ele>427.309</ele><time>2022-07-16T15:32:21Z</time></trkpt><trkpt lat="42.903246" lon="-7.992419"><ele>427.349</ele><time>2022-07-16T15:32:24Z</time></trkpt><trkpt lat="42.903274" lon="-7.992467"><ele>427.358</ele><time>2022-07-16T15:32:28Z</time></trkpt><trkpt lat="42.903307" lon="-7.992510"><ele>427.326</ele><time>2022-07-16T15:32:31Z</time></trkpt><trkpt lat="42.903351" lon="-7.992549"><ele>427.348</ele><time>2022-07-16T15:32:36Z</time></trkpt><trkpt lat="42.903385" lon="-7.992595"><ele>427.385</ele><time>2022-07-16T15:32:40Z</time></trkpt><trkpt lat="42.903426" lon="-7.992652"><ele>427.369</ele><time>2022-07-16T15:32:44Z</time></trkpt><trkpt lat="42.903460" lon="-7.992711"><ele>427.368</ele><time>2022-07-16T15:32:49Z</time></trkpt><trkpt lat="42.903493" lon="-7.992759"><ele>427.396</ele><time>2022-07-16T15:32:53Z</time></trkpt><trkpt lat="42.903531" lon="-7.992813"><ele>427.417</ele><time>2022-07-16T15:32:57Z</time></trkpt><trkpt lat="42.903564" lon="-7.992877"><ele>427.557</ele><time>2022-07-16T15:33:01Z</time></trkpt><trkpt lat="42.903586" lon="-7.992937"><ele>427.500</ele><time>2022-07-16T15:33:05Z</time></trkpt><trkpt lat="42.903615" lon="-7.992994"><ele>427.520</ele><time>2022-07-16T15:33:09Z</time></trkpt><trkpt lat="42.903632" lon="-7.993051"><ele>427.609</ele><time>2022-07-16T15:33:12Z</time></trkpt><trkpt lat="42.903648" lon="-7.993110"><ele>427.646</ele><time>2022-07-16T15:33:15Z</time></trkpt><trkpt lat="42.903672" lon="-7.993165"><ele>427.655</ele><time>2022-07-16T15:33:18Z</time></trkpt><trkpt lat="42.903697" lon="-7.993232"><ele>427.653</ele><time>2022-07-16T15:33:22Z</time></trkpt><trkpt lat="42.903722" lon="-7.993285"><ele>427.685</ele><time>2022-07-16T15:33:26Z</time></trkpt><trkpt lat="42.903744" lon="-7.993357"><ele>427.792</ele><time>2022-07-16T15:33:31Z</time></trkpt><trkpt lat="42.903754" lon="-7.993426"><ele>427.836</ele><time>2022-07-16T15:35:48Z</time></trkpt><trkpt lat="42.903821" lon="-7.993504"><ele>428.025</ele><time>2022-07-16T15:36:02Z</time></trkpt><trkpt lat="42.903827" lon="-7.993571"><ele>428.193</ele><time>2022-07-16T15:36:05Z</time></trkpt><trkpt lat="42.903835" lon="-7.993633"><ele>429.294</ele><time>2022-07-16T15:36:09Z</time></trkpt><trkpt lat="42.903860" lon="-7.993695"><ele>429.458</ele><time>2022-07-16T15:36:15Z</time></trkpt><trkpt lat="42.903894" lon="-7.993745"><ele>429.752</ele><time>2022-07-16T15:36:21Z</time></trkpt><trkpt lat="42.903916" lon="-7.993804"><ele>429.817</ele><time>2022-07-16T15:36:25Z</time></trkpt><trkpt lat="42.903933" lon="-7.993863"><ele>430.109</ele><time>2022-07-16T15:36:29Z</time></trkpt><trkpt lat="42.903957" lon="-7.993923"><ele>430.466</ele><time>2022-07-16T15:36:32Z</time></trkpt><trkpt lat="42.903983" lon="-7.994000"><ele>430.765</ele><time>2022-07-16T15:36:36Z</time></trkpt><trkpt lat="42.903998" lon="-7.994059"><ele>431.063</ele><time>2022-07-16T15:36:39Z</time></trkpt><trkpt lat="42.904011" lon="-7.994120"><ele>431.375</ele><time>2022-07-16T15:36:42Z</time></trkpt><trkpt lat="42.904027" lon="-7.994190"><ele>431.652</ele><time>2022-07-16T15:36:47Z</time></trkpt><trkpt lat="42.904044" lon="-7.994254"><ele>431.996</ele><time>2022-07-16T15:36:51Z</time></trkpt><trkpt lat="42.904073" lon="-7.994302"><ele>432.445</ele><time>2022-07-16T15:36:57Z</time></trkpt><trkpt lat="42.904087" lon="-7.994365"><ele>433.023</ele><time>2022-07-16T15:37:03Z</time></trkpt><trkpt lat="42.904100" lon="-7.994427"><ele>433.674</ele><time>2022-07-16T15:37:07Z</time></trkpt><trkpt lat="42.904115" lon="-7.994492"><ele>434.062</ele><time>2022-07-16T15:37:12Z</time></trkpt><trkpt lat="42.904132" lon="-7.994555"><ele>434.283</ele><time>2022-07-16T15:37:16Z</time></trkpt><trkpt lat="42.904148" lon="-7.994615"><ele>434.511</ele><time>2022-07-16T15:37:19Z</time></trkpt><trkpt lat="42.904166" lon="-7.994678"><ele>434.809</ele><time>2022-07-16T15:37:22Z</time></trkpt><trkpt lat="42.904211" lon="-7.994717"><ele>435.057</ele><time>2022-07-16T15:37:28Z</time></trkpt><trkpt lat="42.904221" lon="-7.994783"><ele>435.116</ele><time>2022-07-16T15:37:30Z</time></trkpt><trkpt lat="42.904260" lon="-7.994824"><ele>435.234</ele><time>2022-07-16T15:37:34Z</time></trkpt><trkpt lat="42.904283" lon="-7.994876"><ele>435.246</ele><time>2022-07-16T15:37:37Z</time></trkpt><trkpt lat="42.904324" lon="-7.994925"><ele>435.283</ele><time>2022-07-16T15:37:42Z</time></trkpt><trkpt lat="42.904364" lon="-7.994966"><ele>435.247</ele><time>2022-07-16T15:37:45Z</time></trkpt><trkpt lat="42.904407" lon="-7.994994"><ele>435.176</ele><time>2022-07-16T15:37:48Z</time></trkpt><trkpt lat="42.904450" lon="-7.995019"><ele>434.944</ele><time>2022-07-16T15:37:51Z</time></trkpt><trkpt lat="42.904493" lon="-7.995057"><ele>434.835</ele><time>2022-07-16T15:37:55Z</time></trkpt><trkpt lat="42.904523" lon="-7.995105"><ele>434.693</ele><time>2022-07-16T15:37:59Z</time></trkpt><trkpt lat="42.904564" lon="-7.995131"><ele>434.465</ele><time>2022-07-16T15:38:02Z</time></trkpt><trkpt lat="42.904608" lon="-7.995177"><ele>434.321</ele><time>2022-07-16T15:38:06Z</time></trkpt><trkpt lat="42.904657" lon="-7.995207"><ele>434.209</ele><time>2022-07-16T15:38:10Z</time></trkpt><trkpt lat="42.904701" lon="-7.995238"><ele>434.110</ele><time>2022-07-16T15:38:13Z</time></trkpt><trkpt lat="42.904741" lon="-7.995272"><ele>433.969</ele><time>2022-07-16T15:38:16Z</time></trkpt><trkpt lat="42.904780" lon="-7.995311"><ele>433.887</ele><time>2022-07-16T15:38:19Z</time></trkpt><trkpt lat="42.904819" lon="-7.995346"><ele>433.729</ele><time>2022-07-16T15:38:21Z</time></trkpt><trkpt lat="42.904854" lon="-7.995393"><ele>433.616</ele><time>2022-07-16T15:38:24Z</time></trkpt><trkpt lat="42.904897" lon="-7.995434"><ele>433.630</ele><time>2022-07-16T15:38:27Z</time></trkpt><trkpt lat="42.904940" lon="-7.995452"><ele>433.669</ele><time>2022-07-16T15:38:30Z</time></trkpt><trkpt lat="42.904972" lon="-7.995503"><ele>433.657</ele><time>2022-07-16T15:38:34Z</time></trkpt><trkpt lat="42.905010" lon="-7.995550"><ele>433.688</ele><time>2022-07-16T15:38:38Z</time></trkpt><trkpt lat="42.905046" lon="-7.995611"><ele>433.654</ele><time>2022-07-16T15:38:42Z</time></trkpt><trkpt lat="42.905072" lon="-7.995672"><ele>433.656</ele><time>2022-07-16T15:38:47Z</time></trkpt><trkpt lat="42.905111" lon="-7.995710"><ele>433.611</ele><time>2022-07-16T15:38:51Z</time></trkpt><trkpt lat="42.905144" lon="-7.995773"><ele>433.609</ele><time>2022-07-16T15:38:58Z</time></trkpt><trkpt lat="42.905183" lon="-7.995809"><ele>433.756</ele><time>2022-07-16T15:39:02Z</time></trkpt><trkpt lat="42.905261" lon="-7.995927"><ele>433.965</ele><time>2022-07-16T15:39:12Z</time></trkpt><trkpt lat="42.905307" lon="-7.996014"><ele>433.923</ele><time>2022-07-16T15:39:18Z</time></trkpt><trkpt lat="42.905366" lon="-7.996046"><ele>433.995</ele><time>2022-07-16T15:39:21Z</time></trkpt><trkpt lat="42.905420" lon="-7.996075"><ele>433.892</ele><time>2022-07-16T15:39:24Z</time></trkpt><trkpt lat="42.905463" lon="-7.996094"><ele>433.766</ele><time>2022-07-16T15:39:27Z</time></trkpt><trkpt lat="42.905515" lon="-7.996104"><ele>433.485</ele><time>2022-07-16T15:39:31Z</time></trkpt><trkpt lat="42.905583" lon="-7.996143"><ele>432.973</ele><time>2022-07-16T15:39:38Z</time></trkpt><trkpt lat="42.905629" lon="-7.996165"><ele>432.244</ele><time>2022-07-16T15:39:41Z</time></trkpt><trkpt lat="42.905684" lon="-7.996183"><ele>431.254</ele><time>2022-07-16T15:39:46Z</time></trkpt><trkpt lat="42.905731" lon="-7.996189"><ele>430.956</ele><time>2022-07-16T15:39:49Z</time></trkpt><trkpt lat="42.905827" lon="-7.996254"><ele>430.411</ele><time>2022-07-16T15:39:57Z</time></trkpt><trkpt lat="42.905888" lon="-7.996250"><ele>429.309</ele><time>2022-07-16T15:40:00Z</time></trkpt><trkpt lat="42.905943" lon="-7.996269"><ele>428.376</ele><time>2022-07-16T15:40:04Z</time></trkpt><trkpt lat="42.905990" lon="-7.996283"><ele>427.725</ele><time>2022-07-16T15:40:07Z</time></trkpt><trkpt lat="42.906038" lon="-7.996315"><ele>427.343</ele><time>2022-07-16T15:40:12Z</time></trkpt><trkpt lat="42.906062" lon="-7.996368"><ele>427.115</ele><time>2022-07-16T15:40:15Z</time></trkpt><trkpt lat="42.906097" lon="-7.996423"><ele>426.512</ele><time>2022-07-16T15:40:18Z</time></trkpt><trkpt lat="42.906157" lon="-7.996512"><ele>425.876</ele><time>2022-07-16T15:40:24Z</time></trkpt><trkpt lat="42.906185" lon="-7.996564"><ele>425.575</ele><time>2022-07-16T15:40:27Z</time></trkpt><trkpt lat="42.906227" lon="-7.996598"><ele>424.883</ele><time>2022-07-16T15:40:31Z</time></trkpt><trkpt lat="42.906275" lon="-7.996633"><ele>424.484</ele><time>2022-07-16T15:40:34Z</time></trkpt><trkpt lat="42.906328" lon="-7.996670"><ele>423.925</ele><time>2022-07-16T15:40:37Z</time></trkpt><trkpt lat="42.906381" lon="-7.996699"><ele>423.726</ele><time>2022-07-16T15:40:41Z</time></trkpt><trkpt lat="42.906423" lon="-7.996757"><ele>423.208</ele><time>2022-07-16T15:40:45Z</time></trkpt><trkpt lat="42.906461" lon="-7.996796"><ele>422.709</ele><time>2022-07-16T15:40:49Z</time></trkpt><trkpt lat="42.906525" lon="-7.996806"><ele>422.013</ele><time>2022-07-16T15:40:53Z</time></trkpt><trkpt lat="42.906629" lon="-7.996800"><ele>421.072</ele><time>2022-07-16T15:41:02Z</time></trkpt><trkpt lat="42.906674" lon="-7.996813"><ele>420.750</ele><time>2022-07-16T15:41:04Z</time></trkpt><trkpt lat="42.906723" lon="-7.996804"><ele>419.662</ele><time>2022-07-16T15:41:06Z</time></trkpt><trkpt lat="42.906779" lon="-7.996830"><ele>419.449</ele><time>2022-07-16T15:41:09Z</time></trkpt><trkpt lat="42.906836" lon="-7.996829"><ele>419.283</ele><time>2022-07-16T15:41:12Z</time></trkpt><trkpt lat="42.906882" lon="-7.996834"><ele>419.112</ele><time>2022-07-16T15:41:15Z</time></trkpt><trkpt lat="42.906930" lon="-7.996843"><ele>418.840</ele><time>2022-07-16T15:41:18Z</time></trkpt><trkpt lat="42.906986" lon="-7.996846"><ele>418.631</ele><time>2022-07-16T15:41:21Z</time></trkpt><trkpt lat="42.907059" lon="-7.996857"><ele>418.356</ele><time>2022-07-16T15:41:27Z</time></trkpt><trkpt lat="42.907115" lon="-7.996906"><ele>418.159</ele><time>2022-07-16T15:41:31Z</time></trkpt><trkpt lat="42.907159" lon="-7.996937"><ele>417.914</ele><time>2022-07-16T15:41:34Z</time></trkpt><trkpt lat="42.907202" lon="-7.996976"><ele>417.509</ele><time>2022-07-16T15:41:38Z</time></trkpt><trkpt lat="42.907284" lon="-7.996977"><ele>417.086</ele><time>2022-07-16T15:41:47Z</time></trkpt><trkpt lat="42.907427" lon="-7.997058"><ele>414.995</ele><time>2022-07-16T15:42:10Z</time></trkpt><trkpt lat="42.907551" lon="-7.997106"><ele>411.753</ele><time>2022-07-16T15:42:24Z</time></trkpt><trkpt lat="42.907599" lon="-7.997115"><ele>410.395</ele><time>2022-07-16T15:42:27Z</time></trkpt><trkpt lat="42.907652" lon="-7.997122"><ele>410.042</ele><time>2022-07-16T15:42:30Z</time></trkpt><trkpt lat="42.907680" lon="-7.997191"><ele>409.476</ele><time>2022-07-16T15:42:34Z</time></trkpt><trkpt lat="42.907709" lon="-7.997248"><ele>409.075</ele><time>2022-07-16T15:42:39Z</time></trkpt><trkpt lat="42.907742" lon="-7.997298"><ele>408.783</ele><time>2022-07-16T15:42:43Z</time></trkpt><trkpt lat="42.907783" lon="-7.997346"><ele>407.914</ele><time>2022-07-16T15:42:47Z</time></trkpt><trkpt lat="42.907807" lon="-7.997418"><ele>406.545</ele><time>2022-07-16T15:42:51Z</time></trkpt><trkpt lat="42.907824" lon="-7.997494"><ele>405.647</ele><time>2022-07-16T15:42:54Z</time></trkpt><trkpt lat="42.907846" lon="-7.997558"><ele>404.711</ele><time>2022-07-16T15:42:57Z</time></trkpt><trkpt lat="42.907894" lon="-7.997588"><ele>404.109</ele><time>2022-07-16T15:43:00Z</time></trkpt><trkpt lat="42.907942" lon="-7.997627"><ele>403.635</ele><time>2022-07-16T15:43:03Z</time></trkpt><trkpt lat="42.908029" lon="-7.997665"><ele>403.054</ele><time>2022-07-16T15:43:09Z</time></trkpt><trkpt lat="42.908072" lon="-7.997698"><ele>402.512</ele><time>2022-07-16T15:43:12Z</time></trkpt><trkpt lat="42.908099" lon="-7.997756"><ele>401.364</ele><time>2022-07-16T15:43:15Z</time></trkpt><trkpt lat="42.908116" lon="-7.997829"><ele>400.821</ele><time>2022-07-16T15:43:18Z</time></trkpt><trkpt lat="42.908140" lon="-7.997906"><ele>400.225</ele><time>2022-07-16T15:43:22Z</time></trkpt><trkpt lat="42.908138" lon="-7.997969"><ele>399.984</ele><time>2022-07-16T15:43:25Z</time></trkpt><trkpt lat="42.908144" lon="-7.998040"><ele>399.552</ele><time>2022-07-16T15:43:29Z</time></trkpt><trkpt lat="42.908130" lon="-7.998185"><ele>399.363</ele><time>2022-07-16T15:44:03Z</time></trkpt><trkpt lat="42.908082" lon="-7.998211"><ele>399.332</ele><time>2022-07-16T15:44:09Z</time></trkpt><trkpt lat="42.908060" lon="-7.998267"><ele>399.392</ele><time>2022-07-16T15:44:15Z</time></trkpt><trkpt lat="42.908171" lon="-7.998369"><ele>399.511</ele><time>2022-07-16T15:46:35Z</time></trkpt><trkpt lat="42.908163" lon="-7.998442"><ele>399.109</ele><time>2022-07-16T15:46:40Z</time></trkpt><trkpt lat="42.908164" lon="-7.998507"><ele>398.344</ele><time>2022-07-16T15:46:44Z</time></trkpt><trkpt lat="42.908173" lon="-7.998588"><ele>398.143</ele><time>2022-07-16T15:46:51Z</time></trkpt><trkpt lat="42.908180" lon="-7.998658"><ele>398.071</ele><time>2022-07-16T15:46:55Z</time></trkpt><trkpt lat="42.908217" lon="-7.998720"><ele>397.693</ele><time>2022-07-16T15:47:01Z</time></trkpt><trkpt lat="42.908265" lon="-7.998748"><ele>397.680</ele><time>2022-07-16T15:47:07Z</time></trkpt><trkpt lat="42.908310" lon="-7.998756"><ele>397.874</ele><time>2022-07-16T15:47:11Z</time></trkpt><trkpt lat="42.908361" lon="-7.998763"><ele>397.823</ele><time>2022-07-16T15:47:15Z</time></trkpt><trkpt lat="42.908414" lon="-7.998761"><ele>398.251</ele><time>2022-07-16T15:47:19Z</time></trkpt><trkpt lat="42.908464" lon="-7.998758"><ele>398.692</ele><time>2022-07-16T15:47:22Z</time></trkpt><trkpt lat="42.908522" lon="-7.998746"><ele>398.633</ele><time>2022-07-16T15:47:26Z</time></trkpt><trkpt lat="42.908571" lon="-7.998751"><ele>398.623</ele><time>2022-07-16T15:47:29Z</time></trkpt><trkpt lat="42.908619" lon="-7.998751"><ele>398.515</ele><time>2022-07-16T15:47:33Z</time></trkpt><trkpt lat="42.908675" lon="-7.998747"><ele>398.109</ele><time>2022-07-16T15:47:37Z</time></trkpt><trkpt lat="42.908725" lon="-7.998742"><ele>397.784</ele><time>2022-07-16T15:47:42Z</time></trkpt><trkpt lat="42.908767" lon="-7.998793"><ele>397.363</ele><time>2022-07-16T15:47:47Z</time></trkpt><trkpt lat="42.908789" lon="-7.998853"><ele>396.931</ele><time>2022-07-16T15:47:50Z</time></trkpt><trkpt lat="42.908820" lon="-7.998921"><ele>396.733</ele><time>2022-07-16T15:47:54Z</time></trkpt><trkpt lat="42.908839" lon="-7.998989"><ele>396.970</ele><time>2022-07-16T15:47:59Z</time></trkpt><trkpt lat="42.908887" lon="-7.999018"><ele>397.164</ele><time>2022-07-16T15:48:04Z</time></trkpt><trkpt lat="42.908903" lon="-7.999090"><ele>397.363</ele><time>2022-07-16T15:48:08Z</time></trkpt><trkpt lat="42.908920" lon="-7.999177"><ele>397.941</ele><time>2022-07-16T15:48:17Z</time></trkpt><trkpt lat="42.908968" lon="-7.999176"><ele>397.942</ele><time>2022-07-16T15:48:22Z</time></trkpt><trkpt lat="42.909032" lon="-7.999123"><ele>398.038</ele><time>2022-07-16T15:48:29Z</time></trkpt><trkpt lat="42.909081" lon="-7.999216"><ele>398.170</ele><time>2022-07-16T15:49:18Z</time></trkpt><trkpt lat="42.909092" lon="-7.999292"><ele>398.217</ele><time>2022-07-16T15:49:21Z</time></trkpt><trkpt lat="42.909099" lon="-7.999364"><ele>398.309</ele><time>2022-07-16T15:49:24Z</time></trkpt><trkpt lat="42.909105" lon="-7.999436"><ele>398.444</ele><time>2022-07-16T15:49:28Z</time></trkpt><trkpt lat="42.909120" lon="-7.999502"><ele>398.453</ele><time>2022-07-16T15:49:32Z</time></trkpt><trkpt lat="42.909153" lon="-7.999560"><ele>398.441</ele><time>2022-07-16T15:49:36Z</time></trkpt><trkpt lat="42.909178" lon="-7.999619"><ele>398.473</ele><time>2022-07-16T15:49:41Z</time></trkpt><trkpt lat="42.909208" lon="-7.999685"><ele>398.260</ele><time>2022-07-16T15:49:45Z</time></trkpt><trkpt lat="42.909221" lon="-7.999761"><ele>397.884</ele><time>2022-07-16T15:49:49Z</time></trkpt><trkpt lat="42.909234" lon="-7.999833"><ele>397.343</ele><time>2022-07-16T15:49:53Z</time></trkpt><trkpt lat="42.909249" lon="-7.999912"><ele>397.121</ele><time>2022-07-16T15:49:57Z</time></trkpt><trkpt lat="42.909262" lon="-7.999983"><ele>396.932</ele><time>2022-07-16T15:50:01Z</time></trkpt><trkpt lat="42.909275" lon="-8.000047"><ele>396.985</ele><time>2022-07-16T15:50:06Z</time></trkpt><trkpt lat="42.909284" lon="-8.000128"><ele>396.989</ele><time>2022-07-16T15:50:10Z</time></trkpt><trkpt lat="42.909277" lon="-8.000201"><ele>396.917</ele><time>2022-07-16T15:50:14Z</time></trkpt><trkpt lat="42.909269" lon="-8.000279"><ele>396.909</ele><time>2022-07-16T15:50:18Z</time></trkpt><trkpt lat="42.909254" lon="-8.000346"><ele>396.969</ele><time>2022-07-16T15:50:23Z</time></trkpt><trkpt lat="42.909268" lon="-8.000425"><ele>397.178</ele><time>2022-07-16T15:50:27Z</time></trkpt><trkpt lat="42.909278" lon="-8.000491"><ele>397.276</ele><time>2022-07-16T15:50:30Z</time></trkpt><trkpt lat="42.909282" lon="-8.000566"><ele>397.378</ele><time>2022-07-16T15:50:34Z</time></trkpt><trkpt lat="42.909264" lon="-8.000623"><ele>397.425</ele><time>2022-07-16T15:50:37Z</time></trkpt><trkpt lat="42.909261" lon="-8.000693"><ele>397.699</ele><time>2022-07-16T15:50:41Z</time></trkpt><trkpt lat="42.909252" lon="-8.000765"><ele>397.858</ele><time>2022-07-16T15:50:45Z</time></trkpt><trkpt lat="42.909235" lon="-8.000836"><ele>398.086</ele><time>2022-07-16T15:50:50Z</time></trkpt><trkpt lat="42.909240" lon="-8.000907"><ele>398.267</ele><time>2022-07-16T15:50:53Z</time></trkpt><trkpt lat="42.909243" lon="-8.000982"><ele>398.343</ele><time>2022-07-16T15:50:58Z</time></trkpt><trkpt lat="42.909269" lon="-8.001052"><ele>398.364</ele><time>2022-07-16T15:51:04Z</time></trkpt><trkpt lat="42.909277" lon="-8.001129"><ele>398.410</ele><time>2022-07-16T15:51:08Z</time></trkpt><trkpt lat="42.909292" lon="-8.001200"><ele>398.709</ele><time>2022-07-16T15:51:12Z</time></trkpt><trkpt lat="42.909299" lon="-8.001282"><ele>399.135</ele><time>2022-07-16T15:51:16Z</time></trkpt><trkpt lat="42.909293" lon="-8.001344"><ele>399.414</ele><time>2022-07-16T15:51:19Z</time></trkpt><trkpt lat="42.909283" lon="-8.001424"><ele>399.742</ele><time>2022-07-16T15:51:23Z</time></trkpt><trkpt lat="42.909252" lon="-8.001485"><ele>399.954</ele><time>2022-07-16T15:51:27Z</time></trkpt><trkpt lat="42.909238" lon="-8.001551"><ele>400.241</ele><time>2022-07-16T15:51:31Z</time></trkpt><trkpt lat="42.909225" lon="-8.001625"><ele>400.265</ele><time>2022-07-16T15:51:35Z</time></trkpt><trkpt lat="42.909154" lon="-8.001667"><ele>400.374</ele><time>2022-07-16T15:51:45Z</time></trkpt><trkpt lat="42.909122" lon="-8.001722"><ele>400.332</ele><time>2022-07-16T15:51:48Z</time></trkpt><trkpt lat="42.909098" lon="-8.001793"><ele>400.333</ele><time>2022-07-16T15:51:52Z</time></trkpt><trkpt lat="42.909062" lon="-8.001855"><ele>400.263</ele><time>2022-07-16T15:51:56Z</time></trkpt><trkpt lat="42.909037" lon="-8.001921"><ele>399.944</ele><time>2022-07-16T15:51:59Z</time></trkpt><trkpt lat="42.909022" lon="-8.001989"><ele>399.818</ele><time>2022-07-16T15:52:02Z</time></trkpt><trkpt lat="42.909014" lon="-8.002052"><ele>399.809</ele><time>2022-07-16T15:52:05Z</time></trkpt><trkpt lat="42.909012" lon="-8.002115"><ele>399.717</ele><time>2022-07-16T15:52:08Z</time></trkpt><trkpt lat="42.909012" lon="-8.002179"><ele>399.586</ele><time>2022-07-16T15:52:11Z</time></trkpt><trkpt lat="42.909021" lon="-8.002242"><ele>399.434</ele><time>2022-07-16T15:52:14Z</time></trkpt><trkpt lat="42.909045" lon="-8.002303"><ele>399.476</ele><time>2022-07-16T15:52:17Z</time></trkpt><trkpt lat="42.909061" lon="-8.002362"><ele>399.493</ele><time>2022-07-16T15:52:20Z</time></trkpt><trkpt lat="42.909075" lon="-8.002440"><ele>399.397</ele><time>2022-07-16T15:52:24Z</time></trkpt><trkpt lat="42.909095" lon="-8.002496"><ele>399.356</ele><time>2022-07-16T15:52:27Z</time></trkpt><trkpt lat="42.909122" lon="-8.002545"><ele>399.344</ele><time>2022-07-16T15:52:30Z</time></trkpt><trkpt lat="42.909153" lon="-8.002606"><ele>399.425</ele><time>2022-07-16T15:52:34Z</time></trkpt><trkpt lat="42.909192" lon="-8.002648"><ele>399.642</ele><time>2022-07-16T15:52:39Z</time></trkpt><trkpt lat="42.909233" lon="-8.002678"><ele>399.822</ele><time>2022-07-16T15:52:43Z</time></trkpt><trkpt lat="42.909271" lon="-8.002712"><ele>399.914</ele><time>2022-07-16T15:52:46Z</time></trkpt><trkpt lat="42.909319" lon="-8.002744"><ele>399.909</ele><time>2022-07-16T15:52:50Z</time></trkpt><trkpt lat="42.909370" lon="-8.002762"><ele>399.965</ele><time>2022-07-16T15:52:54Z</time></trkpt><trkpt lat="42.909418" lon="-8.002793"><ele>399.974</ele><time>2022-07-16T15:52:58Z</time></trkpt><trkpt lat="42.909462" lon="-8.002839"><ele>399.912</ele><time>2022-07-16T15:53:02Z</time></trkpt><trkpt lat="42.909502" lon="-8.002887"><ele>399.974</ele><time>2022-07-16T15:53:06Z</time></trkpt><trkpt lat="42.909549" lon="-8.002925"><ele>400.071</ele><time>2022-07-16T15:53:10Z</time></trkpt><trkpt lat="42.909592" lon="-8.002961"><ele>400.265</ele><time>2022-07-16T15:53:14Z</time></trkpt><trkpt lat="42.909635" lon="-8.003008"><ele>400.534</ele><time>2022-07-16T15:53:19Z</time></trkpt><trkpt lat="42.909660" lon="-8.003070"><ele>400.832</ele><time>2022-07-16T15:53:23Z</time></trkpt><trkpt lat="42.909694" lon="-8.003123"><ele>401.173</ele><time>2022-07-16T15:53:27Z</time></trkpt><trkpt lat="42.909731" lon="-8.003163"><ele>401.466</ele><time>2022-07-16T15:53:32Z</time></trkpt><trkpt lat="42.909764" lon="-8.003216"><ele>401.629</ele><time>2022-07-16T15:53:36Z</time></trkpt><trkpt lat="42.909802" lon="-8.003260"><ele>401.821</ele><time>2022-07-16T15:53:40Z</time></trkpt><trkpt lat="42.909833" lon="-8.003319"><ele>402.009</ele><time>2022-07-16T15:53:44Z</time></trkpt><trkpt lat="42.909863" lon="-8.003369"><ele>402.347</ele><time>2022-07-16T15:53:48Z</time></trkpt><trkpt lat="42.909894" lon="-8.003431"><ele>402.676</ele><time>2022-07-16T15:53:52Z</time></trkpt><trkpt lat="42.909928" lon="-8.003483"><ele>403.054</ele><time>2022-07-16T15:53:56Z</time></trkpt><trkpt lat="42.909959" lon="-8.003534"><ele>403.456</ele><time>2022-07-16T15:54:00Z</time></trkpt><trkpt lat="42.909994" lon="-8.003599"><ele>403.863</ele><time>2022-07-16T15:54:05Z</time></trkpt><trkpt lat="42.910019" lon="-8.003666"><ele>404.237</ele><time>2022-07-16T15:54:10Z</time></trkpt><trkpt lat="42.910042" lon="-8.003719"><ele>404.746</ele><time>2022-07-16T15:54:14Z</time></trkpt><trkpt lat="42.910073" lon="-8.003770"><ele>405.234</ele><time>2022-07-16T15:54:19Z</time></trkpt><trkpt lat="42.910101" lon="-8.003819"><ele>405.665</ele><time>2022-07-16T15:54:24Z</time></trkpt><trkpt lat="42.910141" lon="-8.003864"><ele>405.925</ele><time>2022-07-16T15:54:28Z</time></trkpt><trkpt lat="42.910172" lon="-8.003920"><ele>406.326</ele><time>2022-07-16T15:54:33Z</time></trkpt><trkpt lat="42.910211" lon="-8.003980"><ele>406.608</ele><time>2022-07-16T15:54:38Z</time></trkpt><trkpt lat="42.910237" lon="-8.004033"><ele>406.909</ele><time>2022-07-16T15:54:41Z</time></trkpt><trkpt lat="42.910267" lon="-8.004102"><ele>407.223</ele><time>2022-07-16T15:54:45Z</time></trkpt><trkpt lat="42.910296" lon="-8.004167"><ele>407.732</ele><time>2022-07-16T15:54:49Z</time></trkpt><trkpt lat="42.910323" lon="-8.004233"><ele>407.960</ele><time>2022-07-16T15:54:53Z</time></trkpt><trkpt lat="42.910353" lon="-8.004294"><ele>408.172</ele><time>2022-07-16T15:54:57Z</time></trkpt><trkpt lat="42.910380" lon="-8.004354"><ele>408.339</ele><time>2022-07-16T15:55:01Z</time></trkpt><trkpt lat="42.910409" lon="-8.004416"><ele>408.563</ele><time>2022-07-16T15:55:05Z</time></trkpt><trkpt lat="42.910427" lon="-8.004480"><ele>408.712</ele><time>2022-07-16T15:55:09Z</time></trkpt><trkpt lat="42.910453" lon="-8.004545"><ele>409.170</ele><time>2022-07-16T15:55:13Z</time></trkpt><trkpt lat="42.910481" lon="-8.004609"><ele>409.551</ele><time>2022-07-16T15:55:17Z</time></trkpt><trkpt lat="42.910508" lon="-8.004677"><ele>410.014</ele><time>2022-07-16T15:55:21Z</time></trkpt><trkpt lat="42.910528" lon="-8.004733"><ele>410.154</ele><time>2022-07-16T15:55:24Z</time></trkpt><trkpt lat="42.910554" lon="-8.004797"><ele>410.309</ele><time>2022-07-16T15:55:36Z</time></trkpt><trkpt lat="42.910579" lon="-8.004853"><ele>410.509</ele><time>2022-07-16T15:55:40Z</time></trkpt><trkpt lat="42.910601" lon="-8.004915"><ele>410.892</ele><time>2022-07-16T15:55:44Z</time></trkpt><trkpt lat="42.910627" lon="-8.004976"><ele>411.161</ele><time>2022-07-16T15:55:48Z</time></trkpt><trkpt lat="42.910648" lon="-8.005031"><ele>411.419</ele><time>2022-07-16T15:55:52Z</time></trkpt><trkpt lat="42.910677" lon="-8.005100"><ele>411.891</ele><time>2022-07-16T15:55:56Z</time></trkpt><trkpt lat="42.910701" lon="-8.005174"><ele>412.168</ele><time>2022-07-16T15:56:00Z</time></trkpt><trkpt lat="42.910724" lon="-8.005236"><ele>412.412</ele><time>2022-07-16T15:56:04Z</time></trkpt><trkpt lat="42.910748" lon="-8.005298"><ele>412.821</ele><time>2022-07-16T15:56:08Z</time></trkpt><trkpt lat="42.910771" lon="-8.005359"><ele>413.499</ele><time>2022-07-16T15:56:12Z</time></trkpt><trkpt lat="42.910797" lon="-8.005426"><ele>413.550</ele><time>2022-07-16T15:56:17Z</time></trkpt><trkpt lat="42.910825" lon="-8.005491"><ele>413.857</ele><time>2022-07-16T15:56:21Z</time></trkpt><trkpt lat="42.910851" lon="-8.005545"><ele>414.200</ele><time>2022-07-16T15:56:25Z</time></trkpt><trkpt lat="42.910875" lon="-8.005609"><ele>414.620</ele><time>2022-07-16T15:56:29Z</time></trkpt><trkpt lat="42.910896" lon="-8.005665"><ele>414.909</ele><time>2022-07-16T15:56:33Z</time></trkpt><trkpt lat="42.910923" lon="-8.005731"><ele>415.246</ele><time>2022-07-16T15:56:37Z</time></trkpt><trkpt lat="42.910950" lon="-8.005795"><ele>415.465</ele><time>2022-07-16T15:56:41Z</time></trkpt><trkpt lat="42.910974" lon="-8.005859"><ele>415.793</ele><time>2022-07-16T15:56:45Z</time></trkpt><trkpt lat="42.910999" lon="-8.005932"><ele>416.075</ele><time>2022-07-16T15:56:49Z</time></trkpt><trkpt lat="42.911024" lon="-8.005996"><ele>416.542</ele><time>2022-07-16T15:56:53Z</time></trkpt><trkpt lat="42.911046" lon="-8.006059"><ele>416.826</ele><time>2022-07-16T15:56:57Z</time></trkpt><trkpt lat="42.911069" lon="-8.006133"><ele>417.075</ele><time>2022-07-16T15:57:01Z</time></trkpt><trkpt lat="42.911085" lon="-8.006192"><ele>417.143</ele><time>2022-07-16T15:57:05Z</time></trkpt><trkpt lat="42.911105" lon="-8.006251"><ele>417.424</ele><time>2022-07-16T15:57:09Z</time></trkpt><trkpt lat="42.911148" lon="-8.006299"><ele>417.774</ele><time>2022-07-16T15:57:15Z</time></trkpt><trkpt lat="42.911175" lon="-8.006354"><ele>418.056</ele><time>2022-07-16T15:57:18Z</time></trkpt><trkpt lat="42.911207" lon="-8.006422"><ele>418.221</ele><time>2022-07-16T15:57:23Z</time></trkpt><trkpt lat="42.911238" lon="-8.006469"><ele>418.409</ele><time>2022-07-16T15:57:27Z</time></trkpt><trkpt lat="42.911270" lon="-8.006529"><ele>418.648</ele><time>2022-07-16T15:57:31Z</time></trkpt><trkpt lat="42.911296" lon="-8.006589"><ele>418.927</ele><time>2022-07-16T15:57:35Z</time></trkpt><trkpt lat="42.911311" lon="-8.006647"><ele>419.345</ele><time>2022-07-16T15:57:38Z</time></trkpt><trkpt lat="42.911319" lon="-8.006716"><ele>419.647</ele><time>2022-07-16T15:57:41Z</time></trkpt><trkpt lat="42.911332" lon="-8.006792"><ele>419.994</ele><time>2022-07-16T15:57:45Z</time></trkpt><trkpt lat="42.911349" lon="-8.006849"><ele>420.298</ele><time>2022-07-16T15:57:49Z</time></trkpt><trkpt lat="42.911375" lon="-8.006905"><ele>420.527</ele><time>2022-07-16T15:57:52Z</time></trkpt><trkpt lat="42.911394" lon="-8.006964"><ele>420.855</ele><time>2022-07-16T15:57:56Z</time></trkpt><trkpt lat="42.911416" lon="-8.007020"><ele>421.016</ele><time>2022-07-16T15:57:59Z</time></trkpt><trkpt lat="42.911444" lon="-8.007083"><ele>421.226</ele><time>2022-07-16T15:58:03Z</time></trkpt><trkpt lat="42.911467" lon="-8.007152"><ele>421.447</ele><time>2022-07-16T15:58:07Z</time></trkpt><trkpt lat="42.911485" lon="-8.007208"><ele>421.611</ele><time>2022-07-16T15:58:10Z</time></trkpt><trkpt lat="42.911504" lon="-8.007272"><ele>421.809</ele><time>2022-07-16T15:58:14Z</time></trkpt><trkpt lat="42.911528" lon="-8.007339"><ele>422.023</ele><time>2022-07-16T15:58:18Z</time></trkpt><trkpt lat="42.911546" lon="-8.007397"><ele>422.212</ele><time>2022-07-16T15:58:22Z</time></trkpt><trkpt lat="42.911566" lon="-8.007467"><ele>422.380</ele><time>2022-07-16T15:58:27Z</time></trkpt><trkpt lat="42.911588" lon="-8.007525"><ele>422.422</ele><time>2022-07-16T15:58:32Z</time></trkpt><trkpt lat="42.911608" lon="-8.007581"><ele>422.519</ele><time>2022-07-16T15:58:35Z</time></trkpt><trkpt lat="42.911627" lon="-8.007657"><ele>422.733</ele><time>2022-07-16T15:58:39Z</time></trkpt><trkpt lat="42.911660" lon="-8.007714"><ele>422.872</ele><time>2022-07-16T15:58:43Z</time></trkpt><trkpt lat="42.911668" lon="-8.007787"><ele>422.910</ele><time>2022-07-16T15:58:46Z</time></trkpt><trkpt lat="42.911692" lon="-8.007861"><ele>423.281</ele><time>2022-07-16T15:58:50Z</time></trkpt><trkpt lat="42.911721" lon="-8.007927"><ele>423.459</ele><time>2022-07-16T15:58:54Z</time></trkpt><trkpt lat="42.911741" lon="-8.007990"><ele>423.603</ele><time>2022-07-16T15:59:01Z</time></trkpt><trkpt lat="42.911739" lon="-8.008058"><ele>423.623</ele><time>2022-07-16T15:59:06Z</time></trkpt><trkpt lat="42.911738" lon="-8.008143"><ele>423.809</ele><time>2022-07-16T15:59:10Z</time></trkpt><trkpt lat="42.911738" lon="-8.008218"><ele>423.876</ele><time>2022-07-16T15:59:13Z</time></trkpt><trkpt lat="42.911746" lon="-8.008281"><ele>423.835</ele><time>2022-07-16T15:59:16Z</time></trkpt><trkpt lat="42.911753" lon="-8.008355"><ele>423.943</ele><time>2022-07-16T15:59:21Z</time></trkpt><trkpt lat="42.911797" lon="-8.008397"><ele>424.095</ele><time>2022-07-16T15:59:27Z</time></trkpt><trkpt lat="42.911823" lon="-8.008447"><ele>424.092</ele><time>2022-07-16T15:59:31Z</time></trkpt><trkpt lat="42.911863" lon="-8.008489"><ele>424.296</ele><time>2022-07-16T15:59:36Z</time></trkpt><trkpt lat="42.911908" lon="-8.008505"><ele>424.575</ele><time>2022-07-16T15:59:40Z</time></trkpt><trkpt lat="42.911943" lon="-8.008558"><ele>424.633</ele><time>2022-07-16T16:01:35Z</time></trkpt><trkpt lat="42.911949" lon="-8.008627"><ele>424.674</ele><time>2022-07-16T16:01:40Z</time></trkpt><trkpt lat="42.911954" lon="-8.008695"><ele>424.661</ele><time>2022-07-16T16:01:44Z</time></trkpt><trkpt lat="42.911968" lon="-8.008757"><ele>424.721</ele><time>2022-07-16T16:01:48Z</time></trkpt><trkpt lat="42.911988" lon="-8.008823"><ele>424.913</ele><time>2022-07-16T16:01:52Z</time></trkpt><trkpt lat="42.911985" lon="-8.008899"><ele>425.109</ele><time>2022-07-16T16:01:56Z</time></trkpt><trkpt lat="42.911983" lon="-8.008976"><ele>425.357</ele><time>2022-07-16T16:02:01Z</time></trkpt><trkpt lat="42.911991" lon="-8.009038"><ele>425.646</ele><time>2022-07-16T16:02:05Z</time></trkpt><trkpt lat="42.912013" lon="-8.009119"><ele>426.244</ele><time>2022-07-16T16:02:09Z</time></trkpt><trkpt lat="42.912023" lon="-8.009193"><ele>426.686</ele><time>2022-07-16T16:02:14Z</time></trkpt><trkpt lat="42.912034" lon="-8.009271"><ele>427.013</ele><time>2022-07-16T16:02:18Z</time></trkpt><trkpt lat="42.912045" lon="-8.009341"><ele>427.457</ele><time>2022-07-16T16:02:23Z</time></trkpt><trkpt lat="42.912067" lon="-8.009411"><ele>427.696</ele><time>2022-07-16T16:02:28Z</time></trkpt><trkpt lat="42.912078" lon="-8.009471"><ele>427.794</ele><time>2022-07-16T16:02:31Z</time></trkpt><trkpt lat="42.912098" lon="-8.009542"><ele>427.935</ele><time>2022-07-16T16:02:35Z</time></trkpt><trkpt lat="42.912112" lon="-8.009600"><ele>428.111</ele><time>2022-07-16T16:02:38Z</time></trkpt><trkpt lat="42.912137" lon="-8.009666"><ele>428.321</ele><time>2022-07-16T16:02:42Z</time></trkpt><trkpt lat="42.912162" lon="-8.009732"><ele>428.503</ele><time>2022-07-16T16:02:45Z</time></trkpt><trkpt lat="42.912183" lon="-8.009794"><ele>428.709</ele><time>2022-07-16T16:02:48Z</time></trkpt><trkpt lat="42.912197" lon="-8.009862"><ele>428.932</ele><time>2022-07-16T16:02:51Z</time></trkpt><trkpt lat="42.912217" lon="-8.009921"><ele>429.061</ele><time>2022-07-16T16:02:54Z</time></trkpt><trkpt lat="42.912238" lon="-8.009980"><ele>429.189</ele><time>2022-07-16T16:02:57Z</time></trkpt><trkpt lat="42.912260" lon="-8.010036"><ele>429.261</ele><time>2022-07-16T16:03:00Z</time></trkpt><trkpt lat="42.912279" lon="-8.010106"><ele>429.318</ele><time>2022-07-16T16:03:04Z</time></trkpt><trkpt lat="42.912295" lon="-8.010181"><ele>429.452</ele><time>2022-07-16T16:03:08Z</time></trkpt><trkpt lat="42.912329" lon="-8.010241"><ele>429.511</ele><time>2022-07-16T16:03:12Z</time></trkpt><trkpt lat="42.912366" lon="-8.010301"><ele>429.689</ele><time>2022-07-16T16:03:16Z</time></trkpt><trkpt lat="42.912403" lon="-8.010355"><ele>429.760</ele><time>2022-07-16T16:03:20Z</time></trkpt><trkpt lat="42.912435" lon="-8.010408"><ele>429.848</ele><time>2022-07-16T16:03:24Z</time></trkpt><trkpt lat="42.912468" lon="-8.010460"><ele>429.961</ele><time>2022-07-16T16:03:29Z</time></trkpt><trkpt lat="42.912492" lon="-8.010514"><ele>430.117</ele><time>2022-07-16T16:03:33Z</time></trkpt><trkpt lat="42.912524" lon="-8.010564"><ele>430.209</ele><time>2022-07-16T16:03:38Z</time></trkpt><trkpt lat="42.912556" lon="-8.010615"><ele>430.335</ele><time>2022-07-16T16:03:42Z</time></trkpt><trkpt lat="42.912583" lon="-8.010674"><ele>430.424</ele><time>2022-07-16T16:03:47Z</time></trkpt><trkpt lat="42.912609" lon="-8.010732"><ele>430.562</ele><time>2022-07-16T16:03:52Z</time></trkpt><trkpt lat="42.912631" lon="-8.010806"><ele>430.764</ele><time>2022-07-16T16:03:56Z</time></trkpt><trkpt lat="42.912645" lon="-8.010867"><ele>430.941</ele><time>2022-07-16T16:03:59Z</time></trkpt><trkpt lat="42.912664" lon="-8.010935"><ele>431.165</ele><time>2022-07-16T16:04:03Z</time></trkpt><trkpt lat="42.912695" lon="-8.010981"><ele>431.214</ele><time>2022-07-16T16:04:06Z</time></trkpt><trkpt lat="42.912722" lon="-8.011066"><ele>431.462</ele><time>2022-07-16T16:04:09Z</time></trkpt><trkpt lat="42.912754" lon="-8.011140"><ele>431.563</ele><time>2022-07-16T16:04:12Z</time></trkpt><trkpt lat="42.912790" lon="-8.011201"><ele>431.769</ele><time>2022-07-16T16:04:15Z</time></trkpt><trkpt lat="42.912835" lon="-8.011228"><ele>431.904</ele><time>2022-07-16T16:04:18Z</time></trkpt><trkpt lat="42.912890" lon="-8.011250"><ele>431.924</ele><time>2022-07-16T16:04:22Z</time></trkpt><trkpt lat="42.912936" lon="-8.011271"><ele>431.909</ele><time>2022-07-16T16:04:27Z</time></trkpt><trkpt lat="42.912984" lon="-8.011284"><ele>431.967</ele><time>2022-07-16T16:04:31Z</time></trkpt><trkpt lat="42.913037" lon="-8.011293"><ele>431.916</ele><time>2022-07-16T16:04:37Z</time></trkpt><trkpt lat="42.913088" lon="-8.011317"><ele>431.974</ele><time>2022-07-16T16:04:43Z</time></trkpt><trkpt lat="42.913135" lon="-8.011339"><ele>432.046</ele><time>2022-07-16T16:04:48Z</time></trkpt><trkpt lat="42.913176" lon="-8.011390"><ele>432.463</ele><time>2022-07-16T16:04:52Z</time></trkpt><trkpt lat="42.913221" lon="-8.011398"><ele>433.077</ele><time>2022-07-16T16:04:56Z</time></trkpt><trkpt lat="42.913262" lon="-8.011436"><ele>433.526</ele><time>2022-07-16T16:05:01Z</time></trkpt><trkpt lat="42.913291" lon="-8.011507"><ele>434.084</ele><time>2022-07-16T16:05:04Z</time></trkpt><trkpt lat="42.913312" lon="-8.011571"><ele>434.525</ele><time>2022-07-16T16:05:07Z</time></trkpt><trkpt lat="42.913339" lon="-8.011627"><ele>434.942</ele><time>2022-07-16T16:05:11Z</time></trkpt><trkpt lat="42.913371" lon="-8.011682"><ele>435.122</ele><time>2022-07-16T16:05:15Z</time></trkpt><trkpt lat="42.913397" lon="-8.011743"><ele>435.314</ele><time>2022-07-16T16:05:20Z</time></trkpt><trkpt lat="42.913422" lon="-8.011804"><ele>435.509</ele><time>2022-07-16T16:05:25Z</time></trkpt><trkpt lat="42.913443" lon="-8.011869"><ele>435.795</ele><time>2022-07-16T16:05:30Z</time></trkpt><trkpt lat="42.913470" lon="-8.011934"><ele>436.074</ele><time>2022-07-16T16:05:34Z</time></trkpt><trkpt lat="42.913467" lon="-8.012011"><ele>436.232</ele><time>2022-07-16T16:05:38Z</time></trkpt><trkpt lat="42.913464" lon="-8.012086"><ele>436.314</ele><time>2022-07-16T16:05:44Z</time></trkpt><trkpt lat="42.913475" lon="-8.012162"><ele>436.671</ele><time>2022-07-16T16:05:47Z</time></trkpt><trkpt lat="42.913465" lon="-8.012230"><ele>436.825</ele><time>2022-07-16T16:05:49Z</time></trkpt><trkpt lat="42.913465" lon="-8.012298"><ele>437.024</ele><time>2022-07-16T16:05:53Z</time></trkpt><trkpt lat="42.913495" lon="-8.012365"><ele>437.142</ele><time>2022-07-16T16:05:59Z</time></trkpt><trkpt lat="42.913498" lon="-8.012428"><ele>437.213</ele><time>2022-07-16T16:06:02Z</time></trkpt><trkpt lat="42.913501" lon="-8.012506"><ele>437.414</ele><time>2022-07-16T16:06:05Z</time></trkpt><trkpt lat="42.913499" lon="-8.012577"><ele>437.554</ele><time>2022-07-16T16:06:09Z</time></trkpt><trkpt lat="42.913534" lon="-8.012647"><ele>437.609</ele><time>2022-07-16T16:06:14Z</time></trkpt><trkpt lat="42.913516" lon="-8.012705"><ele>437.709</ele><time>2022-07-16T16:06:17Z</time></trkpt><trkpt lat="42.913530" lon="-8.012764"><ele>437.912</ele><time>2022-07-16T16:06:20Z</time></trkpt><trkpt lat="42.913530" lon="-8.012826"><ele>438.281</ele><time>2022-07-16T16:06:23Z</time></trkpt><trkpt lat="42.913547" lon="-8.012900"><ele>438.589</ele><time>2022-07-16T16:06:26Z</time></trkpt><trkpt lat="42.913565" lon="-8.012971"><ele>438.891</ele><time>2022-07-16T16:06:30Z</time></trkpt><trkpt lat="42.913574" lon="-8.013033"><ele>438.998</ele><time>2022-07-16T16:06:33Z</time></trkpt><trkpt lat="42.913590" lon="-8.013104"><ele>438.992</ele><time>2022-07-16T16:06:37Z</time></trkpt><trkpt lat="42.913610" lon="-8.013174"><ele>438.941</ele><time>2022-07-16T16:06:41Z</time></trkpt><trkpt lat="42.913627" lon="-8.013241"><ele>439.019</ele><time>2022-07-16T16:06:45Z</time></trkpt><trkpt lat="42.913630" lon="-8.013309"><ele>439.170</ele><time>2022-07-16T16:06:48Z</time></trkpt><trkpt lat="42.913650" lon="-8.013378"><ele>439.275</ele><time>2022-07-16T16:06:53Z</time></trkpt><trkpt lat="42.913684" lon="-8.013428"><ele>439.428</ele><time>2022-07-16T16:06:58Z</time></trkpt><trkpt lat="42.913713" lon="-8.013476"><ele>439.520</ele><time>2022-07-16T16:07:03Z</time></trkpt><trkpt lat="42.913716" lon="-8.013544"><ele>439.609</ele><time>2022-07-16T16:07:08Z</time></trkpt><trkpt lat="42.913728" lon="-8.013606"><ele>439.688</ele><time>2022-07-16T16:07:13Z</time></trkpt><trkpt lat="42.913748" lon="-8.013669"><ele>439.627</ele><time>2022-07-16T16:07:16Z</time></trkpt><trkpt lat="42.913766" lon="-8.013740"><ele>439.625</ele><time>2022-07-16T16:07:19Z</time></trkpt><trkpt lat="42.913788" lon="-8.013817"><ele>439.657</ele><time>2022-07-16T16:07:23Z</time></trkpt><trkpt lat="42.913795" lon="-8.013879"><ele>439.654</ele><time>2022-07-16T16:07:26Z</time></trkpt><trkpt lat="42.913795" lon="-8.013962"><ele>439.788</ele><time>2022-07-16T16:07:30Z</time></trkpt><trkpt lat="42.913816" lon="-8.014036"><ele>439.777</ele><time>2022-07-16T16:07:34Z</time></trkpt><trkpt lat="42.913837" lon="-8.014097"><ele>439.815</ele><time>2022-07-16T16:07:37Z</time></trkpt><trkpt lat="42.913856" lon="-8.014162"><ele>439.996</ele><time>2022-07-16T16:07:40Z</time></trkpt><trkpt lat="42.913879" lon="-8.014236"><ele>440.182</ele><time>2022-07-16T16:07:44Z</time></trkpt><trkpt lat="42.913898" lon="-8.014297"><ele>440.143</ele><time>2022-07-16T16:07:48Z</time></trkpt><trkpt lat="42.913909" lon="-8.014357"><ele>440.117</ele><time>2022-07-16T16:07:52Z</time></trkpt><trkpt lat="42.913925" lon="-8.014431"><ele>440.109</ele><time>2022-07-16T16:07:57Z</time></trkpt><trkpt lat="42.913940" lon="-8.014491"><ele>440.239</ele><time>2022-07-16T16:08:01Z</time></trkpt><trkpt lat="42.913958" lon="-8.014550"><ele>440.288</ele><time>2022-07-16T16:08:06Z</time></trkpt><trkpt lat="42.913925" lon="-8.014596"><ele>440.216</ele><time>2022-07-16T16:08:09Z</time></trkpt><trkpt lat="42.913869" lon="-8.014632"><ele>440.318</ele><time>2022-07-16T16:08:13Z</time></trkpt><trkpt lat="42.913888" lon="-8.014688"><ele>440.365</ele><time>2022-07-16T16:08:17Z</time></trkpt><trkpt lat="42.913931" lon="-8.014737"><ele>440.379</ele><time>2022-07-16T16:08:21Z</time></trkpt><trkpt lat="42.913954" lon="-8.014811"><ele>440.318</ele><time>2022-07-16T16:08:25Z</time></trkpt><trkpt lat="42.913981" lon="-8.014864"><ele>440.316</ele><time>2022-07-16T16:08:28Z</time></trkpt><trkpt lat="42.913998" lon="-8.014921"><ele>440.357</ele><time>2022-07-16T16:08:31Z</time></trkpt><trkpt lat="42.914000" lon="-8.014995"><ele>440.412</ele><time>2022-07-16T16:08:34Z</time></trkpt><trkpt lat="42.913963" lon="-8.015102"><ele>440.732</ele><time>2022-07-16T16:08:37Z</time></trkpt><trkpt lat="42.913944" lon="-8.015170"><ele>440.705</ele><time>2022-07-16T16:08:39Z</time></trkpt><trkpt lat="42.913916" lon="-8.015232"><ele>440.709</ele><time>2022-07-16T16:08:41Z</time></trkpt><trkpt lat="42.913897" lon="-8.015306"><ele>440.792</ele><time>2022-07-16T16:08:44Z</time></trkpt><trkpt lat="42.913895" lon="-8.015374"><ele>440.711</ele><time>2022-07-16T16:08:48Z</time></trkpt><trkpt lat="42.913878" lon="-8.015436"><ele>440.729</ele><time>2022-07-16T16:08:51Z</time></trkpt><trkpt lat="42.913854" lon="-8.015517"><ele>440.971</ele><time>2022-07-16T16:08:54Z</time></trkpt><trkpt lat="42.913831" lon="-8.015582"><ele>441.018</ele><time>2022-07-16T16:08:56Z</time></trkpt><trkpt lat="42.913817" lon="-8.015641"><ele>441.062</ele><time>2022-07-16T16:09:00Z</time></trkpt><trkpt lat="42.913787" lon="-8.015687"><ele>441.091</ele><time>2022-07-16T16:09:03Z</time></trkpt><trkpt lat="42.913755" lon="-8.015742"><ele>441.019</ele><time>2022-07-16T16:09:08Z</time></trkpt><trkpt lat="42.913772" lon="-8.015810"><ele>441.040</ele><time>2022-07-16T16:09:12Z</time></trkpt><trkpt lat="42.913762" lon="-8.015888"><ele>441.049</ele><time>2022-07-16T16:09:17Z</time></trkpt><trkpt lat="42.913739" lon="-8.015948"><ele>441.002</ele><time>2022-07-16T16:09:21Z</time></trkpt><trkpt lat="42.913728" lon="-8.016014"><ele>440.922</ele><time>2022-07-16T16:09:25Z</time></trkpt><trkpt lat="42.913704" lon="-8.016089"><ele>440.509</ele><time>2022-07-16T16:09:29Z</time></trkpt><trkpt lat="42.913673" lon="-8.016144"><ele>440.355</ele><time>2022-07-16T16:09:32Z</time></trkpt><trkpt lat="42.913652" lon="-8.016217"><ele>440.034</ele><time>2022-07-16T16:09:36Z</time></trkpt><trkpt lat="42.913663" lon="-8.016284"><ele>439.892</ele><time>2022-07-16T16:09:39Z</time></trkpt><trkpt lat="42.913655" lon="-8.016345"><ele>439.694</ele><time>2022-07-16T16:09:43Z</time></trkpt><trkpt lat="42.913657" lon="-8.016409"><ele>439.471</ele><time>2022-07-16T16:09:46Z</time></trkpt><trkpt lat="42.913630" lon="-8.016477"><ele>439.325</ele><time>2022-07-16T16:09:51Z</time></trkpt><trkpt lat="42.913622" lon="-8.016541"><ele>439.194</ele><time>2022-07-16T16:09:55Z</time></trkpt><trkpt lat="42.913593" lon="-8.016604"><ele>438.862</ele><time>2022-07-16T16:09:59Z</time></trkpt><trkpt lat="42.913591" lon="-8.016667"><ele>438.563</ele><time>2022-07-16T16:10:02Z</time></trkpt><trkpt lat="42.913591" lon="-8.016738"><ele>438.289</ele><time>2022-07-16T16:10:06Z</time></trkpt><trkpt lat="42.913549" lon="-8.016782"><ele>437.906</ele><time>2022-07-16T16:10:09Z</time></trkpt><trkpt lat="42.913521" lon="-8.016838"><ele>437.726</ele><time>2022-07-16T16:10:12Z</time></trkpt><trkpt lat="42.913524" lon="-8.016917"><ele>437.509</ele><time>2022-07-16T16:10:16Z</time></trkpt><trkpt lat="42.913507" lon="-8.016975"><ele>437.449</ele><time>2022-07-16T16:10:19Z</time></trkpt><trkpt lat="42.913468" lon="-8.017017"><ele>437.458</ele><time>2022-07-16T16:10:22Z</time></trkpt><trkpt lat="42.913437" lon="-8.017068"><ele>437.346</ele><time>2022-07-16T16:10:25Z</time></trkpt><trkpt lat="42.913516" lon="-8.017146"><ele>437.068</ele><time>2022-07-16T16:10:49Z</time></trkpt><trkpt lat="42.915014" lon="-8.016491"><ele>437.085</ele><time>2022-07-16T17:59:12Z</time></trkpt><trkpt lat="42.915061" lon="-8.016512"><ele>436.929</ele><time>2022-07-16T17:59:18Z</time></trkpt><trkpt lat="42.915143" lon="-8.016499"><ele>436.948</ele><time>2022-07-16T17:59:36Z</time></trkpt><trkpt lat="42.915190" lon="-8.016502"><ele>436.866</ele><time>2022-07-16T18:00:02Z</time></trkpt><trkpt lat="42.915240" lon="-8.016490"><ele>436.777</ele><time>2022-07-16T18:00:10Z</time></trkpt><trkpt lat="42.915289" lon="-8.016496"><ele>436.594</ele><time>2022-07-16T18:00:16Z</time></trkpt><trkpt lat="42.915343" lon="-8.016526"><ele>436.457</ele><time>2022-07-16T18:00:31Z</time></trkpt><trkpt lat="42.915193" lon="-8.016866"><ele>440.922</ele><time>2022-07-16T18:11:31Z</time></trkpt><trkpt lat="42.915211" lon="-8.016783"><ele>440.909</ele><time>2022-07-16T18:11:36Z</time></trkpt><trkpt lat="42.915293" lon="-8.016883"><ele>440.990</ele><time>2022-07-16T18:11:48Z</time></trkpt><trkpt lat="42.915326" lon="-8.016928"><ele>440.839</ele><time>2022-07-16T18:11:59Z</time></trkpt><trkpt lat="42.915421" lon="-8.016884"><ele>440.877</ele><time>2022-07-16T18:15:40Z</time></trkpt><trkpt lat="42.915413" lon="-8.016754"><ele>443.439</ele><time>2022-07-16T18:16:44Z</time></trkpt><trkpt lat="42.915369" lon="-8.016822"><ele>443.456</ele><time>2022-07-16T18:18:53Z</time></trkpt><trkpt lat="42.915432" lon="-8.016748"><ele>443.330</ele><time>2022-07-16T18:19:34Z</time></trkpt><trkpt lat="42.915337" lon="-8.016502"><ele>439.269</ele><time>2022-07-16T18:22:41Z</time></trkpt><trkpt lat="42.915300" lon="-8.016457"><ele>437.277</ele><time>2022-07-16T18:22:48Z</time></trkpt><trkpt lat="42.915280" lon="-8.016392"><ele>437.278</ele><time>2022-07-16T18:22:53Z</time></trkpt><trkpt lat="42.915240" lon="-8.016351"><ele>437.288</ele><time>2022-07-16T18:22:58Z</time></trkpt><trkpt lat="42.915218" lon="-8.016289"><ele>437.224</ele><time>2022-07-16T18:23:03Z</time></trkpt><trkpt lat="42.915190" lon="-8.016240"><ele>437.226</ele><time>2022-07-16T18:23:09Z</time></trkpt><trkpt lat="42.915156" lon="-8.016195"><ele>437.209</ele><time>2022-07-16T18:23:14Z</time></trkpt><trkpt lat="42.915135" lon="-8.016140"><ele>437.229</ele><time>2022-07-16T18:23:20Z</time></trkpt><trkpt lat="42.915111" lon="-8.016076"><ele>437.268</ele><time>2022-07-16T18:23:26Z</time></trkpt><trkpt lat="42.915097" lon="-8.016006"><ele>437.256</ele><time>2022-07-16T18:23:31Z</time></trkpt><trkpt lat="42.915076" lon="-8.015945"><ele>436.938</ele><time>2022-07-16T18:23:39Z</time></trkpt><trkpt lat="42.915035" lon="-8.015900"><ele>436.815</ele><time>2022-07-16T18:23:44Z</time></trkpt><trkpt lat="42.915006" lon="-8.015844"><ele>436.849</ele><time>2022-07-16T18:23:49Z</time></trkpt><trkpt lat="42.914980" lon="-8.015785"><ele>436.858</ele><time>2022-07-16T18:23:55Z</time></trkpt><trkpt lat="42.914966" lon="-8.015724"><ele>436.846</ele><time>2022-07-16T18:24:02Z</time></trkpt><trkpt lat="42.914936" lon="-8.015673"><ele>436.887</ele><time>2022-07-16T18:24:10Z</time></trkpt><trkpt lat="42.914899" lon="-8.015615"><ele>436.817</ele><time>2022-07-16T18:24:14Z</time></trkpt><trkpt lat="42.914888" lon="-8.015547"><ele>437.087</ele><time>2022-07-16T18:24:22Z</time></trkpt><trkpt lat="42.914842" lon="-8.015534"><ele>437.015</ele><time>2022-07-16T18:24:27Z</time></trkpt><trkpt lat="42.914795" lon="-8.015534"><ele>437.009</ele><time>2022-07-16T18:24:32Z</time></trkpt><trkpt lat="42.914760" lon="-8.015488"><ele>436.982</ele><time>2022-07-16T18:24:37Z</time></trkpt><trkpt lat="42.914725" lon="-8.015443"><ele>436.931</ele><time>2022-07-16T18:24:42Z</time></trkpt><trkpt lat="42.914691" lon="-8.015399"><ele>436.949</ele><time>2022-07-16T18:24:50Z</time></trkpt><trkpt lat="42.914665" lon="-8.015335"><ele>436.981</ele><time>2022-07-16T18:24:55Z</time></trkpt><trkpt lat="42.914658" lon="-8.015274"><ele>436.988</ele><time>2022-07-16T18:25:00Z</time></trkpt><trkpt lat="42.914432" lon="-8.015157"><ele>436.882</ele><time>2022-07-16T18:31:13Z</time></trkpt><trkpt lat="42.914333" lon="-8.014998"><ele>436.711</ele><time>2022-07-16T18:31:39Z</time></trkpt><trkpt lat="42.914327" lon="-8.014936"><ele>436.749</ele><time>2022-07-16T18:31:40Z</time></trkpt><trkpt lat="42.914278" lon="-8.014848"><ele>436.770</ele><time>2022-07-16T18:31:46Z</time></trkpt><trkpt lat="42.914240" lon="-8.014776"><ele>436.899</ele><time>2022-07-16T18:31:48Z</time></trkpt><trkpt lat="42.914190" lon="-8.014748"><ele>436.907</ele><time>2022-07-16T18:31:52Z</time></trkpt><trkpt lat="42.914144" lon="-8.014729"><ele>436.927</ele><time>2022-07-16T18:31:55Z</time></trkpt><trkpt lat="42.914096" lon="-8.014696"><ele>436.909</ele><time>2022-07-16T18:31:59Z</time></trkpt><trkpt lat="42.914053" lon="-8.014659"><ele>436.920</ele><time>2022-07-16T18:32:05Z</time></trkpt><trkpt lat="42.914015" lon="-8.014606"><ele>436.929</ele><time>2022-07-16T18:32:10Z</time></trkpt><trkpt lat="42.913977" lon="-8.014554"><ele>437.087</ele><time>2022-07-16T18:32:14Z</time></trkpt><trkpt lat="42.913951" lon="-8.014503"><ele>437.059</ele><time>2022-07-16T18:32:21Z</time></trkpt><trkpt lat="42.913954" lon="-8.014438"><ele>437.056</ele><time>2022-07-16T18:32:26Z</time></trkpt><trkpt lat="42.913942" lon="-8.014376"><ele>437.010</ele><time>2022-07-16T18:32:30Z</time></trkpt><trkpt lat="42.913914" lon="-8.014321"><ele>437.029</ele><time>2022-07-16T18:32:35Z</time></trkpt><trkpt lat="42.913938" lon="-8.014262"><ele>436.947</ele><time>2022-07-16T18:32:38Z</time></trkpt><trkpt lat="42.913910" lon="-8.014208"><ele>436.588</ele><time>2022-07-16T18:32:44Z</time></trkpt><trkpt lat="42.913939" lon="-8.014143"><ele>436.559</ele><time>2022-07-16T18:32:47Z</time></trkpt><trkpt lat="42.913937" lon="-8.014080"><ele>436.503</ele><time>2022-07-16T18:32:50Z</time></trkpt><trkpt lat="42.913919" lon="-8.014019"><ele>436.523</ele><time>2022-07-16T18:32:55Z</time></trkpt><trkpt lat="42.913902" lon="-8.013951"><ele>436.709</ele><time>2022-07-16T18:32:59Z</time></trkpt><trkpt lat="42.913939" lon="-8.013893"><ele>436.786</ele><time>2022-07-16T18:33:04Z</time></trkpt><trkpt lat="42.913947" lon="-8.013820"><ele>436.645</ele><time>2022-07-16T18:33:06Z</time></trkpt><trkpt lat="42.913920" lon="-8.013770"><ele>436.463</ele><time>2022-07-16T18:33:10Z</time></trkpt><trkpt lat="42.913882" lon="-8.013721"><ele>436.315</ele><time>2022-07-16T18:33:14Z</time></trkpt><trkpt lat="42.913850" lon="-8.013676"><ele>436.392</ele><time>2022-07-16T18:33:18Z</time></trkpt><trkpt lat="42.913814" lon="-8.013607"><ele>436.256</ele><time>2022-07-16T18:33:27Z</time></trkpt><trkpt lat="42.913791" lon="-8.013552"><ele>436.265</ele><time>2022-07-16T18:33:32Z</time></trkpt><trkpt lat="42.913754" lon="-8.013505"><ele>435.973</ele><time>2022-07-16T18:33:35Z</time></trkpt><trkpt lat="42.913749" lon="-8.013433"><ele>435.964</ele><time>2022-07-16T18:33:40Z</time></trkpt><trkpt lat="42.913765" lon="-8.013366"><ele>435.996</ele><time>2022-07-16T18:33:44Z</time></trkpt><trkpt lat="42.913778" lon="-8.013273"><ele>435.731</ele><time>2022-07-16T18:33:54Z</time></trkpt><trkpt lat="42.913768" lon="-8.013205"><ele>435.624</ele><time>2022-07-16T18:33:57Z</time></trkpt><trkpt lat="42.913740" lon="-8.013138"><ele>435.509</ele><time>2022-07-16T18:34:02Z</time></trkpt><trkpt lat="42.913703" lon="-8.013089"><ele>435.560</ele><time>2022-07-16T18:34:09Z</time></trkpt><trkpt lat="42.913679" lon="-8.013033"><ele>435.549</ele><time>2022-07-16T18:34:14Z</time></trkpt><trkpt lat="42.913654" lon="-8.012971"><ele>435.517</ele><time>2022-07-16T18:34:21Z</time></trkpt><trkpt lat="42.913663" lon="-8.012894"><ele>435.489</ele><time>2022-07-16T18:35:11Z</time></trkpt><trkpt lat="42.913668" lon="-8.012821"><ele>435.186</ele><time>2022-07-16T18:35:17Z</time></trkpt><trkpt lat="42.913682" lon="-8.012748"><ele>434.930</ele><time>2022-07-16T18:35:23Z</time></trkpt><trkpt lat="42.913681" lon="-8.012668"><ele>434.769</ele><time>2022-07-16T18:35:39Z</time></trkpt><trkpt lat="42.913665" lon="-8.012600"><ele>434.587</ele><time>2022-07-16T18:35:45Z</time></trkpt><trkpt lat="42.913609" lon="-8.012589"><ele>434.428</ele><time>2022-07-16T18:35:56Z</time></trkpt><trkpt lat="42.913584" lon="-8.012487"><ele>434.222</ele><time>2022-07-16T18:36:11Z</time></trkpt><trkpt lat="42.913570" lon="-8.012423"><ele>433.962</ele><time>2022-07-16T18:36:14Z</time></trkpt><trkpt lat="42.913557" lon="-8.012357"><ele>433.708</ele><time>2022-07-16T18:36:17Z</time></trkpt><trkpt lat="42.913517" lon="-8.012303"><ele>433.509</ele><time>2022-07-16T18:36:21Z</time></trkpt><trkpt lat="42.913502" lon="-8.012231"><ele>433.243</ele><time>2022-07-16T18:36:26Z</time></trkpt><trkpt lat="42.913479" lon="-8.012178"><ele>433.052</ele><time>2022-07-16T18:36:31Z</time></trkpt><trkpt lat="42.913464" lon="-8.012114"><ele>433.070</ele><time>2022-07-16T18:36:35Z</time></trkpt><trkpt lat="42.913455" lon="-8.012047"><ele>432.932</ele><time>2022-07-16T18:36:41Z</time></trkpt><trkpt lat="42.913434" lon="-8.011990"><ele>432.699</ele><time>2022-07-16T18:36:46Z</time></trkpt><trkpt lat="42.913381" lon="-8.011872"><ele>432.633</ele><time>2022-07-16T18:37:07Z</time></trkpt><trkpt lat="42.913395" lon="-8.011813"><ele>432.552</ele><time>2022-07-16T18:37:13Z</time></trkpt><trkpt lat="42.913419" lon="-8.011738"><ele>432.460</ele><time>2022-07-16T18:37:18Z</time></trkpt><trkpt lat="42.913441" lon="-8.011666"><ele>432.181</ele><time>2022-07-16T18:37:22Z</time></trkpt><trkpt lat="42.913444" lon="-8.011601"><ele>431.734</ele><time>2022-07-16T18:37:27Z</time></trkpt><trkpt lat="42.913444" lon="-8.011540"><ele>431.655</ele><time>2022-07-16T18:37:32Z</time></trkpt><trkpt lat="42.913398" lon="-8.011453"><ele>431.410</ele><time>2022-07-16T18:37:52Z</time></trkpt><trkpt lat="42.913361" lon="-8.011417"><ele>431.309</ele><time>2022-07-16T18:37:56Z</time></trkpt><trkpt lat="42.913318" lon="-8.011397"><ele>431.334</ele><time>2022-07-16T18:38:01Z</time></trkpt><trkpt lat="42.913276" lon="-8.011369"><ele>431.153</ele><time>2022-07-16T18:38:05Z</time></trkpt><trkpt lat="42.913246" lon="-8.011323"><ele>431.081</ele><time>2022-07-16T18:38:11Z</time></trkpt><trkpt lat="42.913211" lon="-8.011275"><ele>430.713</ele><time>2022-07-16T18:38:15Z</time></trkpt><trkpt lat="42.913173" lon="-8.011225"><ele>430.470</ele><time>2022-07-16T18:38:19Z</time></trkpt><trkpt lat="42.913124" lon="-8.011198"><ele>429.864</ele><time>2022-07-16T18:38:24Z</time></trkpt><trkpt lat="42.913081" lon="-8.011171"><ele>429.153</ele><time>2022-07-16T18:38:29Z</time></trkpt><trkpt lat="42.913032" lon="-8.011187"><ele>428.791</ele><time>2022-07-16T18:38:33Z</time></trkpt><trkpt lat="42.912979" lon="-8.011184"><ele>428.772</ele><time>2022-07-16T18:38:37Z</time></trkpt><trkpt lat="42.912934" lon="-8.011165"><ele>428.596</ele><time>2022-07-16T18:38:43Z</time></trkpt><trkpt lat="42.912886" lon="-8.011131"><ele>428.531</ele><time>2022-07-16T18:38:50Z</time></trkpt><trkpt lat="42.912845" lon="-8.011083"><ele>428.024</ele><time>2022-07-16T18:38:56Z</time></trkpt><trkpt lat="42.912801" lon="-8.011059"><ele>427.809</ele><time>2022-07-16T18:39:01Z</time></trkpt><trkpt lat="42.912759" lon="-8.011026"><ele>427.760</ele><time>2022-07-16T18:39:07Z</time></trkpt><trkpt lat="42.912737" lon="-8.010970"><ele>427.629</ele><time>2022-07-16T18:39:13Z</time></trkpt><trkpt lat="42.912676" lon="-8.011006"><ele>427.587</ele><time>2022-07-16T18:39:51Z</time></trkpt><trkpt lat="42.912986" lon="-8.011292"><ele>428.889</ele><time>2022-07-16T18:41:14Z</time></trkpt><trkpt lat="42.913030" lon="-8.011320"><ele>428.876</ele><time>2022-07-16T18:41:20Z</time></trkpt><trkpt lat="42.913072" lon="-8.011351"><ele>428.860</ele><time>2022-07-16T18:41:26Z</time></trkpt><trkpt lat="42.913113" lon="-8.011384"><ele>429.069</ele><time>2022-07-16T18:41:30Z</time></trkpt><trkpt lat="42.913170" lon="-8.011388"><ele>429.217</ele><time>2022-07-16T18:41:34Z</time></trkpt><trkpt lat="42.913219" lon="-8.011393"><ele>429.678</ele><time>2022-07-16T18:41:38Z</time></trkpt><trkpt lat="42.913262" lon="-8.011413"><ele>429.975</ele><time>2022-07-16T18:41:44Z</time></trkpt><trkpt lat="42.913307" lon="-8.011429"><ele>430.428</ele><time>2022-07-16T18:41:59Z</time></trkpt><trkpt lat="42.913329" lon="-8.011488"><ele>430.820</ele><time>2022-07-16T18:42:03Z</time></trkpt><trkpt lat="42.913354" lon="-8.011544"><ele>431.709</ele><time>2022-07-16T18:42:07Z</time></trkpt><trkpt lat="42.913383" lon="-8.011600"><ele>431.858</ele><time>2022-07-16T18:42:12Z</time></trkpt><trkpt lat="42.913421" lon="-8.011642"><ele>431.997</ele><time>2022-07-16T18:42:15Z</time></trkpt><trkpt lat="42.913460" lon="-8.011680"><ele>432.025</ele><time>2022-07-16T18:42:18Z</time></trkpt><trkpt lat="42.913469" lon="-8.011747"><ele>432.037</ele><time>2022-07-16T18:42:23Z</time></trkpt><trkpt lat="42.913452" lon="-8.011812"><ele>432.254</ele><time>2022-07-16T18:42:27Z</time></trkpt><trkpt lat="42.913460" lon="-8.011880"><ele>432.458</ele><time>2022-07-16T18:42:32Z</time></trkpt><trkpt lat="42.913454" lon="-8.011944"><ele>432.757</ele><time>2022-07-16T18:42:35Z</time></trkpt><trkpt lat="42.913451" lon="-8.012007"><ele>433.055</ele><time>2022-07-16T18:42:39Z</time></trkpt><trkpt lat="42.913441" lon="-8.012073"><ele>433.226</ele><time>2022-07-16T18:42:42Z</time></trkpt><trkpt lat="42.913454" lon="-8.012142"><ele>433.416</ele><time>2022-07-16T18:42:48Z</time></trkpt><trkpt lat="42.913465" lon="-8.012205"><ele>433.576</ele><time>2022-07-16T18:42:52Z</time></trkpt><trkpt lat="42.913471" lon="-8.012275"><ele>433.713</ele><time>2022-07-16T18:42:56Z</time></trkpt><trkpt lat="42.913478" lon="-8.012341"><ele>433.809</ele><time>2022-07-16T18:43:00Z</time></trkpt><trkpt lat="42.913496" lon="-8.012405"><ele>433.822</ele><time>2022-07-16T18:43:04Z</time></trkpt><trkpt lat="42.913498" lon="-8.012484"><ele>433.821</ele><time>2022-07-16T18:43:09Z</time></trkpt><trkpt lat="42.913529" lon="-8.012535"><ele>433.849</ele><time>2022-07-16T18:43:13Z</time></trkpt><trkpt lat="42.913559" lon="-8.012580"><ele>433.931</ele><time>2022-07-16T18:43:17Z</time></trkpt><trkpt lat="42.913593" lon="-8.012621"><ele>433.938</ele><time>2022-07-16T18:43:20Z</time></trkpt><trkpt lat="42.913618" lon="-8.012693"><ele>433.952</ele><time>2022-07-16T18:43:25Z</time></trkpt><trkpt lat="42.913645" lon="-8.012755"><ele>433.951</ele><time>2022-07-16T18:43:29Z</time></trkpt><trkpt lat="42.913649" lon="-8.012827"><ele>434.099</ele><time>2022-07-16T18:43:34Z</time></trkpt><trkpt lat="42.913609" lon="-8.012876"><ele>434.170</ele><time>2022-07-16T18:43:39Z</time></trkpt><trkpt lat="42.913503" lon="-8.013056"><ele>434.754</ele><time>2022-07-16T18:43:52Z</time></trkpt><trkpt lat="42.913432" lon="-8.013072"><ele>434.956</ele><time>2022-07-16T18:43:53Z</time></trkpt><trkpt lat="42.913379" lon="-8.013061"><ele>434.911</ele><time>2022-07-16T18:43:55Z</time></trkpt><trkpt lat="42.913652" lon="-8.013048"><ele>435.009</ele><time>2022-07-16T18:46:04Z</time></trkpt><trkpt lat="42.913636" lon="-8.013119"><ele>435.096</ele><time>2022-07-16T18:46:09Z</time></trkpt><trkpt lat="42.913666" lon="-8.013167"><ele>435.075</ele><time>2022-07-16T18:46:13Z</time></trkpt><trkpt lat="42.913722" lon="-8.013199"><ele>435.073</ele><time>2022-07-16T18:46:16Z</time></trkpt><trkpt lat="42.913752" lon="-8.013247"><ele>435.055</ele><time>2022-07-16T18:46:19Z</time></trkpt><trkpt lat="42.913787" lon="-8.013288"><ele>435.042</ele><time>2022-07-16T18:46:24Z</time></trkpt><trkpt lat="42.913816" lon="-8.013339"><ele>435.116</ele><time>2022-07-16T18:46:28Z</time></trkpt><trkpt lat="42.913777" lon="-8.013409"><ele>435.495</ele><time>2022-07-16T18:46:32Z</time></trkpt><trkpt lat="42.913729" lon="-8.013441"><ele>435.713</ele><time>2022-07-16T18:46:34Z</time></trkpt><trkpt lat="42.913876" lon="-8.014061"><ele>436.114</ele><time>2022-07-16T18:47:39Z</time></trkpt><trkpt lat="42.913881" lon="-8.014131"><ele>436.183</ele><time>2022-07-16T18:47:44Z</time></trkpt><trkpt lat="42.913901" lon="-8.014191"><ele>436.125</ele><time>2022-07-16T18:47:49Z</time></trkpt><trkpt lat="42.913925" lon="-8.014243"><ele>436.117</ele><time>2022-07-16T18:47:53Z</time></trkpt><trkpt lat="42.913931" lon="-8.014321"><ele>436.109</ele><time>2022-07-16T18:47:57Z</time></trkpt><trkpt lat="42.913942" lon="-8.014384"><ele>436.279</ele><time>2022-07-16T18:48:03Z</time></trkpt><trkpt lat="42.913942" lon="-8.014449"><ele>436.278</ele><time>2022-07-16T18:48:09Z</time></trkpt><trkpt lat="42.913914" lon="-8.014499"><ele>436.316</ele><time>2022-07-16T18:48:13Z</time></trkpt><trkpt lat="42.913956" lon="-8.014538"><ele>436.318</ele><time>2022-07-16T18:48:18Z</time></trkpt><trkpt lat="42.914006" lon="-8.014553"><ele>436.365</ele><time>2022-07-16T18:48:22Z</time></trkpt><trkpt lat="42.914045" lon="-8.014605"><ele>436.319</ele><time>2022-07-16T18:48:26Z</time></trkpt><trkpt lat="42.914072" lon="-8.014660"><ele>436.688</ele><time>2022-07-16T18:48:32Z</time></trkpt><trkpt lat="42.914112" lon="-8.014699"><ele>436.676</ele><time>2022-07-16T18:48:38Z</time></trkpt><trkpt lat="42.914157" lon="-8.014731"><ele>436.697</ele><time>2022-07-16T18:48:43Z</time></trkpt><trkpt lat="42.914201" lon="-8.014753"><ele>436.673</ele><time>2022-07-16T18:48:47Z</time></trkpt><trkpt lat="42.914244" lon="-8.014796"><ele>436.285</ele><time>2022-07-16T18:48:51Z</time></trkpt><trkpt lat="42.914291" lon="-8.014822"><ele>436.213</ele><time>2022-07-16T18:48:56Z</time></trkpt><trkpt lat="42.914336" lon="-8.014859"><ele>436.209</ele><time>2022-07-16T18:49:00Z</time></trkpt><trkpt lat="42.914374" lon="-8.014915"><ele>436.198</ele><time>2022-07-16T18:49:07Z</time></trkpt><trkpt lat="42.914447" lon="-8.014908"><ele>436.137</ele><time>2022-07-16T18:49:29Z</time></trkpt><trkpt lat="42.914418" lon="-8.015007"><ele>436.185</ele><time>2022-07-16T19:00:02Z</time></trkpt><trkpt lat="42.914369" lon="-8.014971"><ele>436.217</ele><time>2022-07-16T19:00:05Z</time></trkpt><trkpt lat="42.914324" lon="-8.014964"><ele>436.374</ele><time>2022-07-16T19:00:09Z</time></trkpt><trkpt lat="42.914257" lon="-8.014938"><ele>436.488</ele><time>2022-07-16T19:00:12Z</time></trkpt><trkpt lat="42.914194" lon="-8.014927"><ele>436.457</ele><time>2022-07-16T19:00:16Z</time></trkpt><trkpt lat="42.914148" lon="-8.014897"><ele>436.465</ele><time>2022-07-16T19:00:18Z</time></trkpt><trkpt lat="42.914030" lon="-8.014965"><ele>436.456</ele><time>2022-07-16T19:00:27Z</time></trkpt><trkpt lat="42.913959" lon="-8.015115"><ele>436.573</ele><time>2022-07-16T19:01:21Z</time></trkpt><trkpt lat="42.913997" lon="-8.015164"><ele>436.785</ele><time>2022-07-16T19:01:34Z</time></trkpt><trkpt lat="42.914008" lon="-8.015225"><ele>436.713</ele><time>2022-07-16T19:01:41Z</time></trkpt><trkpt lat="42.914032" lon="-8.015280"><ele>436.709</ele><time>2022-07-16T19:01:46Z</time></trkpt><trkpt lat="42.914036" lon="-8.015350"><ele>436.748</ele><time>2022-07-16T19:01:50Z</time></trkpt><trkpt lat="42.914013" lon="-8.015414"><ele>436.777</ele><time>2022-07-16T19:01:54Z</time></trkpt><trkpt lat="42.913984" lon="-8.015467"><ele>436.965</ele><time>2022-07-16T19:01:57Z</time></trkpt><trkpt lat="42.913956" lon="-8.015537"><ele>436.947</ele><time>2022-07-16T19:02:02Z</time></trkpt><trkpt lat="42.913935" lon="-8.015598"><ele>437.034</ele><time>2022-07-16T19:02:07Z</time></trkpt><trkpt lat="42.913917" lon="-8.015656"><ele>437.068</ele><time>2022-07-16T19:02:10Z</time></trkpt><trkpt lat="42.913887" lon="-8.015711"><ele>437.037</ele><time>2022-07-16T19:02:13Z</time></trkpt><trkpt lat="42.913874" lon="-8.015778"><ele>437.165</ele><time>2022-07-16T19:02:17Z</time></trkpt><trkpt lat="42.913833" lon="-8.015843"><ele>437.236</ele><time>2022-07-16T19:02:23Z</time></trkpt><trkpt lat="42.913801" lon="-8.015905"><ele>437.222</ele><time>2022-07-16T19:02:27Z</time></trkpt><trkpt lat="42.913770" lon="-8.015960"><ele>437.162</ele><time>2022-07-16T19:02:30Z</time></trkpt><trkpt lat="42.913745" lon="-8.016016"><ele>437.108</ele><time>2022-07-16T19:02:33Z</time></trkpt><trkpt lat="42.913711" lon="-8.016071"><ele>437.009</ele><time>2022-07-16T19:02:37Z</time></trkpt><trkpt lat="42.913693" lon="-8.016133"><ele>436.913</ele><time>2022-07-16T19:02:42Z</time></trkpt><trkpt lat="42.913664" lon="-8.016183"><ele>436.452</ele><time>2022-07-16T19:02:47Z</time></trkpt><trkpt lat="42.913653" lon="-8.016250"><ele>436.150</ele><time>2022-07-16T19:02:51Z</time></trkpt><trkpt lat="42.913663" lon="-8.016336"><ele>435.962</ele><time>2022-07-16T19:02:56Z</time></trkpt><trkpt lat="42.913660" lon="-8.016403"><ele>435.659</ele><time>2022-07-16T19:02:59Z</time></trkpt><trkpt lat="42.913644" lon="-8.016476"><ele>435.383</ele><time>2022-07-16T19:03:03Z</time></trkpt><trkpt lat="42.913620" lon="-8.016535"><ele>435.252</ele><time>2022-07-16T19:03:07Z</time></trkpt><trkpt lat="42.913592" lon="-8.016602"><ele>435.120</ele><time>2022-07-16T19:03:11Z</time></trkpt><trkpt lat="42.913588" lon="-8.016667"><ele>434.981</ele><time>2022-07-16T19:03:16Z</time></trkpt><trkpt lat="42.913572" lon="-8.016731"><ele>434.854</ele><time>2022-07-16T19:03:22Z</time></trkpt><trkpt lat="42.913531" lon="-8.016764"><ele>434.556</ele><time>2022-07-16T19:03:25Z</time></trkpt><trkpt lat="42.913489" lon="-8.016813"><ele>434.211</ele><time>2022-07-16T19:03:30Z</time></trkpt><trkpt lat="42.913480" lon="-8.016875"><ele>434.009</ele><time>2022-07-16T19:03:34Z</time></trkpt><trkpt lat="42.913467" lon="-8.016936"><ele>434.026</ele><time>2022-07-16T19:03:38Z</time></trkpt><trkpt lat="42.913422" lon="-8.016974"><ele>433.925</ele><time>2022-07-16T19:03:43Z</time></trkpt><trkpt lat="42.913392" lon="-8.017024"><ele>433.633</ele><time>2022-07-16T19:03:47Z</time></trkpt><trkpt lat="42.913397" lon="-8.017200"><ele>433.165</ele><time>2022-07-16T19:04:00Z</time></trkpt><trkpt lat="42.913216" lon="-8.017335"><ele>433.672</ele><time>2022-07-16T19:45:07Z</time></trkpt><trkpt lat="42.913265" lon="-8.017194"><ele>433.936</ele><time>2022-07-16T19:49:41Z</time></trkpt><trkpt lat="42.913162" lon="-8.017117"><ele>433.345</ele><time>2022-07-16T19:57:25Z</time></trkpt><trkpt lat="42.913238" lon="-8.017118"><ele>433.193</ele><time>2022-07-16T19:57:26Z</time></trkpt><trkpt lat="42.913290" lon="-8.017110"><ele>433.144</ele><time>2022-07-16T19:57:28Z</time></trkpt><trkpt lat="42.913362" lon="-8.017072"><ele>433.148</ele><time>2022-07-16T20:00:23Z</time></trkpt><trkpt lat="42.913409" lon="-8.017145"><ele>433.361</ele><time>2022-07-16T20:00:26Z</time></trkpt><trkpt lat="42.913205" lon="-8.017351"><ele>436.917</ele><time>2022-07-16T20:00:45Z</time></trkpt><trkpt lat="42.913190" lon="-8.017074"><ele>436.709</ele><time>2022-07-16T20:02:32Z</time></trkpt><trkpt lat="42.913139" lon="-8.017032"><ele>436.835</ele><time>2022-07-16T20:04:56Z</time></trkpt><trkpt lat="42.913083" lon="-8.017036"><ele>436.564</ele><time>2022-07-16T20:07:37Z</time></trkpt><trkpt lat="42.913165" lon="-8.017022"><ele>436.522</ele><time>2022-07-16T20:08:47Z</time></trkpt><trkpt lat="42.913182" lon="-8.017081"><ele>436.694</ele><time>2022-07-16T20:08:53Z</time></trkpt><trkpt lat="42.913131" lon="-8.017259"><ele>436.691</ele><time>2022-07-16T20:09:08Z</time></trkpt><trkpt lat="42.913115" lon="-8.017343"><ele>436.615</ele><time>2022-07-16T20:09:28Z</time></trkpt><trkpt lat="42.913295" lon="-8.016991"><ele>433.734</ele><time>2022-07-16T20:12:33Z</time></trkpt><trkpt lat="42.913334" lon="-8.016940"><ele>433.792</ele><time>2022-07-16T20:12:38Z</time></trkpt><trkpt lat="42.913370" lon="-8.016891"><ele>433.723</ele><time>2022-07-16T20:12:43Z</time></trkpt><trkpt lat="42.913393" lon="-8.016831"><ele>433.846</ele><time>2022-07-16T20:12:48Z</time></trkpt><trkpt lat="42.913378" lon="-8.016769"><ele>433.988</ele><time>2022-07-16T20:12:54Z</time></trkpt><trkpt lat="42.913384" lon="-8.016705"><ele>434.116</ele><time>2022-07-16T20:12:58Z</time></trkpt><trkpt lat="42.913399" lon="-8.016644"><ele>434.209</ele><time>2022-07-16T20:13:03Z</time></trkpt><trkpt lat="42.913422" lon="-8.016587"><ele>434.215</ele><time>2022-07-16T20:13:09Z</time></trkpt><trkpt lat="42.913456" lon="-8.016543"><ele>434.334</ele><time>2022-07-16T20:13:14Z</time></trkpt><trkpt lat="42.913478" lon="-8.016486"><ele>434.532</ele><time>2022-07-16T20:13:17Z</time></trkpt><trkpt lat="42.913495" lon="-8.016421"><ele>434.784</ele><time>2022-07-16T20:13:22Z</time></trkpt><trkpt lat="42.913531" lon="-8.016362"><ele>434.821</ele><time>2022-07-16T20:13:28Z</time></trkpt><trkpt lat="42.913550" lon="-8.016303"><ele>434.955</ele><time>2022-07-16T20:13:32Z</time></trkpt><trkpt lat="42.913583" lon="-8.016252"><ele>435.244</ele><time>2022-07-16T20:13:37Z</time></trkpt><trkpt lat="42.913610" lon="-8.016186"><ele>435.492</ele><time>2022-07-16T20:13:42Z</time></trkpt><trkpt lat="42.913637" lon="-8.016126"><ele>435.533</ele><time>2022-07-16T20:13:47Z</time></trkpt><trkpt lat="42.913703" lon="-8.016060"><ele>435.816</ele><time>2022-07-16T20:14:27Z</time></trkpt><trkpt lat="42.913704" lon="-8.015986"><ele>436.276</ele><time>2022-07-16T20:14:33Z</time></trkpt><trkpt lat="42.913721" lon="-8.015929"><ele>436.513</ele><time>2022-07-16T20:14:39Z</time></trkpt><trkpt lat="42.913735" lon="-8.015870"><ele>436.609</ele><time>2022-07-16T20:14:45Z</time></trkpt><trkpt lat="42.913764" lon="-8.015820"><ele>436.632</ele><time>2022-07-16T20:14:48Z</time></trkpt><trkpt lat="42.913812" lon="-8.015779"><ele>436.911</ele><time>2022-07-16T20:14:53Z</time></trkpt><trkpt lat="42.913848" lon="-8.015729"><ele>437.049</ele><time>2022-07-16T20:14:57Z</time></trkpt><trkpt lat="42.913873" lon="-8.015673"><ele>437.141</ele><time>2022-07-16T20:15:02Z</time></trkpt><trkpt lat="42.913900" lon="-8.015614"><ele>437.168</ele><time>2022-07-16T20:15:07Z</time></trkpt><trkpt lat="42.913915" lon="-8.015545"><ele>437.132</ele><time>2022-07-16T20:15:11Z</time></trkpt><trkpt lat="42.913941" lon="-8.015475"><ele>437.031</ele><time>2022-07-16T20:15:17Z</time></trkpt><trkpt lat="42.913940" lon="-8.015409"><ele>436.839</ele><time>2022-07-16T20:15:27Z</time></trkpt><trkpt lat="42.913949" lon="-8.015347"><ele>436.740</ele><time>2022-07-16T20:15:33Z</time></trkpt><trkpt lat="42.913957" lon="-8.015282"><ele>436.791</ele><time>2022-07-16T20:15:37Z</time></trkpt><trkpt lat="42.913959" lon="-8.015212"><ele>436.781</ele><time>2022-07-16T20:15:41Z</time></trkpt><trkpt lat="42.913969" lon="-8.015149"><ele>436.619</ele><time>2022-07-16T20:15:46Z</time></trkpt><trkpt lat="42.913995" lon="-8.015098"><ele>436.609</ele><time>2022-07-16T20:15:54Z</time></trkpt><trkpt lat="42.913995" lon="-8.015034"><ele>436.670</ele><time>2022-07-16T20:16:10Z</time></trkpt><trkpt lat="42.913997" lon="-8.014972"><ele>436.589</ele><time>2022-07-16T20:16:19Z</time></trkpt><trkpt lat="42.914045" lon="-8.014973"><ele>436.537</ele><time>2022-07-16T20:16:54Z</time></trkpt><trkpt lat="42.914049" lon="-8.014910"><ele>436.579</ele><time>2022-07-16T20:17:09Z</time></trkpt><trkpt lat="42.914053" lon="-8.014831"><ele>436.456</ele><time>2022-07-16T20:17:45Z</time></trkpt><trkpt lat="42.914063" lon="-8.014767"><ele>436.440</ele><time>2022-07-16T20:17:52Z</time></trkpt><trkpt lat="42.914030" lon="-8.014713"><ele>436.369</ele><time>2022-07-16T20:17:59Z</time></trkpt><trkpt lat="42.913991" lon="-8.014681"><ele>436.367</ele><time>2022-07-16T20:18:06Z</time></trkpt><trkpt lat="42.913962" lon="-8.014616"><ele>436.228</ele><time>2022-07-16T20:18:13Z</time></trkpt><trkpt lat="42.913944" lon="-8.014554"><ele>436.289</ele><time>2022-07-16T20:18:17Z</time></trkpt><trkpt lat="42.913923" lon="-8.014488"><ele>436.206</ele><time>2022-07-16T20:18:22Z</time></trkpt><trkpt lat="42.913880" lon="-8.014439"><ele>436.226</ele><time>2022-07-16T20:18:28Z</time></trkpt><trkpt lat="42.913858" lon="-8.014383"><ele>436.209</ele><time>2022-07-16T20:18:36Z</time></trkpt><trkpt lat="42.913866" lon="-8.014315"><ele>436.229</ele><time>2022-07-16T20:18:41Z</time></trkpt><trkpt lat="42.913924" lon="-8.014153"><ele>435.988</ele><time>2022-07-16T20:18:59Z</time></trkpt><trkpt lat="42.913882" lon="-8.014109"><ele>435.916</ele><time>2022-07-16T20:19:06Z</time></trkpt><trkpt lat="42.913874" lon="-8.014046"><ele>435.848</ele><time>2022-07-16T20:19:11Z</time></trkpt><trkpt lat="42.913855" lon="-8.013987"><ele>435.895</ele><time>2022-07-16T20:19:16Z</time></trkpt><trkpt lat="42.913805" lon="-8.013954"><ele>435.899</ele><time>2022-07-16T20:19:22Z</time></trkpt><trkpt lat="42.913741" lon="-8.013935"><ele>435.788</ele><time>2022-07-16T20:19:29Z</time></trkpt><trkpt lat="42.913696" lon="-8.013955"><ele>435.796</ele><time>2022-07-16T20:19:31Z</time></trkpt><trkpt lat="42.913761" lon="-8.013830"><ele>435.757</ele><time>2022-07-16T20:19:35Z</time></trkpt><trkpt lat="42.913804" lon="-8.013761"><ele>435.795</ele><time>2022-07-16T20:19:38Z</time></trkpt><trkpt lat="42.913787" lon="-8.013691"><ele>435.849</ele><time>2022-07-16T20:19:44Z</time></trkpt><trkpt lat="42.913752" lon="-8.013643"><ele>435.823</ele><time>2022-07-16T20:19:48Z</time></trkpt><trkpt lat="42.913660" lon="-8.013479"><ele>435.809</ele><time>2022-07-16T20:20:27Z</time></trkpt><trkpt lat="42.913664" lon="-8.013321"><ele>435.580</ele><time>2022-07-16T20:22:19Z</time></trkpt><trkpt lat="42.913862" lon="-8.013360"><ele>435.529</ele><time>2022-07-16T20:22:56Z</time></trkpt><trkpt lat="42.913815" lon="-8.013334"><ele>435.757</ele><time>2022-07-16T20:23:24Z</time></trkpt><trkpt lat="42.913751" lon="-8.013359"><ele>435.679</ele><time>2022-07-16T20:23:26Z</time></trkpt><trkpt lat="42.913666" lon="-8.013371"><ele>435.626</ele><time>2022-07-16T20:23:28Z</time></trkpt><trkpt lat="42.913615" lon="-8.013347"><ele>435.620</ele><time>2022-07-16T20:23:30Z</time></trkpt><trkpt lat="42.913732" lon="-8.013527"><ele>435.549</ele><time>2022-07-16T20:23:45Z</time></trkpt></trkseg></trk></gpx>