<?xml version="1.0" encoding="UTF-8"?><gpx creator="Wikiloc - https://www.wikiloc.com" version="1.1" xmlns="http://www.topografix.com/GPX/1/1" xmlns:xsi="http://www.w3.org/2001/XMLSchema-instance" xsi:schemaLocation="http://www.topografix.com/GPX/1/1 http://www.topografix.com/GPX/1/1/gpx.xsd"><metadata><name>Wikiloc - Camí Primitiu 11/12 Melide - Iglesia de Santa María de Melide - Capilla de la Magdalena - Ermita de Santa Irene - Opedrouzo</name><author><name>JP969</name><link href="https://www.wikiloc.com/wikiloc/user.do?id=8121812"><text>JP969 on Wikiloc</text></link></author><link href="https://www.wikiloc.com/hiking-trails/melide-iglesia-de-santa-maria-de-melide-capilla-de-la-magdalena-ermita-de-santa-irene-arca-217001091"><text>Camí Primitiu 11/12 Melide - Iglesia de Santa María de Melide - Capilla de la Magdalena - Ermita de Santa Irene - Opedrouzo on Wikiloc</text></link><time>2025-06-07T13:19:11.346Z</time></metadata><trk><name>Camí Primitiu 11/12 Melide - Iglesia de Santa María de Melid...</name><cmt></cmt><desc></desc><trkseg><trkpt lat="42.912249" lon="-8.005236"><ele>430.738</ele><time>2025-06-07T04:48:25.624Z</time></trkpt><trkpt lat="42.912415" lon="-8.004765"><ele>428.870</ele><time>2025-06-07T04:48:28.709Z</time></trkpt><trkpt lat="42.912431" lon="-8.004991"><ele>429.717</ele><time>2025-06-07T04:48:30.709Z</time></trkpt><trkpt lat="42.912387" lon="-8.005073"><ele>430.009</ele><time>2025-06-07T04:48:32.708Z</time></trkpt><trkpt lat="42.912354" lon="-8.005116"><ele>430.145</ele><time>2025-06-07T04:48:57.270Z</time></trkpt><trkpt lat="42.912346" lon="-8.005187"><ele>430.554</ele><time>2025-06-07T04:49:04.269Z</time></trkpt><trkpt lat="42.912361" lon="-8.005245"><ele>430.880</ele><time>2025-06-07T04:49:09.270Z</time></trkpt><trkpt lat="42.912361" lon="-8.005313"><ele>431.293</ele><time>2025-06-07T04:49:15.270Z</time></trkpt><trkpt lat="42.912370" lon="-8.005374"><ele>431.543</ele><time>2025-06-07T04:49:20.270Z</time></trkpt><trkpt lat="42.912385" lon="-8.005441"><ele>431.894</ele><time>2025-06-07T04:49:25.270Z</time></trkpt><trkpt lat="42.912402" lon="-8.005510"><ele>432.193</ele><time>2025-06-07T04:49:31.269Z</time></trkpt><trkpt lat="42.912405" lon="-8.005581"><ele>432.492</ele><time>2025-06-07T04:49:37.269Z</time></trkpt><trkpt lat="42.912405" lon="-8.005652"><ele>432.764</ele><time>2025-06-07T04:49:43.270Z</time></trkpt><trkpt lat="42.912426" lon="-8.005720"><ele>432.952</ele><time>2025-06-07T04:49:49.270Z</time></trkpt><trkpt lat="42.912431" lon="-8.005790"><ele>433.153</ele><time>2025-06-07T04:49:54.269Z</time></trkpt><trkpt lat="42.912438" lon="-8.005856"><ele>433.208</ele><time>2025-06-07T04:49:59.270Z</time></trkpt><trkpt lat="42.912445" lon="-8.005925"><ele>433.209</ele><time>2025-06-07T04:50:04.270Z</time></trkpt><trkpt lat="42.912455" lon="-8.005986"><ele>433.287</ele><time>2025-06-07T04:50:08.270Z</time></trkpt><trkpt lat="42.912462" lon="-8.006048"><ele>433.186</ele><time>2025-06-07T04:50:12.270Z</time></trkpt><trkpt lat="42.912467" lon="-8.006123"><ele>433.222</ele><time>2025-06-07T04:50:17.270Z</time></trkpt><trkpt lat="42.912475" lon="-8.006187"><ele>433.325</ele><time>2025-06-07T04:50:21.270Z</time></trkpt><trkpt lat="42.912486" lon="-8.006255"><ele>433.565</ele><time>2025-06-07T04:50:26.270Z</time></trkpt><trkpt lat="42.912503" lon="-8.006318"><ele>433.726</ele><time>2025-06-07T04:50:31.270Z</time></trkpt><trkpt lat="42.912515" lon="-8.006387"><ele>433.915</ele><time>2025-06-07T04:50:36.270Z</time></trkpt><trkpt lat="42.912528" lon="-8.006453"><ele>434.114</ele><time>2025-06-07T04:50:41.270Z</time></trkpt><trkpt lat="42.912534" lon="-8.006522"><ele>434.416</ele><time>2025-06-07T04:50:46.270Z</time></trkpt><trkpt lat="42.912550" lon="-8.006588"><ele>434.596</ele><time>2025-06-07T04:50:52.270Z</time></trkpt><trkpt lat="42.912562" lon="-8.006658"><ele>434.731</ele><time>2025-06-07T04:50:57.270Z</time></trkpt><trkpt lat="42.912571" lon="-8.006735"><ele>435.124</ele><time>2025-06-07T04:51:02.269Z</time></trkpt><trkpt lat="42.912576" lon="-8.006799"><ele>435.309</ele><time>2025-06-07T04:51:06.270Z</time></trkpt><trkpt lat="42.912580" lon="-8.006873"><ele>435.711</ele><time>2025-06-07T04:51:11.270Z</time></trkpt><trkpt lat="42.912599" lon="-8.006937"><ele>436.090</ele><time>2025-06-07T04:51:16.269Z</time></trkpt><trkpt lat="42.912616" lon="-8.007001"><ele>436.466</ele><time>2025-06-07T04:51:21.270Z</time></trkpt><trkpt lat="42.912631" lon="-8.007067"><ele>436.969</ele><time>2025-06-07T04:51:26.270Z</time></trkpt><trkpt lat="42.912643" lon="-8.007136"><ele>437.489</ele><time>2025-06-07T04:51:31.269Z</time></trkpt><trkpt lat="42.912657" lon="-8.007200"><ele>437.890</ele><time>2025-06-07T04:51:36.270Z</time></trkpt><trkpt lat="42.912668" lon="-8.007269"><ele>438.179</ele><time>2025-06-07T04:51:41.270Z</time></trkpt><trkpt lat="42.912688" lon="-8.007336"><ele>438.198</ele><time>2025-06-07T04:51:47.269Z</time></trkpt><trkpt lat="42.912704" lon="-8.007402"><ele>438.250</ele><time>2025-06-07T04:51:52.269Z</time></trkpt><trkpt lat="42.912718" lon="-8.007466"><ele>438.253</ele><time>2025-06-07T04:51:57.270Z</time></trkpt><trkpt lat="42.912722" lon="-8.007536"><ele>438.204</ele><time>2025-06-07T04:52:02.270Z</time></trkpt><trkpt lat="42.912733" lon="-8.007597"><ele>438.214</ele><time>2025-06-07T04:52:06.270Z</time></trkpt><trkpt lat="42.912743" lon="-8.007659"><ele>438.109</ele><time>2025-06-07T04:52:10.270Z</time></trkpt><trkpt lat="42.912753" lon="-8.007723"><ele>438.157</ele><time>2025-06-07T04:52:15.270Z</time></trkpt><trkpt lat="42.912771" lon="-8.007783"><ele>438.086</ele><time>2025-06-07T04:52:20.270Z</time></trkpt><trkpt lat="42.912813" lon="-8.007822"><ele>438.072</ele><time>2025-06-07T04:52:36.270Z</time></trkpt><trkpt lat="42.912822" lon="-8.007888"><ele>438.055</ele><time>2025-06-07T04:52:41.270Z</time></trkpt><trkpt lat="42.912829" lon="-8.007957"><ele>438.025</ele><time>2025-06-07T04:52:47.270Z</time></trkpt><trkpt lat="42.912843" lon="-8.008019"><ele>438.056</ele><time>2025-06-07T04:52:52.269Z</time></trkpt><trkpt lat="42.912853" lon="-8.008088"><ele>438.155</ele><time>2025-06-07T04:52:57.270Z</time></trkpt><trkpt lat="42.912859" lon="-8.008156"><ele>438.484</ele><time>2025-06-07T04:53:02.270Z</time></trkpt><trkpt lat="42.912870" lon="-8.008224"><ele>438.676</ele><time>2025-06-07T04:53:07.270Z</time></trkpt><trkpt lat="42.912893" lon="-8.008290"><ele>438.859</ele><time>2025-06-07T04:53:12.269Z</time></trkpt><trkpt lat="42.912891" lon="-8.008362"><ele>439.103</ele><time>2025-06-07T04:53:17.270Z</time></trkpt><trkpt lat="42.912901" lon="-8.008427"><ele>439.523</ele><time>2025-06-07T04:53:22.270Z</time></trkpt><trkpt lat="42.912910" lon="-8.008498"><ele>439.909</ele><time>2025-06-07T04:53:27.270Z</time></trkpt><trkpt lat="42.912914" lon="-8.008559"><ele>440.267</ele><time>2025-06-07T04:53:31.270Z</time></trkpt><trkpt lat="42.912927" lon="-8.008633"><ele>440.776</ele><time>2025-06-07T04:53:36.270Z</time></trkpt><trkpt lat="42.912931" lon="-8.008709"><ele>441.342</ele><time>2025-06-07T04:53:41.270Z</time></trkpt><trkpt lat="42.912933" lon="-8.008781"><ele>441.855</ele><time>2025-06-07T04:53:46.270Z</time></trkpt><trkpt lat="42.912937" lon="-8.008843"><ele>442.235</ele><time>2025-06-07T04:53:50.269Z</time></trkpt><trkpt lat="42.912956" lon="-8.008913"><ele>442.846</ele><time>2025-06-07T04:53:56.269Z</time></trkpt><trkpt lat="42.912962" lon="-8.008982"><ele>443.235</ele><time>2025-06-07T04:54:01.270Z</time></trkpt><trkpt lat="42.912972" lon="-8.009048"><ele>443.724</ele><time>2025-06-07T04:54:06.271Z</time></trkpt><trkpt lat="42.912980" lon="-8.009112"><ele>444.166</ele><time>2025-06-07T04:54:10.270Z</time></trkpt><trkpt lat="42.912990" lon="-8.009182"><ele>444.628</ele><time>2025-06-07T04:54:15.270Z</time></trkpt><trkpt lat="42.913004" lon="-8.009241"><ele>444.989</ele><time>2025-06-07T04:54:19.271Z</time></trkpt><trkpt lat="42.913008" lon="-8.009307"><ele>445.217</ele><time>2025-06-07T04:54:23.271Z</time></trkpt><trkpt lat="42.913007" lon="-8.009371"><ele>445.409</ele><time>2025-06-07T04:54:27.270Z</time></trkpt><trkpt lat="42.913014" lon="-8.009442"><ele>445.774</ele><time>2025-06-07T04:54:32.271Z</time></trkpt><trkpt lat="42.913033" lon="-8.009511"><ele>446.173</ele><time>2025-06-07T04:54:37.270Z</time></trkpt><trkpt lat="42.912986" lon="-8.009511"><ele>445.759</ele><time>2025-06-07T04:54:44.271Z</time></trkpt><trkpt lat="42.912991" lon="-8.009584"><ele>446.012</ele><time>2025-06-07T04:54:50.271Z</time></trkpt><trkpt lat="42.913008" lon="-8.009646"><ele>446.432</ele><time>2025-06-07T04:54:55.271Z</time></trkpt><trkpt lat="42.913016" lon="-8.009713"><ele>446.763</ele><time>2025-06-07T04:55:00.271Z</time></trkpt><trkpt lat="42.913040" lon="-8.009775"><ele>447.122</ele><time>2025-06-07T04:55:05.270Z</time></trkpt><trkpt lat="42.913051" lon="-8.009835"><ele>447.481</ele><time>2025-06-07T04:55:09.271Z</time></trkpt><trkpt lat="42.913070" lon="-8.009903"><ele>447.743</ele><time>2025-06-07T04:55:15.271Z</time></trkpt><trkpt lat="42.913075" lon="-8.009973"><ele>447.996</ele><time>2025-06-07T04:55:20.271Z</time></trkpt><trkpt lat="42.913080" lon="-8.010045"><ele>448.031</ele><time>2025-06-07T04:55:25.271Z</time></trkpt><trkpt lat="42.913099" lon="-8.010104"><ele>448.024</ele><time>2025-06-07T04:55:30.271Z</time></trkpt><trkpt lat="42.913111" lon="-8.010178"><ele>448.009</ele><time>2025-06-07T04:55:35.271Z</time></trkpt><trkpt lat="42.913141" lon="-8.010239"><ele>448.091</ele><time>2025-06-07T04:55:39.270Z</time></trkpt><trkpt lat="42.913165" lon="-8.010293"><ele>448.080</ele><time>2025-06-07T04:55:43.271Z</time></trkpt><trkpt lat="42.913183" lon="-8.010359"><ele>448.296</ele><time>2025-06-07T04:55:48.271Z</time></trkpt><trkpt lat="42.913185" lon="-8.010424"><ele>448.379</ele><time>2025-06-07T04:55:52.271Z</time></trkpt><trkpt lat="42.913184" lon="-8.010492"><ele>448.479</ele><time>2025-06-07T04:55:56.270Z</time></trkpt><trkpt lat="42.913191" lon="-8.010554"><ele>448.520</ele><time>2025-06-07T04:56:00.271Z</time></trkpt><trkpt lat="42.913189" lon="-8.010630"><ele>448.849</ele><time>2025-06-07T04:56:05.271Z</time></trkpt><trkpt lat="42.913195" lon="-8.010693"><ele>449.068</ele><time>2025-06-07T04:56:09.271Z</time></trkpt><trkpt lat="42.913200" lon="-8.010765"><ele>449.340</ele><time>2025-06-07T04:56:14.271Z</time></trkpt><trkpt lat="42.913197" lon="-8.010838"><ele>449.527</ele><time>2025-06-07T04:56:19.270Z</time></trkpt><trkpt lat="42.913215" lon="-8.010897"><ele>449.868</ele><time>2025-06-07T04:56:24.271Z</time></trkpt><trkpt lat="42.913249" lon="-8.010953"><ele>450.114</ele><time>2025-06-07T04:56:28.271Z</time></trkpt><trkpt lat="42.913265" lon="-8.011011"><ele>450.409</ele><time>2025-06-07T04:56:32.271Z</time></trkpt><trkpt lat="42.913264" lon="-8.011081"><ele>450.614</ele><time>2025-06-07T04:56:37.271Z</time></trkpt><trkpt lat="42.913278" lon="-8.011147"><ele>451.043</ele><time>2025-06-07T04:56:42.271Z</time></trkpt><trkpt lat="42.913293" lon="-8.011214"><ele>451.329</ele><time>2025-06-07T04:56:47.271Z</time></trkpt><trkpt lat="42.913300" lon="-8.011290"><ele>451.622</ele><time>2025-06-07T04:56:52.271Z</time></trkpt><trkpt lat="42.913308" lon="-8.011350"><ele>451.862</ele><time>2025-06-07T04:56:56.271Z</time></trkpt><trkpt lat="42.913308" lon="-8.011418"><ele>452.013</ele><time>2025-06-07T04:56:59.271Z</time></trkpt><trkpt lat="42.913330" lon="-8.011484"><ele>452.092</ele><time>2025-06-07T04:57:03.271Z</time></trkpt><trkpt lat="42.913341" lon="-8.011552"><ele>452.061</ele><time>2025-06-07T04:57:07.271Z</time></trkpt><trkpt lat="42.913333" lon="-8.011617"><ele>452.033</ele><time>2025-06-07T04:57:12.271Z</time></trkpt><trkpt lat="42.913312" lon="-8.011680"><ele>452.187</ele><time>2025-06-07T04:57:18.270Z</time></trkpt><trkpt lat="42.913309" lon="-8.011747"><ele>452.442</ele><time>2025-06-07T04:57:23.270Z</time></trkpt><trkpt lat="42.913309" lon="-8.011815"><ele>452.626</ele><time>2025-06-07T04:57:28.271Z</time></trkpt><trkpt lat="42.913307" lon="-8.011878"><ele>452.909</ele><time>2025-06-07T04:57:43.271Z</time></trkpt><trkpt lat="42.913320" lon="-8.011947"><ele>453.190</ele><time>2025-06-07T04:57:48.271Z</time></trkpt><trkpt lat="42.913324" lon="-8.012013"><ele>453.319</ele><time>2025-06-07T04:57:56.271Z</time></trkpt><trkpt lat="42.913335" lon="-8.012080"><ele>453.585</ele><time>2025-06-07T04:58:01.271Z</time></trkpt><trkpt lat="42.913290" lon="-8.012090"><ele>453.658</ele><time>2025-06-07T04:58:07.271Z</time></trkpt><trkpt lat="42.913248" lon="-8.012125"><ele>453.888</ele><time>2025-06-07T04:58:19.271Z</time></trkpt><trkpt lat="42.913289" lon="-8.012169"><ele>453.829</ele><time>2025-06-07T04:58:37.271Z</time></trkpt><trkpt lat="42.913271" lon="-8.012094"><ele>453.698</ele><time>2025-06-07T04:59:58.271Z</time></trkpt><trkpt lat="42.913290" lon="-8.012027"><ele>453.467</ele><time>2025-06-07T05:00:03.271Z</time></trkpt><trkpt lat="42.913333" lon="-8.012003"><ele>453.249</ele><time>2025-06-07T05:01:17.272Z</time></trkpt><trkpt lat="42.913377" lon="-8.012033"><ele>453.288</ele><time>2025-06-07T05:01:26.272Z</time></trkpt><trkpt lat="42.913413" lon="-8.011978"><ele>452.824</ele><time>2025-06-07T05:01:38.272Z</time></trkpt><trkpt lat="42.913446" lon="-8.012033"><ele>452.926</ele><time>2025-06-07T05:01:44.272Z</time></trkpt><trkpt lat="42.913392" lon="-8.012025"><ele>453.109</ele><time>2025-06-07T05:01:52.272Z</time></trkpt><trkpt lat="42.913441" lon="-8.012039"><ele>453.020</ele><time>2025-06-07T05:03:54.272Z</time></trkpt><trkpt lat="42.913463" lon="-8.012131"><ele>453.219</ele><time>2025-06-07T05:04:10.272Z</time></trkpt><trkpt lat="42.913420" lon="-8.012090"><ele>453.225</ele><time>2025-06-07T05:04:13.272Z</time></trkpt><trkpt lat="42.913465" lon="-8.012120"><ele>453.298</ele><time>2025-06-07T05:04:45.271Z</time></trkpt><trkpt lat="42.913429" lon="-8.012159"><ele>453.418</ele><time>2025-06-07T05:04:49.272Z</time></trkpt><trkpt lat="42.913391" lon="-8.012196"><ele>453.749</ele><time>2025-06-07T05:04:53.272Z</time></trkpt><trkpt lat="42.913400" lon="-8.012273"><ele>453.968</ele><time>2025-06-07T05:04:57.272Z</time></trkpt><trkpt lat="42.913408" lon="-8.012333"><ele>454.177</ele><time>2025-06-07T05:05:01.272Z</time></trkpt><trkpt lat="42.913419" lon="-8.012394"><ele>454.349</ele><time>2025-06-07T05:05:05.272Z</time></trkpt><trkpt lat="42.913425" lon="-8.012464"><ele>454.528</ele><time>2025-06-07T05:05:13.271Z</time></trkpt><trkpt lat="42.913442" lon="-8.012528"><ele>454.789</ele><time>2025-06-07T05:05:18.271Z</time></trkpt><trkpt lat="42.913443" lon="-8.012604"><ele>455.117</ele><time>2025-06-07T05:05:23.272Z</time></trkpt><trkpt lat="42.913472" lon="-8.012653"><ele>455.309</ele><time>2025-06-07T05:05:27.272Z</time></trkpt><trkpt lat="42.913507" lon="-8.012702"><ele>455.624</ele><time>2025-06-07T05:05:30.271Z</time></trkpt><trkpt lat="42.913543" lon="-8.012747"><ele>455.833</ele><time>2025-06-07T05:05:34.272Z</time></trkpt><trkpt lat="42.913579" lon="-8.012803"><ele>455.849</ele><time>2025-06-07T05:05:39.272Z</time></trkpt><trkpt lat="42.913574" lon="-8.012869"><ele>455.462</ele><time>2025-06-07T05:05:43.272Z</time></trkpt><trkpt lat="42.913576" lon="-8.012939"><ele>455.052</ele><time>2025-06-07T05:05:47.271Z</time></trkpt><trkpt lat="42.913537" lon="-8.012986"><ele>454.953</ele><time>2025-06-07T05:06:22.272Z</time></trkpt><trkpt lat="42.913583" lon="-8.012983"><ele>454.792</ele><time>2025-06-07T05:07:17.272Z</time></trkpt><trkpt lat="42.913624" lon="-8.012956"><ele>454.721</ele><time>2025-06-07T05:07:26.272Z</time></trkpt><trkpt lat="42.913576" lon="-8.012957"><ele>454.953</ele><time>2025-06-07T05:07:33.271Z</time></trkpt><trkpt lat="42.913608" lon="-8.013016"><ele>454.341</ele><time>2025-06-07T05:07:44.271Z</time></trkpt><trkpt lat="42.913635" lon="-8.013068"><ele>454.081</ele><time>2025-06-07T05:07:47.272Z</time></trkpt><trkpt lat="42.913660" lon="-8.013137"><ele>454.009</ele><time>2025-06-07T05:07:51.272Z</time></trkpt><trkpt lat="42.913691" lon="-8.013182"><ele>454.009</ele><time>2025-06-07T05:07:54.272Z</time></trkpt><trkpt lat="42.913704" lon="-8.013242"><ele>454.056</ele><time>2025-06-07T05:07:57.272Z</time></trkpt><trkpt lat="42.913726" lon="-8.013317"><ele>454.095</ele><time>2025-06-07T05:08:01.272Z</time></trkpt><trkpt lat="42.913745" lon="-8.013384"><ele>454.281</ele><time>2025-06-07T05:08:05.272Z</time></trkpt><trkpt lat="42.913763" lon="-8.013448"><ele>454.464</ele><time>2025-06-07T05:08:09.272Z</time></trkpt><trkpt lat="42.913793" lon="-8.013509"><ele>454.634</ele><time>2025-06-07T05:08:13.272Z</time></trkpt><trkpt lat="42.913813" lon="-8.013569"><ele>454.875</ele><time>2025-06-07T05:08:17.272Z</time></trkpt><trkpt lat="42.913829" lon="-8.013631"><ele>455.194</ele><time>2025-06-07T05:08:21.272Z</time></trkpt><trkpt lat="42.913847" lon="-8.013691"><ele>455.223</ele><time>2025-06-07T05:08:25.272Z</time></trkpt><trkpt lat="42.913863" lon="-8.013757"><ele>455.525</ele><time>2025-06-07T05:08:29.272Z</time></trkpt><trkpt lat="42.913877" lon="-8.013826"><ele>455.712</ele><time>2025-06-07T05:08:33.272Z</time></trkpt><trkpt lat="42.913879" lon="-8.013907"><ele>456.032</ele><time>2025-06-07T05:08:37.272Z</time></trkpt><trkpt lat="42.913880" lon="-8.013986"><ele>456.005</ele><time>2025-06-07T05:08:41.272Z</time></trkpt><trkpt lat="42.913888" lon="-8.014054"><ele>456.009</ele><time>2025-06-07T05:08:44.272Z</time></trkpt><trkpt lat="42.913894" lon="-8.014132"><ele>456.093</ele><time>2025-06-07T05:08:48.272Z</time></trkpt><trkpt lat="42.913902" lon="-8.014206"><ele>456.072</ele><time>2025-06-07T05:08:52.272Z</time></trkpt><trkpt lat="42.913910" lon="-8.014273"><ele>456.058</ele><time>2025-06-07T05:08:56.272Z</time></trkpt><trkpt lat="42.913861" lon="-8.014311"><ele>455.941</ele><time>2025-06-07T05:09:00.272Z</time></trkpt><trkpt lat="42.913820" lon="-8.014348"><ele>455.871</ele><time>2025-06-07T05:09:05.272Z</time></trkpt><trkpt lat="42.913852" lon="-8.014405"><ele>455.992</ele><time>2025-06-07T05:09:08.271Z</time></trkpt><trkpt lat="42.913890" lon="-8.014456"><ele>456.051</ele><time>2025-06-07T05:09:11.272Z</time></trkpt><trkpt lat="42.913922" lon="-8.014515"><ele>456.070</ele><time>2025-06-07T05:09:14.271Z</time></trkpt><trkpt lat="42.913950" lon="-8.014567"><ele>456.182</ele><time>2025-06-07T05:09:17.272Z</time></trkpt><trkpt lat="42.913987" lon="-8.014616"><ele>456.246</ele><time>2025-06-07T05:09:21.272Z</time></trkpt><trkpt lat="42.914031" lon="-8.014652"><ele>456.488</ele><time>2025-06-07T05:09:25.272Z</time></trkpt><trkpt lat="42.914072" lon="-8.014703"><ele>456.616</ele><time>2025-06-07T05:09:29.272Z</time></trkpt><trkpt lat="42.914084" lon="-8.014775"><ele>456.909</ele><time>2025-06-07T05:09:33.272Z</time></trkpt><trkpt lat="42.914093" lon="-8.014852"><ele>457.226</ele><time>2025-06-07T05:09:37.272Z</time></trkpt><trkpt lat="42.914127" lon="-8.014903"><ele>457.525</ele><time>2025-06-07T05:09:41.272Z</time></trkpt><trkpt lat="42.914179" lon="-8.014916"><ele>457.721</ele><time>2025-06-07T05:09:45.272Z</time></trkpt><trkpt lat="42.914224" lon="-8.014940"><ele>457.884</ele><time>2025-06-07T05:09:49.272Z</time></trkpt><trkpt lat="42.914256" lon="-8.014993"><ele>458.024</ele><time>2025-06-07T05:09:52.272Z</time></trkpt><trkpt lat="42.914299" lon="-8.015037"><ele>458.075</ele><time>2025-06-07T05:09:56.272Z</time></trkpt><trkpt lat="42.914288" lon="-8.015098"><ele>458.014</ele><time>2025-06-07T05:10:07.272Z</time></trkpt><trkpt lat="42.914344" lon="-8.015084"><ele>458.073</ele><time>2025-06-07T05:10:11.272Z</time></trkpt><trkpt lat="42.914366" lon="-8.015142"><ele>458.095</ele><time>2025-06-07T05:10:16.272Z</time></trkpt><trkpt lat="42.914374" lon="-8.015210"><ele>458.056</ele><time>2025-06-07T05:10:20.272Z</time></trkpt><trkpt lat="42.914396" lon="-8.015270"><ele>458.059</ele><time>2025-06-07T05:10:27.272Z</time></trkpt><trkpt lat="42.914381" lon="-8.015334"><ele>458.014</ele><time>2025-06-07T05:10:31.272Z</time></trkpt><trkpt lat="42.914368" lon="-8.015395"><ele>458.009</ele><time>2025-06-07T05:10:35.272Z</time></trkpt><trkpt lat="42.914358" lon="-8.015455"><ele>458.097</ele><time>2025-06-07T05:10:39.272Z</time></trkpt><trkpt lat="42.914348" lon="-8.015517"><ele>458.026</ele><time>2025-06-07T05:10:43.272Z</time></trkpt><trkpt lat="42.914317" lon="-8.015568"><ele>458.082</ele><time>2025-06-07T05:10:48.271Z</time></trkpt><trkpt lat="42.914350" lon="-8.015621"><ele>458.235</ele><time>2025-06-07T05:10:55.272Z</time></trkpt><trkpt lat="42.914303" lon="-8.015645"><ele>458.365</ele><time>2025-06-07T05:11:00.272Z</time></trkpt><trkpt lat="42.914267" lon="-8.015688"><ele>458.576</ele><time>2025-06-07T05:11:06.272Z</time></trkpt><trkpt lat="42.914259" lon="-8.015754"><ele>458.735</ele><time>2025-06-07T05:11:10.272Z</time></trkpt><trkpt lat="42.914273" lon="-8.015824"><ele>459.014</ele><time>2025-06-07T05:11:14.272Z</time></trkpt><trkpt lat="42.914269" lon="-8.015897"><ele>458.956</ele><time>2025-06-07T05:11:19.272Z</time></trkpt><trkpt lat="42.914265" lon="-8.015967"><ele>458.791</ele><time>2025-06-07T05:11:23.271Z</time></trkpt><trkpt lat="42.914257" lon="-8.016034"><ele>458.581</ele><time>2025-06-07T05:11:27.272Z</time></trkpt><trkpt lat="42.914260" lon="-8.016106"><ele>458.319</ele><time>2025-06-07T05:11:32.272Z</time></trkpt><trkpt lat="42.914252" lon="-8.016181"><ele>458.109</ele><time>2025-06-07T05:11:36.272Z</time></trkpt><trkpt lat="42.914236" lon="-8.016253"><ele>457.781</ele><time>2025-06-07T05:11:40.272Z</time></trkpt><trkpt lat="42.914226" lon="-8.016319"><ele>457.590</ele><time>2025-06-07T05:11:44.272Z</time></trkpt><trkpt lat="42.914228" lon="-8.016382"><ele>457.286</ele><time>2025-06-07T05:11:48.272Z</time></trkpt><trkpt lat="42.914250" lon="-8.016440"><ele>457.149</ele><time>2025-06-07T05:11:52.272Z</time></trkpt><trkpt lat="42.914259" lon="-8.016504"><ele>456.979</ele><time>2025-06-07T05:11:56.272Z</time></trkpt><trkpt lat="42.914266" lon="-8.016577"><ele>456.730</ele><time>2025-06-07T05:12:01.271Z</time></trkpt><trkpt lat="42.914269" lon="-8.016646"><ele>456.449</ele><time>2025-06-07T05:12:06.272Z</time></trkpt><trkpt lat="42.914259" lon="-8.016713"><ele>456.218</ele><time>2025-06-07T05:12:10.272Z</time></trkpt><trkpt lat="42.914258" lon="-8.016781"><ele>455.930</ele><time>2025-06-07T05:12:14.272Z</time></trkpt><trkpt lat="42.914255" lon="-8.016843"><ele>455.789</ele><time>2025-06-07T05:12:18.272Z</time></trkpt><trkpt lat="42.914237" lon="-8.016904"><ele>455.406</ele><time>2025-06-07T05:12:22.272Z</time></trkpt><trkpt lat="42.914220" lon="-8.016977"><ele>455.226</ele><time>2025-06-07T05:12:26.272Z</time></trkpt><trkpt lat="42.914194" lon="-8.017039"><ele>455.109</ele><time>2025-06-07T05:12:30.272Z</time></trkpt><trkpt lat="42.914173" lon="-8.017103"><ele>455.090</ele><time>2025-06-07T05:12:35.272Z</time></trkpt><trkpt lat="42.914158" lon="-8.017172"><ele>455.049</ele><time>2025-06-07T05:12:40.273Z</time></trkpt><trkpt lat="42.914135" lon="-8.017232"><ele>454.985</ele><time>2025-06-07T05:12:44.273Z</time></trkpt><trkpt lat="42.914111" lon="-8.017302"><ele>454.988</ele><time>2025-06-07T05:12:49.273Z</time></trkpt><trkpt lat="42.914099" lon="-8.017363"><ele>454.988</ele><time>2025-06-07T05:12:53.273Z</time></trkpt><trkpt lat="42.914087" lon="-8.017426"><ele>454.959</ele><time>2025-06-07T05:12:57.273Z</time></trkpt><trkpt lat="42.914082" lon="-8.017495"><ele>455.028</ele><time>2025-06-07T05:13:01.273Z</time></trkpt><trkpt lat="42.914076" lon="-8.017565"><ele>455.267</ele><time>2025-06-07T05:13:05.273Z</time></trkpt><trkpt lat="42.914054" lon="-8.017633"><ele>455.559</ele><time>2025-06-07T05:13:09.273Z</time></trkpt><trkpt lat="42.914042" lon="-8.017710"><ele>455.847</ele><time>2025-06-07T05:13:13.272Z</time></trkpt><trkpt lat="42.914026" lon="-8.017782"><ele>456.029</ele><time>2025-06-07T05:13:17.273Z</time></trkpt><trkpt lat="42.914004" lon="-8.017841"><ele>456.121</ele><time>2025-06-07T05:13:21.272Z</time></trkpt><trkpt lat="42.913996" lon="-8.017909"><ele>456.309</ele><time>2025-06-07T05:13:25.273Z</time></trkpt><trkpt lat="42.913988" lon="-8.017972"><ele>456.546</ele><time>2025-06-07T05:13:29.273Z</time></trkpt><trkpt lat="42.913974" lon="-8.018034"><ele>456.695</ele><time>2025-06-07T05:13:33.273Z</time></trkpt><trkpt lat="42.913959" lon="-8.018107"><ele>456.971</ele><time>2025-06-07T05:13:37.273Z</time></trkpt><trkpt lat="42.913960" lon="-8.018191"><ele>457.184</ele><time>2025-06-07T05:13:54.272Z</time></trkpt><trkpt lat="42.913929" lon="-8.018273"><ele>457.564</ele><time>2025-06-07T05:13:57.273Z</time></trkpt><trkpt lat="42.913892" lon="-8.018338"><ele>458.045</ele><time>2025-06-07T05:14:01.273Z</time></trkpt><trkpt lat="42.913893" lon="-8.018405"><ele>458.284</ele><time>2025-06-07T05:14:09.273Z</time></trkpt><trkpt lat="42.913884" lon="-8.018473"><ele>458.533</ele><time>2025-06-07T05:14:14.272Z</time></trkpt><trkpt lat="42.913879" lon="-8.018537"><ele>458.885</ele><time>2025-06-07T05:14:18.273Z</time></trkpt><trkpt lat="42.913900" lon="-8.018595"><ele>458.926</ele><time>2025-06-07T05:14:23.273Z</time></trkpt><trkpt lat="42.913882" lon="-8.018654"><ele>459.347</ele><time>2025-06-07T05:14:27.273Z</time></trkpt><trkpt lat="42.913868" lon="-8.018713"><ele>459.811</ele><time>2025-06-07T05:14:31.273Z</time></trkpt><trkpt lat="42.913847" lon="-8.018780"><ele>460.409</ele><time>2025-06-07T05:14:36.273Z</time></trkpt><trkpt lat="42.913833" lon="-8.018843"><ele>460.934</ele><time>2025-06-07T05:14:41.273Z</time></trkpt><trkpt lat="42.913824" lon="-8.018910"><ele>461.233</ele><time>2025-06-07T05:14:46.273Z</time></trkpt><trkpt lat="42.913782" lon="-8.018939"><ele>461.359</ele><time>2025-06-07T05:14:50.273Z</time></trkpt><trkpt lat="42.913757" lon="-8.018992"><ele>461.392</ele><time>2025-06-07T05:14:57.273Z</time></trkpt><trkpt lat="42.913732" lon="-8.019053"><ele>461.232</ele><time>2025-06-07T05:15:02.273Z</time></trkpt><trkpt lat="42.913784" lon="-8.019184"><ele>460.973</ele><time>2025-06-07T05:15:11.272Z</time></trkpt><trkpt lat="42.913766" lon="-8.019254"><ele>460.532</ele><time>2025-06-07T05:15:16.273Z</time></trkpt><trkpt lat="42.913763" lon="-8.019324"><ele>460.141</ele><time>2025-06-07T05:15:20.273Z</time></trkpt><trkpt lat="42.913736" lon="-8.019388"><ele>459.823</ele><time>2025-06-07T05:15:24.273Z</time></trkpt><trkpt lat="42.913703" lon="-8.019449"><ele>459.639</ele><time>2025-06-07T05:15:28.272Z</time></trkpt><trkpt lat="42.913672" lon="-8.019507"><ele>459.201</ele><time>2025-06-07T05:15:33.273Z</time></trkpt><trkpt lat="42.913647" lon="-8.019562"><ele>458.921</ele><time>2025-06-07T05:15:37.273Z</time></trkpt><trkpt lat="42.913628" lon="-8.019621"><ele>458.609</ele><time>2025-06-07T05:15:42.273Z</time></trkpt><trkpt lat="42.913614" lon="-8.019685"><ele>458.255</ele><time>2025-06-07T05:15:46.273Z</time></trkpt><trkpt lat="42.913578" lon="-8.019734"><ele>458.154</ele><time>2025-06-07T05:15:50.273Z</time></trkpt><trkpt lat="42.913537" lon="-8.019792"><ele>458.010</ele><time>2025-06-07T05:15:54.273Z</time></trkpt><trkpt lat="42.913496" lon="-8.019842"><ele>458.073</ele><time>2025-06-07T05:15:58.273Z</time></trkpt><trkpt lat="42.913462" lon="-8.019908"><ele>457.963</ele><time>2025-06-07T05:16:02.273Z</time></trkpt><trkpt lat="42.913420" lon="-8.019948"><ele>457.934</ele><time>2025-06-07T05:16:06.273Z</time></trkpt><trkpt lat="42.913377" lon="-8.019993"><ele>457.913</ele><time>2025-06-07T05:16:10.272Z</time></trkpt><trkpt lat="42.913339" lon="-8.020038"><ele>457.742</ele><time>2025-06-07T05:16:14.273Z</time></trkpt><trkpt lat="42.913319" lon="-8.020106"><ele>457.244</ele><time>2025-06-07T05:16:18.272Z</time></trkpt><trkpt lat="42.913304" lon="-8.020164"><ele>456.774</ele><time>2025-06-07T05:16:22.273Z</time></trkpt><trkpt lat="42.913289" lon="-8.020234"><ele>456.156</ele><time>2025-06-07T05:16:27.273Z</time></trkpt><trkpt lat="42.913283" lon="-8.020298"><ele>455.521</ele><time>2025-06-07T05:16:31.273Z</time></trkpt><trkpt lat="42.913265" lon="-8.020355"><ele>454.609</ele><time>2025-06-07T05:16:35.273Z</time></trkpt><trkpt lat="42.913230" lon="-8.020406"><ele>453.839</ele><time>2025-06-07T05:16:40.272Z</time></trkpt><trkpt lat="42.913212" lon="-8.020473"><ele>452.838</ele><time>2025-06-07T05:16:45.273Z</time></trkpt><trkpt lat="42.913184" lon="-8.020525"><ele>451.944</ele><time>2025-06-07T05:16:49.273Z</time></trkpt><trkpt lat="42.913147" lon="-8.020584"><ele>450.817</ele><time>2025-06-07T05:16:54.273Z</time></trkpt><trkpt lat="42.913122" lon="-8.020641"><ele>449.667</ele><time>2025-06-07T05:16:58.273Z</time></trkpt><trkpt lat="42.913094" lon="-8.020691"><ele>448.678</ele><time>2025-06-07T05:17:02.273Z</time></trkpt><trkpt lat="42.913067" lon="-8.020751"><ele>447.547</ele><time>2025-06-07T05:17:06.273Z</time></trkpt><trkpt lat="42.913038" lon="-8.020806"><ele>446.546</ele><time>2025-06-07T05:17:10.273Z</time></trkpt><trkpt lat="42.913009" lon="-8.020855"><ele>445.758</ele><time>2025-06-07T05:17:14.273Z</time></trkpt><trkpt lat="42.912999" lon="-8.020918"><ele>444.868</ele><time>2025-06-07T05:17:18.273Z</time></trkpt><trkpt lat="42.912973" lon="-8.020970"><ele>444.042</ele><time>2025-06-07T05:17:22.273Z</time></trkpt><trkpt lat="42.912959" lon="-8.021038"><ele>443.126</ele><time>2025-06-07T05:17:27.273Z</time></trkpt><trkpt lat="42.912937" lon="-8.021092"><ele>442.309</ele><time>2025-06-07T05:17:32.273Z</time></trkpt><trkpt lat="42.912917" lon="-8.021150"><ele>441.848</ele><time>2025-06-07T05:17:38.273Z</time></trkpt><trkpt lat="42.912890" lon="-8.021204"><ele>441.597</ele><time>2025-06-07T05:17:43.273Z</time></trkpt><trkpt lat="42.912911" lon="-8.021264"><ele>441.243</ele><time>2025-06-07T05:17:52.273Z</time></trkpt><trkpt lat="42.912859" lon="-8.021295"><ele>441.166</ele><time>2025-06-07T05:18:19.273Z</time></trkpt><trkpt lat="42.912832" lon="-8.021365"><ele>440.956</ele><time>2025-06-07T05:18:23.273Z</time></trkpt><trkpt lat="42.912814" lon="-8.021423"><ele>440.857</ele><time>2025-06-07T05:18:26.273Z</time></trkpt><trkpt lat="42.912773" lon="-8.021476"><ele>440.726</ele><time>2025-06-07T05:18:37.273Z</time></trkpt><trkpt lat="42.912734" lon="-8.021513"><ele>440.275</ele><time>2025-06-07T05:18:40.273Z</time></trkpt><trkpt lat="42.912699" lon="-8.021562"><ele>439.827</ele><time>2025-06-07T05:18:43.273Z</time></trkpt><trkpt lat="42.912674" lon="-8.021614"><ele>439.439</ele><time>2025-06-07T05:18:46.273Z</time></trkpt><trkpt lat="42.912654" lon="-8.021672"><ele>439.101</ele><time>2025-06-07T05:18:49.273Z</time></trkpt><trkpt lat="42.912638" lon="-8.021737"><ele>438.421</ele><time>2025-06-07T05:18:53.273Z</time></trkpt><trkpt lat="42.912632" lon="-8.021802"><ele>437.709</ele><time>2025-06-07T05:18:58.273Z</time></trkpt><trkpt lat="42.912626" lon="-8.021877"><ele>437.085</ele><time>2025-06-07T05:19:03.273Z</time></trkpt><trkpt lat="42.912621" lon="-8.021939"><ele>436.424</ele><time>2025-06-07T05:19:08.273Z</time></trkpt><trkpt lat="42.912590" lon="-8.022002"><ele>435.330</ele><time>2025-06-07T05:19:13.273Z</time></trkpt><trkpt lat="42.912559" lon="-8.022046"><ele>434.553</ele><time>2025-06-07T05:19:17.273Z</time></trkpt><trkpt lat="42.912539" lon="-8.022107"><ele>433.633</ele><time>2025-06-07T05:19:21.273Z</time></trkpt><trkpt lat="42.912514" lon="-8.022166"><ele>432.744</ele><time>2025-06-07T05:19:25.273Z</time></trkpt><trkpt lat="42.912473" lon="-8.022204"><ele>432.083</ele><time>2025-06-07T05:19:28.273Z</time></trkpt><trkpt lat="42.912435" lon="-8.022261"><ele>431.432</ele><time>2025-06-07T05:19:32.273Z</time></trkpt><trkpt lat="42.912426" lon="-8.022336"><ele>431.144</ele><time>2025-06-07T05:19:37.273Z</time></trkpt><trkpt lat="42.912409" lon="-8.022267"><ele>431.287</ele><time>2025-06-07T05:19:45.273Z</time></trkpt><trkpt lat="42.912444" lon="-8.022361"><ele>431.142</ele><time>2025-06-07T05:19:47.273Z</time></trkpt><trkpt lat="42.912410" lon="-8.022408"><ele>430.726</ele><time>2025-06-07T05:19:54.272Z</time></trkpt><trkpt lat="42.912372" lon="-8.022461"><ele>430.209</ele><time>2025-06-07T05:19:58.273Z</time></trkpt><trkpt lat="42.912341" lon="-8.022506"><ele>429.890</ele><time>2025-06-07T05:20:02.272Z</time></trkpt><trkpt lat="42.912312" lon="-8.022562"><ele>429.419</ele><time>2025-06-07T05:20:06.272Z</time></trkpt><trkpt lat="42.912281" lon="-8.022611"><ele>429.295</ele><time>2025-06-07T05:20:10.273Z</time></trkpt><trkpt lat="42.912240" lon="-8.022656"><ele>429.078</ele><time>2025-06-07T05:20:15.273Z</time></trkpt><trkpt lat="42.912210" lon="-8.022705"><ele>428.968</ele><time>2025-06-07T05:20:19.273Z</time></trkpt><trkpt lat="42.912179" lon="-8.022751"><ele>428.869</ele><time>2025-06-07T05:20:23.273Z</time></trkpt><trkpt lat="42.912149" lon="-8.022799"><ele>428.788</ele><time>2025-06-07T05:20:27.273Z</time></trkpt><trkpt lat="42.912115" lon="-8.022850"><ele>428.597</ele><time>2025-06-07T05:20:31.273Z</time></trkpt><trkpt lat="42.912082" lon="-8.022897"><ele>428.389</ele><time>2025-06-07T05:20:34.273Z</time></trkpt><trkpt lat="42.912051" lon="-8.022955"><ele>428.124</ele><time>2025-06-07T05:20:38.273Z</time></trkpt><trkpt lat="42.912020" lon="-8.023001"><ele>428.104</ele><time>2025-06-07T05:20:42.274Z</time></trkpt><trkpt lat="42.911982" lon="-8.023049"><ele>428.014</ele><time>2025-06-07T05:20:46.274Z</time></trkpt><trkpt lat="42.911945" lon="-8.023095"><ele>427.909</ele><time>2025-06-07T05:20:50.274Z</time></trkpt><trkpt lat="42.911913" lon="-8.023147"><ele>427.634</ele><time>2025-06-07T05:20:54.274Z</time></trkpt><trkpt lat="42.911880" lon="-8.023195"><ele>427.463</ele><time>2025-06-07T05:20:58.273Z</time></trkpt><trkpt lat="42.911846" lon="-8.023249"><ele>427.239</ele><time>2025-06-07T05:21:02.274Z</time></trkpt><trkpt lat="42.911812" lon="-8.023299"><ele>427.172</ele><time>2025-06-07T05:21:06.274Z</time></trkpt><trkpt lat="42.911778" lon="-8.023343"><ele>427.022</ele><time>2025-06-07T05:21:10.274Z</time></trkpt><trkpt lat="42.911742" lon="-8.023401"><ele>426.893</ele><time>2025-06-07T05:21:15.273Z</time></trkpt><trkpt lat="42.911711" lon="-8.023456"><ele>426.682</ele><time>2025-06-07T05:21:19.273Z</time></trkpt><trkpt lat="42.911681" lon="-8.023511"><ele>426.431</ele><time>2025-06-07T05:21:23.274Z</time></trkpt><trkpt lat="42.911644" lon="-8.023566"><ele>426.223</ele><time>2025-06-07T05:21:27.274Z</time></trkpt><trkpt lat="42.911607" lon="-8.023620"><ele>426.219</ele><time>2025-06-07T05:21:31.274Z</time></trkpt><trkpt lat="42.911570" lon="-8.023671"><ele>426.509</ele><time>2025-06-07T05:21:35.274Z</time></trkpt><trkpt lat="42.911534" lon="-8.023722"><ele>426.719</ele><time>2025-06-07T05:21:39.274Z</time></trkpt><trkpt lat="42.911498" lon="-8.023776"><ele>426.809</ele><time>2025-06-07T05:21:43.273Z</time></trkpt><trkpt lat="42.911466" lon="-8.023828"><ele>426.963</ele><time>2025-06-07T05:21:47.274Z</time></trkpt><trkpt lat="42.911436" lon="-8.023884"><ele>427.092</ele><time>2025-06-07T05:21:51.274Z</time></trkpt><trkpt lat="42.911400" lon="-8.023937"><ele>427.058</ele><time>2025-06-07T05:21:55.274Z</time></trkpt><trkpt lat="42.911371" lon="-8.023985"><ele>427.141</ele><time>2025-06-07T05:21:59.274Z</time></trkpt><trkpt lat="42.911331" lon="-8.024034"><ele>427.251</ele><time>2025-06-07T05:22:04.274Z</time></trkpt><trkpt lat="42.911294" lon="-8.024073"><ele>427.382</ele><time>2025-06-07T05:22:08.274Z</time></trkpt><trkpt lat="42.911256" lon="-8.024114"><ele>427.581</ele><time>2025-06-07T05:22:12.274Z</time></trkpt><trkpt lat="42.911219" lon="-8.024165"><ele>427.620</ele><time>2025-06-07T05:22:16.273Z</time></trkpt><trkpt lat="42.911183" lon="-8.024219"><ele>427.672</ele><time>2025-06-07T05:22:20.274Z</time></trkpt><trkpt lat="42.911156" lon="-8.024286"><ele>427.417</ele><time>2025-06-07T05:22:24.274Z</time></trkpt><trkpt lat="42.911153" lon="-8.024363"><ele>427.187</ele><time>2025-06-07T05:22:28.274Z</time></trkpt><trkpt lat="42.911147" lon="-8.024434"><ele>426.915</ele><time>2025-06-07T05:22:32.274Z</time></trkpt><trkpt lat="42.911138" lon="-8.024499"><ele>426.509</ele><time>2025-06-07T05:22:36.274Z</time></trkpt><trkpt lat="42.911144" lon="-8.024565"><ele>426.183</ele><time>2025-06-07T05:22:40.274Z</time></trkpt><trkpt lat="42.911148" lon="-8.024631"><ele>425.632</ele><time>2025-06-07T05:22:44.274Z</time></trkpt><trkpt lat="42.911156" lon="-8.024698"><ele>425.268</ele><time>2025-06-07T05:22:48.274Z</time></trkpt><trkpt lat="42.911166" lon="-8.024771"><ele>424.871</ele><time>2025-06-07T05:22:53.274Z</time></trkpt><trkpt lat="42.911177" lon="-8.024834"><ele>424.651</ele><time>2025-06-07T05:22:59.274Z</time></trkpt><trkpt lat="42.911222" lon="-8.024865"><ele>424.552</ele><time>2025-06-07T05:23:03.274Z</time></trkpt><trkpt lat="42.911255" lon="-8.024923"><ele>424.321</ele><time>2025-06-07T05:23:09.274Z</time></trkpt><trkpt lat="42.911286" lon="-8.024971"><ele>424.150</ele><time>2025-06-07T05:23:13.274Z</time></trkpt><trkpt lat="42.911308" lon="-8.025039"><ele>423.922</ele><time>2025-06-07T05:23:18.274Z</time></trkpt><trkpt lat="42.911325" lon="-8.025099"><ele>423.624</ele><time>2025-06-07T05:23:22.273Z</time></trkpt><trkpt lat="42.911314" lon="-8.025168"><ele>423.404</ele><time>2025-06-07T05:23:27.274Z</time></trkpt><trkpt lat="42.911357" lon="-8.025214"><ele>423.214</ele><time>2025-06-07T05:23:37.274Z</time></trkpt><trkpt lat="42.911377" lon="-8.025285"><ele>423.009</ele><time>2025-06-07T05:23:42.274Z</time></trkpt><trkpt lat="42.911395" lon="-8.025350"><ele>422.774</ele><time>2025-06-07T05:23:47.274Z</time></trkpt><trkpt lat="42.911417" lon="-8.025415"><ele>422.573</ele><time>2025-06-07T05:23:52.273Z</time></trkpt><trkpt lat="42.911437" lon="-8.025484"><ele>422.279</ele><time>2025-06-07T05:23:57.274Z</time></trkpt><trkpt lat="42.911465" lon="-8.025545"><ele>422.012</ele><time>2025-06-07T05:24:02.274Z</time></trkpt><trkpt lat="42.911489" lon="-8.025610"><ele>421.992</ele><time>2025-06-07T05:24:07.273Z</time></trkpt><trkpt lat="42.911519" lon="-8.025671"><ele>421.823</ele><time>2025-06-07T05:24:12.274Z</time></trkpt><trkpt lat="42.911540" lon="-8.025731"><ele>421.722</ele><time>2025-06-07T05:24:16.274Z</time></trkpt><trkpt lat="42.911557" lon="-8.025801"><ele>421.771</ele><time>2025-06-07T05:24:21.274Z</time></trkpt><trkpt lat="42.911571" lon="-8.025874"><ele>421.413</ele><time>2025-06-07T05:24:26.274Z</time></trkpt><trkpt lat="42.911587" lon="-8.025940"><ele>421.133</ele><time>2025-06-07T05:24:31.274Z</time></trkpt><trkpt lat="42.911595" lon="-8.026002"><ele>420.723</ele><time>2025-06-07T05:24:35.273Z</time></trkpt><trkpt lat="42.911616" lon="-8.026063"><ele>420.315</ele><time>2025-06-07T05:24:39.273Z</time></trkpt><trkpt lat="42.911631" lon="-8.026126"><ele>419.909</ele><time>2025-06-07T05:24:43.274Z</time></trkpt><trkpt lat="42.911641" lon="-8.026189"><ele>419.725</ele><time>2025-06-07T05:24:47.274Z</time></trkpt><trkpt lat="42.911657" lon="-8.026259"><ele>419.414</ele><time>2025-06-07T05:24:52.274Z</time></trkpt><trkpt lat="42.911670" lon="-8.026330"><ele>419.270</ele><time>2025-06-07T05:24:56.273Z</time></trkpt><trkpt lat="42.911688" lon="-8.026390"><ele>418.983</ele><time>2025-06-07T05:25:00.274Z</time></trkpt><trkpt lat="42.911712" lon="-8.026445"><ele>418.613</ele><time>2025-06-07T05:25:04.274Z</time></trkpt><trkpt lat="42.911737" lon="-8.026501"><ele>418.354</ele><time>2025-06-07T05:25:08.274Z</time></trkpt><trkpt lat="42.911756" lon="-8.026563"><ele>418.123</ele><time>2025-06-07T05:25:12.274Z</time></trkpt><trkpt lat="42.911779" lon="-8.026626"><ele>417.722</ele><time>2025-06-07T05:25:16.274Z</time></trkpt><trkpt lat="42.911795" lon="-8.026686"><ele>417.584</ele><time>2025-06-07T05:25:20.274Z</time></trkpt><trkpt lat="42.911819" lon="-8.026747"><ele>417.261</ele><time>2025-06-07T05:25:24.274Z</time></trkpt><trkpt lat="42.911837" lon="-8.026810"><ele>416.921</ele><time>2025-06-07T05:25:28.274Z</time></trkpt><trkpt lat="42.911859" lon="-8.026874"><ele>416.613</ele><time>2025-06-07T05:25:32.274Z</time></trkpt><trkpt lat="42.911887" lon="-8.026935"><ele>416.209</ele><time>2025-06-07T05:25:36.274Z</time></trkpt><trkpt lat="42.911914" lon="-8.026991"><ele>416.118</ele><time>2025-06-07T05:25:40.274Z</time></trkpt><trkpt lat="42.911938" lon="-8.027049"><ele>416.017</ele><time>2025-06-07T05:25:44.274Z</time></trkpt><trkpt lat="42.911963" lon="-8.027104"><ele>416.083</ele><time>2025-06-07T05:25:48.274Z</time></trkpt><trkpt lat="42.911984" lon="-8.027182"><ele>416.036</ele><time>2025-06-07T05:25:53.273Z</time></trkpt><trkpt lat="42.912011" lon="-8.027231"><ele>416.056</ele><time>2025-06-07T05:25:58.274Z</time></trkpt><trkpt lat="42.912025" lon="-8.027293"><ele>416.027</ele><time>2025-06-07T05:26:11.273Z</time></trkpt><trkpt lat="42.912025" lon="-8.027369"><ele>416.026</ele><time>2025-06-07T05:26:16.274Z</time></trkpt><trkpt lat="42.912024" lon="-8.027441"><ele>416.015</ele><time>2025-06-07T05:26:21.274Z</time></trkpt><trkpt lat="42.912029" lon="-8.027517"><ele>416.047</ele><time>2025-06-07T05:26:26.274Z</time></trkpt><trkpt lat="42.912023" lon="-8.027581"><ele>416.145</ele><time>2025-06-07T05:26:30.273Z</time></trkpt><trkpt lat="42.912021" lon="-8.027642"><ele>416.147</ele><time>2025-06-07T05:26:34.274Z</time></trkpt><trkpt lat="42.912025" lon="-8.027714"><ele>416.211</ele><time>2025-06-07T05:26:38.274Z</time></trkpt><trkpt lat="42.912029" lon="-8.027786"><ele>416.309</ele><time>2025-06-07T05:26:42.274Z</time></trkpt><trkpt lat="42.912031" lon="-8.027859"><ele>416.576</ele><time>2025-06-07T05:26:46.274Z</time></trkpt><trkpt lat="42.912034" lon="-8.027926"><ele>416.745</ele><time>2025-06-07T05:26:50.274Z</time></trkpt><trkpt lat="42.912040" lon="-8.027994"><ele>416.941</ele><time>2025-06-07T05:26:54.274Z</time></trkpt><trkpt lat="42.912044" lon="-8.028064"><ele>417.054</ele><time>2025-06-07T05:26:58.273Z</time></trkpt><trkpt lat="42.912049" lon="-8.028129"><ele>417.054</ele><time>2025-06-07T05:27:02.274Z</time></trkpt><trkpt lat="42.912054" lon="-8.028200"><ele>417.035</ele><time>2025-06-07T05:27:06.274Z</time></trkpt><trkpt lat="42.912068" lon="-8.028269"><ele>417.074</ele><time>2025-06-07T05:27:10.274Z</time></trkpt><trkpt lat="42.912078" lon="-8.028336"><ele>417.093</ele><time>2025-06-07T05:27:14.274Z</time></trkpt><trkpt lat="42.912090" lon="-8.028399"><ele>416.915</ele><time>2025-06-07T05:27:18.274Z</time></trkpt><trkpt lat="42.912103" lon="-8.028464"><ele>416.837</ele><time>2025-06-07T05:27:22.274Z</time></trkpt><trkpt lat="42.912112" lon="-8.028529"><ele>416.749</ele><time>2025-06-07T05:27:26.274Z</time></trkpt><trkpt lat="42.912117" lon="-8.028600"><ele>416.613</ele><time>2025-06-07T05:27:30.274Z</time></trkpt><trkpt lat="42.912119" lon="-8.028667"><ele>416.609</ele><time>2025-06-07T05:27:34.274Z</time></trkpt><trkpt lat="42.912130" lon="-8.028729"><ele>416.765</ele><time>2025-06-07T05:27:38.274Z</time></trkpt><trkpt lat="42.912144" lon="-8.028794"><ele>416.714</ele><time>2025-06-07T05:27:42.274Z</time></trkpt><trkpt lat="42.912157" lon="-8.028863"><ele>416.880</ele><time>2025-06-07T05:27:46.274Z</time></trkpt><trkpt lat="42.912170" lon="-8.028926"><ele>416.863</ele><time>2025-06-07T05:27:50.274Z</time></trkpt><trkpt lat="42.912180" lon="-8.028994"><ele>416.893</ele><time>2025-06-07T05:27:54.274Z</time></trkpt><trkpt lat="42.912189" lon="-8.029063"><ele>416.934</ele><time>2025-06-07T05:27:58.274Z</time></trkpt><trkpt lat="42.912200" lon="-8.029135"><ele>416.963</ele><time>2025-06-07T05:28:02.274Z</time></trkpt><trkpt lat="42.912206" lon="-8.029206"><ele>417.192</ele><time>2025-06-07T05:28:06.274Z</time></trkpt><trkpt lat="42.912209" lon="-8.029276"><ele>417.334</ele><time>2025-06-07T05:28:10.275Z</time></trkpt><trkpt lat="42.912214" lon="-8.029345"><ele>417.639</ele><time>2025-06-07T05:28:14.275Z</time></trkpt><trkpt lat="42.912216" lon="-8.029415"><ele>417.901</ele><time>2025-06-07T05:28:18.275Z</time></trkpt><trkpt lat="42.912217" lon="-8.029486"><ele>418.121</ele><time>2025-06-07T05:28:22.275Z</time></trkpt><trkpt lat="42.912215" lon="-8.029554"><ele>418.409</ele><time>2025-06-07T05:28:26.275Z</time></trkpt><trkpt lat="42.912217" lon="-8.029621"><ele>418.655</ele><time>2025-06-07T05:28:30.275Z</time></trkpt><trkpt lat="42.912214" lon="-8.029692"><ele>418.944</ele><time>2025-06-07T05:28:34.275Z</time></trkpt><trkpt lat="42.912209" lon="-8.029764"><ele>419.140</ele><time>2025-06-07T05:28:38.275Z</time></trkpt><trkpt lat="42.912210" lon="-8.029836"><ele>419.413</ele><time>2025-06-07T05:28:42.275Z</time></trkpt><trkpt lat="42.912216" lon="-8.029908"><ele>419.653</ele><time>2025-06-07T05:28:46.275Z</time></trkpt><trkpt lat="42.912213" lon="-8.029979"><ele>419.944</ele><time>2025-06-07T05:28:50.275Z</time></trkpt><trkpt lat="42.912213" lon="-8.030053"><ele>419.853</ele><time>2025-06-07T05:28:54.275Z</time></trkpt><trkpt lat="42.912215" lon="-8.030126"><ele>419.552</ele><time>2025-06-07T05:28:58.275Z</time></trkpt><trkpt lat="42.912217" lon="-8.030197"><ele>419.374</ele><time>2025-06-07T05:29:02.275Z</time></trkpt><trkpt lat="42.912218" lon="-8.030275"><ele>419.023</ele><time>2025-06-07T05:29:06.275Z</time></trkpt><trkpt lat="42.912220" lon="-8.030345"><ele>419.083</ele><time>2025-06-07T05:29:10.275Z</time></trkpt><trkpt lat="42.912221" lon="-8.030411"><ele>419.011</ele><time>2025-06-07T05:29:14.275Z</time></trkpt><trkpt lat="42.912222" lon="-8.030484"><ele>419.009</ele><time>2025-06-07T05:29:18.275Z</time></trkpt><trkpt lat="42.912225" lon="-8.030552"><ele>419.034</ele><time>2025-06-07T05:29:22.274Z</time></trkpt><trkpt lat="42.912221" lon="-8.030622"><ele>418.863</ele><time>2025-06-07T05:29:26.275Z</time></trkpt><trkpt lat="42.912216" lon="-8.030689"><ele>418.589</ele><time>2025-06-07T05:29:30.274Z</time></trkpt><trkpt lat="42.912215" lon="-8.030759"><ele>418.272</ele><time>2025-06-07T05:29:34.275Z</time></trkpt><trkpt lat="42.912207" lon="-8.030828"><ele>418.022</ele><time>2025-06-07T05:29:38.275Z</time></trkpt><trkpt lat="42.912201" lon="-8.030897"><ele>417.753</ele><time>2025-06-07T05:29:42.274Z</time></trkpt><trkpt lat="42.912193" lon="-8.030964"><ele>417.452</ele><time>2025-06-07T05:29:46.275Z</time></trkpt><trkpt lat="42.912183" lon="-8.031032"><ele>417.121</ele><time>2025-06-07T05:29:50.275Z</time></trkpt><trkpt lat="42.912170" lon="-8.031099"><ele>416.983</ele><time>2025-06-07T05:29:54.275Z</time></trkpt><trkpt lat="42.912155" lon="-8.031164"><ele>416.633</ele><time>2025-06-07T05:29:58.275Z</time></trkpt><trkpt lat="42.912145" lon="-8.031232"><ele>416.323</ele><time>2025-06-07T05:30:02.275Z</time></trkpt><trkpt lat="42.912136" lon="-8.031299"><ele>416.015</ele><time>2025-06-07T05:30:06.275Z</time></trkpt><trkpt lat="42.912123" lon="-8.031366"><ele>415.709</ele><time>2025-06-07T05:30:10.275Z</time></trkpt><trkpt lat="42.912109" lon="-8.031431"><ele>415.545</ele><time>2025-06-07T05:30:14.275Z</time></trkpt><trkpt lat="42.912096" lon="-8.031497"><ele>415.434</ele><time>2025-06-07T05:30:18.275Z</time></trkpt><trkpt lat="42.912082" lon="-8.031563"><ele>415.270</ele><time>2025-06-07T05:30:22.275Z</time></trkpt><trkpt lat="42.912072" lon="-8.031636"><ele>415.033</ele><time>2025-06-07T05:30:26.275Z</time></trkpt><trkpt lat="42.912057" lon="-8.031702"><ele>414.973</ele><time>2025-06-07T05:30:30.275Z</time></trkpt><trkpt lat="42.912052" lon="-8.031771"><ele>415.074</ele><time>2025-06-07T05:30:34.274Z</time></trkpt><trkpt lat="42.912056" lon="-8.031843"><ele>415.253</ele><time>2025-06-07T05:30:38.275Z</time></trkpt><trkpt lat="42.912056" lon="-8.031912"><ele>415.372</ele><time>2025-06-07T05:30:42.275Z</time></trkpt><trkpt lat="42.912065" lon="-8.031979"><ele>415.754</ele><time>2025-06-07T05:30:46.274Z</time></trkpt><trkpt lat="42.912069" lon="-8.032046"><ele>416.241</ele><time>2025-06-07T05:30:50.275Z</time></trkpt><trkpt lat="42.912075" lon="-8.032113"><ele>416.781</ele><time>2025-06-07T05:30:54.275Z</time></trkpt><trkpt lat="42.912076" lon="-8.032183"><ele>417.209</ele><time>2025-06-07T05:30:58.275Z</time></trkpt><trkpt lat="42.912078" lon="-8.032260"><ele>417.709</ele><time>2025-06-07T05:31:03.275Z</time></trkpt><trkpt lat="42.912075" lon="-8.032324"><ele>418.076</ele><time>2025-06-07T05:31:07.275Z</time></trkpt><trkpt lat="42.912056" lon="-8.032393"><ele>418.445</ele><time>2025-06-07T05:31:11.274Z</time></trkpt><trkpt lat="42.912047" lon="-8.032465"><ele>418.881</ele><time>2025-06-07T05:31:16.275Z</time></trkpt><trkpt lat="42.912036" lon="-8.032528"><ele>419.274</ele><time>2025-06-07T05:31:20.275Z</time></trkpt><trkpt lat="42.912022" lon="-8.032587"><ele>419.614</ele><time>2025-06-07T05:31:24.274Z</time></trkpt><trkpt lat="42.912013" lon="-8.032661"><ele>420.275</ele><time>2025-06-07T05:31:29.274Z</time></trkpt><trkpt lat="42.911976" lon="-8.032724"><ele>420.614</ele><time>2025-06-07T05:31:33.275Z</time></trkpt><trkpt lat="42.911958" lon="-8.032795"><ele>421.113</ele><time>2025-06-07T05:31:37.275Z</time></trkpt><trkpt lat="42.911978" lon="-8.032866"><ele>421.485</ele><time>2025-06-07T05:31:41.275Z</time></trkpt><trkpt lat="42.911971" lon="-8.032930"><ele>421.688</ele><time>2025-06-07T05:31:44.274Z</time></trkpt><trkpt lat="42.911992" lon="-8.032987"><ele>421.924</ele><time>2025-06-07T05:31:47.275Z</time></trkpt><trkpt lat="42.911995" lon="-8.033055"><ele>422.226</ele><time>2025-06-07T05:31:51.275Z</time></trkpt><trkpt lat="42.911988" lon="-8.033122"><ele>422.409</ele><time>2025-06-07T05:31:55.275Z</time></trkpt><trkpt lat="42.911988" lon="-8.033184"><ele>422.710</ele><time>2025-06-07T05:31:59.275Z</time></trkpt><trkpt lat="42.911985" lon="-8.033248"><ele>422.959</ele><time>2025-06-07T05:32:03.275Z</time></trkpt><trkpt lat="42.911969" lon="-8.033308"><ele>423.115</ele><time>2025-06-07T05:32:14.275Z</time></trkpt><trkpt lat="42.911987" lon="-8.033381"><ele>423.428</ele><time>2025-06-07T05:32:19.275Z</time></trkpt><trkpt lat="42.911988" lon="-8.033451"><ele>423.418</ele><time>2025-06-07T05:32:23.275Z</time></trkpt><trkpt lat="42.911986" lon="-8.033517"><ele>423.549</ele><time>2025-06-07T05:32:27.275Z</time></trkpt><trkpt lat="42.911998" lon="-8.033579"><ele>423.728</ele><time>2025-06-07T05:32:31.275Z</time></trkpt><trkpt lat="42.911995" lon="-8.033650"><ele>423.777</ele><time>2025-06-07T05:32:36.274Z</time></trkpt><trkpt lat="42.911998" lon="-8.033714"><ele>423.899</ele><time>2025-06-07T05:32:40.274Z</time></trkpt><trkpt lat="42.912017" lon="-8.033776"><ele>424.025</ele><time>2025-06-07T05:32:45.275Z</time></trkpt><trkpt lat="42.912038" lon="-8.033838"><ele>424.326</ele><time>2025-06-07T05:32:50.275Z</time></trkpt><trkpt lat="42.912068" lon="-8.033894"><ele>424.808</ele><time>2025-06-07T05:32:55.275Z</time></trkpt><trkpt lat="42.912087" lon="-8.033966"><ele>424.909</ele><time>2025-06-07T05:33:00.275Z</time></trkpt><trkpt lat="42.912101" lon="-8.034030"><ele>425.014</ele><time>2025-06-07T05:33:04.275Z</time></trkpt><trkpt lat="42.912096" lon="-8.034101"><ele>424.843</ele><time>2025-06-07T05:33:09.275Z</time></trkpt><trkpt lat="42.912104" lon="-8.034172"><ele>424.719</ele><time>2025-06-07T05:33:14.275Z</time></trkpt><trkpt lat="42.912127" lon="-8.034227"><ele>424.822</ele><time>2025-06-07T05:33:44.275Z</time></trkpt><trkpt lat="42.912143" lon="-8.034300"><ele>424.732</ele><time>2025-06-07T05:33:49.275Z</time></trkpt><trkpt lat="42.912157" lon="-8.034371"><ele>424.663</ele><time>2025-06-07T05:33:54.274Z</time></trkpt><trkpt lat="42.912169" lon="-8.034440"><ele>424.462</ele><time>2025-06-07T05:33:59.275Z</time></trkpt><trkpt lat="42.912185" lon="-8.034500"><ele>424.361</ele><time>2025-06-07T05:34:03.276Z</time></trkpt><trkpt lat="42.912203" lon="-8.034569"><ele>424.053</ele><time>2025-06-07T05:34:08.276Z</time></trkpt><trkpt lat="42.912213" lon="-8.034632"><ele>423.645</ele><time>2025-06-07T05:34:13.275Z</time></trkpt><trkpt lat="42.912220" lon="-8.034698"><ele>423.247</ele><time>2025-06-07T05:34:18.275Z</time></trkpt><trkpt lat="42.912212" lon="-8.034766"><ele>423.011</ele><time>2025-06-07T05:34:23.275Z</time></trkpt><trkpt lat="42.912226" lon="-8.034831"><ele>423.009</ele><time>2025-06-07T05:34:27.276Z</time></trkpt><trkpt lat="42.912237" lon="-8.034898"><ele>423.126</ele><time>2025-06-07T05:34:31.276Z</time></trkpt><trkpt lat="42.912260" lon="-8.034958"><ele>423.395</ele><time>2025-06-07T05:34:35.276Z</time></trkpt><trkpt lat="42.912288" lon="-8.035026"><ele>423.521</ele><time>2025-06-07T05:34:40.275Z</time></trkpt><trkpt lat="42.912307" lon="-8.035084"><ele>423.654</ele><time>2025-06-07T05:34:44.276Z</time></trkpt><trkpt lat="42.912326" lon="-8.035157"><ele>423.754</ele><time>2025-06-07T05:34:49.276Z</time></trkpt><trkpt lat="42.912350" lon="-8.035212"><ele>423.945</ele><time>2025-06-07T05:34:53.276Z</time></trkpt><trkpt lat="42.912369" lon="-8.035269"><ele>424.184</ele><time>2025-06-07T05:34:57.276Z</time></trkpt><trkpt lat="42.912398" lon="-8.035329"><ele>424.543</ele><time>2025-06-07T05:35:02.276Z</time></trkpt><trkpt lat="42.912395" lon="-8.035397"><ele>424.865</ele><time>2025-06-07T05:35:06.276Z</time></trkpt><trkpt lat="42.912411" lon="-8.035459"><ele>425.219</ele><time>2025-06-07T05:35:11.276Z</time></trkpt><trkpt lat="42.912422" lon="-8.035528"><ele>425.609</ele><time>2025-06-07T05:35:14.276Z</time></trkpt><trkpt lat="42.912460" lon="-8.035576"><ele>425.919</ele><time>2025-06-07T05:35:18.276Z</time></trkpt><trkpt lat="42.912483" lon="-8.035631"><ele>426.209</ele><time>2025-06-07T05:35:22.276Z</time></trkpt><trkpt lat="42.912497" lon="-8.035700"><ele>426.523</ele><time>2025-06-07T05:35:26.276Z</time></trkpt><trkpt lat="42.912516" lon="-8.035769"><ele>426.922</ele><time>2025-06-07T05:35:32.276Z</time></trkpt><trkpt lat="42.912528" lon="-8.035839"><ele>427.298</ele><time>2025-06-07T05:35:37.276Z</time></trkpt><trkpt lat="42.912544" lon="-8.035901"><ele>427.251</ele><time>2025-06-07T05:35:40.276Z</time></trkpt><trkpt lat="42.912556" lon="-8.035977"><ele>427.261</ele><time>2025-06-07T05:35:44.276Z</time></trkpt><trkpt lat="42.912568" lon="-8.036047"><ele>427.182</ele><time>2025-06-07T05:35:48.276Z</time></trkpt><trkpt lat="42.912571" lon="-8.036116"><ele>427.041</ele><time>2025-06-07T05:35:52.276Z</time></trkpt><trkpt lat="42.912569" lon="-8.036185"><ele>426.510</ele><time>2025-06-07T05:35:56.276Z</time></trkpt><trkpt lat="42.912565" lon="-8.036256"><ele>426.142</ele><time>2025-06-07T05:36:00.276Z</time></trkpt><trkpt lat="42.912557" lon="-8.036321"><ele>425.619</ele><time>2025-06-07T05:36:04.276Z</time></trkpt><trkpt lat="42.912551" lon="-8.036389"><ele>425.209</ele><time>2025-06-07T05:36:08.275Z</time></trkpt><trkpt lat="42.912548" lon="-8.036458"><ele>424.919</ele><time>2025-06-07T05:36:12.276Z</time></trkpt><trkpt lat="42.912546" lon="-8.036526"><ele>424.609</ele><time>2025-06-07T05:36:16.276Z</time></trkpt><trkpt lat="42.912546" lon="-8.036595"><ele>424.393</ele><time>2025-06-07T05:36:20.276Z</time></trkpt><trkpt lat="42.912554" lon="-8.036663"><ele>424.052</ele><time>2025-06-07T05:36:24.275Z</time></trkpt><trkpt lat="42.912560" lon="-8.036727"><ele>423.888</ele><time>2025-06-07T05:36:28.276Z</time></trkpt><trkpt lat="42.912567" lon="-8.036796"><ele>423.691</ele><time>2025-06-07T05:36:32.276Z</time></trkpt><trkpt lat="42.912578" lon="-8.036858"><ele>423.531</ele><time>2025-06-07T05:36:36.276Z</time></trkpt><trkpt lat="42.912593" lon="-8.036916"><ele>423.462</ele><time>2025-06-07T05:36:40.276Z</time></trkpt><trkpt lat="42.912606" lon="-8.036982"><ele>423.341</ele><time>2025-06-07T05:36:44.275Z</time></trkpt><trkpt lat="42.912624" lon="-8.037045"><ele>423.230</ele><time>2025-06-07T05:36:48.276Z</time></trkpt><trkpt lat="42.912641" lon="-8.037111"><ele>423.272</ele><time>2025-06-07T05:36:52.276Z</time></trkpt><trkpt lat="42.912661" lon="-8.037175"><ele>423.224</ele><time>2025-06-07T05:36:56.276Z</time></trkpt><trkpt lat="42.912681" lon="-8.037240"><ele>423.404</ele><time>2025-06-07T05:37:00.276Z</time></trkpt><trkpt lat="42.912705" lon="-8.037296"><ele>423.714</ele><time>2025-06-07T05:37:04.276Z</time></trkpt><trkpt lat="42.912721" lon="-8.037356"><ele>424.109</ele><time>2025-06-07T05:37:08.276Z</time></trkpt><trkpt lat="42.912735" lon="-8.037416"><ele>424.474</ele><time>2025-06-07T05:37:12.276Z</time></trkpt><trkpt lat="42.912756" lon="-8.037479"><ele>424.813</ele><time>2025-06-07T05:37:16.276Z</time></trkpt><trkpt lat="42.912784" lon="-8.037535"><ele>425.379</ele><time>2025-06-07T05:37:20.276Z</time></trkpt><trkpt lat="42.912799" lon="-8.037595"><ele>425.872</ele><time>2025-06-07T05:37:24.276Z</time></trkpt><trkpt lat="42.912804" lon="-8.037661"><ele>426.392</ele><time>2025-06-07T05:37:28.276Z</time></trkpt><trkpt lat="42.912852" lon="-8.037665"><ele>426.583</ele><time>2025-06-07T05:37:33.276Z</time></trkpt><trkpt lat="42.912901" lon="-8.037702"><ele>426.912</ele><time>2025-06-07T05:37:38.276Z</time></trkpt><trkpt lat="42.912931" lon="-8.037748"><ele>427.391</ele><time>2025-06-07T05:37:42.276Z</time></trkpt><trkpt lat="42.912958" lon="-8.037807"><ele>428.043</ele><time>2025-06-07T05:37:46.276Z</time></trkpt><trkpt lat="42.912979" lon="-8.037878"><ele>429.022</ele><time>2025-06-07T05:37:51.276Z</time></trkpt><trkpt lat="42.912994" lon="-8.037948"><ele>430.062</ele><time>2025-06-07T05:37:56.276Z</time></trkpt><trkpt lat="42.913015" lon="-8.038003"><ele>430.908</ele><time>2025-06-07T05:38:00.275Z</time></trkpt><trkpt lat="42.913038" lon="-8.038058"><ele>431.809</ele><time>2025-06-07T05:38:04.276Z</time></trkpt><trkpt lat="42.913065" lon="-8.038112"><ele>432.614</ele><time>2025-06-07T05:38:08.276Z</time></trkpt><trkpt lat="42.913092" lon="-8.038166"><ele>433.093</ele><time>2025-06-07T05:38:12.276Z</time></trkpt><trkpt lat="42.913117" lon="-8.038221"><ele>433.459</ele><time>2025-06-07T05:38:16.276Z</time></trkpt><trkpt lat="42.913141" lon="-8.038287"><ele>433.972</ele><time>2025-06-07T05:38:21.276Z</time></trkpt><trkpt lat="42.913154" lon="-8.038347"><ele>434.492</ele><time>2025-06-07T05:38:25.276Z</time></trkpt><trkpt lat="42.913178" lon="-8.038417"><ele>434.663</ele><time>2025-06-07T05:38:29.276Z</time></trkpt><trkpt lat="42.913191" lon="-8.038496"><ele>434.992</ele><time>2025-06-07T05:38:33.276Z</time></trkpt><trkpt lat="42.913197" lon="-8.038571"><ele>435.391</ele><time>2025-06-07T05:38:37.275Z</time></trkpt><trkpt lat="42.913213" lon="-8.038640"><ele>435.343</ele><time>2025-06-07T05:38:41.276Z</time></trkpt><trkpt lat="42.913241" lon="-8.038704"><ele>435.142</ele><time>2025-06-07T05:38:45.276Z</time></trkpt><trkpt lat="42.913270" lon="-8.038771"><ele>434.822</ele><time>2025-06-07T05:38:49.276Z</time></trkpt><trkpt lat="42.913301" lon="-8.038824"><ele>434.414</ele><time>2025-06-07T05:38:53.276Z</time></trkpt><trkpt lat="42.913343" lon="-8.038871"><ele>434.009</ele><time>2025-06-07T05:38:57.276Z</time></trkpt><trkpt lat="42.913377" lon="-8.038924"><ele>433.626</ele><time>2025-06-07T05:39:01.276Z</time></trkpt><trkpt lat="42.913401" lon="-8.038979"><ele>433.315</ele><time>2025-06-07T05:39:05.276Z</time></trkpt><trkpt lat="42.913429" lon="-8.039043"><ele>432.951</ele><time>2025-06-07T05:39:09.276Z</time></trkpt><trkpt lat="42.913462" lon="-8.039097"><ele>432.744</ele><time>2025-06-07T05:39:13.277Z</time></trkpt><trkpt lat="42.913503" lon="-8.039145"><ele>432.774</ele><time>2025-06-07T05:39:17.277Z</time></trkpt><trkpt lat="42.913533" lon="-8.039201"><ele>432.755</ele><time>2025-06-07T05:39:21.277Z</time></trkpt><trkpt lat="42.913562" lon="-8.039265"><ele>432.834</ele><time>2025-06-07T05:39:25.277Z</time></trkpt><trkpt lat="42.913595" lon="-8.039314"><ele>432.963</ele><time>2025-06-07T05:39:29.276Z</time></trkpt><trkpt lat="42.913633" lon="-8.039356"><ele>433.295</ele><time>2025-06-07T05:39:33.277Z</time></trkpt><trkpt lat="42.913675" lon="-8.039389"><ele>433.762</ele><time>2025-06-07T05:39:37.277Z</time></trkpt><trkpt lat="42.913712" lon="-8.039424"><ele>434.183</ele><time>2025-06-07T05:39:41.277Z</time></trkpt><trkpt lat="42.913756" lon="-8.039456"><ele>434.511</ele><time>2025-06-07T05:39:45.277Z</time></trkpt><trkpt lat="42.913802" lon="-8.039477"><ele>434.909</ele><time>2025-06-07T05:39:49.277Z</time></trkpt><trkpt lat="42.913850" lon="-8.039515"><ele>435.388</ele><time>2025-06-07T05:39:54.277Z</time></trkpt><trkpt lat="42.913893" lon="-8.039563"><ele>435.677</ele><time>2025-06-07T05:39:59.277Z</time></trkpt><trkpt lat="42.913937" lon="-8.039610"><ele>435.583</ele><time>2025-06-07T05:40:04.277Z</time></trkpt><trkpt lat="42.913975" lon="-8.039656"><ele>435.566</ele><time>2025-06-07T05:40:08.276Z</time></trkpt><trkpt lat="42.914011" lon="-8.039712"><ele>435.566</ele><time>2025-06-07T05:40:12.277Z</time></trkpt><trkpt lat="42.914051" lon="-8.039754"><ele>435.327</ele><time>2025-06-07T05:40:16.277Z</time></trkpt><trkpt lat="42.914091" lon="-8.039799"><ele>435.216</ele><time>2025-06-07T05:40:20.277Z</time></trkpt><trkpt lat="42.914135" lon="-8.039839"><ele>435.325</ele><time>2025-06-07T05:40:25.277Z</time></trkpt><trkpt lat="42.914172" lon="-8.039891"><ele>435.357</ele><time>2025-06-07T05:40:29.276Z</time></trkpt><trkpt lat="42.914209" lon="-8.039936"><ele>434.627</ele><time>2025-06-07T05:40:33.277Z</time></trkpt><trkpt lat="42.914259" lon="-8.039928"><ele>433.968</ele><time>2025-06-07T05:40:37.277Z</time></trkpt><trkpt lat="42.914305" lon="-8.039943"><ele>433.014</ele><time>2025-06-07T05:40:42.277Z</time></trkpt><trkpt lat="42.914337" lon="-8.040007"><ele>431.909</ele><time>2025-06-07T05:40:47.277Z</time></trkpt><trkpt lat="42.914373" lon="-8.040052"><ele>430.844</ele><time>2025-06-07T05:40:51.277Z</time></trkpt><trkpt lat="42.914394" lon="-8.040115"><ele>429.983</ele><time>2025-06-07T05:40:55.277Z</time></trkpt><trkpt lat="42.914418" lon="-8.040170"><ele>429.169</ele><time>2025-06-07T05:40:59.277Z</time></trkpt><trkpt lat="42.914458" lon="-8.040139"><ele>428.972</ele><time>2025-06-07T05:41:04.276Z</time></trkpt><trkpt lat="42.914409" lon="-8.040112"><ele>429.722</ele><time>2025-06-07T05:41:08.276Z</time></trkpt><trkpt lat="42.914436" lon="-8.040165"><ele>428.913</ele><time>2025-06-07T05:41:40.277Z</time></trkpt><trkpt lat="42.914480" lon="-8.040215"><ele>428.112</ele><time>2025-06-07T05:41:43.277Z</time></trkpt><trkpt lat="42.914510" lon="-8.040279"><ele>427.351</ele><time>2025-06-07T05:41:47.277Z</time></trkpt><trkpt lat="42.914553" lon="-8.040317"><ele>426.593</ele><time>2025-06-07T05:41:51.277Z</time></trkpt><trkpt lat="42.914594" lon="-8.040368"><ele>425.637</ele><time>2025-06-07T05:42:06.277Z</time></trkpt><trkpt lat="42.914635" lon="-8.040408"><ele>424.949</ele><time>2025-06-07T05:42:08.277Z</time></trkpt><trkpt lat="42.914680" lon="-8.040472"><ele>424.013</ele><time>2025-06-07T05:42:12.277Z</time></trkpt><trkpt lat="42.914712" lon="-8.040517"><ele>423.409</ele><time>2025-06-07T05:42:14.277Z</time></trkpt><trkpt lat="42.914755" lon="-8.040566"><ele>422.815</ele><time>2025-06-07T05:42:17.277Z</time></trkpt><trkpt lat="42.914800" lon="-8.040609"><ele>422.444</ele><time>2025-06-07T05:42:20.277Z</time></trkpt><trkpt lat="42.914842" lon="-8.040655"><ele>422.070</ele><time>2025-06-07T05:42:23.277Z</time></trkpt><trkpt lat="42.914887" lon="-8.040709"><ele>421.653</ele><time>2025-06-07T05:42:26.277Z</time></trkpt><trkpt lat="42.914932" lon="-8.040734"><ele>421.473</ele><time>2025-06-07T05:42:30.277Z</time></trkpt><trkpt lat="42.914960" lon="-8.040782"><ele>421.214</ele><time>2025-06-07T05:42:34.277Z</time></trkpt><trkpt lat="42.915005" lon="-8.040825"><ele>421.023</ele><time>2025-06-07T05:42:39.277Z</time></trkpt><trkpt lat="42.915028" lon="-8.040884"><ele>421.032</ele><time>2025-06-07T05:42:43.276Z</time></trkpt><trkpt lat="42.915064" lon="-8.040938"><ele>421.194</ele><time>2025-06-07T05:42:47.277Z</time></trkpt><trkpt lat="42.915103" lon="-8.040992"><ele>421.298</ele><time>2025-06-07T05:42:52.277Z</time></trkpt><trkpt lat="42.915136" lon="-8.041047"><ele>421.415</ele><time>2025-06-07T05:42:57.277Z</time></trkpt><trkpt lat="42.915175" lon="-8.041088"><ele>421.626</ele><time>2025-06-07T05:43:01.277Z</time></trkpt><trkpt lat="42.915205" lon="-8.041143"><ele>421.709</ele><time>2025-06-07T05:43:06.277Z</time></trkpt><trkpt lat="42.915226" lon="-8.041201"><ele>421.681</ele><time>2025-06-07T05:43:10.277Z</time></trkpt><trkpt lat="42.915253" lon="-8.041254"><ele>421.550</ele><time>2025-06-07T05:43:14.277Z</time></trkpt><trkpt lat="42.915291" lon="-8.041308"><ele>421.296</ele><time>2025-06-07T05:43:19.277Z</time></trkpt><trkpt lat="42.915333" lon="-8.041360"><ele>420.799</ele><time>2025-06-07T05:43:23.277Z</time></trkpt><trkpt lat="42.915361" lon="-8.041433"><ele>420.629</ele><time>2025-06-07T05:43:27.277Z</time></trkpt><trkpt lat="42.915369" lon="-8.041509"><ele>420.830</ele><time>2025-06-07T05:43:31.277Z</time></trkpt><trkpt lat="42.915352" lon="-8.041585"><ele>421.279</ele><time>2025-06-07T05:43:35.277Z</time></trkpt><trkpt lat="42.915332" lon="-8.041653"><ele>421.658</ele><time>2025-06-07T05:43:39.277Z</time></trkpt><trkpt lat="42.915296" lon="-8.041706"><ele>422.080</ele><time>2025-06-07T05:43:44.277Z</time></trkpt><trkpt lat="42.915332" lon="-8.041745"><ele>421.967</ele><time>2025-06-07T05:44:13.277Z</time></trkpt><trkpt lat="42.915358" lon="-8.041812"><ele>422.181</ele><time>2025-06-07T05:44:25.277Z</time></trkpt><trkpt lat="42.915379" lon="-8.041869"><ele>422.319</ele><time>2025-06-07T05:44:28.277Z</time></trkpt><trkpt lat="42.915419" lon="-8.041920"><ele>422.409</ele><time>2025-06-07T05:44:32.277Z</time></trkpt><trkpt lat="42.915449" lon="-8.041979"><ele>422.668</ele><time>2025-06-07T05:44:37.277Z</time></trkpt><trkpt lat="42.915492" lon="-8.042005"><ele>422.757</ele><time>2025-06-07T05:44:42.278Z</time></trkpt><trkpt lat="42.915533" lon="-8.042050"><ele>422.813</ele><time>2025-06-07T05:44:47.278Z</time></trkpt><trkpt lat="42.915574" lon="-8.042101"><ele>423.186</ele><time>2025-06-07T05:44:52.278Z</time></trkpt><trkpt lat="42.915609" lon="-8.042149"><ele>423.556</ele><time>2025-06-07T05:44:56.278Z</time></trkpt><trkpt lat="42.915654" lon="-8.042202"><ele>423.977</ele><time>2025-06-07T05:45:00.278Z</time></trkpt><trkpt lat="42.915703" lon="-8.042227"><ele>424.016</ele><time>2025-06-07T05:45:05.277Z</time></trkpt><trkpt lat="42.915754" lon="-8.042248"><ele>424.145</ele><time>2025-06-07T05:45:10.277Z</time></trkpt><trkpt lat="42.915807" lon="-8.042260"><ele>424.177</ele><time>2025-06-07T05:45:15.277Z</time></trkpt><trkpt lat="42.915855" lon="-8.042262"><ele>424.477</ele><time>2025-06-07T05:45:20.278Z</time></trkpt><trkpt lat="42.915904" lon="-8.042284"><ele>425.061</ele><time>2025-06-07T05:45:25.278Z</time></trkpt><trkpt lat="42.915947" lon="-8.042318"><ele>425.627</ele><time>2025-06-07T05:45:29.278Z</time></trkpt><trkpt lat="42.915995" lon="-8.042351"><ele>426.209</ele><time>2025-06-07T05:45:34.278Z</time></trkpt><trkpt lat="42.916041" lon="-8.042394"><ele>426.939</ele><time>2025-06-07T05:45:39.278Z</time></trkpt><trkpt lat="42.916085" lon="-8.042421"><ele>427.478</ele><time>2025-06-07T05:45:44.278Z</time></trkpt><trkpt lat="42.916130" lon="-8.042440"><ele>427.974</ele><time>2025-06-07T05:45:48.278Z</time></trkpt><trkpt lat="42.916178" lon="-8.042472"><ele>428.497</ele><time>2025-06-07T05:45:52.278Z</time></trkpt><trkpt lat="42.916225" lon="-8.042510"><ele>428.847</ele><time>2025-06-07T05:45:56.277Z</time></trkpt><trkpt lat="42.916270" lon="-8.042551"><ele>429.238</ele><time>2025-06-07T05:46:00.278Z</time></trkpt><trkpt lat="42.916311" lon="-8.042613"><ele>429.667</ele><time>2025-06-07T05:46:04.278Z</time></trkpt><trkpt lat="42.916323" lon="-8.042684"><ele>429.766</ele><time>2025-06-07T05:46:08.278Z</time></trkpt><trkpt lat="42.916309" lon="-8.042762"><ele>429.738</ele><time>2025-06-07T05:46:12.278Z</time></trkpt><trkpt lat="42.916297" lon="-8.042831"><ele>430.169</ele><time>2025-06-07T05:46:16.278Z</time></trkpt><trkpt lat="42.916280" lon="-8.042890"><ele>430.404</ele><time>2025-06-07T05:46:20.278Z</time></trkpt><trkpt lat="42.916261" lon="-8.042955"><ele>430.824</ele><time>2025-06-07T05:46:24.278Z</time></trkpt><trkpt lat="42.916249" lon="-8.043023"><ele>431.309</ele><time>2025-06-07T05:46:28.278Z</time></trkpt><trkpt lat="42.916257" lon="-8.043097"><ele>431.938</ele><time>2025-06-07T05:46:33.278Z</time></trkpt><trkpt lat="42.916270" lon="-8.043156"><ele>432.547</ele><time>2025-06-07T05:46:37.278Z</time></trkpt><trkpt lat="42.916286" lon="-8.043219"><ele>433.063</ele><time>2025-06-07T05:46:41.277Z</time></trkpt><trkpt lat="42.916296" lon="-8.043290"><ele>433.666</ele><time>2025-06-07T05:46:45.277Z</time></trkpt><trkpt lat="42.916304" lon="-8.043354"><ele>434.256</ele><time>2025-06-07T05:46:49.278Z</time></trkpt><trkpt lat="42.916313" lon="-8.043419"><ele>434.947</ele><time>2025-06-07T05:46:53.278Z</time></trkpt><trkpt lat="42.916314" lon="-8.043486"><ele>435.626</ele><time>2025-06-07T05:46:57.278Z</time></trkpt><trkpt lat="42.916315" lon="-8.043557"><ele>436.475</ele><time>2025-06-07T05:47:02.278Z</time></trkpt><trkpt lat="42.916297" lon="-8.043624"><ele>437.267</ele><time>2025-06-07T05:47:06.278Z</time></trkpt><trkpt lat="42.916296" lon="-8.043696"><ele>438.543</ele><time>2025-06-07T05:47:10.278Z</time></trkpt><trkpt lat="42.916281" lon="-8.043757"><ele>439.664</ele><time>2025-06-07T05:47:14.278Z</time></trkpt><trkpt lat="42.916273" lon="-8.043825"><ele>440.910</ele><time>2025-06-07T05:47:19.278Z</time></trkpt><trkpt lat="42.916269" lon="-8.043887"><ele>442.009</ele><time>2025-06-07T05:47:23.278Z</time></trkpt><trkpt lat="42.916276" lon="-8.043951"><ele>442.916</ele><time>2025-06-07T05:47:27.278Z</time></trkpt><trkpt lat="42.916288" lon="-8.044015"><ele>443.845</ele><time>2025-06-07T05:47:31.278Z</time></trkpt><trkpt lat="42.916303" lon="-8.044086"><ele>444.831</ele><time>2025-06-07T05:47:36.277Z</time></trkpt><trkpt lat="42.916322" lon="-8.044143"><ele>445.724</ele><time>2025-06-07T05:47:40.278Z</time></trkpt><trkpt lat="42.916341" lon="-8.044204"><ele>446.344</ele><time>2025-06-07T05:47:45.278Z</time></trkpt><trkpt lat="42.916327" lon="-8.044281"><ele>446.845</ele><time>2025-06-07T05:47:50.278Z</time></trkpt><trkpt lat="42.916283" lon="-8.044296"><ele>446.974</ele><time>2025-06-07T05:47:54.278Z</time></trkpt><trkpt lat="42.916307" lon="-8.044357"><ele>447.463</ele><time>2025-06-07T05:47:58.278Z</time></trkpt><trkpt lat="42.916337" lon="-8.044419"><ele>447.815</ele><time>2025-06-07T05:48:02.277Z</time></trkpt><trkpt lat="42.916353" lon="-8.044482"><ele>448.482</ele><time>2025-06-07T05:48:06.278Z</time></trkpt><trkpt lat="42.916367" lon="-8.044553"><ele>449.143</ele><time>2025-06-07T05:48:11.278Z</time></trkpt><trkpt lat="42.916362" lon="-8.044628"><ele>449.917</ele><time>2025-06-07T05:48:16.278Z</time></trkpt><trkpt lat="42.916358" lon="-8.044690"><ele>450.509</ele><time>2025-06-07T05:48:21.278Z</time></trkpt><trkpt lat="42.916345" lon="-8.044750"><ele>450.610</ele><time>2025-06-07T05:48:26.278Z</time></trkpt><trkpt lat="42.916314" lon="-8.044804"><ele>450.469</ele><time>2025-06-07T05:48:31.278Z</time></trkpt><trkpt lat="42.916286" lon="-8.044860"><ele>450.385</ele><time>2025-06-07T05:48:36.278Z</time></trkpt><trkpt lat="42.916276" lon="-8.044921"><ele>450.378</ele><time>2025-06-07T05:48:41.277Z</time></trkpt><trkpt lat="42.916281" lon="-8.044992"><ele>450.448</ele><time>2025-06-07T05:48:45.278Z</time></trkpt><trkpt lat="42.916267" lon="-8.045061"><ele>450.469</ele><time>2025-06-07T05:48:50.278Z</time></trkpt><trkpt lat="42.916253" lon="-8.045125"><ele>450.598</ele><time>2025-06-07T05:48:55.278Z</time></trkpt><trkpt lat="42.916215" lon="-8.045081"><ele>450.717</ele><time>2025-06-07T05:48:58.278Z</time></trkpt><trkpt lat="42.916192" lon="-8.045148"><ele>450.989</ele><time>2025-06-07T05:49:02.278Z</time></trkpt><trkpt lat="42.916190" lon="-8.045219"><ele>451.184</ele><time>2025-06-07T05:49:06.278Z</time></trkpt><trkpt lat="42.916175" lon="-8.045278"><ele>451.307</ele><time>2025-06-07T05:49:10.278Z</time></trkpt><trkpt lat="42.916173" lon="-8.045347"><ele>450.817</ele><time>2025-06-07T05:49:14.278Z</time></trkpt><trkpt lat="42.916175" lon="-8.045420"><ele>450.309</ele><time>2025-06-07T05:49:18.278Z</time></trkpt><trkpt lat="42.916182" lon="-8.045491"><ele>449.760</ele><time>2025-06-07T05:49:22.278Z</time></trkpt><trkpt lat="42.916186" lon="-8.045561"><ele>449.269</ele><time>2025-06-07T05:49:26.278Z</time></trkpt><trkpt lat="42.916183" lon="-8.045633"><ele>448.935</ele><time>2025-06-07T05:49:31.278Z</time></trkpt><trkpt lat="42.916159" lon="-8.045702"><ele>448.918</ele><time>2025-06-07T05:49:36.278Z</time></trkpt><trkpt lat="42.916133" lon="-8.045757"><ele>449.038</ele><time>2025-06-07T05:49:40.278Z</time></trkpt><trkpt lat="42.916115" lon="-8.045817"><ele>449.099</ele><time>2025-06-07T05:49:44.278Z</time></trkpt><trkpt lat="42.916101" lon="-8.045885"><ele>449.058</ele><time>2025-06-07T05:49:48.278Z</time></trkpt><trkpt lat="42.916084" lon="-8.045950"><ele>449.057</ele><time>2025-06-07T05:49:52.278Z</time></trkpt><trkpt lat="42.916069" lon="-8.046008"><ele>449.129</ele><time>2025-06-07T05:49:56.279Z</time></trkpt><trkpt lat="42.916042" lon="-8.046076"><ele>449.333</ele><time>2025-06-07T05:50:01.279Z</time></trkpt><trkpt lat="42.916028" lon="-8.046142"><ele>449.523</ele><time>2025-06-07T05:50:05.278Z</time></trkpt><trkpt lat="42.915998" lon="-8.046193"><ele>449.915</ele><time>2025-06-07T05:50:09.279Z</time></trkpt><trkpt lat="42.915972" lon="-8.046250"><ele>450.309</ele><time>2025-06-07T05:50:13.279Z</time></trkpt><trkpt lat="42.915951" lon="-8.046315"><ele>450.575</ele><time>2025-06-07T05:50:17.279Z</time></trkpt><trkpt lat="42.915945" lon="-8.046379"><ele>450.444</ele><time>2025-06-07T05:50:21.279Z</time></trkpt><trkpt lat="42.915952" lon="-8.046444"><ele>450.190</ele><time>2025-06-07T05:50:25.279Z</time></trkpt><trkpt lat="42.915979" lon="-8.046510"><ele>449.523</ele><time>2025-06-07T05:50:29.279Z</time></trkpt><trkpt lat="42.916001" lon="-8.046572"><ele>449.143</ele><time>2025-06-07T05:50:33.279Z</time></trkpt><trkpt lat="42.916027" lon="-8.046624"><ele>448.744</ele><time>2025-06-07T05:50:37.279Z</time></trkpt><trkpt lat="42.916062" lon="-8.046677"><ele>448.313</ele><time>2025-06-07T05:50:42.279Z</time></trkpt><trkpt lat="42.916097" lon="-8.046729"><ele>448.182</ele><time>2025-06-07T05:50:47.279Z</time></trkpt><trkpt lat="42.916130" lon="-8.046788"><ele>447.994</ele><time>2025-06-07T05:50:52.279Z</time></trkpt><trkpt lat="42.916157" lon="-8.046845"><ele>447.973</ele><time>2025-06-07T05:50:56.279Z</time></trkpt><trkpt lat="42.916191" lon="-8.046890"><ele>447.985</ele><time>2025-06-07T05:51:00.279Z</time></trkpt><trkpt lat="42.916223" lon="-8.046935"><ele>448.013</ele><time>2025-06-07T05:51:04.279Z</time></trkpt><trkpt lat="42.916258" lon="-8.046978"><ele>448.109</ele><time>2025-06-07T05:51:08.279Z</time></trkpt><trkpt lat="42.916294" lon="-8.047019"><ele>448.339</ele><time>2025-06-07T05:51:12.279Z</time></trkpt><trkpt lat="42.916311" lon="-8.047091"><ele>448.528</ele><time>2025-06-07T05:51:17.279Z</time></trkpt><trkpt lat="42.916266" lon="-8.047056"><ele>448.414</ele><time>2025-06-07T05:51:20.279Z</time></trkpt><trkpt lat="42.916354" lon="-8.047087"><ele>448.557</ele><time>2025-06-07T05:51:28.279Z</time></trkpt><trkpt lat="42.916383" lon="-8.047142"><ele>448.777</ele><time>2025-06-07T05:51:32.279Z</time></trkpt><trkpt lat="42.916419" lon="-8.047180"><ele>448.818</ele><time>2025-06-07T05:51:36.279Z</time></trkpt><trkpt lat="42.916457" lon="-8.047221"><ele>448.847</ele><time>2025-06-07T05:51:40.279Z</time></trkpt><trkpt lat="42.916486" lon="-8.047275"><ele>448.736</ele><time>2025-06-07T05:51:43.278Z</time></trkpt><trkpt lat="42.916509" lon="-8.047341"><ele>448.818</ele><time>2025-06-07T05:51:47.279Z</time></trkpt><trkpt lat="42.916529" lon="-8.047403"><ele>448.869</ele><time>2025-06-07T05:51:51.279Z</time></trkpt><trkpt lat="42.916557" lon="-8.047464"><ele>448.904</ele><time>2025-06-07T05:51:55.279Z</time></trkpt><trkpt lat="42.916586" lon="-8.047520"><ele>449.124</ele><time>2025-06-07T05:51:59.279Z</time></trkpt><trkpt lat="42.916612" lon="-8.047573"><ele>449.509</ele><time>2025-06-07T05:52:03.279Z</time></trkpt><trkpt lat="42.916636" lon="-8.047629"><ele>449.978</ele><time>2025-06-07T05:52:07.279Z</time></trkpt><trkpt lat="42.916661" lon="-8.047684"><ele>450.387</ele><time>2025-06-07T05:52:11.279Z</time></trkpt><trkpt lat="42.916687" lon="-8.047744"><ele>450.853</ele><time>2025-06-07T05:52:15.278Z</time></trkpt><trkpt lat="42.916707" lon="-8.047806"><ele>451.216</ele><time>2025-06-07T05:52:19.279Z</time></trkpt><trkpt lat="42.916715" lon="-8.047875"><ele>451.776</ele><time>2025-06-07T05:52:23.279Z</time></trkpt><trkpt lat="42.916727" lon="-8.047934"><ele>452.167</ele><time>2025-06-07T05:52:27.279Z</time></trkpt><trkpt lat="42.916743" lon="-8.047995"><ele>452.626</ele><time>2025-06-07T05:52:31.279Z</time></trkpt><trkpt lat="42.916756" lon="-8.048062"><ele>453.045</ele><time>2025-06-07T05:52:35.279Z</time></trkpt><trkpt lat="42.916766" lon="-8.048125"><ele>453.327</ele><time>2025-06-07T05:52:39.279Z</time></trkpt><trkpt lat="42.916764" lon="-8.048195"><ele>453.532</ele><time>2025-06-07T05:52:43.279Z</time></trkpt><trkpt lat="42.916762" lon="-8.048266"><ele>453.892</ele><time>2025-06-07T05:52:47.279Z</time></trkpt><trkpt lat="42.916756" lon="-8.048337"><ele>454.011</ele><time>2025-06-07T05:52:51.279Z</time></trkpt><trkpt lat="42.916737" lon="-8.048406"><ele>454.009</ele><time>2025-06-07T05:52:55.279Z</time></trkpt><trkpt lat="42.916718" lon="-8.048467"><ele>454.095</ele><time>2025-06-07T05:52:59.278Z</time></trkpt><trkpt lat="42.916695" lon="-8.048525"><ele>454.054</ele><time>2025-06-07T05:53:03.279Z</time></trkpt><trkpt lat="42.916673" lon="-8.048582"><ele>454.030</ele><time>2025-06-07T05:53:07.279Z</time></trkpt><trkpt lat="42.916650" lon="-8.048650"><ele>453.713</ele><time>2025-06-07T05:53:11.278Z</time></trkpt><trkpt lat="42.916626" lon="-8.048711"><ele>453.443</ele><time>2025-06-07T05:53:15.279Z</time></trkpt><trkpt lat="42.916601" lon="-8.048775"><ele>453.134</ele><time>2025-06-07T05:53:19.279Z</time></trkpt><trkpt lat="42.916594" lon="-8.048838"><ele>452.923</ele><time>2025-06-07T05:53:23.278Z</time></trkpt><trkpt lat="42.916599" lon="-8.048902"><ele>452.852</ele><time>2025-06-07T05:53:27.279Z</time></trkpt><trkpt lat="42.916648" lon="-8.048935"><ele>452.964</ele><time>2025-06-07T05:53:31.279Z</time></trkpt><trkpt lat="42.916697" lon="-8.048969"><ele>453.172</ele><time>2025-06-07T05:53:35.279Z</time></trkpt><trkpt lat="42.916748" lon="-8.048991"><ele>453.213</ele><time>2025-06-07T05:53:39.279Z</time></trkpt><trkpt lat="42.916796" lon="-8.049025"><ele>453.214</ele><time>2025-06-07T05:53:43.279Z</time></trkpt><trkpt lat="42.916839" lon="-8.049065"><ele>453.209</ele><time>2025-06-07T05:53:47.278Z</time></trkpt><trkpt lat="42.916874" lon="-8.049111"><ele>453.239</ele><time>2025-06-07T05:53:51.279Z</time></trkpt><trkpt lat="42.916915" lon="-8.049150"><ele>453.148</ele><time>2025-06-07T05:53:55.279Z</time></trkpt><trkpt lat="42.916961" lon="-8.049158"><ele>453.264</ele><time>2025-06-07T05:54:17.279Z</time></trkpt><trkpt lat="42.917007" lon="-8.049202"><ele>453.377</ele><time>2025-06-07T05:54:21.279Z</time></trkpt><trkpt lat="42.917043" lon="-8.049266"><ele>453.487</ele><time>2025-06-07T05:54:25.279Z</time></trkpt><trkpt lat="42.917078" lon="-8.049326"><ele>453.448</ele><time>2025-06-07T05:54:29.279Z</time></trkpt><trkpt lat="42.917115" lon="-8.049374"><ele>453.557</ele><time>2025-06-07T05:54:33.279Z</time></trkpt><trkpt lat="42.917159" lon="-8.049424"><ele>453.636</ele><time>2025-06-07T05:54:37.279Z</time></trkpt><trkpt lat="42.917198" lon="-8.049483"><ele>453.868</ele><time>2025-06-07T05:54:41.279Z</time></trkpt><trkpt lat="42.917234" lon="-8.049538"><ele>454.144</ele><time>2025-06-07T05:54:45.279Z</time></trkpt><trkpt lat="42.917266" lon="-8.049587"><ele>454.205</ele><time>2025-06-07T05:54:49.279Z</time></trkpt><trkpt lat="42.917292" lon="-8.049646"><ele>454.415</ele><time>2025-06-07T05:54:53.279Z</time></trkpt><trkpt lat="42.917319" lon="-8.049707"><ele>454.709</ele><time>2025-06-07T05:54:57.279Z</time></trkpt><trkpt lat="42.917348" lon="-8.049763"><ele>455.086</ele><time>2025-06-07T05:55:01.279Z</time></trkpt><trkpt lat="42.917378" lon="-8.049817"><ele>455.385</ele><time>2025-06-07T05:55:05.280Z</time></trkpt><trkpt lat="42.917398" lon="-8.049875"><ele>455.591</ele><time>2025-06-07T05:55:09.280Z</time></trkpt><trkpt lat="42.917413" lon="-8.049941"><ele>455.684</ele><time>2025-06-07T05:55:13.280Z</time></trkpt><trkpt lat="42.917423" lon="-8.050010"><ele>455.834</ele><time>2025-06-07T05:55:17.280Z</time></trkpt><trkpt lat="42.917430" lon="-8.050091"><ele>456.215</ele><time>2025-06-07T05:55:21.280Z</time></trkpt><trkpt lat="42.917434" lon="-8.050155"><ele>456.574</ele><time>2025-06-07T05:55:24.280Z</time></trkpt><trkpt lat="42.917445" lon="-8.050216"><ele>456.733</ele><time>2025-06-07T05:55:27.280Z</time></trkpt><trkpt lat="42.917461" lon="-8.050289"><ele>457.175</ele><time>2025-06-07T05:55:31.280Z</time></trkpt><trkpt lat="42.917471" lon="-8.050365"><ele>457.656</ele><time>2025-06-07T05:55:35.280Z</time></trkpt><trkpt lat="42.917478" lon="-8.050437"><ele>458.159</ele><time>2025-06-07T05:55:39.280Z</time></trkpt><trkpt lat="42.917490" lon="-8.050512"><ele>458.714</ele><time>2025-06-07T05:55:43.279Z</time></trkpt><trkpt lat="42.917501" lon="-8.050577"><ele>459.109</ele><time>2025-06-07T05:55:47.280Z</time></trkpt><trkpt lat="42.917510" lon="-8.050641"><ele>459.687</ele><time>2025-06-07T05:55:51.280Z</time></trkpt><trkpt lat="42.917518" lon="-8.050710"><ele>460.056</ele><time>2025-06-07T05:55:55.280Z</time></trkpt><trkpt lat="42.917520" lon="-8.050784"><ele>460.682</ele><time>2025-06-07T05:55:59.280Z</time></trkpt><trkpt lat="42.917519" lon="-8.050856"><ele>461.065</ele><time>2025-06-07T05:56:03.280Z</time></trkpt><trkpt lat="42.917526" lon="-8.050921"><ele>461.355</ele><time>2025-06-07T05:56:07.280Z</time></trkpt><trkpt lat="42.917530" lon="-8.050986"><ele>461.686</ele><time>2025-06-07T05:56:11.280Z</time></trkpt><trkpt lat="42.917552" lon="-8.051054"><ele>461.925</ele><time>2025-06-07T05:56:16.280Z</time></trkpt><trkpt lat="42.917563" lon="-8.051117"><ele>462.294</ele><time>2025-06-07T05:56:21.280Z</time></trkpt><trkpt lat="42.917577" lon="-8.051181"><ele>462.536</ele><time>2025-06-07T05:56:25.280Z</time></trkpt><trkpt lat="42.917588" lon="-8.051254"><ele>462.848</ele><time>2025-06-07T05:56:30.280Z</time></trkpt><trkpt lat="42.917595" lon="-8.051328"><ele>463.161</ele><time>2025-06-07T05:56:34.280Z</time></trkpt><trkpt lat="42.917602" lon="-8.051390"><ele>463.417</ele><time>2025-06-07T05:56:38.280Z</time></trkpt><trkpt lat="42.917603" lon="-8.051459"><ele>463.509</ele><time>2025-06-07T05:56:42.280Z</time></trkpt><trkpt lat="42.917597" lon="-8.051530"><ele>463.596</ele><time>2025-06-07T05:56:46.280Z</time></trkpt><trkpt lat="42.917597" lon="-8.051605"><ele>463.615</ele><time>2025-06-07T05:56:50.280Z</time></trkpt><trkpt lat="42.917608" lon="-8.051671"><ele>463.881</ele><time>2025-06-07T05:56:54.280Z</time></trkpt><trkpt lat="42.917582" lon="-8.051734"><ele>463.564</ele><time>2025-06-07T05:56:59.280Z</time></trkpt><trkpt lat="42.917534" lon="-8.051757"><ele>463.284</ele><time>2025-06-07T05:57:03.280Z</time></trkpt><trkpt lat="42.917482" lon="-8.051776"><ele>463.075</ele><time>2025-06-07T05:57:07.280Z</time></trkpt><trkpt lat="42.917434" lon="-8.051799"><ele>462.944</ele><time>2025-06-07T05:57:11.280Z</time></trkpt><trkpt lat="42.917385" lon="-8.051827"><ele>462.883</ele><time>2025-06-07T05:57:15.279Z</time></trkpt><trkpt lat="42.917338" lon="-8.051854"><ele>462.845</ele><time>2025-06-07T05:57:19.280Z</time></trkpt><trkpt lat="42.917288" lon="-8.051870"><ele>462.832</ele><time>2025-06-07T05:57:23.279Z</time></trkpt><trkpt lat="42.917240" lon="-8.051895"><ele>462.892</ele><time>2025-06-07T05:57:27.280Z</time></trkpt><trkpt lat="42.917196" lon="-8.051921"><ele>462.911</ele><time>2025-06-07T05:57:31.280Z</time></trkpt><trkpt lat="42.917151" lon="-8.051960"><ele>463.009</ele><time>2025-06-07T05:57:35.280Z</time></trkpt><trkpt lat="42.917104" lon="-8.051990"><ele>463.135</ele><time>2025-06-07T05:57:39.280Z</time></trkpt><trkpt lat="42.917060" lon="-8.052014"><ele>463.154</ele><time>2025-06-07T05:57:43.280Z</time></trkpt><trkpt lat="42.917021" lon="-8.052049"><ele>463.160</ele><time>2025-06-07T05:57:47.280Z</time></trkpt><trkpt lat="42.916981" lon="-8.052094"><ele>463.193</ele><time>2025-06-07T05:57:52.279Z</time></trkpt><trkpt lat="42.916935" lon="-8.052135"><ele>463.023</ele><time>2025-06-07T05:57:57.280Z</time></trkpt><trkpt lat="42.916898" lon="-8.052177"><ele>462.824</ele><time>2025-06-07T05:58:01.280Z</time></trkpt><trkpt lat="42.916868" lon="-8.052227"><ele>462.773</ele><time>2025-06-07T05:58:05.280Z</time></trkpt><trkpt lat="42.916823" lon="-8.052262"><ele>462.572</ele><time>2025-06-07T05:58:09.280Z</time></trkpt><trkpt lat="42.916806" lon="-8.052319"><ele>462.354</ele><time>2025-06-07T05:58:13.280Z</time></trkpt><trkpt lat="42.916797" lon="-8.052388"><ele>462.295</ele><time>2025-06-07T05:58:17.279Z</time></trkpt><trkpt lat="42.916788" lon="-8.052457"><ele>462.049</ele><time>2025-06-07T05:58:21.280Z</time></trkpt><trkpt lat="42.916785" lon="-8.052522"><ele>461.923</ele><time>2025-06-07T05:58:25.280Z</time></trkpt><trkpt lat="42.916777" lon="-8.052597"><ele>462.109</ele><time>2025-06-07T05:58:30.280Z</time></trkpt><trkpt lat="42.916775" lon="-8.052660"><ele>462.461</ele><time>2025-06-07T05:58:34.279Z</time></trkpt><trkpt lat="42.916768" lon="-8.052727"><ele>462.550</ele><time>2025-06-07T05:58:38.280Z</time></trkpt><trkpt lat="42.916754" lon="-8.052788"><ele>462.726</ele><time>2025-06-07T05:58:42.280Z</time></trkpt><trkpt lat="42.916746" lon="-8.052850"><ele>462.979</ele><time>2025-06-07T05:58:46.280Z</time></trkpt><trkpt lat="42.916736" lon="-8.052910"><ele>463.179</ele><time>2025-06-07T05:58:50.280Z</time></trkpt><trkpt lat="42.916703" lon="-8.052970"><ele>463.050</ele><time>2025-06-07T05:58:55.279Z</time></trkpt><trkpt lat="42.916682" lon="-8.053028"><ele>463.169</ele><time>2025-06-07T05:59:06.280Z</time></trkpt><trkpt lat="42.916682" lon="-8.053092"><ele>463.478</ele><time>2025-06-07T05:59:21.279Z</time></trkpt><trkpt lat="42.916663" lon="-8.053159"><ele>463.710</ele><time>2025-06-07T05:59:27.280Z</time></trkpt><trkpt lat="42.916666" lon="-8.053225"><ele>464.299</ele><time>2025-06-07T05:59:32.280Z</time></trkpt><trkpt lat="42.916712" lon="-8.053203"><ele>464.607</ele><time>2025-06-07T06:00:52.281Z</time></trkpt><trkpt lat="42.916662" lon="-8.053210"><ele>464.027</ele><time>2025-06-07T06:05:32.281Z</time></trkpt><trkpt lat="42.916624" lon="-8.053250"><ele>463.809</ele><time>2025-06-07T06:05:41.281Z</time></trkpt><trkpt lat="42.916593" lon="-8.053308"><ele>463.881</ele><time>2025-06-07T06:05:47.281Z</time></trkpt><trkpt lat="42.916558" lon="-8.053364"><ele>463.770</ele><time>2025-06-07T06:05:52.280Z</time></trkpt><trkpt lat="42.916533" lon="-8.053424"><ele>463.726</ele><time>2025-06-07T06:05:57.281Z</time></trkpt><trkpt lat="42.916507" lon="-8.053478"><ele>463.729</ele><time>2025-06-07T06:06:01.280Z</time></trkpt><trkpt lat="42.916479" lon="-8.053537"><ele>463.849</ele><time>2025-06-07T06:06:06.281Z</time></trkpt><trkpt lat="42.916443" lon="-8.053590"><ele>463.630</ele><time>2025-06-07T06:06:11.281Z</time></trkpt><trkpt lat="42.916420" lon="-8.053644"><ele>463.879</ele><time>2025-06-07T06:06:15.281Z</time></trkpt><trkpt lat="42.916395" lon="-8.053699"><ele>464.038</ele><time>2025-06-07T06:06:19.281Z</time></trkpt><trkpt lat="42.916371" lon="-8.053767"><ele>464.590</ele><time>2025-06-07T06:06:24.281Z</time></trkpt><trkpt lat="42.916350" lon="-8.053822"><ele>464.947</ele><time>2025-06-07T06:06:28.280Z</time></trkpt><trkpt lat="42.916329" lon="-8.053879"><ele>465.329</ele><time>2025-06-07T06:06:32.281Z</time></trkpt><trkpt lat="42.916310" lon="-8.053943"><ele>465.421</ele><time>2025-06-07T06:06:36.281Z</time></trkpt><trkpt lat="42.916285" lon="-8.053995"><ele>465.409</ele><time>2025-06-07T06:06:40.281Z</time></trkpt><trkpt lat="42.916257" lon="-8.054061"><ele>465.596</ele><time>2025-06-07T06:06:45.280Z</time></trkpt><trkpt lat="42.916238" lon="-8.054117"><ele>465.665</ele><time>2025-06-07T06:06:49.281Z</time></trkpt><trkpt lat="42.916211" lon="-8.054185"><ele>465.911</ele><time>2025-06-07T06:06:54.282Z</time></trkpt><trkpt lat="42.916186" lon="-8.054243"><ele>466.294</ele><time>2025-06-07T06:06:58.282Z</time></trkpt><trkpt lat="42.916158" lon="-8.054305"><ele>466.714</ele><time>2025-06-07T06:07:02.282Z</time></trkpt><trkpt lat="42.916129" lon="-8.054370"><ele>467.215</ele><time>2025-06-07T06:07:06.281Z</time></trkpt><trkpt lat="42.916104" lon="-8.054435"><ele>467.854</ele><time>2025-06-07T06:07:10.282Z</time></trkpt><trkpt lat="42.916090" lon="-8.054502"><ele>467.943</ele><time>2025-06-07T06:07:14.282Z</time></trkpt><trkpt lat="42.916071" lon="-8.054572"><ele>467.965</ele><time>2025-06-07T06:07:18.282Z</time></trkpt><trkpt lat="42.916045" lon="-8.054628"><ele>468.092</ele><time>2025-06-07T06:07:22.282Z</time></trkpt><trkpt lat="42.916017" lon="-8.054677"><ele>468.273</ele><time>2025-06-07T06:07:25.282Z</time></trkpt><trkpt lat="42.915993" lon="-8.054748"><ele>468.320</ele><time>2025-06-07T06:07:29.282Z</time></trkpt><trkpt lat="42.915961" lon="-8.054812"><ele>468.209</ele><time>2025-06-07T06:07:33.282Z</time></trkpt><trkpt lat="42.915939" lon="-8.054867"><ele>468.011</ele><time>2025-06-07T06:07:37.282Z</time></trkpt><trkpt lat="42.915916" lon="-8.054924"><ele>467.730</ele><time>2025-06-07T06:07:41.282Z</time></trkpt><trkpt lat="42.915884" lon="-8.054984"><ele>467.326</ele><time>2025-06-07T06:07:45.282Z</time></trkpt><trkpt lat="42.915867" lon="-8.055046"><ele>466.829</ele><time>2025-06-07T06:07:49.282Z</time></trkpt><trkpt lat="42.915845" lon="-8.055111"><ele>466.369</ele><time>2025-06-07T06:07:53.282Z</time></trkpt><trkpt lat="42.915822" lon="-8.055174"><ele>465.740</ele><time>2025-06-07T06:07:57.282Z</time></trkpt><trkpt lat="42.915802" lon="-8.055238"><ele>465.139</ele><time>2025-06-07T06:08:01.282Z</time></trkpt><trkpt lat="42.915779" lon="-8.055300"><ele>464.428</ele><time>2025-06-07T06:08:05.281Z</time></trkpt><trkpt lat="42.915764" lon="-8.055365"><ele>463.580</ele><time>2025-06-07T06:08:09.282Z</time></trkpt><trkpt lat="42.915750" lon="-8.055437"><ele>462.556</ele><time>2025-06-07T06:08:13.282Z</time></trkpt><trkpt lat="42.915733" lon="-8.055505"><ele>461.559</ele><time>2025-06-07T06:08:17.282Z</time></trkpt><trkpt lat="42.915721" lon="-8.055571"><ele>460.814</ele><time>2025-06-07T06:08:21.282Z</time></trkpt><trkpt lat="42.915707" lon="-8.055635"><ele>460.509</ele><time>2025-06-07T06:08:25.282Z</time></trkpt><trkpt lat="42.915689" lon="-8.055704"><ele>460.287</ele><time>2025-06-07T06:08:29.281Z</time></trkpt><trkpt lat="42.915677" lon="-8.055767"><ele>460.096</ele><time>2025-06-07T06:08:33.282Z</time></trkpt><trkpt lat="42.915662" lon="-8.055833"><ele>459.872</ele><time>2025-06-07T06:08:37.282Z</time></trkpt><trkpt lat="42.915649" lon="-8.055901"><ele>459.855</ele><time>2025-06-07T06:08:41.282Z</time></trkpt><trkpt lat="42.915639" lon="-8.055968"><ele>459.965</ele><time>2025-06-07T06:08:45.282Z</time></trkpt><trkpt lat="42.915629" lon="-8.056035"><ele>460.186</ele><time>2025-06-07T06:08:49.282Z</time></trkpt><trkpt lat="42.915621" lon="-8.056105"><ele>460.255</ele><time>2025-06-07T06:08:53.282Z</time></trkpt><trkpt lat="42.915619" lon="-8.056178"><ele>460.234</ele><time>2025-06-07T06:08:57.282Z</time></trkpt><trkpt lat="42.915618" lon="-8.056246"><ele>460.266</ele><time>2025-06-07T06:09:01.282Z</time></trkpt><trkpt lat="42.915618" lon="-8.056316"><ele>460.264</ele><time>2025-06-07T06:09:05.282Z</time></trkpt><trkpt lat="42.915612" lon="-8.056385"><ele>460.206</ele><time>2025-06-07T06:09:09.281Z</time></trkpt><trkpt lat="42.915607" lon="-8.056455"><ele>459.916</ele><time>2025-06-07T06:09:13.282Z</time></trkpt><trkpt lat="42.915592" lon="-8.056521"><ele>459.709</ele><time>2025-06-07T06:09:17.282Z</time></trkpt><trkpt lat="42.915570" lon="-8.056589"><ele>459.348</ele><time>2025-06-07T06:09:21.282Z</time></trkpt><trkpt lat="42.915553" lon="-8.056658"><ele>459.017</ele><time>2025-06-07T06:09:25.282Z</time></trkpt><trkpt lat="42.915533" lon="-8.056727"><ele>458.743</ele><time>2025-06-07T06:09:29.282Z</time></trkpt><trkpt lat="42.915520" lon="-8.056796"><ele>458.416</ele><time>2025-06-07T06:09:33.281Z</time></trkpt><trkpt lat="42.915504" lon="-8.056864"><ele>458.126</ele><time>2025-06-07T06:09:37.282Z</time></trkpt><trkpt lat="42.915492" lon="-8.056935"><ele>457.897</ele><time>2025-06-07T06:09:41.281Z</time></trkpt><trkpt lat="42.915476" lon="-8.057003"><ele>457.566</ele><time>2025-06-07T06:09:45.282Z</time></trkpt><trkpt lat="42.915461" lon="-8.057070"><ele>457.225</ele><time>2025-06-07T06:09:49.281Z</time></trkpt><trkpt lat="42.915448" lon="-8.057138"><ele>457.047</ele><time>2025-06-07T06:09:53.282Z</time></trkpt><trkpt lat="42.915433" lon="-8.057209"><ele>456.948</ele><time>2025-06-07T06:09:57.282Z</time></trkpt><trkpt lat="42.915419" lon="-8.057279"><ele>456.961</ele><time>2025-06-07T06:10:01.282Z</time></trkpt><trkpt lat="42.915410" lon="-8.057349"><ele>456.817</ele><time>2025-06-07T06:10:05.282Z</time></trkpt><trkpt lat="42.915401" lon="-8.057421"><ele>456.709</ele><time>2025-06-07T06:10:09.282Z</time></trkpt><trkpt lat="42.915394" lon="-8.057495"><ele>456.666</ele><time>2025-06-07T06:10:13.282Z</time></trkpt><trkpt lat="42.915390" lon="-8.057566"><ele>456.785</ele><time>2025-06-07T06:10:17.282Z</time></trkpt><trkpt lat="42.915392" lon="-8.057633"><ele>456.931</ele><time>2025-06-07T06:10:21.281Z</time></trkpt><trkpt lat="42.915389" lon="-8.057699"><ele>457.094</ele><time>2025-06-07T06:10:25.281Z</time></trkpt><trkpt lat="42.915392" lon="-8.057767"><ele>457.254</ele><time>2025-06-07T06:10:33.282Z</time></trkpt><trkpt lat="42.915394" lon="-8.057837"><ele>457.635</ele><time>2025-06-07T06:10:38.282Z</time></trkpt><trkpt lat="42.915386" lon="-8.057905"><ele>458.184</ele><time>2025-06-07T06:10:42.282Z</time></trkpt><trkpt lat="42.915393" lon="-8.057982"><ele>458.613</ele><time>2025-06-07T06:10:47.282Z</time></trkpt><trkpt lat="42.915391" lon="-8.058048"><ele>459.185</ele><time>2025-06-07T06:10:51.282Z</time></trkpt><trkpt lat="42.915392" lon="-8.058112"><ele>459.674</ele><time>2025-06-07T06:10:54.282Z</time></trkpt><trkpt lat="42.915395" lon="-8.058178"><ele>460.056</ele><time>2025-06-07T06:10:57.282Z</time></trkpt><trkpt lat="42.915395" lon="-8.058253"><ele>460.621</ele><time>2025-06-07T06:11:01.282Z</time></trkpt><trkpt lat="42.915400" lon="-8.058318"><ele>461.009</ele><time>2025-06-07T06:11:05.282Z</time></trkpt><trkpt lat="42.915403" lon="-8.058381"><ele>461.559</ele><time>2025-06-07T06:11:09.282Z</time></trkpt><trkpt lat="42.915413" lon="-8.058455"><ele>462.128</ele><time>2025-06-07T06:11:13.282Z</time></trkpt><trkpt lat="42.915415" lon="-8.058521"><ele>462.744</ele><time>2025-06-07T06:11:17.282Z</time></trkpt><trkpt lat="42.915417" lon="-8.058587"><ele>463.397</ele><time>2025-06-07T06:11:21.282Z</time></trkpt><trkpt lat="42.915420" lon="-8.058656"><ele>463.757</ele><time>2025-06-07T06:11:25.282Z</time></trkpt><trkpt lat="42.915422" lon="-8.058729"><ele>463.968</ele><time>2025-06-07T06:11:29.282Z</time></trkpt><trkpt lat="42.915432" lon="-8.058800"><ele>464.177</ele><time>2025-06-07T06:11:33.282Z</time></trkpt><trkpt lat="42.915433" lon="-8.058881"><ele>464.486</ele><time>2025-06-07T06:11:37.282Z</time></trkpt><trkpt lat="42.915438" lon="-8.058961"><ele>464.958</ele><time>2025-06-07T06:11:41.282Z</time></trkpt><trkpt lat="42.915446" lon="-8.059028"><ele>465.443</ele><time>2025-06-07T06:11:45.282Z</time></trkpt><trkpt lat="42.915439" lon="-8.059101"><ele>465.964</ele><time>2025-06-07T06:11:49.282Z</time></trkpt><trkpt lat="42.915426" lon="-8.059170"><ele>466.510</ele><time>2025-06-07T06:11:53.282Z</time></trkpt><trkpt lat="42.915424" lon="-8.059241"><ele>466.709</ele><time>2025-06-07T06:11:57.282Z</time></trkpt><trkpt lat="42.915431" lon="-8.059316"><ele>467.036</ele><time>2025-06-07T06:12:01.281Z</time></trkpt><trkpt lat="42.915430" lon="-8.059391"><ele>467.325</ele><time>2025-06-07T06:12:06.282Z</time></trkpt><trkpt lat="42.915432" lon="-8.059458"><ele>467.461</ele><time>2025-06-07T06:12:10.282Z</time></trkpt><trkpt lat="42.915434" lon="-8.059528"><ele>467.494</ele><time>2025-06-07T06:12:14.282Z</time></trkpt><trkpt lat="42.915446" lon="-8.059595"><ele>467.474</ele><time>2025-06-07T06:12:18.282Z</time></trkpt><trkpt lat="42.915445" lon="-8.059666"><ele>467.455</ele><time>2025-06-07T06:12:22.282Z</time></trkpt><trkpt lat="42.915458" lon="-8.059740"><ele>467.394</ele><time>2025-06-07T06:12:27.281Z</time></trkpt><trkpt lat="42.915477" lon="-8.059800"><ele>467.063</ele><time>2025-06-07T06:12:31.282Z</time></trkpt><trkpt lat="42.915486" lon="-8.059867"><ele>466.725</ele><time>2025-06-07T06:12:35.281Z</time></trkpt><trkpt lat="42.915506" lon="-8.059937"><ele>466.448</ele><time>2025-06-07T06:12:39.283Z</time></trkpt><trkpt lat="42.915518" lon="-8.060009"><ele>466.161</ele><time>2025-06-07T06:12:43.283Z</time></trkpt><trkpt lat="42.915532" lon="-8.060069"><ele>465.617</ele><time>2025-06-07T06:12:47.283Z</time></trkpt><trkpt lat="42.915550" lon="-8.060132"><ele>465.109</ele><time>2025-06-07T06:12:52.283Z</time></trkpt><trkpt lat="42.915558" lon="-8.060208"><ele>464.546</ele><time>2025-06-07T06:12:57.283Z</time></trkpt><trkpt lat="42.915563" lon="-8.060274"><ele>464.065</ele><time>2025-06-07T06:13:01.283Z</time></trkpt><trkpt lat="42.915576" lon="-8.060345"><ele>463.461</ele><time>2025-06-07T06:13:05.283Z</time></trkpt><trkpt lat="42.915598" lon="-8.060409"><ele>462.884</ele><time>2025-06-07T06:13:09.283Z</time></trkpt><trkpt lat="42.915632" lon="-8.060464"><ele>462.384</ele><time>2025-06-07T06:13:13.283Z</time></trkpt><trkpt lat="42.915655" lon="-8.060531"><ele>461.835</ele><time>2025-06-07T06:13:17.283Z</time></trkpt><trkpt lat="42.915682" lon="-8.060593"><ele>461.164</ele><time>2025-06-07T06:13:21.283Z</time></trkpt><trkpt lat="42.915702" lon="-8.060659"><ele>460.463</ele><time>2025-06-07T06:13:25.283Z</time></trkpt><trkpt lat="42.915722" lon="-8.060717"><ele>459.835</ele><time>2025-06-07T06:13:28.283Z</time></trkpt><trkpt lat="42.915751" lon="-8.060779"><ele>459.285</ele><time>2025-06-07T06:13:32.283Z</time></trkpt><trkpt lat="42.915774" lon="-8.060844"><ele>458.789</ele><time>2025-06-07T06:13:36.283Z</time></trkpt><trkpt lat="42.915787" lon="-8.060913"><ele>458.017</ele><time>2025-06-07T06:13:40.283Z</time></trkpt><trkpt lat="42.915802" lon="-8.060977"><ele>457.309</ele><time>2025-06-07T06:13:44.283Z</time></trkpt><trkpt lat="42.915827" lon="-8.061032"><ele>456.860</ele><time>2025-06-07T06:13:48.283Z</time></trkpt><trkpt lat="42.915857" lon="-8.061099"><ele>456.319</ele><time>2025-06-07T06:13:52.283Z</time></trkpt><trkpt lat="42.915880" lon="-8.061169"><ele>455.985</ele><time>2025-06-07T06:13:56.282Z</time></trkpt><trkpt lat="42.915905" lon="-8.061236"><ele>455.628</ele><time>2025-06-07T06:14:01.283Z</time></trkpt><trkpt lat="42.915933" lon="-8.061295"><ele>455.418</ele><time>2025-06-07T06:14:05.283Z</time></trkpt><trkpt lat="42.915953" lon="-8.061359"><ele>455.159</ele><time>2025-06-07T06:14:09.283Z</time></trkpt><trkpt lat="42.915976" lon="-8.061420"><ele>454.928</ele><time>2025-06-07T06:14:13.283Z</time></trkpt><trkpt lat="42.915997" lon="-8.061485"><ele>454.887</ele><time>2025-06-07T06:14:17.283Z</time></trkpt><trkpt lat="42.916023" lon="-8.061555"><ele>454.829</ele><time>2025-06-07T06:14:21.282Z</time></trkpt><trkpt lat="42.916059" lon="-8.061615"><ele>454.825</ele><time>2025-06-07T06:14:25.283Z</time></trkpt><trkpt lat="42.916101" lon="-8.061654"><ele>455.026</ele><time>2025-06-07T06:14:29.283Z</time></trkpt><trkpt lat="42.916125" lon="-8.061709"><ele>454.508</ele><time>2025-06-07T06:14:33.283Z</time></trkpt><trkpt lat="42.916152" lon="-8.061764"><ele>453.709</ele><time>2025-06-07T06:14:37.283Z</time></trkpt><trkpt lat="42.916188" lon="-8.061812"><ele>453.044</ele><time>2025-06-07T06:14:41.283Z</time></trkpt><trkpt lat="42.916217" lon="-8.061867"><ele>452.323</ele><time>2025-06-07T06:14:45.283Z</time></trkpt><trkpt lat="42.916247" lon="-8.061931"><ele>451.639</ele><time>2025-06-07T06:14:49.283Z</time></trkpt><trkpt lat="42.916263" lon="-8.061997"><ele>451.222</ele><time>2025-06-07T06:14:53.283Z</time></trkpt><trkpt lat="42.916255" lon="-8.062078"><ele>450.852</ele><time>2025-06-07T06:14:57.283Z</time></trkpt><trkpt lat="42.916234" lon="-8.062147"><ele>450.573</ele><time>2025-06-07T06:15:00.283Z</time></trkpt><trkpt lat="42.916226" lon="-8.062222"><ele>450.242</ele><time>2025-06-07T06:15:04.282Z</time></trkpt><trkpt lat="42.916249" lon="-8.062288"><ele>449.781</ele><time>2025-06-07T06:15:08.283Z</time></trkpt><trkpt lat="42.916267" lon="-8.062354"><ele>449.143</ele><time>2025-06-07T06:15:12.282Z</time></trkpt><trkpt lat="42.916283" lon="-8.062420"><ele>448.611</ele><time>2025-06-07T06:15:16.283Z</time></trkpt><trkpt lat="42.916302" lon="-8.062482"><ele>448.021</ele><time>2025-06-07T06:15:20.283Z</time></trkpt><trkpt lat="42.916320" lon="-8.062546"><ele>447.703</ele><time>2025-06-07T06:15:24.283Z</time></trkpt><trkpt lat="42.916335" lon="-8.062613"><ele>447.509</ele><time>2025-06-07T06:15:28.283Z</time></trkpt><trkpt lat="42.916351" lon="-8.062673"><ele>447.383</ele><time>2025-06-07T06:15:32.283Z</time></trkpt><trkpt lat="42.916381" lon="-8.062736"><ele>447.112</ele><time>2025-06-07T06:15:36.283Z</time></trkpt><trkpt lat="42.916387" lon="-8.062797"><ele>446.818</ele><time>2025-06-07T06:15:39.283Z</time></trkpt><trkpt lat="42.916393" lon="-8.062868"><ele>446.091</ele><time>2025-06-07T06:15:43.283Z</time></trkpt><trkpt lat="42.916390" lon="-8.062940"><ele>445.261</ele><time>2025-06-07T06:15:48.283Z</time></trkpt><trkpt lat="42.916403" lon="-8.063009"><ele>444.422</ele><time>2025-06-07T06:15:52.283Z</time></trkpt><trkpt lat="42.916423" lon="-8.063068"><ele>443.651</ele><time>2025-06-07T06:15:56.283Z</time></trkpt><trkpt lat="42.916445" lon="-8.063129"><ele>442.620</ele><time>2025-06-07T06:16:00.282Z</time></trkpt><trkpt lat="42.916473" lon="-8.063193"><ele>441.772</ele><time>2025-06-07T06:16:05.283Z</time></trkpt><trkpt lat="42.916484" lon="-8.063262"><ele>440.937</ele><time>2025-06-07T06:16:09.283Z</time></trkpt><trkpt lat="42.916491" lon="-8.063340"><ele>439.949</ele><time>2025-06-07T06:16:13.283Z</time></trkpt><trkpt lat="42.916494" lon="-8.063415"><ele>439.113</ele><time>2025-06-07T06:16:17.283Z</time></trkpt><trkpt lat="42.916514" lon="-8.063483"><ele>438.409</ele><time>2025-06-07T06:16:21.283Z</time></trkpt><trkpt lat="42.916522" lon="-8.063549"><ele>437.765</ele><time>2025-06-07T06:16:24.282Z</time></trkpt><trkpt lat="42.916527" lon="-8.063628"><ele>436.824</ele><time>2025-06-07T06:16:28.283Z</time></trkpt><trkpt lat="42.916545" lon="-8.063708"><ele>435.870</ele><time>2025-06-07T06:16:32.282Z</time></trkpt><trkpt lat="42.916586" lon="-8.063758"><ele>435.083</ele><time>2025-06-07T06:16:36.283Z</time></trkpt><trkpt lat="42.916626" lon="-8.063811"><ele>434.253</ele><time>2025-06-07T06:16:40.282Z</time></trkpt><trkpt lat="42.916664" lon="-8.063871"><ele>433.334</ele><time>2025-06-07T06:16:44.283Z</time></trkpt><trkpt lat="42.916703" lon="-8.063914"><ele>432.553</ele><time>2025-06-07T06:16:47.283Z</time></trkpt><trkpt lat="42.916727" lon="-8.063980"><ele>431.432</ele><time>2025-06-07T06:16:51.283Z</time></trkpt><trkpt lat="42.916757" lon="-8.064028"><ele>430.574</ele><time>2025-06-07T06:16:55.283Z</time></trkpt><trkpt lat="42.916793" lon="-8.064074"><ele>429.654</ele><time>2025-06-07T06:16:59.283Z</time></trkpt><trkpt lat="42.916842" lon="-8.064100"><ele>428.856</ele><time>2025-06-07T06:17:03.282Z</time></trkpt><trkpt lat="42.916898" lon="-8.064088"><ele>428.711</ele><time>2025-06-07T06:17:07.283Z</time></trkpt><trkpt lat="42.916948" lon="-8.064065"><ele>428.809</ele><time>2025-06-07T06:17:11.283Z</time></trkpt><trkpt lat="42.916992" lon="-8.064050"><ele>428.937</ele><time>2025-06-07T06:17:14.282Z</time></trkpt><trkpt lat="42.917048" lon="-8.064064"><ele>428.546</ele><time>2025-06-07T06:17:18.283Z</time></trkpt><trkpt lat="42.917088" lon="-8.064114"><ele>427.412</ele><time>2025-06-07T06:17:22.283Z</time></trkpt><trkpt lat="42.917093" lon="-8.064177"><ele>426.365</ele><time>2025-06-07T06:17:25.283Z</time></trkpt><trkpt lat="42.917099" lon="-8.064254"><ele>424.955</ele><time>2025-06-07T06:17:29.283Z</time></trkpt><trkpt lat="42.917102" lon="-8.064330"><ele>423.536</ele><time>2025-06-07T06:17:33.283Z</time></trkpt><trkpt lat="42.917098" lon="-8.064404"><ele>422.225</ele><time>2025-06-07T06:17:37.284Z</time></trkpt><trkpt lat="42.917092" lon="-8.064475"><ele>421.074</ele><time>2025-06-07T06:17:41.284Z</time></trkpt><trkpt lat="42.917078" lon="-8.064547"><ele>420.056</ele><time>2025-06-07T06:17:45.283Z</time></trkpt><trkpt lat="42.917056" lon="-8.064621"><ele>418.941</ele><time>2025-06-07T06:17:49.283Z</time></trkpt><trkpt lat="42.917032" lon="-8.064675"><ele>418.181</ele><time>2025-06-07T06:17:52.283Z</time></trkpt><trkpt lat="42.917009" lon="-8.064742"><ele>417.109</ele><time>2025-06-07T06:17:56.284Z</time></trkpt><trkpt lat="42.916993" lon="-8.064815"><ele>416.509</ele><time>2025-06-07T06:18:00.284Z</time></trkpt><trkpt lat="42.916970" lon="-8.064879"><ele>416.076</ele><time>2025-06-07T06:18:04.284Z</time></trkpt><trkpt lat="42.916925" lon="-8.064930"><ele>415.635</ele><time>2025-06-07T06:18:08.284Z</time></trkpt><trkpt lat="42.916875" lon="-8.064977"><ele>415.781</ele><time>2025-06-07T06:18:12.284Z</time></trkpt><trkpt lat="42.916850" lon="-8.065039"><ele>415.714</ele><time>2025-06-07T06:18:16.284Z</time></trkpt><trkpt lat="42.916827" lon="-8.065097"><ele>415.934</ele><time>2025-06-07T06:18:22.284Z</time></trkpt><trkpt lat="42.916810" lon="-8.065169"><ele>416.035</ele><time>2025-06-07T06:18:35.284Z</time></trkpt><trkpt lat="42.916782" lon="-8.065237"><ele>416.094</ele><time>2025-06-07T06:18:39.284Z</time></trkpt><trkpt lat="42.916751" lon="-8.065300"><ele>416.153</ele><time>2025-06-07T06:18:43.284Z</time></trkpt><trkpt lat="42.916730" lon="-8.065370"><ele>416.375</ele><time>2025-06-07T06:18:47.284Z</time></trkpt><trkpt lat="42.916711" lon="-8.065437"><ele>416.669</ele><time>2025-06-07T06:18:51.283Z</time></trkpt><trkpt lat="42.916686" lon="-8.065505"><ele>416.804</ele><time>2025-06-07T06:18:55.283Z</time></trkpt><trkpt lat="42.916661" lon="-8.065569"><ele>417.024</ele><time>2025-06-07T06:18:59.283Z</time></trkpt><trkpt lat="42.916646" lon="-8.065631"><ele>417.209</ele><time>2025-06-07T06:19:03.284Z</time></trkpt><trkpt lat="42.916631" lon="-8.065704"><ele>417.548</ele><time>2025-06-07T06:19:07.284Z</time></trkpt><trkpt lat="42.916615" lon="-8.065764"><ele>417.717</ele><time>2025-06-07T06:19:10.284Z</time></trkpt><trkpt lat="42.916600" lon="-8.065822"><ele>417.933</ele><time>2025-06-07T06:19:13.284Z</time></trkpt><trkpt lat="42.916583" lon="-8.065886"><ele>418.096</ele><time>2025-06-07T06:19:17.284Z</time></trkpt><trkpt lat="42.916577" lon="-8.065955"><ele>418.046</ele><time>2025-06-07T06:19:21.284Z</time></trkpt><trkpt lat="42.916560" lon="-8.066014"><ele>418.087</ele><time>2025-06-07T06:19:24.284Z</time></trkpt><trkpt lat="42.916538" lon="-8.066083"><ele>418.056</ele><time>2025-06-07T06:19:28.283Z</time></trkpt><trkpt lat="42.916513" lon="-8.066147"><ele>418.055</ele><time>2025-06-07T06:19:31.284Z</time></trkpt><trkpt lat="42.916496" lon="-8.066207"><ele>418.037</ele><time>2025-06-07T06:19:34.284Z</time></trkpt><trkpt lat="42.916480" lon="-8.066281"><ele>418.081</ele><time>2025-06-07T06:19:38.284Z</time></trkpt><trkpt lat="42.916466" lon="-8.066340"><ele>418.061</ele><time>2025-06-07T06:19:41.284Z</time></trkpt><trkpt lat="42.916458" lon="-8.066420"><ele>418.017</ele><time>2025-06-07T06:19:45.284Z</time></trkpt><trkpt lat="42.916449" lon="-8.066488"><ele>418.009</ele><time>2025-06-07T06:19:49.283Z</time></trkpt><trkpt lat="42.916446" lon="-8.066562"><ele>418.090</ele><time>2025-06-07T06:19:53.284Z</time></trkpt><trkpt lat="42.916444" lon="-8.066637"><ele>418.089</ele><time>2025-06-07T06:19:57.284Z</time></trkpt><trkpt lat="42.916432" lon="-8.066714"><ele>418.235</ele><time>2025-06-07T06:20:01.284Z</time></trkpt><trkpt lat="42.916416" lon="-8.066791"><ele>418.498</ele><time>2025-06-07T06:20:05.284Z</time></trkpt><trkpt lat="42.916397" lon="-8.066868"><ele>418.718</ele><time>2025-06-07T06:20:09.284Z</time></trkpt><trkpt lat="42.916380" lon="-8.066946"><ele>419.079</ele><time>2025-06-07T06:20:13.284Z</time></trkpt><trkpt lat="42.916363" lon="-8.067007"><ele>419.118</ele><time>2025-06-07T06:20:16.284Z</time></trkpt><trkpt lat="42.916340" lon="-8.067078"><ele>419.377</ele><time>2025-06-07T06:20:20.284Z</time></trkpt><trkpt lat="42.916310" lon="-8.067137"><ele>419.439</ele><time>2025-06-07T06:20:24.284Z</time></trkpt><trkpt lat="42.916286" lon="-8.067206"><ele>419.678</ele><time>2025-06-07T06:20:28.284Z</time></trkpt><trkpt lat="42.916261" lon="-8.067272"><ele>419.733</ele><time>2025-06-07T06:20:32.284Z</time></trkpt><trkpt lat="42.916244" lon="-8.067341"><ele>419.926</ele><time>2025-06-07T06:20:36.284Z</time></trkpt><trkpt lat="42.916235" lon="-8.067413"><ele>420.109</ele><time>2025-06-07T06:20:40.284Z</time></trkpt><trkpt lat="42.916233" lon="-8.067485"><ele>420.459</ele><time>2025-06-07T06:20:44.284Z</time></trkpt><trkpt lat="42.916223" lon="-8.067559"><ele>420.348</ele><time>2025-06-07T06:20:48.283Z</time></trkpt><trkpt lat="42.916213" lon="-8.067626"><ele>420.164</ele><time>2025-06-07T06:20:52.284Z</time></trkpt><trkpt lat="42.916212" lon="-8.067696"><ele>419.967</ele><time>2025-06-07T06:20:56.283Z</time></trkpt><trkpt lat="42.916204" lon="-8.067767"><ele>419.797</ele><time>2025-06-07T06:21:00.283Z</time></trkpt><trkpt lat="42.916201" lon="-8.067841"><ele>419.688</ele><time>2025-06-07T06:21:04.284Z</time></trkpt><trkpt lat="42.916199" lon="-8.067914"><ele>419.567</ele><time>2025-06-07T06:21:08.284Z</time></trkpt><trkpt lat="42.916188" lon="-8.067992"><ele>419.326</ele><time>2025-06-07T06:21:12.284Z</time></trkpt><trkpt lat="42.916181" lon="-8.068069"><ele>419.378</ele><time>2025-06-07T06:21:16.284Z</time></trkpt><trkpt lat="42.916171" lon="-8.068144"><ele>419.552</ele><time>2025-06-07T06:21:20.284Z</time></trkpt><trkpt lat="42.916166" lon="-8.068221"><ele>419.853</ele><time>2025-06-07T06:21:24.284Z</time></trkpt><trkpt lat="42.916165" lon="-8.068297"><ele>420.108</ele><time>2025-06-07T06:21:28.284Z</time></trkpt><trkpt lat="42.916157" lon="-8.068368"><ele>420.309</ele><time>2025-06-07T06:21:32.284Z</time></trkpt><trkpt lat="42.916147" lon="-8.068439"><ele>420.567</ele><time>2025-06-07T06:21:36.283Z</time></trkpt><trkpt lat="42.916133" lon="-8.068512"><ele>420.796</ele><time>2025-06-07T06:21:40.284Z</time></trkpt><trkpt lat="42.916120" lon="-8.068589"><ele>421.062</ele><time>2025-06-07T06:21:44.284Z</time></trkpt><trkpt lat="42.916103" lon="-8.068658"><ele>421.185</ele><time>2025-06-07T06:21:48.283Z</time></trkpt><trkpt lat="42.916088" lon="-8.068730"><ele>421.325</ele><time>2025-06-07T06:21:52.284Z</time></trkpt><trkpt lat="42.916077" lon="-8.068804"><ele>421.616</ele><time>2025-06-07T06:21:56.284Z</time></trkpt><trkpt lat="42.916062" lon="-8.068879"><ele>421.845</ele><time>2025-06-07T06:22:00.284Z</time></trkpt><trkpt lat="42.916045" lon="-8.068950"><ele>421.894</ele><time>2025-06-07T06:22:04.284Z</time></trkpt><trkpt lat="42.916020" lon="-8.069015"><ele>421.846</ele><time>2025-06-07T06:22:08.283Z</time></trkpt><trkpt lat="42.915998" lon="-8.069086"><ele>421.985</ele><time>2025-06-07T06:22:12.284Z</time></trkpt><trkpt lat="42.915983" lon="-8.069156"><ele>422.089</ele><time>2025-06-07T06:22:16.284Z</time></trkpt><trkpt lat="42.915962" lon="-8.069218"><ele>422.217</ele><time>2025-06-07T06:22:20.284Z</time></trkpt><trkpt lat="42.915938" lon="-8.069278"><ele>422.409</ele><time>2025-06-07T06:22:24.284Z</time></trkpt><trkpt lat="42.915914" lon="-8.069340"><ele>422.620</ele><time>2025-06-07T06:22:28.284Z</time></trkpt><trkpt lat="42.915889" lon="-8.069399"><ele>422.839</ele><time>2025-06-07T06:22:32.284Z</time></trkpt><trkpt lat="42.915868" lon="-8.069454"><ele>423.095</ele><time>2025-06-07T06:22:35.284Z</time></trkpt><trkpt lat="42.915850" lon="-8.069528"><ele>423.338</ele><time>2025-06-07T06:22:39.283Z</time></trkpt><trkpt lat="42.915837" lon="-8.069593"><ele>423.528</ele><time>2025-06-07T06:22:43.284Z</time></trkpt><trkpt lat="42.915822" lon="-8.069661"><ele>423.879</ele><time>2025-06-07T06:22:47.284Z</time></trkpt><trkpt lat="42.915805" lon="-8.069735"><ele>424.038</ele><time>2025-06-07T06:22:51.284Z</time></trkpt><trkpt lat="42.915793" lon="-8.069809"><ele>424.097</ele><time>2025-06-07T06:22:55.285Z</time></trkpt><trkpt lat="42.915780" lon="-8.069880"><ele>424.029</ele><time>2025-06-07T06:22:59.285Z</time></trkpt><trkpt lat="42.915770" lon="-8.069951"><ele>424.013</ele><time>2025-06-07T06:23:03.285Z</time></trkpt><trkpt lat="42.915761" lon="-8.070021"><ele>424.043</ele><time>2025-06-07T06:23:07.285Z</time></trkpt><trkpt lat="42.915754" lon="-8.070088"><ele>424.007</ele><time>2025-06-07T06:23:11.285Z</time></trkpt><trkpt lat="42.915749" lon="-8.070163"><ele>424.009</ele><time>2025-06-07T06:23:15.285Z</time></trkpt><trkpt lat="42.915753" lon="-8.070239"><ele>424.033</ele><time>2025-06-07T06:23:19.285Z</time></trkpt><trkpt lat="42.915755" lon="-8.070315"><ele>424.022</ele><time>2025-06-07T06:23:23.285Z</time></trkpt><trkpt lat="42.915753" lon="-8.070391"><ele>424.058</ele><time>2025-06-07T06:23:27.285Z</time></trkpt><trkpt lat="42.915768" lon="-8.070458"><ele>424.061</ele><time>2025-06-07T06:23:31.285Z</time></trkpt><trkpt lat="42.915779" lon="-8.070523"><ele>424.041</ele><time>2025-06-07T06:23:35.285Z</time></trkpt><trkpt lat="42.915793" lon="-8.070588"><ele>424.192</ele><time>2025-06-07T06:23:39.285Z</time></trkpt><trkpt lat="42.915800" lon="-8.070656"><ele>424.331</ele><time>2025-06-07T06:23:43.285Z</time></trkpt><trkpt lat="42.915807" lon="-8.070724"><ele>424.590</ele><time>2025-06-07T06:23:47.285Z</time></trkpt><trkpt lat="42.915812" lon="-8.070797"><ele>424.742</ele><time>2025-06-07T06:23:51.285Z</time></trkpt><trkpt lat="42.915816" lon="-8.070868"><ele>424.852</ele><time>2025-06-07T06:23:55.285Z</time></trkpt><trkpt lat="42.915818" lon="-8.070941"><ele>424.553</ele><time>2025-06-07T06:23:59.285Z</time></trkpt><trkpt lat="42.915819" lon="-8.071012"><ele>424.308</ele><time>2025-06-07T06:24:03.284Z</time></trkpt><trkpt lat="42.915816" lon="-8.071082"><ele>424.009</ele><time>2025-06-07T06:24:07.284Z</time></trkpt><trkpt lat="42.915834" lon="-8.071149"><ele>424.037</ele><time>2025-06-07T06:24:11.285Z</time></trkpt><trkpt lat="42.915811" lon="-8.071204"><ele>423.986</ele><time>2025-06-07T06:24:14.284Z</time></trkpt><trkpt lat="42.915807" lon="-8.071276"><ele>423.932</ele><time>2025-06-07T06:24:18.285Z</time></trkpt><trkpt lat="42.915795" lon="-8.071347"><ele>423.955</ele><time>2025-06-07T06:24:22.285Z</time></trkpt><trkpt lat="42.915789" lon="-8.071422"><ele>423.745</ele><time>2025-06-07T06:24:26.285Z</time></trkpt><trkpt lat="42.915781" lon="-8.071491"><ele>423.426</ele><time>2025-06-07T06:24:30.285Z</time></trkpt><trkpt lat="42.915788" lon="-8.071556"><ele>423.225</ele><time>2025-06-07T06:24:34.285Z</time></trkpt><trkpt lat="42.915800" lon="-8.071621"><ele>423.084</ele><time>2025-06-07T06:24:38.285Z</time></trkpt><trkpt lat="42.915816" lon="-8.071689"><ele>422.966</ele><time>2025-06-07T06:24:42.284Z</time></trkpt><trkpt lat="42.915832" lon="-8.071749"><ele>422.712</ele><time>2025-06-07T06:24:46.285Z</time></trkpt><trkpt lat="42.915835" lon="-8.071813"><ele>422.532</ele><time>2025-06-07T06:25:02.285Z</time></trkpt><trkpt lat="42.915852" lon="-8.071878"><ele>422.305</ele><time>2025-06-07T06:25:06.285Z</time></trkpt><trkpt lat="42.915875" lon="-8.071940"><ele>422.209</ele><time>2025-06-07T06:25:10.285Z</time></trkpt><trkpt lat="42.915900" lon="-8.072003"><ele>422.053</ele><time>2025-06-07T06:25:14.285Z</time></trkpt><trkpt lat="42.915923" lon="-8.072060"><ele>421.862</ele><time>2025-06-07T06:25:18.285Z</time></trkpt><trkpt lat="42.915941" lon="-8.072124"><ele>421.528</ele><time>2025-06-07T06:25:22.285Z</time></trkpt><trkpt lat="42.915957" lon="-8.072187"><ele>421.251</ele><time>2025-06-07T06:25:26.284Z</time></trkpt><trkpt lat="42.915964" lon="-8.072251"><ele>420.951</ele><time>2025-06-07T06:25:30.285Z</time></trkpt><trkpt lat="42.915961" lon="-8.072316"><ele>420.722</ele><time>2025-06-07T06:25:34.285Z</time></trkpt><trkpt lat="42.915948" lon="-8.072380"><ele>420.431</ele><time>2025-06-07T06:25:38.285Z</time></trkpt><trkpt lat="42.915932" lon="-8.072441"><ele>420.230</ele><time>2025-06-07T06:25:42.284Z</time></trkpt><trkpt lat="42.915921" lon="-8.072507"><ele>420.022</ele><time>2025-06-07T06:25:46.285Z</time></trkpt><trkpt lat="42.915906" lon="-8.072575"><ele>419.728</ele><time>2025-06-07T06:25:50.284Z</time></trkpt><trkpt lat="42.915889" lon="-8.072643"><ele>419.489</ele><time>2025-06-07T06:25:54.285Z</time></trkpt><trkpt lat="42.915862" lon="-8.072709"><ele>419.217</ele><time>2025-06-07T06:25:58.284Z</time></trkpt><trkpt lat="42.915833" lon="-8.072775"><ele>419.009</ele><time>2025-06-07T06:26:02.285Z</time></trkpt><trkpt lat="42.915804" lon="-8.072841"><ele>418.984</ele><time>2025-06-07T06:26:06.285Z</time></trkpt><trkpt lat="42.915773" lon="-8.072905"><ele>418.893</ele><time>2025-06-07T06:26:10.285Z</time></trkpt><trkpt lat="42.915739" lon="-8.072959"><ele>418.739</ele><time>2025-06-07T06:26:14.284Z</time></trkpt><trkpt lat="42.915709" lon="-8.073016"><ele>418.612</ele><time>2025-06-07T06:26:18.285Z</time></trkpt><trkpt lat="42.915684" lon="-8.073082"><ele>418.442</ele><time>2025-06-07T06:26:22.284Z</time></trkpt><trkpt lat="42.915661" lon="-8.073150"><ele>418.193</ele><time>2025-06-07T06:26:26.285Z</time></trkpt><trkpt lat="42.915633" lon="-8.073217"><ele>417.772</ele><time>2025-06-07T06:26:30.285Z</time></trkpt><trkpt lat="42.915602" lon="-8.073279"><ele>417.481</ele><time>2025-06-07T06:26:34.285Z</time></trkpt><trkpt lat="42.915571" lon="-8.073344"><ele>417.023</ele><time>2025-06-07T06:26:38.284Z</time></trkpt><trkpt lat="42.915558" lon="-8.073415"><ele>416.756</ele><time>2025-06-07T06:26:42.285Z</time></trkpt><trkpt lat="42.915551" lon="-8.073495"><ele>416.459</ele><time>2025-06-07T06:26:46.285Z</time></trkpt><trkpt lat="42.915546" lon="-8.073558"><ele>416.214</ele><time>2025-06-07T06:26:49.285Z</time></trkpt><trkpt lat="42.915567" lon="-8.073632"><ele>415.909</ele><time>2025-06-07T06:26:53.285Z</time></trkpt><trkpt lat="42.915592" lon="-8.073697"><ele>415.677</ele><time>2025-06-07T06:26:57.285Z</time></trkpt><trkpt lat="42.915630" lon="-8.073754"><ele>415.266</ele><time>2025-06-07T06:27:01.285Z</time></trkpt><trkpt lat="42.915669" lon="-8.073812"><ele>414.962</ele><time>2025-06-07T06:27:05.285Z</time></trkpt><trkpt lat="42.915717" lon="-8.073862"><ele>414.515</ele><time>2025-06-07T06:27:09.285Z</time></trkpt><trkpt lat="42.915757" lon="-8.073913"><ele>414.155</ele><time>2025-06-07T06:27:13.285Z</time></trkpt><trkpt lat="42.915795" lon="-8.073966"><ele>413.676</ele><time>2025-06-07T06:27:17.285Z</time></trkpt><trkpt lat="42.915835" lon="-8.074017"><ele>413.165</ele><time>2025-06-07T06:27:21.284Z</time></trkpt><trkpt lat="42.915867" lon="-8.074061"><ele>412.764</ele><time>2025-06-07T06:27:24.285Z</time></trkpt><trkpt lat="42.915896" lon="-8.074112"><ele>412.366</ele><time>2025-06-07T06:27:27.285Z</time></trkpt><trkpt lat="42.915928" lon="-8.074175"><ele>412.043</ele><time>2025-06-07T06:27:31.284Z</time></trkpt><trkpt lat="42.915954" lon="-8.074240"><ele>411.664</ele><time>2025-06-07T06:27:35.285Z</time></trkpt><trkpt lat="42.915976" lon="-8.074308"><ele>411.210</ele><time>2025-06-07T06:27:39.285Z</time></trkpt><trkpt lat="42.915989" lon="-8.074370"><ele>410.909</ele><time>2025-06-07T06:27:43.285Z</time></trkpt><trkpt lat="42.915990" lon="-8.074448"><ele>410.486</ele><time>2025-06-07T06:27:47.285Z</time></trkpt><trkpt lat="42.915992" lon="-8.074519"><ele>409.955</ele><time>2025-06-07T06:27:51.285Z</time></trkpt><trkpt lat="42.915992" lon="-8.074587"><ele>409.451</ele><time>2025-06-07T06:27:54.285Z</time></trkpt><trkpt lat="42.915988" lon="-8.074668"><ele>408.834</ele><time>2025-06-07T06:27:58.285Z</time></trkpt><trkpt lat="42.915989" lon="-8.074730"><ele>408.444</ele><time>2025-06-07T06:28:01.286Z</time></trkpt><trkpt lat="42.915994" lon="-8.074791"><ele>408.245</ele><time>2025-06-07T06:28:04.286Z</time></trkpt><trkpt lat="42.916004" lon="-8.074869"><ele>407.994</ele><time>2025-06-07T06:28:08.286Z</time></trkpt><trkpt lat="42.916007" lon="-8.074949"><ele>407.663</ele><time>2025-06-07T06:28:12.286Z</time></trkpt><trkpt lat="42.916012" lon="-8.075026"><ele>407.345</ele><time>2025-06-07T06:28:16.285Z</time></trkpt><trkpt lat="42.916009" lon="-8.075101"><ele>407.082</ele><time>2025-06-07T06:28:20.286Z</time></trkpt><trkpt lat="42.916009" lon="-8.075174"><ele>406.743</ele><time>2025-06-07T06:28:24.285Z</time></trkpt><trkpt lat="42.916005" lon="-8.075250"><ele>406.517</ele><time>2025-06-07T06:28:28.285Z</time></trkpt><trkpt lat="42.916009" lon="-8.075325"><ele>406.409</ele><time>2025-06-07T06:28:32.286Z</time></trkpt><trkpt lat="42.916007" lon="-8.075387"><ele>406.470</ele><time>2025-06-07T06:28:35.286Z</time></trkpt><trkpt lat="42.916008" lon="-8.075462"><ele>406.489</ele><time>2025-06-07T06:28:39.286Z</time></trkpt><trkpt lat="42.916008" lon="-8.075536"><ele>406.415</ele><time>2025-06-07T06:28:43.285Z</time></trkpt><trkpt lat="42.916017" lon="-8.075601"><ele>406.388</ele><time>2025-06-07T06:28:47.286Z</time></trkpt><trkpt lat="42.916024" lon="-8.075672"><ele>406.258</ele><time>2025-06-07T06:28:51.286Z</time></trkpt><trkpt lat="42.916031" lon="-8.075746"><ele>406.169</ele><time>2025-06-07T06:28:55.286Z</time></trkpt><trkpt lat="42.916036" lon="-8.075822"><ele>406.068</ele><time>2025-06-07T06:28:59.286Z</time></trkpt><trkpt lat="42.916046" lon="-8.075897"><ele>405.877</ele><time>2025-06-07T06:29:03.286Z</time></trkpt><trkpt lat="42.916051" lon="-8.075972"><ele>405.539</ele><time>2025-06-07T06:29:07.286Z</time></trkpt><trkpt lat="42.916060" lon="-8.076053"><ele>405.223</ele><time>2025-06-07T06:29:11.286Z</time></trkpt><trkpt lat="42.916066" lon="-8.076124"><ele>404.983</ele><time>2025-06-07T06:29:15.286Z</time></trkpt><trkpt lat="42.916067" lon="-8.076206"><ele>404.011</ele><time>2025-06-07T06:29:19.286Z</time></trkpt><trkpt lat="42.916077" lon="-8.076281"><ele>403.209</ele><time>2025-06-07T06:29:23.286Z</time></trkpt><trkpt lat="42.916103" lon="-8.076350"><ele>402.474</ele><time>2025-06-07T06:29:27.286Z</time></trkpt><trkpt lat="42.916153" lon="-8.076346"><ele>402.143</ele><time>2025-06-07T06:29:31.286Z</time></trkpt><trkpt lat="42.916173" lon="-8.076404"><ele>401.519</ele><time>2025-06-07T06:29:35.286Z</time></trkpt><trkpt lat="42.916159" lon="-8.076464"><ele>401.432</ele><time>2025-06-07T06:29:39.286Z</time></trkpt><trkpt lat="42.916212" lon="-8.076500"><ele>400.962</ele><time>2025-06-07T06:29:42.286Z</time></trkpt><trkpt lat="42.916190" lon="-8.076571"><ele>400.883</ele><time>2025-06-07T06:29:47.286Z</time></trkpt><trkpt lat="42.916185" lon="-8.076634"><ele>400.652</ele><time>2025-06-07T06:29:51.286Z</time></trkpt><trkpt lat="42.916182" lon="-8.076702"><ele>400.491</ele><time>2025-06-07T06:29:55.286Z</time></trkpt><trkpt lat="42.916168" lon="-8.076766"><ele>400.383</ele><time>2025-06-07T06:29:59.286Z</time></trkpt><trkpt lat="42.916154" lon="-8.076830"><ele>400.293</ele><time>2025-06-07T06:30:03.286Z</time></trkpt><trkpt lat="42.916148" lon="-8.076899"><ele>400.065</ele><time>2025-06-07T06:30:07.286Z</time></trkpt><trkpt lat="42.916145" lon="-8.076971"><ele>399.921</ele><time>2025-06-07T06:30:11.285Z</time></trkpt><trkpt lat="42.916135" lon="-8.077045"><ele>399.909</ele><time>2025-06-07T06:30:21.286Z</time></trkpt><trkpt lat="42.916129" lon="-8.077122"><ele>399.981</ele><time>2025-06-07T06:30:25.286Z</time></trkpt><trkpt lat="42.916122" lon="-8.077195"><ele>399.940</ele><time>2025-06-07T06:30:29.286Z</time></trkpt><trkpt lat="42.916120" lon="-8.077263"><ele>399.886</ele><time>2025-06-07T06:30:33.286Z</time></trkpt><trkpt lat="42.916123" lon="-8.077331"><ele>399.549</ele><time>2025-06-07T06:30:37.286Z</time></trkpt><trkpt lat="42.916118" lon="-8.077406"><ele>399.399</ele><time>2025-06-07T06:30:42.286Z</time></trkpt><trkpt lat="42.916147" lon="-8.077462"><ele>399.020</ele><time>2025-06-07T06:30:45.286Z</time></trkpt><trkpt lat="42.916185" lon="-8.077508"><ele>398.729</ele><time>2025-06-07T06:30:48.286Z</time></trkpt><trkpt lat="42.916198" lon="-8.077568"><ele>398.478</ele><time>2025-06-07T06:30:52.286Z</time></trkpt><trkpt lat="42.916157" lon="-8.077600"><ele>398.560</ele><time>2025-06-07T06:30:54.286Z</time></trkpt><trkpt lat="42.916133" lon="-8.077653"><ele>398.498</ele><time>2025-06-07T06:30:57.286Z</time></trkpt><trkpt lat="42.916129" lon="-8.077728"><ele>398.115</ele><time>2025-06-07T06:31:01.286Z</time></trkpt><trkpt lat="42.916124" lon="-8.077804"><ele>397.826</ele><time>2025-06-07T06:31:04.286Z</time></trkpt><trkpt lat="42.916127" lon="-8.077874"><ele>397.309</ele><time>2025-06-07T06:31:09.286Z</time></trkpt><trkpt lat="42.916166" lon="-8.077933"><ele>396.981</ele><time>2025-06-07T06:31:14.286Z</time></trkpt><trkpt lat="42.916207" lon="-8.077978"><ele>396.740</ele><time>2025-06-07T06:31:18.285Z</time></trkpt><trkpt lat="42.916254" lon="-8.078001"><ele>396.776</ele><time>2025-06-07T06:31:22.286Z</time></trkpt><trkpt lat="42.916304" lon="-8.078016"><ele>396.849</ele><time>2025-06-07T06:31:26.286Z</time></trkpt><trkpt lat="42.916353" lon="-8.078035"><ele>396.999</ele><time>2025-06-07T06:31:30.286Z</time></trkpt><trkpt lat="42.916397" lon="-8.078065"><ele>396.950</ele><time>2025-06-07T06:31:34.286Z</time></trkpt><trkpt lat="42.916437" lon="-8.078105"><ele>396.729</ele><time>2025-06-07T06:31:38.286Z</time></trkpt><trkpt lat="42.916465" lon="-8.078165"><ele>396.458</ele><time>2025-06-07T06:31:42.286Z</time></trkpt><trkpt lat="42.916502" lon="-8.078218"><ele>396.280</ele><time>2025-06-07T06:31:46.285Z</time></trkpt><trkpt lat="42.916532" lon="-8.078271"><ele>396.116</ele><time>2025-06-07T06:31:50.285Z</time></trkpt><trkpt lat="42.916555" lon="-8.078326"><ele>396.076</ele><time>2025-06-07T06:31:54.286Z</time></trkpt><trkpt lat="42.916574" lon="-8.078388"><ele>395.913</ele><time>2025-06-07T06:31:58.286Z</time></trkpt><trkpt lat="42.916598" lon="-8.078449"><ele>395.709</ele><time>2025-06-07T06:32:02.286Z</time></trkpt><trkpt lat="42.916625" lon="-8.078514"><ele>395.473</ele><time>2025-06-07T06:32:06.286Z</time></trkpt><trkpt lat="42.916648" lon="-8.078581"><ele>395.262</ele><time>2025-06-07T06:32:10.285Z</time></trkpt><trkpt lat="42.916674" lon="-8.078639"><ele>394.958</ele><time>2025-06-07T06:32:14.285Z</time></trkpt><trkpt lat="42.916704" lon="-8.078706"><ele>394.521</ele><time>2025-06-07T06:32:18.286Z</time></trkpt><trkpt lat="42.916733" lon="-8.078768"><ele>394.281</ele><time>2025-06-07T06:32:22.286Z</time></trkpt><trkpt lat="42.916767" lon="-8.078826"><ele>393.972</ele><time>2025-06-07T06:32:26.286Z</time></trkpt><trkpt lat="42.916803" lon="-8.078879"><ele>393.581</ele><time>2025-06-07T06:32:30.286Z</time></trkpt><trkpt lat="42.916841" lon="-8.078926"><ele>393.160</ele><time>2025-06-07T06:32:34.286Z</time></trkpt><trkpt lat="42.916884" lon="-8.078962"><ele>392.722</ele><time>2025-06-07T06:32:38.286Z</time></trkpt><trkpt lat="42.916929" lon="-8.079003"><ele>392.299</ele><time>2025-06-07T06:32:42.286Z</time></trkpt><trkpt lat="42.916978" lon="-8.079030"><ele>392.007</ele><time>2025-06-07T06:32:46.285Z</time></trkpt><trkpt lat="42.917026" lon="-8.079036"><ele>391.927</ele><time>2025-06-07T06:32:50.287Z</time></trkpt><trkpt lat="42.917077" lon="-8.079043"><ele>391.909</ele><time>2025-06-07T06:32:54.287Z</time></trkpt><trkpt lat="42.917126" lon="-8.079041"><ele>391.961</ele><time>2025-06-07T06:32:58.287Z</time></trkpt><trkpt lat="42.917180" lon="-8.079040"><ele>391.920</ele><time>2025-06-07T06:33:02.286Z</time></trkpt><trkpt lat="42.917225" lon="-8.079042"><ele>391.986</ele><time>2025-06-07T06:33:05.287Z</time></trkpt><trkpt lat="42.917280" lon="-8.079045"><ele>391.789</ele><time>2025-06-07T06:33:09.287Z</time></trkpt><trkpt lat="42.917335" lon="-8.079048"><ele>391.489</ele><time>2025-06-07T06:33:13.287Z</time></trkpt><trkpt lat="42.917389" lon="-8.079048"><ele>391.360</ele><time>2025-06-07T06:33:17.286Z</time></trkpt><trkpt lat="42.917440" lon="-8.079045"><ele>391.199</ele><time>2025-06-07T06:33:21.287Z</time></trkpt><trkpt lat="42.917491" lon="-8.079046"><ele>390.948</ele><time>2025-06-07T06:33:25.286Z</time></trkpt><trkpt lat="42.917544" lon="-8.079044"><ele>390.280</ele><time>2025-06-07T06:33:29.287Z</time></trkpt><trkpt lat="42.917602" lon="-8.079070"><ele>389.133</ele><time>2025-06-07T06:33:33.287Z</time></trkpt><trkpt lat="42.917652" lon="-8.079103"><ele>388.123</ele><time>2025-06-07T06:33:37.287Z</time></trkpt><trkpt lat="42.917697" lon="-8.079157"><ele>387.215</ele><time>2025-06-07T06:33:41.287Z</time></trkpt><trkpt lat="42.917733" lon="-8.079206"><ele>386.209</ele><time>2025-06-07T06:33:44.287Z</time></trkpt><trkpt lat="42.917778" lon="-8.079258"><ele>385.035</ele><time>2025-06-07T06:33:48.287Z</time></trkpt><trkpt lat="42.917812" lon="-8.079307"><ele>384.064</ele><time>2025-06-07T06:33:52.287Z</time></trkpt><trkpt lat="42.917857" lon="-8.079344"><ele>383.060</ele><time>2025-06-07T06:33:56.287Z</time></trkpt><trkpt lat="42.917899" lon="-8.079397"><ele>382.163</ele><time>2025-06-07T06:34:00.287Z</time></trkpt><trkpt lat="42.917932" lon="-8.079455"><ele>381.393</ele><time>2025-06-07T06:34:04.287Z</time></trkpt><trkpt lat="42.917954" lon="-8.079519"><ele>381.144</ele><time>2025-06-07T06:34:08.287Z</time></trkpt><trkpt lat="42.917967" lon="-8.079586"><ele>381.063</ele><time>2025-06-07T06:34:12.287Z</time></trkpt><trkpt lat="42.917979" lon="-8.079663"><ele>380.812</ele><time>2025-06-07T06:34:16.287Z</time></trkpt><trkpt lat="42.917991" lon="-8.079732"><ele>380.744</ele><time>2025-06-07T06:34:20.287Z</time></trkpt><trkpt lat="42.918004" lon="-8.079811"><ele>380.284</ele><time>2025-06-07T06:34:24.286Z</time></trkpt><trkpt lat="42.918024" lon="-8.079876"><ele>379.807</ele><time>2025-06-07T06:34:28.287Z</time></trkpt><trkpt lat="42.918040" lon="-8.079946"><ele>379.417</ele><time>2025-06-07T06:34:32.287Z</time></trkpt><trkpt lat="42.918041" lon="-8.080020"><ele>379.109</ele><time>2025-06-07T06:34:36.287Z</time></trkpt><trkpt lat="42.918048" lon="-8.080100"><ele>378.760</ele><time>2025-06-07T06:34:55.287Z</time></trkpt><trkpt lat="42.918068" lon="-8.080159"><ele>378.399</ele><time>2025-06-07T06:34:58.287Z</time></trkpt><trkpt lat="42.918087" lon="-8.080220"><ele>377.855</ele><time>2025-06-07T06:35:02.287Z</time></trkpt><trkpt lat="42.918095" lon="-8.080292"><ele>377.618</ele><time>2025-06-07T06:35:07.287Z</time></trkpt><trkpt lat="42.918064" lon="-8.080343"><ele>378.168</ele><time>2025-06-07T06:35:16.287Z</time></trkpt><trkpt lat="42.918081" lon="-8.080402"><ele>378.159</ele><time>2025-06-07T06:35:20.286Z</time></trkpt><trkpt lat="42.918109" lon="-8.080463"><ele>378.068</ele><time>2025-06-07T06:35:24.287Z</time></trkpt><trkpt lat="42.918133" lon="-8.080523"><ele>377.877</ele><time>2025-06-07T06:35:28.287Z</time></trkpt><trkpt lat="42.918150" lon="-8.080593"><ele>377.869</ele><time>2025-06-07T06:35:33.287Z</time></trkpt><trkpt lat="42.918156" lon="-8.080658"><ele>377.931</ele><time>2025-06-07T06:35:37.287Z</time></trkpt><trkpt lat="42.918169" lon="-8.080719"><ele>378.061</ele><time>2025-06-07T06:35:41.286Z</time></trkpt><trkpt lat="42.918185" lon="-8.080788"><ele>378.007</ele><time>2025-06-07T06:35:46.287Z</time></trkpt><trkpt lat="42.918208" lon="-8.080857"><ele>377.809</ele><time>2025-06-07T06:35:50.286Z</time></trkpt><trkpt lat="42.918224" lon="-8.080921"><ele>377.565</ele><time>2025-06-07T06:35:54.287Z</time></trkpt><trkpt lat="42.918250" lon="-8.080985"><ele>377.074</ele><time>2025-06-07T06:35:58.287Z</time></trkpt><trkpt lat="42.918280" lon="-8.081049"><ele>376.380</ele><time>2025-06-07T06:36:02.287Z</time></trkpt><trkpt lat="42.918298" lon="-8.081116"><ele>375.783</ele><time>2025-06-07T06:36:06.287Z</time></trkpt><trkpt lat="42.918306" lon="-8.081188"><ele>375.393</ele><time>2025-06-07T06:36:10.287Z</time></trkpt><trkpt lat="42.918313" lon="-8.081266"><ele>374.864</ele><time>2025-06-07T06:36:14.287Z</time></trkpt><trkpt lat="42.918317" lon="-8.081341"><ele>374.513</ele><time>2025-06-07T06:36:18.287Z</time></trkpt><trkpt lat="42.918324" lon="-8.081406"><ele>374.082</ele><time>2025-06-07T06:36:22.287Z</time></trkpt><trkpt lat="42.918320" lon="-8.081474"><ele>373.344</ele><time>2025-06-07T06:36:26.286Z</time></trkpt><trkpt lat="42.918317" lon="-8.081537"><ele>372.799</ele><time>2025-06-07T06:36:30.287Z</time></trkpt><trkpt lat="42.918312" lon="-8.081605"><ele>372.107</ele><time>2025-06-07T06:36:34.287Z</time></trkpt><trkpt lat="42.918318" lon="-8.081679"><ele>371.227</ele><time>2025-06-07T06:36:38.287Z</time></trkpt><trkpt lat="42.918348" lon="-8.081742"><ele>369.709</ele><time>2025-06-07T06:36:42.287Z</time></trkpt><trkpt lat="42.918392" lon="-8.081782"><ele>368.321</ele><time>2025-06-07T06:36:46.287Z</time></trkpt><trkpt lat="42.918441" lon="-8.081801"><ele>367.130</ele><time>2025-06-07T06:36:50.287Z</time></trkpt><trkpt lat="42.918474" lon="-8.081850"><ele>365.866</ele><time>2025-06-07T06:36:54.287Z</time></trkpt><trkpt lat="42.918461" lon="-8.081914"><ele>365.169</ele><time>2025-06-07T06:36:57.286Z</time></trkpt><trkpt lat="42.918422" lon="-8.081974"><ele>365.119</ele><time>2025-06-07T06:37:01.287Z</time></trkpt><trkpt lat="42.918380" lon="-8.082003"><ele>365.550</ele><time>2025-06-07T06:37:04.287Z</time></trkpt><trkpt lat="42.918336" lon="-8.081988"><ele>366.549</ele><time>2025-06-07T06:37:34.288Z</time></trkpt><trkpt lat="42.918325" lon="-8.082066"><ele>365.918</ele><time>2025-06-07T06:37:38.287Z</time></trkpt><trkpt lat="42.918317" lon="-8.082141"><ele>365.350</ele><time>2025-06-07T06:37:42.288Z</time></trkpt><trkpt lat="42.918316" lon="-8.082220"><ele>364.563</ele><time>2025-06-07T06:37:46.288Z</time></trkpt><trkpt lat="42.918337" lon="-8.082274"><ele>363.644</ele><time>2025-06-07T06:37:49.288Z</time></trkpt><trkpt lat="42.918360" lon="-8.082327"><ele>362.718</ele><time>2025-06-07T06:37:52.287Z</time></trkpt><trkpt lat="42.918375" lon="-8.082385"><ele>362.009</ele><time>2025-06-07T06:37:55.288Z</time></trkpt><trkpt lat="42.918389" lon="-8.082458"><ele>361.318</ele><time>2025-06-07T06:37:59.288Z</time></trkpt><trkpt lat="42.918404" lon="-8.082530"><ele>360.747</ele><time>2025-06-07T06:38:03.287Z</time></trkpt><trkpt lat="42.918421" lon="-8.082597"><ele>360.333</ele><time>2025-06-07T06:38:07.288Z</time></trkpt><trkpt lat="42.918437" lon="-8.082663"><ele>360.066</ele><time>2025-06-07T06:38:11.288Z</time></trkpt><trkpt lat="42.918440" lon="-8.082735"><ele>359.926</ele><time>2025-06-07T06:38:15.288Z</time></trkpt><trkpt lat="42.918455" lon="-8.082799"><ele>359.637</ele><time>2025-06-07T06:38:19.288Z</time></trkpt><trkpt lat="42.918469" lon="-8.082865"><ele>359.456</ele><time>2025-06-07T06:38:23.288Z</time></trkpt><trkpt lat="42.918488" lon="-8.082934"><ele>359.135</ele><time>2025-06-07T06:38:27.288Z</time></trkpt><trkpt lat="42.918508" lon="-8.083006"><ele>358.837</ele><time>2025-06-07T06:38:31.287Z</time></trkpt><trkpt lat="42.918514" lon="-8.083076"><ele>358.656</ele><time>2025-06-07T06:38:35.288Z</time></trkpt><trkpt lat="42.918507" lon="-8.083151"><ele>358.159</ele><time>2025-06-07T06:38:39.288Z</time></trkpt><trkpt lat="42.918491" lon="-8.083215"><ele>357.714</ele><time>2025-06-07T06:38:43.288Z</time></trkpt><trkpt lat="42.918487" lon="-8.083281"><ele>357.309</ele><time>2025-06-07T06:38:47.288Z</time></trkpt><trkpt lat="42.918469" lon="-8.083348"><ele>356.837</ele><time>2025-06-07T06:38:51.287Z</time></trkpt><trkpt lat="42.918434" lon="-8.083412"><ele>356.126</ele><time>2025-06-07T06:38:55.288Z</time></trkpt><trkpt lat="42.918398" lon="-8.083474"><ele>355.592</ele><time>2025-06-07T06:38:59.288Z</time></trkpt><trkpt lat="42.918365" lon="-8.083520"><ele>355.125</ele><time>2025-06-07T06:39:02.288Z</time></trkpt><trkpt lat="42.918327" lon="-8.083576"><ele>354.585</ele><time>2025-06-07T06:39:06.288Z</time></trkpt><trkpt lat="42.918283" lon="-8.083621"><ele>354.276</ele><time>2025-06-07T06:39:10.287Z</time></trkpt><trkpt lat="42.918245" lon="-8.083676"><ele>353.965</ele><time>2025-06-07T06:39:14.288Z</time></trkpt><trkpt lat="42.918207" lon="-8.083729"><ele>353.874</ele><time>2025-06-07T06:39:18.288Z</time></trkpt><trkpt lat="42.918170" lon="-8.083784"><ele>353.876</ele><time>2025-06-07T06:39:22.288Z</time></trkpt><trkpt lat="42.918142" lon="-8.083847"><ele>353.782</ele><time>2025-06-07T06:39:26.288Z</time></trkpt><trkpt lat="42.918110" lon="-8.083896"><ele>354.043</ele><time>2025-06-07T06:39:30.288Z</time></trkpt><trkpt lat="42.918089" lon="-8.083955"><ele>354.117</ele><time>2025-06-07T06:39:34.288Z</time></trkpt><trkpt lat="42.918064" lon="-8.084012"><ele>354.409</ele><time>2025-06-07T06:39:38.288Z</time></trkpt><trkpt lat="42.918041" lon="-8.084072"><ele>354.640</ele><time>2025-06-07T06:39:42.288Z</time></trkpt><trkpt lat="42.918030" lon="-8.084137"><ele>354.659</ele><time>2025-06-07T06:39:46.288Z</time></trkpt><trkpt lat="42.918011" lon="-8.084195"><ele>354.765</ele><time>2025-06-07T06:39:50.288Z</time></trkpt><trkpt lat="42.918003" lon="-8.084262"><ele>354.688</ele><time>2025-06-07T06:39:54.287Z</time></trkpt><trkpt lat="42.918001" lon="-8.084333"><ele>354.448</ele><time>2025-06-07T06:39:58.288Z</time></trkpt><trkpt lat="42.918009" lon="-8.084406"><ele>354.069</ele><time>2025-06-07T06:40:02.287Z</time></trkpt><trkpt lat="42.918025" lon="-8.084479"><ele>353.228</ele><time>2025-06-07T06:40:06.288Z</time></trkpt><trkpt lat="42.918029" lon="-8.084551"><ele>352.347</ele><time>2025-06-07T06:40:10.288Z</time></trkpt><trkpt lat="42.918041" lon="-8.084629"><ele>351.319</ele><time>2025-06-07T06:40:14.288Z</time></trkpt><trkpt lat="42.918044" lon="-8.084701"><ele>350.472</ele><time>2025-06-07T06:40:18.287Z</time></trkpt><trkpt lat="42.918055" lon="-8.084763"><ele>349.613</ele><time>2025-06-07T06:40:22.288Z</time></trkpt><trkpt lat="42.918068" lon="-8.084827"><ele>348.714</ele><time>2025-06-07T06:40:26.288Z</time></trkpt><trkpt lat="42.918079" lon="-8.084900"><ele>347.709</ele><time>2025-06-07T06:40:30.288Z</time></trkpt><trkpt lat="42.918076" lon="-8.084963"><ele>347.119</ele><time>2025-06-07T06:40:34.287Z</time></trkpt><trkpt lat="42.918075" lon="-8.085040"><ele>346.338</ele><time>2025-06-07T06:40:39.288Z</time></trkpt><trkpt lat="42.918074" lon="-8.085102"><ele>345.694</ele><time>2025-06-07T06:40:43.288Z</time></trkpt><trkpt lat="42.918087" lon="-8.085172"><ele>344.757</ele><time>2025-06-07T06:40:47.288Z</time></trkpt><trkpt lat="42.918114" lon="-8.085225"><ele>343.727</ele><time>2025-06-07T06:40:50.288Z</time></trkpt><trkpt lat="42.918135" lon="-8.085287"><ele>342.838</ele><time>2025-06-07T06:40:53.288Z</time></trkpt><trkpt lat="42.918164" lon="-8.085346"><ele>341.847</ele><time>2025-06-07T06:40:57.288Z</time></trkpt><trkpt lat="42.918186" lon="-8.085418"><ele>340.836</ele><time>2025-06-07T06:41:01.288Z</time></trkpt><trkpt lat="42.918215" lon="-8.085490"><ele>339.958</ele><time>2025-06-07T06:41:05.288Z</time></trkpt><trkpt lat="42.918239" lon="-8.085556"><ele>339.056</ele><time>2025-06-07T06:41:09.288Z</time></trkpt><trkpt lat="42.918248" lon="-8.085626"><ele>338.559</ele><time>2025-06-07T06:41:13.288Z</time></trkpt><trkpt lat="42.918268" lon="-8.085690"><ele>338.014</ele><time>2025-06-07T06:41:17.287Z</time></trkpt><trkpt lat="42.918297" lon="-8.085741"><ele>337.609</ele><time>2025-06-07T06:41:21.288Z</time></trkpt><trkpt lat="42.918331" lon="-8.085804"><ele>337.167</ele><time>2025-06-07T06:41:36.288Z</time></trkpt><trkpt lat="42.918340" lon="-8.085875"><ele>336.866</ele><time>2025-06-07T06:41:40.288Z</time></trkpt><trkpt lat="42.918381" lon="-8.085920"><ele>336.522</ele><time>2025-06-07T06:41:44.288Z</time></trkpt><trkpt lat="42.918420" lon="-8.085951"><ele>336.115</ele><time>2025-06-07T06:41:48.288Z</time></trkpt><trkpt lat="42.918419" lon="-8.086013"><ele>335.865</ele><time>2025-06-07T06:42:03.288Z</time></trkpt><trkpt lat="42.918464" lon="-8.086064"><ele>335.356</ele><time>2025-06-07T06:42:13.288Z</time></trkpt><trkpt lat="42.918506" lon="-8.086112"><ele>334.855</ele><time>2025-06-07T06:42:17.288Z</time></trkpt><trkpt lat="42.918529" lon="-8.086172"><ele>334.454</ele><time>2025-06-07T06:42:21.288Z</time></trkpt><trkpt lat="42.918528" lon="-8.086234"><ele>334.276</ele><time>2025-06-07T06:42:25.288Z</time></trkpt><trkpt lat="42.918540" lon="-8.086308"><ele>333.838</ele><time>2025-06-07T06:42:30.289Z</time></trkpt><trkpt lat="42.918549" lon="-8.086372"><ele>333.570</ele><time>2025-06-07T06:42:34.288Z</time></trkpt><trkpt lat="42.918558" lon="-8.086447"><ele>333.517</ele><time>2025-06-07T06:42:39.289Z</time></trkpt><trkpt lat="42.918567" lon="-8.086508"><ele>333.609</ele><time>2025-06-07T06:42:43.289Z</time></trkpt><trkpt lat="42.918580" lon="-8.086574"><ele>333.725</ele><time>2025-06-07T06:42:48.289Z</time></trkpt><trkpt lat="42.918592" lon="-8.086644"><ele>333.984</ele><time>2025-06-07T06:42:52.288Z</time></trkpt><trkpt lat="42.918601" lon="-8.086712"><ele>334.280</ele><time>2025-06-07T06:42:57.289Z</time></trkpt><trkpt lat="42.918634" lon="-8.086773"><ele>334.573</ele><time>2025-06-07T06:43:02.289Z</time></trkpt><trkpt lat="42.918657" lon="-8.086830"><ele>334.983</ele><time>2025-06-07T06:43:07.289Z</time></trkpt><trkpt lat="42.918670" lon="-8.086896"><ele>335.384</ele><time>2025-06-07T06:43:12.289Z</time></trkpt><trkpt lat="42.918673" lon="-8.086965"><ele>335.663</ele><time>2025-06-07T06:43:16.289Z</time></trkpt><trkpt lat="42.918677" lon="-8.087027"><ele>335.962</ele><time>2025-06-07T06:43:20.289Z</time></trkpt><trkpt lat="42.918690" lon="-8.087101"><ele>336.514</ele><time>2025-06-07T06:43:25.289Z</time></trkpt><trkpt lat="42.918705" lon="-8.087165"><ele>337.082</ele><time>2025-06-07T06:43:29.289Z</time></trkpt><trkpt lat="42.918711" lon="-8.087238"><ele>337.743</ele><time>2025-06-07T06:43:33.289Z</time></trkpt><trkpt lat="42.918722" lon="-8.087299"><ele>338.617</ele><time>2025-06-07T06:43:37.288Z</time></trkpt><trkpt lat="42.918726" lon="-8.087368"><ele>339.709</ele><time>2025-06-07T06:43:41.288Z</time></trkpt><trkpt lat="42.918726" lon="-8.087434"><ele>340.660</ele><time>2025-06-07T06:43:46.288Z</time></trkpt><trkpt lat="42.918703" lon="-8.087495"><ele>340.949</ele><time>2025-06-07T06:43:52.288Z</time></trkpt><trkpt lat="42.918707" lon="-8.087561"><ele>341.825</ele><time>2025-06-07T06:43:56.289Z</time></trkpt><trkpt lat="42.918710" lon="-8.087624"><ele>342.698</ele><time>2025-06-07T06:44:00.289Z</time></trkpt><trkpt lat="42.918702" lon="-8.087687"><ele>343.288</ele><time>2025-06-07T06:44:04.289Z</time></trkpt><trkpt lat="42.918700" lon="-8.087754"><ele>344.089</ele><time>2025-06-07T06:44:38.288Z</time></trkpt><trkpt lat="42.918660" lon="-8.087795"><ele>343.368</ele><time>2025-06-07T06:44:42.289Z</time></trkpt><trkpt lat="42.918635" lon="-8.087854"><ele>342.967</ele><time>2025-06-07T06:44:46.289Z</time></trkpt><trkpt lat="42.918608" lon="-8.087916"><ele>342.419</ele><time>2025-06-07T06:44:50.289Z</time></trkpt><trkpt lat="42.918587" lon="-8.087980"><ele>342.323</ele><time>2025-06-07T06:44:54.289Z</time></trkpt><trkpt lat="42.918567" lon="-8.088050"><ele>342.383</ele><time>2025-06-07T06:44:58.289Z</time></trkpt><trkpt lat="42.918547" lon="-8.088120"><ele>342.511</ele><time>2025-06-07T06:45:02.288Z</time></trkpt><trkpt lat="42.918525" lon="-8.088184"><ele>342.709</ele><time>2025-06-07T06:45:06.289Z</time></trkpt><trkpt lat="42.918499" lon="-8.088255"><ele>342.814</ele><time>2025-06-07T06:45:10.289Z</time></trkpt><trkpt lat="42.918497" lon="-8.088338"><ele>343.463</ele><time>2025-06-07T06:45:14.289Z</time></trkpt><trkpt lat="42.918507" lon="-8.088400"><ele>343.789</ele><time>2025-06-07T06:45:18.289Z</time></trkpt><trkpt lat="42.918519" lon="-8.088471"><ele>344.232</ele><time>2025-06-07T06:45:22.289Z</time></trkpt><trkpt lat="42.918513" lon="-8.088543"><ele>344.362</ele><time>2025-06-07T06:45:26.289Z</time></trkpt><trkpt lat="42.918518" lon="-8.088612"><ele>344.753</ele><time>2025-06-07T06:45:30.289Z</time></trkpt><trkpt lat="42.918523" lon="-8.088684"><ele>345.242</ele><time>2025-06-07T06:45:35.289Z</time></trkpt><trkpt lat="42.918523" lon="-8.088756"><ele>345.671</ele><time>2025-06-07T06:45:40.289Z</time></trkpt><trkpt lat="42.918541" lon="-8.088826"><ele>346.363</ele><time>2025-06-07T06:45:45.288Z</time></trkpt><trkpt lat="42.918527" lon="-8.088885"><ele>346.591</ele><time>2025-06-07T06:45:48.288Z</time></trkpt><trkpt lat="42.918497" lon="-8.088943"><ele>346.581</ele><time>2025-06-07T06:45:53.289Z</time></trkpt><trkpt lat="42.918492" lon="-8.089008"><ele>347.119</ele><time>2025-06-07T06:45:57.289Z</time></trkpt><trkpt lat="42.918500" lon="-8.089080"><ele>347.909</ele><time>2025-06-07T06:46:02.289Z</time></trkpt><trkpt lat="42.918522" lon="-8.089150"><ele>348.931</ele><time>2025-06-07T06:46:06.289Z</time></trkpt><trkpt lat="42.918558" lon="-8.089209"><ele>349.870</ele><time>2025-06-07T06:46:10.289Z</time></trkpt><trkpt lat="42.918602" lon="-8.089234"><ele>350.446</ele><time>2025-06-07T06:46:14.289Z</time></trkpt><trkpt lat="42.918647" lon="-8.089214"><ele>350.989</ele><time>2025-06-07T06:46:18.289Z</time></trkpt><trkpt lat="42.918692" lon="-8.089189"><ele>351.339</ele><time>2025-06-07T06:46:22.289Z</time></trkpt><trkpt lat="42.918740" lon="-8.089161"><ele>351.820</ele><time>2025-06-07T06:46:27.289Z</time></trkpt><trkpt lat="42.918788" lon="-8.089139"><ele>352.549</ele><time>2025-06-07T06:46:32.289Z</time></trkpt><trkpt lat="42.918836" lon="-8.089119"><ele>353.298</ele><time>2025-06-07T06:46:37.289Z</time></trkpt><trkpt lat="42.918871" lon="-8.089067"><ele>353.770</ele><time>2025-06-07T06:46:42.289Z</time></trkpt><trkpt lat="42.918893" lon="-8.088999"><ele>354.153</ele><time>2025-06-07T06:46:47.289Z</time></trkpt><trkpt lat="42.918918" lon="-8.088943"><ele>354.604</ele><time>2025-06-07T06:46:51.289Z</time></trkpt><trkpt lat="42.918958" lon="-8.088890"><ele>355.514</ele><time>2025-06-07T06:46:56.289Z</time></trkpt><trkpt lat="42.918995" lon="-8.088852"><ele>356.209</ele><time>2025-06-07T06:47:01.289Z</time></trkpt><trkpt lat="42.919041" lon="-8.088848"><ele>357.127</ele><time>2025-06-07T06:47:05.289Z</time></trkpt><trkpt lat="42.919095" lon="-8.088867"><ele>358.436</ele><time>2025-06-07T06:47:09.289Z</time></trkpt><trkpt lat="42.919135" lon="-8.088896"><ele>359.352</ele><time>2025-06-07T06:47:12.289Z</time></trkpt><trkpt lat="42.919173" lon="-8.088935"><ele>360.145</ele><time>2025-06-07T06:47:16.289Z</time></trkpt><trkpt lat="42.919203" lon="-8.088991"><ele>360.715</ele><time>2025-06-07T06:47:20.289Z</time></trkpt><trkpt lat="42.919222" lon="-8.089055"><ele>361.026</ele><time>2025-06-07T06:47:24.289Z</time></trkpt><trkpt lat="42.919244" lon="-8.089121"><ele>361.475</ele><time>2025-06-07T06:47:28.289Z</time></trkpt><trkpt lat="42.919259" lon="-8.089181"><ele>361.754</ele><time>2025-06-07T06:47:32.289Z</time></trkpt><trkpt lat="42.919274" lon="-8.089243"><ele>362.366</ele><time>2025-06-07T06:47:36.289Z</time></trkpt><trkpt lat="42.919291" lon="-8.089312"><ele>363.029</ele><time>2025-06-07T06:47:41.289Z</time></trkpt><trkpt lat="42.919303" lon="-8.089384"><ele>363.600</ele><time>2025-06-07T06:47:46.288Z</time></trkpt><trkpt lat="42.919322" lon="-8.089451"><ele>364.420</ele><time>2025-06-07T06:47:51.289Z</time></trkpt><trkpt lat="42.919332" lon="-8.089525"><ele>365.309</ele><time>2025-06-07T06:47:56.290Z</time></trkpt><trkpt lat="42.919338" lon="-8.089597"><ele>366.044</ele><time>2025-06-07T06:48:01.290Z</time></trkpt><trkpt lat="42.919354" lon="-8.089661"><ele>366.953</ele><time>2025-06-07T06:48:06.289Z</time></trkpt><trkpt lat="42.919370" lon="-8.089727"><ele>367.769</ele><time>2025-06-07T06:48:11.290Z</time></trkpt><trkpt lat="42.919380" lon="-8.089789"><ele>368.732</ele><time>2025-06-07T06:48:16.290Z</time></trkpt><trkpt lat="42.919391" lon="-8.089859"><ele>369.842</ele><time>2025-06-07T06:48:21.290Z</time></trkpt><trkpt lat="42.919409" lon="-8.089926"><ele>371.193</ele><time>2025-06-07T06:48:26.290Z</time></trkpt><trkpt lat="42.919418" lon="-8.089992"><ele>372.272</ele><time>2025-06-07T06:48:30.290Z</time></trkpt><trkpt lat="42.919434" lon="-8.090060"><ele>373.281</ele><time>2025-06-07T06:48:35.290Z</time></trkpt><trkpt lat="42.919449" lon="-8.090124"><ele>374.073</ele><time>2025-06-07T06:48:40.290Z</time></trkpt><trkpt lat="42.919461" lon="-8.090192"><ele>374.743</ele><time>2025-06-07T06:48:45.290Z</time></trkpt><trkpt lat="42.919459" lon="-8.090266"><ele>375.264</ele><time>2025-06-07T06:48:50.290Z</time></trkpt><trkpt lat="42.919470" lon="-8.090329"><ele>375.510</ele><time>2025-06-07T06:48:55.290Z</time></trkpt><trkpt lat="42.919478" lon="-8.090404"><ele>375.709</ele><time>2025-06-07T06:49:00.290Z</time></trkpt><trkpt lat="42.919484" lon="-8.090466"><ele>375.816</ele><time>2025-06-07T06:49:05.289Z</time></trkpt><trkpt lat="42.919489" lon="-8.090537"><ele>376.025</ele><time>2025-06-07T06:49:10.290Z</time></trkpt><trkpt lat="42.919496" lon="-8.090608"><ele>376.521</ele><time>2025-06-07T06:49:15.290Z</time></trkpt><trkpt lat="42.919510" lon="-8.090684"><ele>377.284</ele><time>2025-06-07T06:49:20.290Z</time></trkpt><trkpt lat="42.919515" lon="-8.090757"><ele>377.874</ele><time>2025-06-07T06:49:25.290Z</time></trkpt><trkpt lat="42.919521" lon="-8.090826"><ele>378.365</ele><time>2025-06-07T06:49:30.290Z</time></trkpt><trkpt lat="42.919538" lon="-8.090893"><ele>379.344</ele><time>2025-06-07T06:49:35.290Z</time></trkpt><trkpt lat="42.919560" lon="-8.090953"><ele>380.263</ele><time>2025-06-07T06:49:40.290Z</time></trkpt><trkpt lat="42.919592" lon="-8.091011"><ele>381.285</ele><time>2025-06-07T06:49:45.290Z</time></trkpt><trkpt lat="42.919628" lon="-8.091053"><ele>382.236</ele><time>2025-06-07T06:49:50.290Z</time></trkpt><trkpt lat="42.919669" lon="-8.091100"><ele>383.117</ele><time>2025-06-07T06:49:55.290Z</time></trkpt><trkpt lat="42.919693" lon="-8.091169"><ele>384.318</ele><time>2025-06-07T06:49:59.290Z</time></trkpt><trkpt lat="42.919716" lon="-8.091237"><ele>385.309</ele><time>2025-06-07T06:50:03.289Z</time></trkpt><trkpt lat="42.919745" lon="-8.091291"><ele>386.365</ele><time>2025-06-07T06:50:07.289Z</time></trkpt><trkpt lat="42.919777" lon="-8.091350"><ele>387.364</ele><time>2025-06-07T06:50:11.290Z</time></trkpt><trkpt lat="42.919810" lon="-8.091392"><ele>388.060</ele><time>2025-06-07T06:50:15.290Z</time></trkpt><trkpt lat="42.919845" lon="-8.091435"><ele>388.863</ele><time>2025-06-07T06:50:19.289Z</time></trkpt><trkpt lat="42.919879" lon="-8.091488"><ele>389.743</ele><time>2025-06-07T06:50:24.289Z</time></trkpt><trkpt lat="42.919920" lon="-8.091537"><ele>390.554</ele><time>2025-06-07T06:50:29.290Z</time></trkpt><trkpt lat="42.919953" lon="-8.091597"><ele>391.223</ele><time>2025-06-07T06:50:35.290Z</time></trkpt><trkpt lat="42.919986" lon="-8.091641"><ele>391.862</ele><time>2025-06-07T06:50:39.289Z</time></trkpt><trkpt lat="42.920016" lon="-8.091690"><ele>392.254</ele><time>2025-06-07T06:50:43.290Z</time></trkpt><trkpt lat="42.920059" lon="-8.091734"><ele>392.678</ele><time>2025-06-07T06:50:48.290Z</time></trkpt><trkpt lat="42.920094" lon="-8.091786"><ele>393.033</ele><time>2025-06-07T06:50:53.290Z</time></trkpt><trkpt lat="42.920137" lon="-8.091831"><ele>393.226</ele><time>2025-06-07T06:50:58.290Z</time></trkpt><trkpt lat="42.920171" lon="-8.091881"><ele>393.409</ele><time>2025-06-07T06:51:03.289Z</time></trkpt><trkpt lat="42.920206" lon="-8.091931"><ele>393.459</ele><time>2025-06-07T06:51:08.289Z</time></trkpt><trkpt lat="42.920240" lon="-8.091987"><ele>393.938</ele><time>2025-06-07T06:51:14.290Z</time></trkpt><trkpt lat="42.920275" lon="-8.092042"><ele>394.494</ele><time>2025-06-07T06:51:20.290Z</time></trkpt><trkpt lat="42.920308" lon="-8.092089"><ele>394.997</ele><time>2025-06-07T06:51:25.290Z</time></trkpt><trkpt lat="42.920332" lon="-8.092154"><ele>395.547</ele><time>2025-06-07T06:51:30.290Z</time></trkpt><trkpt lat="42.920369" lon="-8.092199"><ele>395.768</ele><time>2025-06-07T06:51:35.290Z</time></trkpt><trkpt lat="42.920397" lon="-8.092255"><ele>396.067</ele><time>2025-06-07T06:51:40.289Z</time></trkpt><trkpt lat="42.920417" lon="-8.092310"><ele>396.356</ele><time>2025-06-07T06:51:45.290Z</time></trkpt><trkpt lat="42.920427" lon="-8.092373"><ele>396.768</ele><time>2025-06-07T06:51:50.289Z</time></trkpt><trkpt lat="42.920447" lon="-8.092437"><ele>397.029</ele><time>2025-06-07T06:51:55.289Z</time></trkpt><trkpt lat="42.920480" lon="-8.092487"><ele>397.000</ele><time>2025-06-07T06:52:00.290Z</time></trkpt><trkpt lat="42.920523" lon="-8.092518"><ele>396.620</ele><time>2025-06-07T06:52:08.289Z</time></trkpt><trkpt lat="42.920565" lon="-8.092549"><ele>396.409</ele><time>2025-06-07T06:52:12.290Z</time></trkpt><trkpt lat="42.920606" lon="-8.092579"><ele>396.664</ele><time>2025-06-07T06:52:16.289Z</time></trkpt><trkpt lat="42.920657" lon="-8.092610"><ele>396.893</ele><time>2025-06-07T06:52:21.290Z</time></trkpt><trkpt lat="42.920700" lon="-8.092632"><ele>397.039</ele><time>2025-06-07T06:52:25.290Z</time></trkpt><trkpt lat="42.920745" lon="-8.092649"><ele>397.112</ele><time>2025-06-07T06:52:29.290Z</time></trkpt><trkpt lat="42.920795" lon="-8.092674"><ele>397.362</ele><time>2025-06-07T06:52:34.289Z</time></trkpt><trkpt lat="42.920838" lon="-8.092693"><ele>397.443</ele><time>2025-06-07T06:52:38.290Z</time></trkpt><trkpt lat="42.920880" lon="-8.092717"><ele>397.822</ele><time>2025-06-07T06:52:42.290Z</time></trkpt><trkpt lat="42.920932" lon="-8.092744"><ele>398.241</ele><time>2025-06-07T06:52:47.290Z</time></trkpt><trkpt lat="42.920984" lon="-8.092767"><ele>398.553</ele><time>2025-06-07T06:52:52.291Z</time></trkpt><trkpt lat="42.921027" lon="-8.092785"><ele>398.787</ele><time>2025-06-07T06:52:56.290Z</time></trkpt><trkpt lat="42.921079" lon="-8.092812"><ele>399.042</ele><time>2025-06-07T06:53:01.291Z</time></trkpt><trkpt lat="42.921127" lon="-8.092829"><ele>399.326</ele><time>2025-06-07T06:53:05.291Z</time></trkpt><trkpt lat="42.921179" lon="-8.092847"><ele>399.609</ele><time>2025-06-07T06:53:10.291Z</time></trkpt><trkpt lat="42.921222" lon="-8.092865"><ele>399.880</ele><time>2025-06-07T06:53:14.291Z</time></trkpt><trkpt lat="42.921275" lon="-8.092880"><ele>400.259</ele><time>2025-06-07T06:53:19.291Z</time></trkpt><trkpt lat="42.921327" lon="-8.092903"><ele>400.665</ele><time>2025-06-07T06:53:24.291Z</time></trkpt><trkpt lat="42.921372" lon="-8.092917"><ele>400.968</ele><time>2025-06-07T06:53:28.291Z</time></trkpt><trkpt lat="42.921426" lon="-8.092936"><ele>401.158</ele><time>2025-06-07T06:53:33.291Z</time></trkpt><trkpt lat="42.921478" lon="-8.092957"><ele>401.329</ele><time>2025-06-07T06:53:38.291Z</time></trkpt><trkpt lat="42.921529" lon="-8.092976"><ele>401.428</ele><time>2025-06-07T06:53:43.291Z</time></trkpt><trkpt lat="42.921579" lon="-8.092999"><ele>401.687</ele><time>2025-06-07T06:53:48.291Z</time></trkpt><trkpt lat="42.921633" lon="-8.093014"><ele>401.779</ele><time>2025-06-07T06:53:53.291Z</time></trkpt><trkpt lat="42.921685" lon="-8.093041"><ele>402.062</ele><time>2025-06-07T06:53:58.291Z</time></trkpt><trkpt lat="42.921738" lon="-8.093066"><ele>402.383</ele><time>2025-06-07T06:54:03.290Z</time></trkpt><trkpt lat="42.921786" lon="-8.093081"><ele>402.611</ele><time>2025-06-07T06:54:07.290Z</time></trkpt><trkpt lat="42.921836" lon="-8.093111"><ele>402.909</ele><time>2025-06-07T06:54:11.291Z</time></trkpt><trkpt lat="42.921892" lon="-8.093144"><ele>403.268</ele><time>2025-06-07T06:54:15.291Z</time></trkpt><trkpt lat="42.921942" lon="-8.093174"><ele>403.487</ele><time>2025-06-07T06:54:19.291Z</time></trkpt><trkpt lat="42.921988" lon="-8.093202"><ele>403.753</ele><time>2025-06-07T06:54:23.291Z</time></trkpt><trkpt lat="42.922034" lon="-8.093222"><ele>403.936</ele><time>2025-06-07T06:54:27.291Z</time></trkpt><trkpt lat="42.922077" lon="-8.093258"><ele>404.096</ele><time>2025-06-07T06:54:31.291Z</time></trkpt><trkpt lat="42.922124" lon="-8.093285"><ele>404.137</ele><time>2025-06-07T06:54:35.291Z</time></trkpt><trkpt lat="42.922169" lon="-8.093319"><ele>404.096</ele><time>2025-06-07T06:54:39.290Z</time></trkpt><trkpt lat="42.922208" lon="-8.093352"><ele>403.925</ele><time>2025-06-07T06:54:43.291Z</time></trkpt><trkpt lat="42.922247" lon="-8.093388"><ele>403.867</ele><time>2025-06-07T06:54:47.291Z</time></trkpt><trkpt lat="42.922295" lon="-8.093423"><ele>403.773</ele><time>2025-06-07T06:54:52.291Z</time></trkpt><trkpt lat="42.922334" lon="-8.093454"><ele>403.685</ele><time>2025-06-07T06:54:56.290Z</time></trkpt><trkpt lat="42.922381" lon="-8.093489"><ele>403.413</ele><time>2025-06-07T06:55:00.291Z</time></trkpt><trkpt lat="42.922425" lon="-8.093523"><ele>403.309</ele><time>2025-06-07T06:55:04.290Z</time></trkpt><trkpt lat="42.922470" lon="-8.093561"><ele>403.229</ele><time>2025-06-07T06:55:09.290Z</time></trkpt><trkpt lat="42.922476" lon="-8.093629"><ele>402.988</ele><time>2025-06-07T06:55:29.291Z</time></trkpt><trkpt lat="42.922525" lon="-8.093640"><ele>402.884</ele><time>2025-06-07T06:55:35.291Z</time></trkpt><trkpt lat="42.922500" lon="-8.093701"><ele>402.777</ele><time>2025-06-07T06:55:47.291Z</time></trkpt><trkpt lat="42.922546" lon="-8.093721"><ele>402.597</ele><time>2025-06-07T06:55:50.291Z</time></trkpt><trkpt lat="42.922596" lon="-8.093734"><ele>402.488</ele><time>2025-06-07T06:55:54.291Z</time></trkpt><trkpt lat="42.922643" lon="-8.093761"><ele>402.237</ele><time>2025-06-07T06:55:58.291Z</time></trkpt><trkpt lat="42.922692" lon="-8.093795"><ele>402.186</ele><time>2025-06-07T06:56:02.291Z</time></trkpt><trkpt lat="42.922741" lon="-8.093828"><ele>402.058</ele><time>2025-06-07T06:56:06.290Z</time></trkpt><trkpt lat="42.922790" lon="-8.093848"><ele>402.188</ele><time>2025-06-07T06:56:10.291Z</time></trkpt><trkpt lat="42.922833" lon="-8.093884"><ele>402.224</ele><time>2025-06-07T06:56:14.291Z</time></trkpt><trkpt lat="42.922880" lon="-8.093913"><ele>402.426</ele><time>2025-06-07T06:56:18.290Z</time></trkpt><trkpt lat="42.922926" lon="-8.093941"><ele>402.509</ele><time>2025-06-07T06:56:22.291Z</time></trkpt><trkpt lat="42.922974" lon="-8.093966"><ele>402.730</ele><time>2025-06-07T06:56:26.290Z</time></trkpt><trkpt lat="42.923022" lon="-8.094007"><ele>402.929</ele><time>2025-06-07T06:56:30.290Z</time></trkpt><trkpt lat="42.923064" lon="-8.094049"><ele>403.055</ele><time>2025-06-07T06:56:34.291Z</time></trkpt><trkpt lat="42.923109" lon="-8.094082"><ele>403.348</ele><time>2025-06-07T06:56:38.291Z</time></trkpt><trkpt lat="42.923151" lon="-8.094117"><ele>403.458</ele><time>2025-06-07T06:56:42.291Z</time></trkpt><trkpt lat="42.923195" lon="-8.094148"><ele>403.579</ele><time>2025-06-07T06:56:46.291Z</time></trkpt><trkpt lat="42.923241" lon="-8.094183"><ele>403.688</ele><time>2025-06-07T06:56:50.291Z</time></trkpt><trkpt lat="42.923286" lon="-8.094217"><ele>403.747</ele><time>2025-06-07T06:56:54.291Z</time></trkpt><trkpt lat="42.923330" lon="-8.094246"><ele>403.779</ele><time>2025-06-07T06:56:58.290Z</time></trkpt><trkpt lat="42.923374" lon="-8.094278"><ele>404.079</ele><time>2025-06-07T06:57:02.290Z</time></trkpt><trkpt lat="42.923416" lon="-8.094312"><ele>404.405</ele><time>2025-06-07T06:57:06.291Z</time></trkpt><trkpt lat="42.923459" lon="-8.094347"><ele>404.725</ele><time>2025-06-07T06:57:10.291Z</time></trkpt><trkpt lat="42.923501" lon="-8.094383"><ele>405.009</ele><time>2025-06-07T06:57:14.291Z</time></trkpt><trkpt lat="42.923541" lon="-8.094425"><ele>405.369</ele><time>2025-06-07T06:57:18.291Z</time></trkpt><trkpt lat="42.923582" lon="-8.094460"><ele>405.668</ele><time>2025-06-07T06:57:22.291Z</time></trkpt><trkpt lat="42.923624" lon="-8.094499"><ele>405.974</ele><time>2025-06-07T06:57:26.291Z</time></trkpt><trkpt lat="42.923673" lon="-8.094522"><ele>406.267</ele><time>2025-06-07T06:57:30.291Z</time></trkpt><trkpt lat="42.923711" lon="-8.094562"><ele>406.477</ele><time>2025-06-07T06:57:34.292Z</time></trkpt><trkpt lat="42.923751" lon="-8.094607"><ele>406.718</ele><time>2025-06-07T06:57:38.292Z</time></trkpt><trkpt lat="42.923791" lon="-8.094641"><ele>407.047</ele><time>2025-06-07T06:57:42.292Z</time></trkpt><trkpt lat="42.923830" lon="-8.094679"><ele>407.496</ele><time>2025-06-07T06:57:46.292Z</time></trkpt><trkpt lat="42.923868" lon="-8.094721"><ele>407.868</ele><time>2025-06-07T06:57:50.292Z</time></trkpt><trkpt lat="42.923902" lon="-8.094768"><ele>408.113</ele><time>2025-06-07T06:57:54.292Z</time></trkpt><trkpt lat="42.923937" lon="-8.094816"><ele>408.343</ele><time>2025-06-07T06:57:58.291Z</time></trkpt><trkpt lat="42.923974" lon="-8.094860"><ele>408.607</ele><time>2025-06-07T06:58:02.292Z</time></trkpt><trkpt lat="42.924006" lon="-8.094915"><ele>408.809</ele><time>2025-06-07T06:58:06.292Z</time></trkpt><trkpt lat="42.924037" lon="-8.094960"><ele>409.133</ele><time>2025-06-07T06:58:10.292Z</time></trkpt><trkpt lat="42.924066" lon="-8.095008"><ele>409.292</ele><time>2025-06-07T06:58:14.292Z</time></trkpt><trkpt lat="42.924095" lon="-8.095058"><ele>409.358</ele><time>2025-06-07T06:58:18.292Z</time></trkpt><trkpt lat="42.924123" lon="-8.095111"><ele>409.351</ele><time>2025-06-07T06:58:22.292Z</time></trkpt><trkpt lat="42.924149" lon="-8.095166"><ele>409.391</ele><time>2025-06-07T06:58:26.292Z</time></trkpt><trkpt lat="42.924178" lon="-8.095223"><ele>409.262</ele><time>2025-06-07T06:58:30.292Z</time></trkpt><trkpt lat="42.924206" lon="-8.095280"><ele>409.131</ele><time>2025-06-07T06:58:34.292Z</time></trkpt><trkpt lat="42.924229" lon="-8.095340"><ele>409.290</ele><time>2025-06-07T06:58:38.291Z</time></trkpt><trkpt lat="42.924255" lon="-8.095400"><ele>409.352</ele><time>2025-06-07T06:58:42.292Z</time></trkpt><trkpt lat="42.924273" lon="-8.095467"><ele>409.413</ele><time>2025-06-07T06:58:46.291Z</time></trkpt><trkpt lat="42.924287" lon="-8.095532"><ele>409.443</ele><time>2025-06-07T06:58:50.291Z</time></trkpt><trkpt lat="42.924306" lon="-8.095601"><ele>409.507</ele><time>2025-06-07T06:58:54.292Z</time></trkpt><trkpt lat="42.924323" lon="-8.095674"><ele>409.609</ele><time>2025-06-07T06:58:58.292Z</time></trkpt><trkpt lat="42.924342" lon="-8.095741"><ele>409.613</ele><time>2025-06-07T06:59:02.292Z</time></trkpt><trkpt lat="42.924358" lon="-8.095807"><ele>409.752</ele><time>2025-06-07T06:59:06.292Z</time></trkpt><trkpt lat="42.924372" lon="-8.095872"><ele>409.728</ele><time>2025-06-07T06:59:10.291Z</time></trkpt><trkpt lat="42.924398" lon="-8.095930"><ele>409.861</ele><time>2025-06-07T06:59:14.292Z</time></trkpt><trkpt lat="42.924417" lon="-8.096000"><ele>409.981</ele><time>2025-06-07T06:59:18.292Z</time></trkpt><trkpt lat="42.924437" lon="-8.096064"><ele>410.082</ele><time>2025-06-07T06:59:22.292Z</time></trkpt><trkpt lat="42.924457" lon="-8.096128"><ele>410.231</ele><time>2025-06-07T06:59:26.292Z</time></trkpt><trkpt lat="42.924478" lon="-8.096186"><ele>410.590</ele><time>2025-06-07T06:59:30.292Z</time></trkpt><trkpt lat="42.924492" lon="-8.096252"><ele>410.992</ele><time>2025-06-07T06:59:34.292Z</time></trkpt><trkpt lat="42.924506" lon="-8.096315"><ele>411.277</ele><time>2025-06-07T06:59:38.292Z</time></trkpt><trkpt lat="42.924520" lon="-8.096381"><ele>411.561</ele><time>2025-06-07T06:59:42.292Z</time></trkpt><trkpt lat="42.924537" lon="-8.096445"><ele>411.727</ele><time>2025-06-07T06:59:46.291Z</time></trkpt><trkpt lat="42.924553" lon="-8.096509"><ele>411.809</ele><time>2025-06-07T06:59:50.292Z</time></trkpt><trkpt lat="42.924569" lon="-8.096568"><ele>411.949</ele><time>2025-06-07T06:59:54.291Z</time></trkpt><trkpt lat="42.924588" lon="-8.096640"><ele>412.018</ele><time>2025-06-07T06:59:59.292Z</time></trkpt><trkpt lat="42.924607" lon="-8.096703"><ele>412.244</ele><time>2025-06-07T07:00:03.292Z</time></trkpt><trkpt lat="42.924622" lon="-8.096772"><ele>412.467</ele><time>2025-06-07T07:00:07.292Z</time></trkpt><trkpt lat="42.924641" lon="-8.096837"><ele>412.767</ele><time>2025-06-07T07:00:11.292Z</time></trkpt><trkpt lat="42.924656" lon="-8.096900"><ele>413.018</ele><time>2025-06-07T07:00:15.292Z</time></trkpt><trkpt lat="42.924669" lon="-8.096972"><ele>413.227</ele><time>2025-06-07T07:00:19.292Z</time></trkpt><trkpt lat="42.924684" lon="-8.097042"><ele>413.586</ele><time>2025-06-07T07:00:23.292Z</time></trkpt><trkpt lat="42.924698" lon="-8.097112"><ele>413.798</ele><time>2025-06-07T07:00:27.292Z</time></trkpt><trkpt lat="42.924718" lon="-8.097174"><ele>413.911</ele><time>2025-06-07T07:00:31.292Z</time></trkpt><trkpt lat="42.924728" lon="-8.097236"><ele>414.021</ele><time>2025-06-07T07:00:35.292Z</time></trkpt><trkpt lat="42.924746" lon="-8.097298"><ele>414.203</ele><time>2025-06-07T07:00:39.292Z</time></trkpt><trkpt lat="42.924738" lon="-8.097366"><ele>414.109</ele><time>2025-06-07T07:00:43.292Z</time></trkpt><trkpt lat="42.924709" lon="-8.097419"><ele>413.823</ele><time>2025-06-07T07:00:47.292Z</time></trkpt><trkpt lat="42.924681" lon="-8.097482"><ele>413.532</ele><time>2025-06-07T07:00:51.292Z</time></trkpt><trkpt lat="42.924656" lon="-8.097545"><ele>413.348</ele><time>2025-06-07T07:00:55.292Z</time></trkpt><trkpt lat="42.924638" lon="-8.097615"><ele>413.121</ele><time>2025-06-07T07:00:59.292Z</time></trkpt><trkpt lat="42.924619" lon="-8.097683"><ele>412.941</ele><time>2025-06-07T07:01:03.292Z</time></trkpt><trkpt lat="42.924617" lon="-8.097753"><ele>412.952</ele><time>2025-06-07T07:01:07.292Z</time></trkpt><trkpt lat="42.924569" lon="-8.097769"><ele>412.331</ele><time>2025-06-07T07:01:26.292Z</time></trkpt><trkpt lat="42.924614" lon="-8.097758"><ele>412.880</ele><time>2025-06-07T07:01:28.292Z</time></trkpt><trkpt lat="42.924596" lon="-8.097826"><ele>412.682</ele><time>2025-06-07T07:01:36.292Z</time></trkpt><trkpt lat="42.924579" lon="-8.097897"><ele>412.538</ele><time>2025-06-07T07:01:40.292Z</time></trkpt><trkpt lat="42.924571" lon="-8.097969"><ele>412.470</ele><time>2025-06-07T07:01:44.292Z</time></trkpt><trkpt lat="42.924571" lon="-8.098037"><ele>412.417</ele><time>2025-06-07T07:01:48.292Z</time></trkpt><trkpt lat="42.924562" lon="-8.098110"><ele>412.109</ele><time>2025-06-07T07:01:52.291Z</time></trkpt><trkpt lat="42.924557" lon="-8.098186"><ele>411.895</ele><time>2025-06-07T07:01:56.292Z</time></trkpt><trkpt lat="42.924559" lon="-8.098254"><ele>411.614</ele><time>2025-06-07T07:02:00.292Z</time></trkpt><trkpt lat="42.924556" lon="-8.098323"><ele>411.430</ele><time>2025-06-07T07:02:04.292Z</time></trkpt><trkpt lat="42.924559" lon="-8.098389"><ele>411.383</ele><time>2025-06-07T07:02:08.293Z</time></trkpt><trkpt lat="42.924562" lon="-8.098457"><ele>411.223</ele><time>2025-06-07T07:02:12.293Z</time></trkpt><trkpt lat="42.924564" lon="-8.098527"><ele>411.174</ele><time>2025-06-07T07:02:16.293Z</time></trkpt><trkpt lat="42.924578" lon="-8.098595"><ele>411.063</ele><time>2025-06-07T07:02:20.293Z</time></trkpt><trkpt lat="42.924597" lon="-8.098662"><ele>410.872</ele><time>2025-06-07T07:02:24.293Z</time></trkpt><trkpt lat="42.924610" lon="-8.098726"><ele>410.634</ele><time>2025-06-07T07:02:28.292Z</time></trkpt><trkpt lat="42.924628" lon="-8.098790"><ele>410.492</ele><time>2025-06-07T07:02:32.293Z</time></trkpt><trkpt lat="42.924649" lon="-8.098857"><ele>410.173</ele><time>2025-06-07T07:02:36.293Z</time></trkpt><trkpt lat="42.924669" lon="-8.098918"><ele>409.820</ele><time>2025-06-07T07:02:40.293Z</time></trkpt><trkpt lat="42.924686" lon="-8.098983"><ele>409.409</ele><time>2025-06-07T07:02:44.293Z</time></trkpt><trkpt lat="42.924704" lon="-8.099049"><ele>408.931</ele><time>2025-06-07T07:02:48.292Z</time></trkpt><trkpt lat="42.924713" lon="-8.099126"><ele>408.350</ele><time>2025-06-07T07:02:53.293Z</time></trkpt><trkpt lat="42.924716" lon="-8.099196"><ele>407.916</ele><time>2025-06-07T07:02:57.292Z</time></trkpt><trkpt lat="42.924707" lon="-8.099264"><ele>407.759</ele><time>2025-06-07T07:03:01.293Z</time></trkpt><trkpt lat="42.924699" lon="-8.099334"><ele>407.559</ele><time>2025-06-07T07:03:05.293Z</time></trkpt><trkpt lat="42.924692" lon="-8.099400"><ele>407.380</ele><time>2025-06-07T07:03:09.293Z</time></trkpt><trkpt lat="42.924686" lon="-8.099465"><ele>407.139</ele><time>2025-06-07T07:03:13.292Z</time></trkpt><trkpt lat="42.924675" lon="-8.099533"><ele>406.988</ele><time>2025-06-07T07:03:17.293Z</time></trkpt><trkpt lat="42.924670" lon="-8.099604"><ele>406.660</ele><time>2025-06-07T07:03:21.293Z</time></trkpt><trkpt lat="42.924667" lon="-8.099675"><ele>406.485</ele><time>2025-06-07T07:03:25.293Z</time></trkpt><trkpt lat="42.924657" lon="-8.099745"><ele>406.289</ele><time>2025-06-07T07:03:29.293Z</time></trkpt><trkpt lat="42.924658" lon="-8.099814"><ele>406.017</ele><time>2025-06-07T07:03:33.293Z</time></trkpt><trkpt lat="42.924659" lon="-8.099882"><ele>405.809</ele><time>2025-06-07T07:03:37.293Z</time></trkpt><trkpt lat="42.924660" lon="-8.099948"><ele>405.610</ele><time>2025-06-07T07:03:41.293Z</time></trkpt><trkpt lat="42.924655" lon="-8.100017"><ele>405.499</ele><time>2025-06-07T07:03:45.292Z</time></trkpt><trkpt lat="42.924654" lon="-8.100087"><ele>405.295</ele><time>2025-06-07T07:03:49.292Z</time></trkpt><trkpt lat="42.924651" lon="-8.100157"><ele>404.988</ele><time>2025-06-07T07:03:53.292Z</time></trkpt><trkpt lat="42.924647" lon="-8.100225"><ele>404.778</ele><time>2025-06-07T07:03:57.292Z</time></trkpt><trkpt lat="42.924643" lon="-8.100292"><ele>404.599</ele><time>2025-06-07T07:04:01.293Z</time></trkpt><trkpt lat="42.924645" lon="-8.100360"><ele>404.328</ele><time>2025-06-07T07:04:05.293Z</time></trkpt><trkpt lat="42.924641" lon="-8.100426"><ele>404.127</ele><time>2025-06-07T07:04:09.293Z</time></trkpt><trkpt lat="42.924643" lon="-8.100493"><ele>403.899</ele><time>2025-06-07T07:04:13.293Z</time></trkpt><trkpt lat="42.924647" lon="-8.100559"><ele>403.565</ele><time>2025-06-07T07:04:17.293Z</time></trkpt><trkpt lat="42.924647" lon="-8.100628"><ele>403.568</ele><time>2025-06-07T07:04:21.292Z</time></trkpt><trkpt lat="42.924652" lon="-8.100699"><ele>403.514</ele><time>2025-06-07T07:04:25.293Z</time></trkpt><trkpt lat="42.924649" lon="-8.100769"><ele>403.509</ele><time>2025-06-07T07:04:29.293Z</time></trkpt><trkpt lat="42.924648" lon="-8.100841"><ele>403.588</ele><time>2025-06-07T07:04:33.293Z</time></trkpt><trkpt lat="42.924650" lon="-8.100912"><ele>403.577</ele><time>2025-06-07T07:04:37.293Z</time></trkpt><trkpt lat="42.924648" lon="-8.100983"><ele>403.513</ele><time>2025-06-07T07:04:41.292Z</time></trkpt><trkpt lat="42.924649" lon="-8.101054"><ele>403.556</ele><time>2025-06-07T07:04:45.293Z</time></trkpt><trkpt lat="42.924647" lon="-8.101120"><ele>403.576</ele><time>2025-06-07T07:04:49.293Z</time></trkpt><trkpt lat="42.924647" lon="-8.101192"><ele>403.517</ele><time>2025-06-07T07:04:53.293Z</time></trkpt><trkpt lat="42.924642" lon="-8.101261"><ele>403.636</ele><time>2025-06-07T07:04:57.293Z</time></trkpt><trkpt lat="42.924647" lon="-8.101330"><ele>403.595</ele><time>2025-06-07T07:05:01.292Z</time></trkpt><trkpt lat="42.924651" lon="-8.101405"><ele>403.667</ele><time>2025-06-07T07:05:05.293Z</time></trkpt><trkpt lat="42.924649" lon="-8.101475"><ele>403.856</ele><time>2025-06-07T07:05:09.293Z</time></trkpt><trkpt lat="42.924660" lon="-8.101543"><ele>404.059</ele><time>2025-06-07T07:05:13.293Z</time></trkpt><trkpt lat="42.924663" lon="-8.101618"><ele>404.314</ele><time>2025-06-07T07:05:17.293Z</time></trkpt><trkpt lat="42.924674" lon="-8.101683"><ele>404.309</ele><time>2025-06-07T07:05:21.293Z</time></trkpt><trkpt lat="42.924691" lon="-8.101747"><ele>404.017</ele><time>2025-06-07T07:05:25.292Z</time></trkpt><trkpt lat="42.924705" lon="-8.101812"><ele>403.716</ele><time>2025-06-07T07:05:29.292Z</time></trkpt><trkpt lat="42.924721" lon="-8.101873"><ele>403.352</ele><time>2025-06-07T07:05:33.293Z</time></trkpt><trkpt lat="42.924758" lon="-8.101909"><ele>402.785</ele><time>2025-06-07T07:05:43.293Z</time></trkpt><trkpt lat="42.924756" lon="-8.101972"><ele>402.665</ele><time>2025-06-07T07:05:49.293Z</time></trkpt><trkpt lat="42.924771" lon="-8.102036"><ele>402.426</ele><time>2025-06-07T07:05:53.293Z</time></trkpt><trkpt lat="42.924791" lon="-8.102092"><ele>402.165</ele><time>2025-06-07T07:05:57.292Z</time></trkpt><trkpt lat="42.924810" lon="-8.102152"><ele>401.844</ele><time>2025-06-07T07:06:01.293Z</time></trkpt><trkpt lat="42.924833" lon="-8.102215"><ele>401.496</ele><time>2025-06-07T07:06:05.293Z</time></trkpt><trkpt lat="42.924851" lon="-8.102278"><ele>400.958</ele><time>2025-06-07T07:06:09.293Z</time></trkpt><trkpt lat="42.924870" lon="-8.102339"><ele>400.552</ele><time>2025-06-07T07:06:13.293Z</time></trkpt><trkpt lat="42.924889" lon="-8.102407"><ele>400.117</ele><time>2025-06-07T07:06:17.293Z</time></trkpt><trkpt lat="42.924903" lon="-8.102474"><ele>399.809</ele><time>2025-06-07T07:06:21.293Z</time></trkpt><trkpt lat="42.924920" lon="-8.102535"><ele>399.577</ele><time>2025-06-07T07:06:25.292Z</time></trkpt><trkpt lat="42.924940" lon="-8.102596"><ele>399.116</ele><time>2025-06-07T07:06:29.293Z</time></trkpt><trkpt lat="42.924951" lon="-8.102665"><ele>398.892</ele><time>2025-06-07T07:06:33.293Z</time></trkpt><trkpt lat="42.924975" lon="-8.102725"><ele>398.485</ele><time>2025-06-07T07:06:37.293Z</time></trkpt><trkpt lat="42.924998" lon="-8.102783"><ele>398.015</ele><time>2025-06-07T07:06:41.294Z</time></trkpt><trkpt lat="42.925017" lon="-8.102843"><ele>397.766</ele><time>2025-06-07T07:06:45.293Z</time></trkpt><trkpt lat="42.925034" lon="-8.102906"><ele>397.465</ele><time>2025-06-07T07:06:49.294Z</time></trkpt><trkpt lat="42.925055" lon="-8.102970"><ele>397.144</ele><time>2025-06-07T07:06:53.294Z</time></trkpt><trkpt lat="42.925077" lon="-8.103036"><ele>396.846</ele><time>2025-06-07T07:06:57.294Z</time></trkpt><trkpt lat="42.925097" lon="-8.103100"><ele>396.567</ele><time>2025-06-07T07:07:01.294Z</time></trkpt><trkpt lat="42.925116" lon="-8.103161"><ele>396.281</ele><time>2025-06-07T07:07:05.293Z</time></trkpt><trkpt lat="42.925130" lon="-8.103222"><ele>395.919</ele><time>2025-06-07T07:07:09.294Z</time></trkpt><trkpt lat="42.925155" lon="-8.103290"><ele>395.609</ele><time>2025-06-07T07:07:14.294Z</time></trkpt><trkpt lat="42.925171" lon="-8.103348"><ele>395.228</ele><time>2025-06-07T07:07:18.294Z</time></trkpt><trkpt lat="42.925193" lon="-8.103404"><ele>394.357</ele><time>2025-06-07T07:07:22.294Z</time></trkpt><trkpt lat="42.925216" lon="-8.103460"><ele>393.453</ele><time>2025-06-07T07:07:26.294Z</time></trkpt><trkpt lat="42.925241" lon="-8.103515"><ele>392.546</ele><time>2025-06-07T07:07:30.294Z</time></trkpt><trkpt lat="42.925266" lon="-8.103570"><ele>391.676</ele><time>2025-06-07T07:07:34.294Z</time></trkpt><trkpt lat="42.925293" lon="-8.103625"><ele>390.737</ele><time>2025-06-07T07:07:38.294Z</time></trkpt><trkpt lat="42.925324" lon="-8.103673"><ele>389.876</ele><time>2025-06-07T07:07:42.293Z</time></trkpt><trkpt lat="42.925366" lon="-8.103699"><ele>389.215</ele><time>2025-06-07T07:07:46.294Z</time></trkpt><trkpt lat="42.925395" lon="-8.103750"><ele>388.357</ele><time>2025-06-07T07:07:50.294Z</time></trkpt><trkpt lat="42.925435" lon="-8.103805"><ele>387.387</ele><time>2025-06-07T07:07:55.294Z</time></trkpt><trkpt lat="42.925473" lon="-8.103848"><ele>386.642</ele><time>2025-06-07T07:07:59.294Z</time></trkpt><trkpt lat="42.925517" lon="-8.103877"><ele>386.226</ele><time>2025-06-07T07:08:03.294Z</time></trkpt><trkpt lat="42.925557" lon="-8.103919"><ele>385.609</ele><time>2025-06-07T07:08:07.294Z</time></trkpt><trkpt lat="42.925599" lon="-8.103958"><ele>384.810</ele><time>2025-06-07T07:08:11.294Z</time></trkpt><trkpt lat="42.925641" lon="-8.103992"><ele>384.299</ele><time>2025-06-07T07:08:15.293Z</time></trkpt><trkpt lat="42.925679" lon="-8.104028"><ele>383.685</ele><time>2025-06-07T07:08:20.294Z</time></trkpt><trkpt lat="42.925725" lon="-8.104055"><ele>383.028</ele><time>2025-06-07T07:08:28.294Z</time></trkpt><trkpt lat="42.925777" lon="-8.104058"><ele>382.888</ele><time>2025-06-07T07:08:33.294Z</time></trkpt><trkpt lat="42.925823" lon="-8.104092"><ele>382.159</ele><time>2025-06-07T07:08:38.294Z</time></trkpt><trkpt lat="42.925866" lon="-8.104125"><ele>381.648</ele><time>2025-06-07T07:08:43.294Z</time></trkpt><trkpt lat="42.925908" lon="-8.104153"><ele>381.277</ele><time>2025-06-07T07:08:47.293Z</time></trkpt><trkpt lat="42.925960" lon="-8.104168"><ele>381.069</ele><time>2025-06-07T07:08:52.294Z</time></trkpt><trkpt lat="42.926005" lon="-8.104181"><ele>380.964</ele><time>2025-06-07T07:08:56.294Z</time></trkpt><trkpt lat="42.926051" lon="-8.104186"><ele>380.906</ele><time>2025-06-07T07:09:00.294Z</time></trkpt><trkpt lat="42.926099" lon="-8.104190"><ele>380.916</ele><time>2025-06-07T07:09:04.294Z</time></trkpt><trkpt lat="42.926143" lon="-8.104178"><ele>380.809</ele><time>2025-06-07T07:09:08.294Z</time></trkpt><trkpt lat="42.926197" lon="-8.104191"><ele>380.668</ele><time>2025-06-07T07:09:12.293Z</time></trkpt><trkpt lat="42.926244" lon="-8.104198"><ele>380.477</ele><time>2025-06-07T07:09:16.293Z</time></trkpt><trkpt lat="42.926297" lon="-8.104200"><ele>380.213</ele><time>2025-06-07T07:09:21.294Z</time></trkpt><trkpt lat="42.926355" lon="-8.104197"><ele>380.046</ele><time>2025-06-07T07:09:26.294Z</time></trkpt><trkpt lat="42.926401" lon="-8.104195"><ele>379.956</ele><time>2025-06-07T07:09:30.294Z</time></trkpt><trkpt lat="42.926457" lon="-8.104195"><ele>380.117</ele><time>2025-06-07T07:09:35.294Z</time></trkpt><trkpt lat="42.926501" lon="-8.104234"><ele>380.226</ele><time>2025-06-07T07:09:38.294Z</time></trkpt><trkpt lat="42.926547" lon="-8.104270"><ele>380.235</ele><time>2025-06-07T07:09:41.294Z</time></trkpt><trkpt lat="42.926594" lon="-8.104306"><ele>380.297</ele><time>2025-06-07T07:09:45.294Z</time></trkpt><trkpt lat="42.926635" lon="-8.104364"><ele>380.278</ele><time>2025-06-07T07:09:49.294Z</time></trkpt><trkpt lat="42.926669" lon="-8.104420"><ele>380.133</ele><time>2025-06-07T07:09:53.293Z</time></trkpt><trkpt lat="42.926695" lon="-8.104482"><ele>380.226</ele><time>2025-06-07T07:09:57.294Z</time></trkpt><trkpt lat="42.926715" lon="-8.104550"><ele>380.309</ele><time>2025-06-07T07:10:01.294Z</time></trkpt><trkpt lat="42.926727" lon="-8.104618"><ele>380.389</ele><time>2025-06-07T07:10:05.294Z</time></trkpt><trkpt lat="42.926755" lon="-8.104683"><ele>380.438</ele><time>2025-06-07T07:10:09.294Z</time></trkpt><trkpt lat="42.926768" lon="-8.104754"><ele>380.594</ele><time>2025-06-07T07:10:13.294Z</time></trkpt><trkpt lat="42.926796" lon="-8.104805"><ele>380.857</ele><time>2025-06-07T07:10:17.294Z</time></trkpt><trkpt lat="42.926823" lon="-8.104871"><ele>381.157</ele><time>2025-06-07T07:10:22.294Z</time></trkpt><trkpt lat="42.926839" lon="-8.104931"><ele>381.448</ele><time>2025-06-07T07:10:26.294Z</time></trkpt><trkpt lat="42.926858" lon="-8.104999"><ele>381.727</ele><time>2025-06-07T07:10:30.294Z</time></trkpt><trkpt lat="42.926873" lon="-8.105070"><ele>382.116</ele><time>2025-06-07T07:10:34.294Z</time></trkpt><trkpt lat="42.926893" lon="-8.105137"><ele>382.418</ele><time>2025-06-07T07:10:38.294Z</time></trkpt><trkpt lat="42.926907" lon="-8.105200"><ele>382.751</ele><time>2025-06-07T07:10:42.294Z</time></trkpt><trkpt lat="42.926923" lon="-8.105267"><ele>383.001</ele><time>2025-06-07T07:10:46.294Z</time></trkpt><trkpt lat="42.926946" lon="-8.105325"><ele>383.311</ele><time>2025-06-07T07:10:50.294Z</time></trkpt><trkpt lat="42.926970" lon="-8.105388"><ele>383.809</ele><time>2025-06-07T07:10:55.294Z</time></trkpt><trkpt lat="42.926991" lon="-8.105453"><ele>384.327</ele><time>2025-06-07T07:11:00.294Z</time></trkpt><trkpt lat="42.926985" lon="-8.105526"><ele>384.846</ele><time>2025-06-07T07:11:05.294Z</time></trkpt><trkpt lat="42.927011" lon="-8.105591"><ele>385.162</ele><time>2025-06-07T07:11:30.295Z</time></trkpt><trkpt lat="42.927029" lon="-8.105650"><ele>385.335</ele><time>2025-06-07T07:11:34.295Z</time></trkpt><trkpt lat="42.927039" lon="-8.105715"><ele>385.655</ele><time>2025-06-07T07:11:40.295Z</time></trkpt><trkpt lat="42.927076" lon="-8.105768"><ele>385.876</ele><time>2025-06-07T07:11:45.295Z</time></trkpt><trkpt lat="42.927084" lon="-8.105830"><ele>386.035</ele><time>2025-06-07T07:11:49.294Z</time></trkpt><trkpt lat="42.927103" lon="-8.105891"><ele>386.144</ele><time>2025-06-07T07:11:53.295Z</time></trkpt><trkpt lat="42.927118" lon="-8.105952"><ele>386.356</ele><time>2025-06-07T07:11:57.295Z</time></trkpt><trkpt lat="42.927138" lon="-8.106017"><ele>386.521</ele><time>2025-06-07T07:12:01.295Z</time></trkpt><trkpt lat="42.927159" lon="-8.106083"><ele>386.741</ele><time>2025-06-07T07:12:06.295Z</time></trkpt><trkpt lat="42.927183" lon="-8.106152"><ele>387.005</ele><time>2025-06-07T07:12:11.295Z</time></trkpt><trkpt lat="42.927200" lon="-8.106221"><ele>387.309</ele><time>2025-06-07T07:12:16.295Z</time></trkpt><trkpt lat="42.927223" lon="-8.106290"><ele>387.684</ele><time>2025-06-07T07:12:21.295Z</time></trkpt><trkpt lat="42.927243" lon="-8.106349"><ele>387.843</ele><time>2025-06-07T07:12:25.294Z</time></trkpt><trkpt lat="42.927265" lon="-8.106407"><ele>387.959</ele><time>2025-06-07T07:12:29.295Z</time></trkpt><trkpt lat="42.927280" lon="-8.106482"><ele>388.192</ele><time>2025-06-07T07:12:35.295Z</time></trkpt><trkpt lat="42.927297" lon="-8.106547"><ele>388.362</ele><time>2025-06-07T07:12:39.294Z</time></trkpt><trkpt lat="42.927319" lon="-8.106608"><ele>388.473</ele><time>2025-06-07T07:12:43.294Z</time></trkpt><trkpt lat="42.927339" lon="-8.106664"><ele>388.622</ele><time>2025-06-07T07:12:47.295Z</time></trkpt><trkpt lat="42.927358" lon="-8.106736"><ele>388.681</ele><time>2025-06-07T07:12:52.295Z</time></trkpt><trkpt lat="42.927370" lon="-8.106805"><ele>388.743</ele><time>2025-06-07T07:12:57.295Z</time></trkpt><trkpt lat="42.927392" lon="-8.106871"><ele>388.816</ele><time>2025-06-07T07:13:02.295Z</time></trkpt><trkpt lat="42.927418" lon="-8.106926"><ele>389.076</ele><time>2025-06-07T07:13:06.295Z</time></trkpt><trkpt lat="42.927438" lon="-8.106984"><ele>389.313</ele><time>2025-06-07T07:13:10.295Z</time></trkpt><trkpt lat="42.927453" lon="-8.107047"><ele>389.709</ele><time>2025-06-07T07:13:14.295Z</time></trkpt><trkpt lat="42.927466" lon="-8.107113"><ele>390.193</ele><time>2025-06-07T07:13:18.295Z</time></trkpt><trkpt lat="42.927476" lon="-8.107185"><ele>390.722</ele><time>2025-06-07T07:13:23.295Z</time></trkpt><trkpt lat="42.927490" lon="-8.107259"><ele>391.248</ele><time>2025-06-07T07:13:28.295Z</time></trkpt><trkpt lat="42.927514" lon="-8.107334"><ele>391.831</ele><time>2025-06-07T07:13:32.295Z</time></trkpt><trkpt lat="42.927541" lon="-8.107401"><ele>392.311</ele><time>2025-06-07T07:13:36.295Z</time></trkpt><trkpt lat="42.927562" lon="-8.107459"><ele>392.792</ele><time>2025-06-07T07:13:40.295Z</time></trkpt><trkpt lat="42.927578" lon="-8.107520"><ele>393.071</ele><time>2025-06-07T07:13:44.295Z</time></trkpt><trkpt lat="42.927601" lon="-8.107582"><ele>393.030</ele><time>2025-06-07T07:13:48.295Z</time></trkpt><trkpt lat="42.927578" lon="-8.107646"><ele>393.062</ele><time>2025-06-07T07:13:53.295Z</time></trkpt><trkpt lat="42.927605" lon="-8.107704"><ele>393.026</ele><time>2025-06-07T07:13:57.295Z</time></trkpt><trkpt lat="42.927636" lon="-8.107767"><ele>393.047</ele><time>2025-06-07T07:14:02.295Z</time></trkpt><trkpt lat="42.927658" lon="-8.107822"><ele>392.911</ele><time>2025-06-07T07:14:06.295Z</time></trkpt><trkpt lat="42.927673" lon="-8.107886"><ele>392.909</ele><time>2025-06-07T07:14:10.294Z</time></trkpt><trkpt lat="42.927682" lon="-8.107951"><ele>392.824</ele><time>2025-06-07T07:14:14.295Z</time></trkpt><trkpt lat="42.927696" lon="-8.108012"><ele>392.813</ele><time>2025-06-07T07:14:18.295Z</time></trkpt><trkpt lat="42.927723" lon="-8.108069"><ele>392.949</ele><time>2025-06-07T07:14:22.294Z</time></trkpt><trkpt lat="42.927739" lon="-8.108129"><ele>393.142</ele><time>2025-06-07T07:14:26.295Z</time></trkpt><trkpt lat="42.927758" lon="-8.108201"><ele>393.552</ele><time>2025-06-07T07:14:30.295Z</time></trkpt><trkpt lat="42.927778" lon="-8.108273"><ele>393.893</ele><time>2025-06-07T07:14:35.295Z</time></trkpt><trkpt lat="42.927793" lon="-8.108333"><ele>394.072</ele><time>2025-06-07T07:14:39.295Z</time></trkpt><trkpt lat="42.927812" lon="-8.108390"><ele>394.221</ele><time>2025-06-07T07:14:43.295Z</time></trkpt><trkpt lat="42.927829" lon="-8.108462"><ele>394.583</ele><time>2025-06-07T07:14:48.295Z</time></trkpt><trkpt lat="42.927844" lon="-8.108520"><ele>394.864</ele><time>2025-06-07T07:14:52.294Z</time></trkpt><trkpt lat="42.927861" lon="-8.108581"><ele>395.206</ele><time>2025-06-07T07:14:56.295Z</time></trkpt><trkpt lat="42.927878" lon="-8.108652"><ele>395.716</ele><time>2025-06-07T07:15:01.295Z</time></trkpt><trkpt lat="42.927922" lon="-8.108640"><ele>395.809</ele><time>2025-06-07T07:15:07.294Z</time></trkpt><trkpt lat="42.927927" lon="-8.108712"><ele>396.418</ele><time>2025-06-07T07:15:12.295Z</time></trkpt><trkpt lat="42.927941" lon="-8.108784"><ele>397.187</ele><time>2025-06-07T07:15:17.295Z</time></trkpt><trkpt lat="42.927953" lon="-8.108857"><ele>397.783</ele><time>2025-06-07T07:15:22.295Z</time></trkpt><trkpt lat="42.927965" lon="-8.108928"><ele>398.366</ele><time>2025-06-07T07:15:27.295Z</time></trkpt><trkpt lat="42.927976" lon="-8.108989"><ele>398.946</ele><time>2025-06-07T07:15:31.294Z</time></trkpt><trkpt lat="42.927996" lon="-8.109053"><ele>399.557</ele><time>2025-06-07T07:15:35.294Z</time></trkpt><trkpt lat="42.928027" lon="-8.109115"><ele>400.376</ele><time>2025-06-07T07:15:39.295Z</time></trkpt><trkpt lat="42.928053" lon="-8.109170"><ele>401.065</ele><time>2025-06-07T07:15:43.294Z</time></trkpt><trkpt lat="42.928074" lon="-8.109240"><ele>401.587</ele><time>2025-06-07T07:15:48.295Z</time></trkpt><trkpt lat="42.928097" lon="-8.109306"><ele>401.956</ele><time>2025-06-07T07:15:53.295Z</time></trkpt><trkpt lat="42.928105" lon="-8.109382"><ele>402.459</ele><time>2025-06-07T07:15:58.294Z</time></trkpt><trkpt lat="42.928122" lon="-8.109457"><ele>402.814</ele><time>2025-06-07T07:16:03.295Z</time></trkpt><trkpt lat="42.928145" lon="-8.109512"><ele>402.809</ele><time>2025-06-07T07:16:07.294Z</time></trkpt><trkpt lat="42.928152" lon="-8.109578"><ele>402.827</ele><time>2025-06-07T07:16:10.295Z</time></trkpt><trkpt lat="42.928155" lon="-8.109641"><ele>402.986</ele><time>2025-06-07T07:16:13.295Z</time></trkpt><trkpt lat="42.928159" lon="-8.109712"><ele>403.012</ele><time>2025-06-07T07:16:17.296Z</time></trkpt><trkpt lat="42.928162" lon="-8.109783"><ele>403.175</ele><time>2025-06-07T07:16:21.296Z</time></trkpt><trkpt lat="42.928164" lon="-8.109851"><ele>403.385</ele><time>2025-06-07T07:16:25.296Z</time></trkpt><trkpt lat="42.928164" lon="-8.109928"><ele>403.526</ele><time>2025-06-07T07:16:30.296Z</time></trkpt><trkpt lat="42.928161" lon="-8.109990"><ele>403.645</ele><time>2025-06-07T07:16:34.296Z</time></trkpt><trkpt lat="42.928151" lon="-8.110056"><ele>403.974</ele><time>2025-06-07T07:16:38.296Z</time></trkpt><trkpt lat="42.928137" lon="-8.110120"><ele>404.186</ele><time>2025-06-07T07:16:42.295Z</time></trkpt><trkpt lat="42.928141" lon="-8.110184"><ele>404.463</ele><time>2025-06-07T07:16:46.296Z</time></trkpt><trkpt lat="42.928134" lon="-8.110245"><ele>404.644</ele><time>2025-06-07T07:16:50.296Z</time></trkpt><trkpt lat="42.928133" lon="-8.110310"><ele>405.118</ele><time>2025-06-07T07:16:54.296Z</time></trkpt><trkpt lat="42.928127" lon="-8.110375"><ele>405.709</ele><time>2025-06-07T07:16:58.296Z</time></trkpt><trkpt lat="42.928127" lon="-8.110441"><ele>406.438</ele><time>2025-06-07T07:17:02.296Z</time></trkpt><trkpt lat="42.928125" lon="-8.110505"><ele>407.067</ele><time>2025-06-07T07:17:06.296Z</time></trkpt><trkpt lat="42.928123" lon="-8.110571"><ele>407.783</ele><time>2025-06-07T07:17:10.295Z</time></trkpt><trkpt lat="42.928119" lon="-8.110635"><ele>408.796</ele><time>2025-06-07T07:17:14.296Z</time></trkpt><trkpt lat="42.928118" lon="-8.110707"><ele>409.986</ele><time>2025-06-07T07:17:19.296Z</time></trkpt><trkpt lat="42.928114" lon="-8.110769"><ele>410.857</ele><time>2025-06-07T07:17:23.296Z</time></trkpt><trkpt lat="42.928112" lon="-8.110833"><ele>411.866</ele><time>2025-06-07T07:17:27.296Z</time></trkpt><trkpt lat="42.928100" lon="-8.110898"><ele>412.565</ele><time>2025-06-07T07:17:31.295Z</time></trkpt><trkpt lat="42.928096" lon="-8.110963"><ele>413.437</ele><time>2025-06-07T07:17:35.296Z</time></trkpt><trkpt lat="42.928077" lon="-8.111033"><ele>414.198</ele><time>2025-06-07T07:17:40.296Z</time></trkpt><trkpt lat="42.928050" lon="-8.111083"><ele>414.515</ele><time>2025-06-07T07:17:44.296Z</time></trkpt><trkpt lat="42.928019" lon="-8.111130"><ele>415.126</ele><time>2025-06-07T07:17:48.296Z</time></trkpt><trkpt lat="42.927989" lon="-8.111186"><ele>415.909</ele><time>2025-06-07T07:17:52.296Z</time></trkpt><trkpt lat="42.927963" lon="-8.111239"><ele>416.641</ele><time>2025-06-07T07:17:56.296Z</time></trkpt><trkpt lat="42.927935" lon="-8.111293"><ele>417.420</ele><time>2025-06-07T07:18:00.296Z</time></trkpt><trkpt lat="42.927899" lon="-8.111335"><ele>417.966</ele><time>2025-06-07T07:18:04.296Z</time></trkpt><trkpt lat="42.927867" lon="-8.111397"><ele>418.879</ele><time>2025-06-07T07:18:09.296Z</time></trkpt><trkpt lat="42.927830" lon="-8.111442"><ele>419.369</ele><time>2025-06-07T07:18:13.296Z</time></trkpt><trkpt lat="42.927793" lon="-8.111501"><ele>420.140</ele><time>2025-06-07T07:18:18.296Z</time></trkpt><trkpt lat="42.927766" lon="-8.111551"><ele>420.959</ele><time>2025-06-07T07:18:22.296Z</time></trkpt><trkpt lat="42.927740" lon="-8.111614"><ele>421.888</ele><time>2025-06-07T07:18:27.296Z</time></trkpt><trkpt lat="42.927715" lon="-8.111678"><ele>422.790</ele><time>2025-06-07T07:18:32.296Z</time></trkpt><trkpt lat="42.927683" lon="-8.111723"><ele>423.185</ele><time>2025-06-07T07:18:36.295Z</time></trkpt><trkpt lat="42.927645" lon="-8.111768"><ele>423.389</ele><time>2025-06-07T07:18:40.296Z</time></trkpt><trkpt lat="42.927608" lon="-8.111820"><ele>423.617</ele><time>2025-06-07T07:18:44.296Z</time></trkpt><trkpt lat="42.927570" lon="-8.111871"><ele>423.909</ele><time>2025-06-07T07:18:48.295Z</time></trkpt><trkpt lat="42.927538" lon="-8.111921"><ele>424.130</ele><time>2025-06-07T07:18:52.296Z</time></trkpt><trkpt lat="42.927503" lon="-8.111981"><ele>424.679</ele><time>2025-06-07T07:18:57.296Z</time></trkpt><trkpt lat="42.927462" lon="-8.112019"><ele>424.775</ele><time>2025-06-07T07:19:01.296Z</time></trkpt><trkpt lat="42.927419" lon="-8.112060"><ele>424.818</ele><time>2025-06-07T07:19:05.296Z</time></trkpt><trkpt lat="42.927388" lon="-8.112105"><ele>425.118</ele><time>2025-06-07T07:19:09.296Z</time></trkpt><trkpt lat="42.927353" lon="-8.112156"><ele>425.539</ele><time>2025-06-07T07:19:14.296Z</time></trkpt><trkpt lat="42.927325" lon="-8.112216"><ele>426.078</ele><time>2025-06-07T07:19:19.296Z</time></trkpt><trkpt lat="42.927291" lon="-8.112258"><ele>426.157</ele><time>2025-06-07T07:19:23.296Z</time></trkpt><trkpt lat="42.927261" lon="-8.112306"><ele>426.319</ele><time>2025-06-07T07:19:27.296Z</time></trkpt><trkpt lat="42.927226" lon="-8.112363"><ele>426.666</ele><time>2025-06-07T07:19:32.296Z</time></trkpt><trkpt lat="42.927200" lon="-8.112414"><ele>427.029</ele><time>2025-06-07T07:19:36.296Z</time></trkpt><trkpt lat="42.927166" lon="-8.112462"><ele>427.621</ele><time>2025-06-07T07:19:40.295Z</time></trkpt><trkpt lat="42.927128" lon="-8.112507"><ele>428.109</ele><time>2025-06-07T07:19:44.296Z</time></trkpt><trkpt lat="42.927092" lon="-8.112565"><ele>428.758</ele><time>2025-06-07T07:19:49.296Z</time></trkpt><trkpt lat="42.927085" lon="-8.112627"><ele>429.487</ele><time>2025-06-07T07:19:53.296Z</time></trkpt><trkpt lat="42.927098" lon="-8.112692"><ele>430.133</ele><time>2025-06-07T07:19:58.296Z</time></trkpt><trkpt lat="42.927143" lon="-8.112715"><ele>430.386</ele><time>2025-06-07T07:20:02.296Z</time></trkpt><trkpt lat="42.927194" lon="-8.112714"><ele>430.346</ele><time>2025-06-07T07:20:06.295Z</time></trkpt><trkpt lat="42.927243" lon="-8.112730"><ele>430.617</ele><time>2025-06-07T07:20:10.296Z</time></trkpt><trkpt lat="42.927288" lon="-8.112758"><ele>431.366</ele><time>2025-06-07T07:20:14.296Z</time></trkpt><trkpt lat="42.927333" lon="-8.112800"><ele>431.965</ele><time>2025-06-07T07:20:19.296Z</time></trkpt><trkpt lat="42.927376" lon="-8.112845"><ele>432.517</ele><time>2025-06-07T07:20:24.296Z</time></trkpt><trkpt lat="42.927405" lon="-8.112901"><ele>432.956</ele><time>2025-06-07T07:20:28.296Z</time></trkpt><trkpt lat="42.927441" lon="-8.112939"><ele>433.359</ele><time>2025-06-07T07:20:32.296Z</time></trkpt><trkpt lat="42.927470" lon="-8.112999"><ele>433.714</ele><time>2025-06-07T07:20:36.296Z</time></trkpt><trkpt lat="42.927515" lon="-8.113019"><ele>433.909</ele><time>2025-06-07T07:20:40.296Z</time></trkpt><trkpt lat="42.927569" lon="-8.113022"><ele>434.187</ele><time>2025-06-07T07:20:44.296Z</time></trkpt><trkpt lat="42.927622" lon="-8.113032"><ele>434.466</ele><time>2025-06-07T07:20:48.296Z</time></trkpt><trkpt lat="42.927672" lon="-8.113031"><ele>434.582</ele><time>2025-06-07T07:20:52.296Z</time></trkpt><trkpt lat="42.927727" lon="-8.113015"><ele>434.765</ele><time>2025-06-07T07:20:57.296Z</time></trkpt><trkpt lat="42.927776" lon="-8.112996"><ele>434.815</ele><time>2025-06-07T07:21:01.296Z</time></trkpt><trkpt lat="42.927823" lon="-8.112985"><ele>434.966</ele><time>2025-06-07T07:21:05.296Z</time></trkpt><trkpt lat="42.927872" lon="-8.112981"><ele>435.075</ele><time>2025-06-07T07:21:09.297Z</time></trkpt><trkpt lat="42.927907" lon="-8.113028"><ele>435.394</ele><time>2025-06-07T07:21:14.297Z</time></trkpt><trkpt lat="42.927933" lon="-8.113078"><ele>435.596</ele><time>2025-06-07T07:21:19.297Z</time></trkpt><trkpt lat="42.927976" lon="-8.113134"><ele>435.563</ele><time>2025-06-07T07:21:24.296Z</time></trkpt><trkpt lat="42.928010" lon="-8.113191"><ele>435.444</ele><time>2025-06-07T07:21:28.297Z</time></trkpt><trkpt lat="42.928042" lon="-8.113238"><ele>435.318</ele><time>2025-06-07T07:21:32.297Z</time></trkpt><trkpt lat="42.928075" lon="-8.113285"><ele>435.209</ele><time>2025-06-07T07:21:36.297Z</time></trkpt><trkpt lat="42.928111" lon="-8.113336"><ele>435.098</ele><time>2025-06-07T07:21:40.297Z</time></trkpt><trkpt lat="42.928147" lon="-8.113378"><ele>434.657</ele><time>2025-06-07T07:21:44.297Z</time></trkpt><trkpt lat="42.928190" lon="-8.113417"><ele>434.323</ele><time>2025-06-07T07:21:48.296Z</time></trkpt><trkpt lat="42.928228" lon="-8.113463"><ele>433.826</ele><time>2025-06-07T07:21:52.297Z</time></trkpt><trkpt lat="42.928272" lon="-8.113501"><ele>433.316</ele><time>2025-06-07T07:21:57.296Z</time></trkpt><trkpt lat="42.928317" lon="-8.113544"><ele>432.877</ele><time>2025-06-07T07:22:01.297Z</time></trkpt><trkpt lat="42.928357" lon="-8.113581"><ele>431.956</ele><time>2025-06-07T07:22:05.297Z</time></trkpt><trkpt lat="42.928398" lon="-8.113615"><ele>430.855</ele><time>2025-06-07T07:22:09.297Z</time></trkpt><trkpt lat="42.928437" lon="-8.113663"><ele>429.547</ele><time>2025-06-07T07:22:13.297Z</time></trkpt><trkpt lat="42.928476" lon="-8.113712"><ele>428.468</ele><time>2025-06-07T07:22:17.297Z</time></trkpt><trkpt lat="42.928514" lon="-8.113765"><ele>427.342</ele><time>2025-06-07T07:22:21.297Z</time></trkpt><trkpt lat="42.928527" lon="-8.113828"><ele>426.526</ele><time>2025-06-07T07:22:25.297Z</time></trkpt><trkpt lat="42.928553" lon="-8.113888"><ele>425.609</ele><time>2025-06-07T07:22:29.297Z</time></trkpt><trkpt lat="42.928580" lon="-8.113948"><ele>424.958</ele><time>2025-06-07T07:22:34.297Z</time></trkpt><trkpt lat="42.928596" lon="-8.114015"><ele>424.277</ele><time>2025-06-07T07:22:53.297Z</time></trkpt><trkpt lat="42.928619" lon="-8.114072"><ele>423.793</ele><time>2025-06-07T07:22:57.297Z</time></trkpt><trkpt lat="42.928644" lon="-8.114125"><ele>423.286</ele><time>2025-06-07T07:23:01.297Z</time></trkpt><trkpt lat="42.928662" lon="-8.114191"><ele>422.756</ele><time>2025-06-07T07:23:06.296Z</time></trkpt><trkpt lat="42.928678" lon="-8.114260"><ele>422.337</ele><time>2025-06-07T07:23:11.296Z</time></trkpt><trkpt lat="42.928698" lon="-8.114325"><ele>421.986</ele><time>2025-06-07T07:23:16.297Z</time></trkpt><trkpt lat="42.928721" lon="-8.114391"><ele>421.565</ele><time>2025-06-07T07:23:21.297Z</time></trkpt><trkpt lat="42.928734" lon="-8.114460"><ele>421.017</ele><time>2025-06-07T07:23:26.297Z</time></trkpt><trkpt lat="42.928747" lon="-8.114532"><ele>420.691</ele><time>2025-06-07T07:23:29.297Z</time></trkpt><trkpt lat="42.928760" lon="-8.114603"><ele>420.181</ele><time>2025-06-07T07:23:33.297Z</time></trkpt><trkpt lat="42.928766" lon="-8.114674"><ele>419.619</ele><time>2025-06-07T07:23:36.297Z</time></trkpt><trkpt lat="42.928778" lon="-8.114740"><ele>419.109</ele><time>2025-06-07T07:23:40.297Z</time></trkpt><trkpt lat="42.928794" lon="-8.114808"><ele>418.691</ele><time>2025-06-07T07:23:43.297Z</time></trkpt><trkpt lat="42.928797" lon="-8.114882"><ele>418.240</ele><time>2025-06-07T07:23:47.297Z</time></trkpt><trkpt lat="42.928807" lon="-8.114955"><ele>417.826</ele><time>2025-06-07T07:23:52.297Z</time></trkpt><trkpt lat="42.928820" lon="-8.115017"><ele>417.439</ele><time>2025-06-07T07:23:56.297Z</time></trkpt><trkpt lat="42.928835" lon="-8.115085"><ele>416.829</ele><time>2025-06-07T07:24:00.296Z</time></trkpt><trkpt lat="42.928843" lon="-8.115147"><ele>416.420</ele><time>2025-06-07T07:24:04.297Z</time></trkpt><trkpt lat="42.928856" lon="-8.115206"><ele>415.839</ele><time>2025-06-07T07:24:08.297Z</time></trkpt><trkpt lat="42.928867" lon="-8.115268"><ele>415.358</ele><time>2025-06-07T07:24:12.297Z</time></trkpt><trkpt lat="42.928881" lon="-8.115332"><ele>414.940</ele><time>2025-06-07T07:24:16.297Z</time></trkpt><trkpt lat="42.928890" lon="-8.115397"><ele>414.659</ele><time>2025-06-07T07:24:20.297Z</time></trkpt><trkpt lat="42.928905" lon="-8.115461"><ele>414.203</ele><time>2025-06-07T07:24:24.297Z</time></trkpt><trkpt lat="42.928923" lon="-8.115528"><ele>413.723</ele><time>2025-06-07T07:24:28.297Z</time></trkpt><trkpt lat="42.928937" lon="-8.115591"><ele>413.309</ele><time>2025-06-07T07:24:32.297Z</time></trkpt><trkpt lat="42.928951" lon="-8.115662"><ele>412.927</ele><time>2025-06-07T07:24:36.297Z</time></trkpt><trkpt lat="42.928958" lon="-8.115738"><ele>412.456</ele><time>2025-06-07T07:24:41.297Z</time></trkpt><trkpt lat="42.928971" lon="-8.115799"><ele>412.012</ele><time>2025-06-07T07:24:45.297Z</time></trkpt><trkpt lat="42.928992" lon="-8.115869"><ele>411.255</ele><time>2025-06-07T07:24:49.296Z</time></trkpt><trkpt lat="42.929003" lon="-8.115934"><ele>410.375</ele><time>2025-06-07T07:24:53.297Z</time></trkpt><trkpt lat="42.929017" lon="-8.115997"><ele>409.476</ele><time>2025-06-07T07:24:57.297Z</time></trkpt><trkpt lat="42.929037" lon="-8.116053"><ele>408.415</ele><time>2025-06-07T07:25:01.297Z</time></trkpt><trkpt lat="42.929055" lon="-8.116118"><ele>407.324</ele><time>2025-06-07T07:25:05.297Z</time></trkpt><trkpt lat="42.929069" lon="-8.116184"><ele>406.436</ele><time>2025-06-07T07:25:09.297Z</time></trkpt><trkpt lat="42.929080" lon="-8.116250"><ele>405.618</ele><time>2025-06-07T07:25:13.296Z</time></trkpt><trkpt lat="42.929093" lon="-8.116323"><ele>404.798</ele><time>2025-06-07T07:25:17.297Z</time></trkpt><trkpt lat="42.929101" lon="-8.116385"><ele>404.017</ele><time>2025-06-07T07:25:21.297Z</time></trkpt><trkpt lat="42.929111" lon="-8.116461"><ele>403.209</ele><time>2025-06-07T07:25:26.297Z</time></trkpt><trkpt lat="42.929124" lon="-8.116531"><ele>402.433</ele><time>2025-06-07T07:25:30.297Z</time></trkpt><trkpt lat="42.929117" lon="-8.116600"><ele>401.912</ele><time>2025-06-07T07:25:34.297Z</time></trkpt><trkpt lat="42.929144" lon="-8.116651"><ele>401.388</ele><time>2025-06-07T07:25:54.296Z</time></trkpt><trkpt lat="42.929153" lon="-8.116714"><ele>400.831</ele><time>2025-06-07T07:25:59.296Z</time></trkpt><trkpt lat="42.929163" lon="-8.116785"><ele>400.231</ele><time>2025-06-07T07:26:04.297Z</time></trkpt><trkpt lat="42.929168" lon="-8.116858"><ele>399.672</ele><time>2025-06-07T07:26:09.298Z</time></trkpt><trkpt lat="42.929178" lon="-8.116929"><ele>399.151</ele><time>2025-06-07T07:26:14.298Z</time></trkpt><trkpt lat="42.929186" lon="-8.116997"><ele>398.890</ele><time>2025-06-07T07:26:19.298Z</time></trkpt><trkpt lat="42.929200" lon="-8.117056"><ele>398.512</ele><time>2025-06-07T07:26:23.297Z</time></trkpt><trkpt lat="42.929212" lon="-8.117116"><ele>398.353</ele><time>2025-06-07T07:26:27.298Z</time></trkpt><trkpt lat="42.929221" lon="-8.117186"><ele>398.104</ele><time>2025-06-07T07:26:32.298Z</time></trkpt><trkpt lat="42.929232" lon="-8.117248"><ele>397.914</ele><time>2025-06-07T07:26:36.298Z</time></trkpt><trkpt lat="42.929242" lon="-8.117314"><ele>397.809</ele><time>2025-06-07T07:26:40.298Z</time></trkpt><trkpt lat="42.929249" lon="-8.117378"><ele>397.687</ele><time>2025-06-07T07:26:44.298Z</time></trkpt><trkpt lat="42.929260" lon="-8.117441"><ele>397.566</ele><time>2025-06-07T07:26:48.298Z</time></trkpt><trkpt lat="42.929272" lon="-8.117513"><ele>397.342</ele><time>2025-06-07T07:26:53.298Z</time></trkpt><trkpt lat="42.929286" lon="-8.117583"><ele>397.165</ele><time>2025-06-07T07:26:58.298Z</time></trkpt><trkpt lat="42.929292" lon="-8.117645"><ele>396.915</ele><time>2025-06-07T07:27:02.298Z</time></trkpt><trkpt lat="42.929314" lon="-8.117704"><ele>396.826</ele><time>2025-06-07T07:27:06.297Z</time></trkpt><trkpt lat="42.929326" lon="-8.117776"><ele>396.645</ele><time>2025-06-07T07:27:11.298Z</time></trkpt><trkpt lat="42.929338" lon="-8.117836"><ele>396.244</ele><time>2025-06-07T07:27:15.298Z</time></trkpt><trkpt lat="42.929352" lon="-8.117896"><ele>395.856</ele><time>2025-06-07T07:27:19.298Z</time></trkpt><trkpt lat="42.929366" lon="-8.117970"><ele>395.369</ele><time>2025-06-07T07:27:24.298Z</time></trkpt><trkpt lat="42.929376" lon="-8.118031"><ele>394.904</ele><time>2025-06-07T07:27:28.298Z</time></trkpt><trkpt lat="42.929386" lon="-8.118094"><ele>394.724</ele><time>2025-06-07T07:27:32.298Z</time></trkpt><trkpt lat="42.929387" lon="-8.118159"><ele>394.509</ele><time>2025-06-07T07:27:36.298Z</time></trkpt><trkpt lat="42.929394" lon="-8.118235"><ele>394.378</ele><time>2025-06-07T07:27:41.298Z</time></trkpt><trkpt lat="42.929407" lon="-8.118295"><ele>394.137</ele><time>2025-06-07T07:27:45.298Z</time></trkpt><trkpt lat="42.929418" lon="-8.118355"><ele>394.033</ele><time>2025-06-07T07:27:49.298Z</time></trkpt><trkpt lat="42.929434" lon="-8.118433"><ele>394.096</ele><time>2025-06-07T07:27:54.298Z</time></trkpt><trkpt lat="42.929445" lon="-8.118503"><ele>394.046</ele><time>2025-06-07T07:27:58.298Z</time></trkpt><trkpt lat="42.929458" lon="-8.118572"><ele>394.067</ele><time>2025-06-07T07:28:02.298Z</time></trkpt><trkpt lat="42.929477" lon="-8.118638"><ele>393.936</ele><time>2025-06-07T07:28:06.298Z</time></trkpt><trkpt lat="42.929485" lon="-8.118706"><ele>393.755</ele><time>2025-06-07T07:28:10.298Z</time></trkpt><trkpt lat="42.929495" lon="-8.118773"><ele>393.417</ele><time>2025-06-07T07:28:14.298Z</time></trkpt><trkpt lat="42.929502" lon="-8.118845"><ele>393.279</ele><time>2025-06-07T07:28:18.297Z</time></trkpt><trkpt lat="42.929511" lon="-8.118908"><ele>392.905</ele><time>2025-06-07T07:28:22.298Z</time></trkpt><trkpt lat="42.929517" lon="-8.118978"><ele>392.425</ele><time>2025-06-07T07:28:26.298Z</time></trkpt><trkpt lat="42.929523" lon="-8.119053"><ele>391.809</ele><time>2025-06-07T07:28:30.298Z</time></trkpt><trkpt lat="42.929525" lon="-8.119121"><ele>391.379</ele><time>2025-06-07T07:28:34.298Z</time></trkpt><trkpt lat="42.929522" lon="-8.119184"><ele>390.928</ele><time>2025-06-07T07:28:38.298Z</time></trkpt><trkpt lat="42.929525" lon="-8.119247"><ele>390.474</ele><time>2025-06-07T07:28:42.298Z</time></trkpt><trkpt lat="42.929522" lon="-8.119312"><ele>390.077</ele><time>2025-06-07T07:28:46.298Z</time></trkpt><trkpt lat="42.929525" lon="-8.119380"><ele>389.567</ele><time>2025-06-07T07:28:50.298Z</time></trkpt><trkpt lat="42.929530" lon="-8.119450"><ele>389.018</ele><time>2025-06-07T07:28:54.298Z</time></trkpt><trkpt lat="42.929524" lon="-8.119517"><ele>388.527</ele><time>2025-06-07T07:28:58.298Z</time></trkpt><trkpt lat="42.929524" lon="-8.119584"><ele>388.036</ele><time>2025-06-07T07:29:02.298Z</time></trkpt><trkpt lat="42.929533" lon="-8.119652"><ele>387.588</ele><time>2025-06-07T07:29:06.298Z</time></trkpt><trkpt lat="42.929539" lon="-8.119713"><ele>387.191</ele><time>2025-06-07T07:29:10.298Z</time></trkpt><trkpt lat="42.929544" lon="-8.119787"><ele>386.981</ele><time>2025-06-07T07:29:14.298Z</time></trkpt><trkpt lat="42.929540" lon="-8.119851"><ele>386.719</ele><time>2025-06-07T07:29:18.298Z</time></trkpt><trkpt lat="42.929533" lon="-8.119924"><ele>386.509</ele><time>2025-06-07T07:29:22.298Z</time></trkpt><trkpt lat="42.929526" lon="-8.119994"><ele>386.391</ele><time>2025-06-07T07:29:26.298Z</time></trkpt><trkpt lat="42.929516" lon="-8.120064"><ele>386.430</ele><time>2025-06-07T07:29:30.298Z</time></trkpt><trkpt lat="42.929490" lon="-8.120121"><ele>386.376</ele><time>2025-06-07T07:29:34.298Z</time></trkpt><trkpt lat="42.929455" lon="-8.120164"><ele>386.119</ele><time>2025-06-07T07:29:38.298Z</time></trkpt><trkpt lat="42.929422" lon="-8.120217"><ele>385.959</ele><time>2025-06-07T07:29:42.298Z</time></trkpt><trkpt lat="42.929405" lon="-8.120275"><ele>385.920</ele><time>2025-06-07T07:29:46.297Z</time></trkpt><trkpt lat="42.929433" lon="-8.120338"><ele>386.259</ele><time>2025-06-07T07:29:49.298Z</time></trkpt><trkpt lat="42.929462" lon="-8.120386"><ele>386.618</ele><time>2025-06-07T07:29:52.298Z</time></trkpt><trkpt lat="42.929506" lon="-8.120436"><ele>387.570</ele><time>2025-06-07T07:29:56.298Z</time></trkpt><trkpt lat="42.929541" lon="-8.120484"><ele>388.316</ele><time>2025-06-07T07:30:00.298Z</time></trkpt><trkpt lat="42.929585" lon="-8.120532"><ele>389.476</ele><time>2025-06-07T07:30:04.298Z</time></trkpt><trkpt lat="42.929623" lon="-8.120579"><ele>390.413</ele><time>2025-06-07T07:30:08.298Z</time></trkpt><trkpt lat="42.929652" lon="-8.120637"><ele>391.509</ele><time>2025-06-07T07:30:13.298Z</time></trkpt><trkpt lat="42.929666" lon="-8.120698"><ele>392.423</ele><time>2025-06-07T07:30:17.298Z</time></trkpt><trkpt lat="42.929683" lon="-8.120756"><ele>393.492</ele><time>2025-06-07T07:30:21.298Z</time></trkpt><trkpt lat="42.929696" lon="-8.120818"><ele>394.398</ele><time>2025-06-07T07:30:25.298Z</time></trkpt><trkpt lat="42.929706" lon="-8.120891"><ele>394.781</ele><time>2025-06-07T07:30:29.298Z</time></trkpt><trkpt lat="42.929717" lon="-8.120960"><ele>394.971</ele><time>2025-06-07T07:30:33.298Z</time></trkpt><trkpt lat="42.929732" lon="-8.121027"><ele>395.142</ele><time>2025-06-07T07:30:37.298Z</time></trkpt><trkpt lat="42.929746" lon="-8.121089"><ele>395.261</ele><time>2025-06-07T07:30:41.298Z</time></trkpt><trkpt lat="42.929768" lon="-8.121150"><ele>394.940</ele><time>2025-06-07T07:30:45.298Z</time></trkpt><trkpt lat="42.929797" lon="-8.121217"><ele>394.472</ele><time>2025-06-07T07:30:49.298Z</time></trkpt><trkpt lat="42.929813" lon="-8.121276"><ele>393.957</ele><time>2025-06-07T07:30:53.298Z</time></trkpt><trkpt lat="42.929838" lon="-8.121334"><ele>393.400</ele><time>2025-06-07T07:30:57.298Z</time></trkpt><trkpt lat="42.929867" lon="-8.121390"><ele>393.020</ele><time>2025-06-07T07:31:01.298Z</time></trkpt><trkpt lat="42.929875" lon="-8.121458"><ele>392.309</ele><time>2025-06-07T07:31:05.298Z</time></trkpt><trkpt lat="42.929884" lon="-8.121520"><ele>391.677</ele><time>2025-06-07T07:31:09.298Z</time></trkpt><trkpt lat="42.929877" lon="-8.121586"><ele>390.836</ele><time>2025-06-07T07:31:13.298Z</time></trkpt><trkpt lat="42.929864" lon="-8.121656"><ele>389.712</ele><time>2025-06-07T07:31:17.298Z</time></trkpt><trkpt lat="42.929886" lon="-8.121716"><ele>389.255</ele><time>2025-06-07T07:31:21.298Z</time></trkpt><trkpt lat="42.929904" lon="-8.121773"><ele>388.675</ele><time>2025-06-07T07:31:25.298Z</time></trkpt><trkpt lat="42.929933" lon="-8.121823"><ele>388.496</ele><time>2025-06-07T07:31:29.298Z</time></trkpt><trkpt lat="42.929957" lon="-8.121880"><ele>388.015</ele><time>2025-06-07T07:31:33.298Z</time></trkpt><trkpt lat="42.929972" lon="-8.121948"><ele>387.434</ele><time>2025-06-07T07:31:37.298Z</time></trkpt><trkpt lat="42.929994" lon="-8.122002"><ele>387.276</ele><time>2025-06-07T07:31:41.298Z</time></trkpt><trkpt lat="42.930001" lon="-8.122081"><ele>386.575</ele><time>2025-06-07T07:31:46.297Z</time></trkpt><trkpt lat="42.930011" lon="-8.122144"><ele>386.028</ele><time>2025-06-07T07:31:50.298Z</time></trkpt><trkpt lat="42.930023" lon="-8.122210"><ele>385.520</ele><time>2025-06-07T07:31:55.297Z</time></trkpt><trkpt lat="42.930044" lon="-8.122273"><ele>385.209</ele><time>2025-06-07T07:32:00.298Z</time></trkpt><trkpt lat="42.930072" lon="-8.122326"><ele>385.099</ele><time>2025-06-07T07:32:04.298Z</time></trkpt><trkpt lat="42.930093" lon="-8.122385"><ele>384.538</ele><time>2025-06-07T07:32:08.298Z</time></trkpt><trkpt lat="42.930123" lon="-8.122446"><ele>384.194</ele><time>2025-06-07T07:32:14.298Z</time></trkpt><trkpt lat="42.930136" lon="-8.122510"><ele>383.397</ele><time>2025-06-07T07:32:18.298Z</time></trkpt><trkpt lat="42.930153" lon="-8.122569"><ele>382.657</ele><time>2025-06-07T07:32:22.297Z</time></trkpt><trkpt lat="42.930167" lon="-8.122640"><ele>381.738</ele><time>2025-06-07T07:32:27.298Z</time></trkpt><trkpt lat="42.930186" lon="-8.122706"><ele>380.857</ele><time>2025-06-07T07:32:32.298Z</time></trkpt><trkpt lat="42.930219" lon="-8.122757"><ele>380.146</ele><time>2025-06-07T07:32:37.298Z</time></trkpt><trkpt lat="42.930244" lon="-8.122823"><ele>379.138</ele><time>2025-06-07T07:32:42.298Z</time></trkpt><trkpt lat="42.930248" lon="-8.122887"><ele>377.947</ele><time>2025-06-07T07:32:46.299Z</time></trkpt><trkpt lat="42.930227" lon="-8.122966"><ele>376.429</ele><time>2025-06-07T07:32:50.299Z</time></trkpt><trkpt lat="42.930205" lon="-8.123037"><ele>375.121</ele><time>2025-06-07T07:32:54.299Z</time></trkpt><trkpt lat="42.930191" lon="-8.123104"><ele>373.909</ele><time>2025-06-07T07:32:58.298Z</time></trkpt><trkpt lat="42.930183" lon="-8.123180"><ele>372.656</ele><time>2025-06-07T07:33:02.298Z</time></trkpt><trkpt lat="42.930178" lon="-8.123253"><ele>371.345</ele><time>2025-06-07T07:33:06.298Z</time></trkpt><trkpt lat="42.930162" lon="-8.123313"><ele>370.351</ele><time>2025-06-07T07:33:10.299Z</time></trkpt><trkpt lat="42.930154" lon="-8.123374"><ele>369.654</ele><time>2025-06-07T07:33:14.299Z</time></trkpt><trkpt lat="42.930153" lon="-8.123437"><ele>368.954</ele><time>2025-06-07T07:33:18.299Z</time></trkpt><trkpt lat="42.930151" lon="-8.123499"><ele>368.365</ele><time>2025-06-07T07:33:22.299Z</time></trkpt><trkpt lat="42.930140" lon="-8.123562"><ele>367.524</ele><time>2025-06-07T07:33:26.298Z</time></trkpt><trkpt lat="42.930123" lon="-8.123637"><ele>366.693</ele><time>2025-06-07T07:33:31.299Z</time></trkpt><trkpt lat="42.930126" lon="-8.123712"><ele>365.695</ele><time>2025-06-07T07:33:36.299Z</time></trkpt><trkpt lat="42.930126" lon="-8.123778"><ele>364.818</ele><time>2025-06-07T07:33:40.299Z</time></trkpt><trkpt lat="42.930121" lon="-8.123841"><ele>363.998</ele><time>2025-06-07T07:33:44.299Z</time></trkpt><trkpt lat="42.930121" lon="-8.123911"><ele>362.917</ele><time>2025-06-07T07:33:49.299Z</time></trkpt><trkpt lat="42.930127" lon="-8.123981"><ele>361.709</ele><time>2025-06-07T07:33:54.299Z</time></trkpt><trkpt lat="42.930124" lon="-8.124047"><ele>360.483</ele><time>2025-06-07T07:33:59.299Z</time></trkpt><trkpt lat="42.930121" lon="-8.124116"><ele>359.112</ele><time>2025-06-07T07:34:50.299Z</time></trkpt><trkpt lat="42.930124" lon="-8.124179"><ele>358.088</ele><time>2025-06-07T07:34:54.298Z</time></trkpt><trkpt lat="42.930135" lon="-8.124252"><ele>357.121</ele><time>2025-06-07T07:34:58.299Z</time></trkpt><trkpt lat="42.930146" lon="-8.124317"><ele>356.241</ele><time>2025-06-07T07:35:02.299Z</time></trkpt><trkpt lat="42.930160" lon="-8.124385"><ele>355.332</ele><time>2025-06-07T07:35:06.299Z</time></trkpt><trkpt lat="42.930175" lon="-8.124453"><ele>354.461</ele><time>2025-06-07T07:35:10.299Z</time></trkpt><trkpt lat="42.930182" lon="-8.124521"><ele>353.510</ele><time>2025-06-07T07:35:14.298Z</time></trkpt><trkpt lat="42.930194" lon="-8.124590"><ele>352.632</ele><time>2025-06-07T07:35:18.299Z</time></trkpt><trkpt lat="42.930203" lon="-8.124657"><ele>351.772</ele><time>2025-06-07T07:35:22.298Z</time></trkpt><trkpt lat="42.930207" lon="-8.124729"><ele>350.713</ele><time>2025-06-07T07:35:27.299Z</time></trkpt><trkpt lat="42.930215" lon="-8.124801"><ele>349.914</ele><time>2025-06-07T07:35:32.299Z</time></trkpt><trkpt lat="42.930227" lon="-8.124873"><ele>349.209</ele><time>2025-06-07T07:35:37.298Z</time></trkpt><trkpt lat="42.930236" lon="-8.124934"><ele>348.689</ele><time>2025-06-07T07:35:41.299Z</time></trkpt><trkpt lat="42.930242" lon="-8.124998"><ele>347.978</ele><time>2025-06-07T07:35:45.299Z</time></trkpt><trkpt lat="42.930259" lon="-8.125063"><ele>347.054</ele><time>2025-06-07T07:35:49.299Z</time></trkpt><trkpt lat="42.930278" lon="-8.125127"><ele>346.297</ele><time>2025-06-07T07:35:53.299Z</time></trkpt><trkpt lat="42.930307" lon="-8.125186"><ele>345.687</ele><time>2025-06-07T07:35:57.299Z</time></trkpt><trkpt lat="42.930335" lon="-8.125247"><ele>345.138</ele><time>2025-06-07T07:36:01.299Z</time></trkpt><trkpt lat="42.930368" lon="-8.125306"><ele>344.897</ele><time>2025-06-07T07:36:05.299Z</time></trkpt><trkpt lat="42.930406" lon="-8.125363"><ele>344.826</ele><time>2025-06-07T07:36:09.299Z</time></trkpt><trkpt lat="42.930445" lon="-8.125423"><ele>344.768</ele><time>2025-06-07T07:36:13.299Z</time></trkpt><trkpt lat="42.930470" lon="-8.125489"><ele>344.314</ele><time>2025-06-07T07:36:17.298Z</time></trkpt><trkpt lat="42.930498" lon="-8.125549"><ele>343.954</ele><time>2025-06-07T07:36:21.299Z</time></trkpt><trkpt lat="42.930529" lon="-8.125610"><ele>343.709</ele><time>2025-06-07T07:36:25.299Z</time></trkpt><trkpt lat="42.930561" lon="-8.125668"><ele>343.609</ele><time>2025-06-07T07:36:30.299Z</time></trkpt><trkpt lat="42.930590" lon="-8.125719"><ele>343.633</ele><time>2025-06-07T07:36:34.299Z</time></trkpt><trkpt lat="42.930621" lon="-8.125772"><ele>343.482</ele><time>2025-06-07T07:36:38.299Z</time></trkpt><trkpt lat="42.930650" lon="-8.125826"><ele>343.168</ele><time>2025-06-07T07:36:42.299Z</time></trkpt><trkpt lat="42.930675" lon="-8.125885"><ele>342.581</ele><time>2025-06-07T07:36:46.299Z</time></trkpt><trkpt lat="42.930710" lon="-8.125928"><ele>342.221</ele><time>2025-06-07T07:36:50.299Z</time></trkpt><trkpt lat="42.930739" lon="-8.125978"><ele>341.872</ele><time>2025-06-07T07:36:54.299Z</time></trkpt><trkpt lat="42.930770" lon="-8.126033"><ele>341.451</ele><time>2025-06-07T07:36:58.298Z</time></trkpt><trkpt lat="42.930790" lon="-8.126095"><ele>341.030</ele><time>2025-06-07T07:37:02.299Z</time></trkpt><trkpt lat="42.930827" lon="-8.126133"><ele>340.882</ele><time>2025-06-07T07:37:06.299Z</time></trkpt><trkpt lat="42.930850" lon="-8.126188"><ele>340.518</ele><time>2025-06-07T07:37:10.299Z</time></trkpt><trkpt lat="42.930876" lon="-8.126239"><ele>340.298</ele><time>2025-06-07T07:37:14.299Z</time></trkpt><trkpt lat="42.930904" lon="-8.126293"><ele>339.917</ele><time>2025-06-07T07:37:18.299Z</time></trkpt><trkpt lat="42.930919" lon="-8.126369"><ele>339.509</ele><time>2025-06-07T07:37:22.299Z</time></trkpt><trkpt lat="42.930932" lon="-8.126435"><ele>339.083</ele><time>2025-06-07T07:37:26.299Z</time></trkpt><trkpt lat="42.930945" lon="-8.126500"><ele>338.622</ele><time>2025-06-07T07:37:30.298Z</time></trkpt><trkpt lat="42.930962" lon="-8.126567"><ele>338.298</ele><time>2025-06-07T07:37:34.299Z</time></trkpt><trkpt lat="42.930977" lon="-8.126636"><ele>337.761</ele><time>2025-06-07T07:37:38.299Z</time></trkpt><trkpt lat="42.930986" lon="-8.126707"><ele>337.391</ele><time>2025-06-07T07:37:42.299Z</time></trkpt><trkpt lat="42.931005" lon="-8.126771"><ele>336.922</ele><time>2025-06-07T07:37:46.300Z</time></trkpt><trkpt lat="42.931025" lon="-8.126833"><ele>336.561</ele><time>2025-06-07T07:37:50.300Z</time></trkpt><trkpt lat="42.931039" lon="-8.126894"><ele>336.160</ele><time>2025-06-07T07:37:54.300Z</time></trkpt><trkpt lat="42.931050" lon="-8.126959"><ele>335.642</ele><time>2025-06-07T07:37:58.300Z</time></trkpt><trkpt lat="42.931065" lon="-8.127018"><ele>334.892</ele><time>2025-06-07T07:38:01.300Z</time></trkpt><trkpt lat="42.931083" lon="-8.127092"><ele>333.873</ele><time>2025-06-07T07:38:05.300Z</time></trkpt><trkpt lat="42.931088" lon="-8.127159"><ele>332.920</ele><time>2025-06-07T07:38:09.300Z</time></trkpt><trkpt lat="42.931096" lon="-8.127231"><ele>331.909</ele><time>2025-06-07T07:38:14.300Z</time></trkpt><trkpt lat="42.931097" lon="-8.127302"><ele>330.891</ele><time>2025-06-07T07:38:18.300Z</time></trkpt><trkpt lat="42.931090" lon="-8.127367"><ele>329.910</ele><time>2025-06-07T07:38:22.300Z</time></trkpt><trkpt lat="42.931096" lon="-8.127431"><ele>329.066</ele><time>2025-06-07T07:38:26.300Z</time></trkpt><trkpt lat="42.931091" lon="-8.127499"><ele>327.919</ele><time>2025-06-07T07:38:30.300Z</time></trkpt><trkpt lat="42.931078" lon="-8.127564"><ele>326.879</ele><time>2025-06-07T07:38:34.300Z</time></trkpt><trkpt lat="42.931076" lon="-8.127631"><ele>325.650</ele><time>2025-06-07T07:38:38.300Z</time></trkpt><trkpt lat="42.931077" lon="-8.127698"><ele>324.499</ele><time>2025-06-07T07:38:42.300Z</time></trkpt><trkpt lat="42.931070" lon="-8.127765"><ele>323.228</ele><time>2025-06-07T07:38:46.300Z</time></trkpt><trkpt lat="42.931067" lon="-8.127832"><ele>322.640</ele><time>2025-06-07T07:38:50.299Z</time></trkpt><trkpt lat="42.931058" lon="-8.127896"><ele>322.162</ele><time>2025-06-07T07:38:54.299Z</time></trkpt><trkpt lat="42.931052" lon="-8.127968"><ele>321.583</ele><time>2025-06-07T07:38:59.300Z</time></trkpt><trkpt lat="42.930996" lon="-8.128003"><ele>321.011</ele><time>2025-06-07T07:39:06.300Z</time></trkpt><trkpt lat="42.930986" lon="-8.128069"><ele>320.509</ele><time>2025-06-07T07:39:11.299Z</time></trkpt><trkpt lat="42.930995" lon="-8.128145"><ele>319.988</ele><time>2025-06-07T07:39:16.300Z</time></trkpt><trkpt lat="42.930994" lon="-8.128213"><ele>319.457</ele><time>2025-06-07T07:39:20.299Z</time></trkpt><trkpt lat="42.930985" lon="-8.128277"><ele>319.013</ele><time>2025-06-07T07:39:24.300Z</time></trkpt><trkpt lat="42.930985" lon="-8.128343"><ele>318.466</ele><time>2025-06-07T07:39:28.300Z</time></trkpt><trkpt lat="42.930986" lon="-8.128410"><ele>317.626</ele><time>2025-06-07T07:39:32.300Z</time></trkpt><trkpt lat="42.930977" lon="-8.128476"><ele>316.757</ele><time>2025-06-07T07:39:36.300Z</time></trkpt><trkpt lat="42.930962" lon="-8.128547"><ele>315.856</ele><time>2025-06-07T07:39:41.299Z</time></trkpt><trkpt lat="42.930956" lon="-8.128610"><ele>315.065</ele><time>2025-06-07T07:39:45.300Z</time></trkpt><trkpt lat="42.930941" lon="-8.128672"><ele>314.167</ele><time>2025-06-07T07:39:49.299Z</time></trkpt><trkpt lat="42.930944" lon="-8.128745"><ele>313.173</ele><time>2025-06-07T07:39:54.299Z</time></trkpt><trkpt lat="42.930933" lon="-8.128819"><ele>312.085</ele><time>2025-06-07T07:39:59.299Z</time></trkpt><trkpt lat="42.930951" lon="-8.128882"><ele>311.113</ele><time>2025-06-07T07:40:04.300Z</time></trkpt><trkpt lat="42.930962" lon="-8.128955"><ele>310.409</ele><time>2025-06-07T07:40:09.300Z</time></trkpt><trkpt lat="42.930921" lon="-8.128986"><ele>310.169</ele><time>2025-06-07T07:40:17.300Z</time></trkpt><trkpt lat="42.930942" lon="-8.129042"><ele>309.638</ele><time>2025-06-07T07:40:21.300Z</time></trkpt><trkpt lat="42.930969" lon="-8.129106"><ele>309.084</ele><time>2025-06-07T07:40:25.300Z</time></trkpt><trkpt lat="42.930983" lon="-8.129167"><ele>308.597</ele><time>2025-06-07T07:40:29.300Z</time></trkpt><trkpt lat="42.930999" lon="-8.129236"><ele>308.197</ele><time>2025-06-07T07:40:33.300Z</time></trkpt><trkpt lat="42.931018" lon="-8.129302"><ele>307.748</ele><time>2025-06-07T07:40:37.299Z</time></trkpt><trkpt lat="42.931036" lon="-8.129359"><ele>307.337</ele><time>2025-06-07T07:40:41.300Z</time></trkpt><trkpt lat="42.931063" lon="-8.129412"><ele>307.126</ele><time>2025-06-07T07:40:45.300Z</time></trkpt><trkpt lat="42.931079" lon="-8.129472"><ele>306.868</ele><time>2025-06-07T07:40:49.300Z</time></trkpt><trkpt lat="42.931080" lon="-8.129540"><ele>306.584</ele><time>2025-06-07T07:40:53.300Z</time></trkpt><trkpt lat="42.931070" lon="-8.129604"><ele>306.307</ele><time>2025-06-07T07:40:57.300Z</time></trkpt><trkpt lat="42.931050" lon="-8.129666"><ele>306.017</ele><time>2025-06-07T07:41:01.299Z</time></trkpt><trkpt lat="42.931046" lon="-8.129729"><ele>305.709</ele><time>2025-06-07T07:41:05.300Z</time></trkpt><trkpt lat="42.931017" lon="-8.129784"><ele>305.540</ele><time>2025-06-07T07:41:09.300Z</time></trkpt><trkpt lat="42.931001" lon="-8.129846"><ele>305.359</ele><time>2025-06-07T07:41:13.300Z</time></trkpt><trkpt lat="42.930987" lon="-8.129908"><ele>305.275</ele><time>2025-06-07T07:41:17.300Z</time></trkpt><trkpt lat="42.930960" lon="-8.129980"><ele>305.088</ele><time>2025-06-07T07:41:21.299Z</time></trkpt><trkpt lat="42.930945" lon="-8.130045"><ele>305.048</ele><time>2025-06-07T07:41:24.300Z</time></trkpt><trkpt lat="42.930922" lon="-8.130103"><ele>305.039</ele><time>2025-06-07T07:41:27.300Z</time></trkpt><trkpt lat="42.930897" lon="-8.130155"><ele>305.028</ele><time>2025-06-07T07:41:30.300Z</time></trkpt><trkpt lat="42.930871" lon="-8.130212"><ele>305.027</ele><time>2025-06-07T07:41:34.300Z</time></trkpt><trkpt lat="42.930848" lon="-8.130267"><ele>305.089</ele><time>2025-06-07T07:41:38.300Z</time></trkpt><trkpt lat="42.930809" lon="-8.130321"><ele>304.939</ele><time>2025-06-07T07:41:45.299Z</time></trkpt><trkpt lat="42.930817" lon="-8.130388"><ele>304.701</ele><time>2025-06-07T07:43:17.301Z</time></trkpt><trkpt lat="42.930774" lon="-8.130421"><ele>304.721</ele><time>2025-06-07T07:43:23.301Z</time></trkpt><trkpt lat="42.930753" lon="-8.130477"><ele>304.709</ele><time>2025-06-07T07:43:27.301Z</time></trkpt><trkpt lat="42.930725" lon="-8.130538"><ele>304.895</ele><time>2025-06-07T07:43:31.301Z</time></trkpt><trkpt lat="42.930692" lon="-8.130595"><ele>305.174</ele><time>2025-06-07T07:43:35.301Z</time></trkpt><trkpt lat="42.930669" lon="-8.130656"><ele>305.350</ele><time>2025-06-07T07:43:39.301Z</time></trkpt><trkpt lat="42.930652" lon="-8.130716"><ele>305.573</ele><time>2025-06-07T07:43:43.301Z</time></trkpt><trkpt lat="42.930634" lon="-8.130781"><ele>305.743</ele><time>2025-06-07T07:43:47.301Z</time></trkpt><trkpt lat="42.930609" lon="-8.130848"><ele>305.914</ele><time>2025-06-07T07:43:52.301Z</time></trkpt><trkpt lat="42.930590" lon="-8.130907"><ele>306.123</ele><time>2025-06-07T07:43:56.301Z</time></trkpt><trkpt lat="42.930576" lon="-8.130969"><ele>306.492</ele><time>2025-06-07T07:44:00.301Z</time></trkpt><trkpt lat="42.930551" lon="-8.131032"><ele>306.764</ele><time>2025-06-07T07:44:04.301Z</time></trkpt><trkpt lat="42.930525" lon="-8.131097"><ele>306.831</ele><time>2025-06-07T07:44:09.301Z</time></trkpt><trkpt lat="42.930507" lon="-8.131162"><ele>307.061</ele><time>2025-06-07T07:44:13.301Z</time></trkpt><trkpt lat="42.930483" lon="-8.131224"><ele>307.007</ele><time>2025-06-07T07:44:17.301Z</time></trkpt><trkpt lat="42.930474" lon="-8.131290"><ele>307.209</ele><time>2025-06-07T07:44:21.301Z</time></trkpt><trkpt lat="42.930483" lon="-8.131352"><ele>307.475</ele><time>2025-06-07T07:44:25.300Z</time></trkpt><trkpt lat="42.930479" lon="-8.131419"><ele>307.694</ele><time>2025-06-07T07:44:29.301Z</time></trkpt><trkpt lat="42.930483" lon="-8.131488"><ele>307.810</ele><time>2025-06-07T07:44:33.301Z</time></trkpt><trkpt lat="42.930488" lon="-8.131563"><ele>308.163</ele><time>2025-06-07T07:44:38.300Z</time></trkpt><trkpt lat="42.930480" lon="-8.131627"><ele>308.353</ele><time>2025-06-07T07:44:42.300Z</time></trkpt><trkpt lat="42.930479" lon="-8.131694"><ele>308.614</ele><time>2025-06-07T07:44:46.300Z</time></trkpt><trkpt lat="42.930479" lon="-8.131764"><ele>309.213</ele><time>2025-06-07T07:44:50.301Z</time></trkpt><trkpt lat="42.930485" lon="-8.131827"><ele>309.652</ele><time>2025-06-07T07:44:54.301Z</time></trkpt><trkpt lat="42.930494" lon="-8.131890"><ele>310.224</ele><time>2025-06-07T07:44:58.301Z</time></trkpt><trkpt lat="42.930507" lon="-8.131958"><ele>310.711</ele><time>2025-06-07T07:45:03.301Z</time></trkpt><trkpt lat="42.930514" lon="-8.132024"><ele>311.021</ele><time>2025-06-07T07:45:07.300Z</time></trkpt><trkpt lat="42.930523" lon="-8.132093"><ele>311.403</ele><time>2025-06-07T07:45:11.301Z</time></trkpt><trkpt lat="42.930531" lon="-8.132164"><ele>311.709</ele><time>2025-06-07T07:45:16.301Z</time></trkpt><trkpt lat="42.930541" lon="-8.132233"><ele>312.033</ele><time>2025-06-07T07:45:21.301Z</time></trkpt><trkpt lat="42.930550" lon="-8.132297"><ele>312.562</ele><time>2025-06-07T07:45:26.301Z</time></trkpt><trkpt lat="42.930558" lon="-8.132358"><ele>313.038</ele><time>2025-06-07T07:45:31.301Z</time></trkpt><trkpt lat="42.930574" lon="-8.132421"><ele>313.681</ele><time>2025-06-07T07:45:36.301Z</time></trkpt><trkpt lat="42.930583" lon="-8.132482"><ele>314.181</ele><time>2025-06-07T07:45:41.301Z</time></trkpt><trkpt lat="42.930599" lon="-8.132545"><ele>314.662</ele><time>2025-06-07T07:45:46.301Z</time></trkpt><trkpt lat="42.930605" lon="-8.132610"><ele>315.171</ele><time>2025-06-07T07:45:51.301Z</time></trkpt><trkpt lat="42.930631" lon="-8.132664"><ele>315.760</ele><time>2025-06-07T07:45:56.301Z</time></trkpt><trkpt lat="42.930645" lon="-8.132736"><ele>316.352</ele><time>2025-06-07T07:46:01.300Z</time></trkpt><trkpt lat="42.930638" lon="-8.132799"><ele>316.887</ele><time>2025-06-07T07:46:05.300Z</time></trkpt><trkpt lat="42.930646" lon="-8.132866"><ele>317.442</ele><time>2025-06-07T07:46:09.301Z</time></trkpt><trkpt lat="42.930661" lon="-8.132932"><ele>318.026</ele><time>2025-06-07T07:46:14.300Z</time></trkpt><trkpt lat="42.930674" lon="-8.132993"><ele>318.509</ele><time>2025-06-07T07:46:19.301Z</time></trkpt><trkpt lat="42.930686" lon="-8.133059"><ele>319.030</ele><time>2025-06-07T07:46:24.301Z</time></trkpt><trkpt lat="42.930703" lon="-8.133121"><ele>319.379</ele><time>2025-06-07T07:46:29.301Z</time></trkpt><trkpt lat="42.930721" lon="-8.133182"><ele>319.615</ele><time>2025-06-07T07:46:34.301Z</time></trkpt><trkpt lat="42.930736" lon="-8.133251"><ele>320.028</ele><time>2025-06-07T07:46:39.300Z</time></trkpt><trkpt lat="42.930751" lon="-8.133321"><ele>320.268</ele><time>2025-06-07T07:46:44.301Z</time></trkpt><trkpt lat="42.930760" lon="-8.133388"><ele>320.529</ele><time>2025-06-07T07:46:49.301Z</time></trkpt><trkpt lat="42.930773" lon="-8.133448"><ele>320.628</ele><time>2025-06-07T07:46:53.301Z</time></trkpt><trkpt lat="42.930789" lon="-8.133516"><ele>320.897</ele><time>2025-06-07T07:46:58.301Z</time></trkpt><trkpt lat="42.930801" lon="-8.133589"><ele>321.019</ele><time>2025-06-07T07:47:03.301Z</time></trkpt><trkpt lat="42.930814" lon="-8.133657"><ele>321.434</ele><time>2025-06-07T07:47:08.301Z</time></trkpt><trkpt lat="42.930823" lon="-8.133719"><ele>321.855</ele><time>2025-06-07T07:47:12.301Z</time></trkpt><trkpt lat="42.930832" lon="-8.133781"><ele>322.210</ele><time>2025-06-07T07:47:16.301Z</time></trkpt><trkpt lat="42.930795" lon="-8.133833"><ele>322.609</ele><time>2025-06-07T07:47:23.301Z</time></trkpt><trkpt lat="42.930817" lon="-8.133895"><ele>323.125</ele><time>2025-06-07T07:47:27.301Z</time></trkpt><trkpt lat="42.930838" lon="-8.133954"><ele>323.974</ele><time>2025-06-07T07:47:31.301Z</time></trkpt><trkpt lat="42.930861" lon="-8.134025"><ele>324.820</ele><time>2025-06-07T07:47:36.301Z</time></trkpt><trkpt lat="42.930878" lon="-8.134098"><ele>325.723</ele><time>2025-06-07T07:47:41.301Z</time></trkpt><trkpt lat="42.930894" lon="-8.134161"><ele>326.543</ele><time>2025-06-07T07:47:45.301Z</time></trkpt><trkpt lat="42.930920" lon="-8.134226"><ele>327.224</ele><time>2025-06-07T07:47:50.301Z</time></trkpt><trkpt lat="42.930937" lon="-8.134294"><ele>328.123</ele><time>2025-06-07T07:47:55.301Z</time></trkpt><trkpt lat="42.930944" lon="-8.134366"><ele>329.142</ele><time>2025-06-07T07:48:00.300Z</time></trkpt><trkpt lat="42.930961" lon="-8.134432"><ele>329.984</ele><time>2025-06-07T07:48:05.300Z</time></trkpt><trkpt lat="42.930973" lon="-8.134505"><ele>330.679</ele><time>2025-06-07T07:48:10.301Z</time></trkpt><trkpt lat="42.930981" lon="-8.134578"><ele>331.405</ele><time>2025-06-07T07:48:15.301Z</time></trkpt><trkpt lat="42.930966" lon="-8.134644"><ele>332.225</ele><time>2025-06-07T07:48:20.301Z</time></trkpt><trkpt lat="42.930938" lon="-8.134692"><ele>332.909</ele><time>2025-06-07T07:48:24.301Z</time></trkpt><trkpt lat="42.930902" lon="-8.134730"><ele>333.639</ele><time>2025-06-07T07:48:28.301Z</time></trkpt><trkpt lat="42.930869" lon="-8.134778"><ele>334.278</ele><time>2025-06-07T07:48:32.301Z</time></trkpt><trkpt lat="42.930833" lon="-8.134831"><ele>334.854</ele><time>2025-06-07T07:48:37.301Z</time></trkpt><trkpt lat="42.930802" lon="-8.134877"><ele>335.137</ele><time>2025-06-07T07:48:41.301Z</time></trkpt><trkpt lat="42.930763" lon="-8.134925"><ele>335.597</ele><time>2025-06-07T07:48:46.301Z</time></trkpt><trkpt lat="42.930732" lon="-8.134970"><ele>335.898</ele><time>2025-06-07T07:48:50.301Z</time></trkpt><trkpt lat="42.930702" lon="-8.135032"><ele>336.337</ele><time>2025-06-07T07:48:55.301Z</time></trkpt><trkpt lat="42.930672" lon="-8.135090"><ele>337.086</ele><time>2025-06-07T07:49:00.301Z</time></trkpt><trkpt lat="42.930633" lon="-8.135134"><ele>337.718</ele><time>2025-06-07T07:49:05.301Z</time></trkpt><trkpt lat="42.930592" lon="-8.135183"><ele>338.581</ele><time>2025-06-07T07:49:10.301Z</time></trkpt><trkpt lat="42.930554" lon="-8.135237"><ele>339.461</ele><time>2025-06-07T07:49:15.302Z</time></trkpt><trkpt lat="42.930519" lon="-8.135292"><ele>340.317</ele><time>2025-06-07T07:49:20.301Z</time></trkpt><trkpt lat="42.930480" lon="-8.135343"><ele>341.209</ele><time>2025-06-07T07:49:25.302Z</time></trkpt><trkpt lat="42.930429" lon="-8.135369"><ele>341.810</ele><time>2025-06-07T07:49:30.302Z</time></trkpt><trkpt lat="42.930407" lon="-8.135430"><ele>342.739</ele><time>2025-06-07T07:49:35.302Z</time></trkpt><trkpt lat="42.930382" lon="-8.135489"><ele>343.735</ele><time>2025-06-07T07:49:39.302Z</time></trkpt><trkpt lat="42.930336" lon="-8.135521"><ele>344.348</ele><time>2025-06-07T07:49:42.301Z</time></trkpt><trkpt lat="42.930287" lon="-8.135562"><ele>345.088</ele><time>2025-06-07T07:49:45.302Z</time></trkpt><trkpt lat="42.930259" lon="-8.135618"><ele>345.629</ele><time>2025-06-07T07:49:49.302Z</time></trkpt><trkpt lat="42.930235" lon="-8.135679"><ele>346.288</ele><time>2025-06-07T07:49:54.301Z</time></trkpt><trkpt lat="42.930198" lon="-8.135720"><ele>346.427</ele><time>2025-06-07T07:49:59.302Z</time></trkpt><trkpt lat="42.930166" lon="-8.135773"><ele>346.759</ele><time>2025-06-07T07:50:04.302Z</time></trkpt><trkpt lat="42.930138" lon="-8.135830"><ele>347.055</ele><time>2025-06-07T07:50:09.302Z</time></trkpt><trkpt lat="42.930111" lon="-8.135879"><ele>347.107</ele><time>2025-06-07T07:50:13.302Z</time></trkpt><trkpt lat="42.930078" lon="-8.135939"><ele>347.317</ele><time>2025-06-07T07:50:18.302Z</time></trkpt><trkpt lat="42.930050" lon="-8.135989"><ele>347.509</ele><time>2025-06-07T07:50:22.302Z</time></trkpt><trkpt lat="42.930028" lon="-8.136051"><ele>347.897</ele><time>2025-06-07T07:50:27.302Z</time></trkpt><trkpt lat="42.930040" lon="-8.136115"><ele>348.376</ele><time>2025-06-07T07:50:33.302Z</time></trkpt><trkpt lat="42.930084" lon="-8.136091"><ele>348.542</ele><time>2025-06-07T07:50:38.302Z</time></trkpt><trkpt lat="42.930138" lon="-8.136092"><ele>348.925</ele><time>2025-06-07T07:50:43.302Z</time></trkpt><trkpt lat="42.930187" lon="-8.136112"><ele>349.455</ele><time>2025-06-07T07:50:48.302Z</time></trkpt><trkpt lat="42.930239" lon="-8.136128"><ele>349.876</ele><time>2025-06-07T07:50:53.302Z</time></trkpt><trkpt lat="42.930290" lon="-8.136134"><ele>350.245</ele><time>2025-06-07T07:50:58.301Z</time></trkpt><trkpt lat="42.930333" lon="-8.136110"><ele>350.254</ele><time>2025-06-07T07:51:56.302Z</time></trkpt><trkpt lat="42.930377" lon="-8.136162"><ele>350.786</ele><time>2025-06-07T07:52:02.302Z</time></trkpt><trkpt lat="42.930426" lon="-8.136176"><ele>351.084</ele><time>2025-06-07T07:52:06.302Z</time></trkpt><trkpt lat="42.930470" lon="-8.136204"><ele>351.407</ele><time>2025-06-07T07:52:10.302Z</time></trkpt><trkpt lat="42.930511" lon="-8.136239"><ele>351.817</ele><time>2025-06-07T07:52:15.302Z</time></trkpt><trkpt lat="42.930561" lon="-8.136240"><ele>351.909</ele><time>2025-06-07T07:52:21.302Z</time></trkpt><trkpt lat="42.930601" lon="-8.136286"><ele>351.980</ele><time>2025-06-07T07:52:27.301Z</time></trkpt><trkpt lat="42.930643" lon="-8.136313"><ele>351.719</ele><time>2025-06-07T07:52:32.302Z</time></trkpt><trkpt lat="42.930668" lon="-8.136368"><ele>352.045</ele><time>2025-06-07T07:52:36.301Z</time></trkpt><trkpt lat="42.930700" lon="-8.136415"><ele>352.198</ele><time>2025-06-07T07:52:40.301Z</time></trkpt><trkpt lat="42.930725" lon="-8.136471"><ele>352.398</ele><time>2025-06-07T07:52:44.302Z</time></trkpt><trkpt lat="42.930751" lon="-8.136532"><ele>352.599</ele><time>2025-06-07T07:52:48.301Z</time></trkpt><trkpt lat="42.930771" lon="-8.136598"><ele>352.898</ele><time>2025-06-07T07:52:52.302Z</time></trkpt><trkpt lat="42.930783" lon="-8.136664"><ele>353.257</ele><time>2025-06-07T07:52:56.301Z</time></trkpt><trkpt lat="42.930801" lon="-8.136736"><ele>353.639</ele><time>2025-06-07T07:53:01.302Z</time></trkpt><trkpt lat="42.930817" lon="-8.136809"><ele>354.193</ele><time>2025-06-07T07:53:06.302Z</time></trkpt><trkpt lat="42.930833" lon="-8.136866"><ele>354.465</ele><time>2025-06-07T07:53:10.301Z</time></trkpt><trkpt lat="42.930847" lon="-8.136935"><ele>354.821</ele><time>2025-06-07T07:53:26.302Z</time></trkpt><trkpt lat="42.930853" lon="-8.136997"><ele>355.209</ele><time>2025-06-07T07:53:30.301Z</time></trkpt><trkpt lat="42.930861" lon="-8.137069"><ele>355.671</ele><time>2025-06-07T07:53:35.302Z</time></trkpt><trkpt lat="42.930877" lon="-8.137127"><ele>355.830</ele><time>2025-06-07T07:53:39.302Z</time></trkpt><trkpt lat="42.930887" lon="-8.137188"><ele>356.286</ele><time>2025-06-07T07:53:43.302Z</time></trkpt><trkpt lat="42.930897" lon="-8.137253"><ele>356.589</ele><time>2025-06-07T07:53:47.302Z</time></trkpt><trkpt lat="42.930904" lon="-8.137315"><ele>356.889</ele><time>2025-06-07T07:53:51.301Z</time></trkpt><trkpt lat="42.930917" lon="-8.137376"><ele>357.080</ele><time>2025-06-07T07:53:55.302Z</time></trkpt><trkpt lat="42.930925" lon="-8.137437"><ele>357.349</ele><time>2025-06-07T07:53:59.302Z</time></trkpt><trkpt lat="42.930934" lon="-8.137500"><ele>357.668</ele><time>2025-06-07T07:54:03.302Z</time></trkpt><trkpt lat="42.930948" lon="-8.137562"><ele>357.660</ele><time>2025-06-07T07:54:07.302Z</time></trkpt><trkpt lat="42.930953" lon="-8.137638"><ele>357.875</ele><time>2025-06-07T07:54:12.302Z</time></trkpt><trkpt lat="42.930966" lon="-8.137704"><ele>357.928</ele><time>2025-06-07T07:54:16.301Z</time></trkpt><trkpt lat="42.930970" lon="-8.137780"><ele>358.120</ele><time>2025-06-07T07:54:21.302Z</time></trkpt><trkpt lat="42.930981" lon="-8.137840"><ele>358.609</ele><time>2025-06-07T07:54:25.302Z</time></trkpt><trkpt lat="42.930978" lon="-8.137903"><ele>359.419</ele><time>2025-06-07T07:54:29.301Z</time></trkpt><trkpt lat="42.930972" lon="-8.137969"><ele>360.418</ele><time>2025-06-07T07:54:33.302Z</time></trkpt><trkpt lat="42.930969" lon="-8.138032"><ele>361.314</ele><time>2025-06-07T07:54:37.302Z</time></trkpt><trkpt lat="42.930964" lon="-8.138108"><ele>362.347</ele><time>2025-06-07T07:54:42.301Z</time></trkpt><trkpt lat="42.930958" lon="-8.138169"><ele>363.227</ele><time>2025-06-07T07:54:46.301Z</time></trkpt><trkpt lat="42.930952" lon="-8.138235"><ele>364.248</ele><time>2025-06-07T07:54:50.302Z</time></trkpt><trkpt lat="42.930947" lon="-8.138305"><ele>365.217</ele><time>2025-06-07T07:54:54.302Z</time></trkpt><trkpt lat="42.930943" lon="-8.138377"><ele>365.766</ele><time>2025-06-07T07:54:58.303Z</time></trkpt><trkpt lat="42.930939" lon="-8.138449"><ele>365.968</ele><time>2025-06-07T07:55:02.303Z</time></trkpt><trkpt lat="42.930932" lon="-8.138523"><ele>366.141</ele><time>2025-06-07T07:55:06.303Z</time></trkpt><trkpt lat="42.930927" lon="-8.138585"><ele>366.381</ele><time>2025-06-07T07:55:10.303Z</time></trkpt><trkpt lat="42.930921" lon="-8.138652"><ele>366.209</ele><time>2025-06-07T07:55:14.303Z</time></trkpt><trkpt lat="42.930919" lon="-8.138723"><ele>365.709</ele><time>2025-06-07T07:55:18.303Z</time></trkpt><trkpt lat="42.930913" lon="-8.138789"><ele>365.366</ele><time>2025-06-07T07:55:22.303Z</time></trkpt><trkpt lat="42.930909" lon="-8.138853"><ele>364.945</ele><time>2025-06-07T07:55:26.303Z</time></trkpt><trkpt lat="42.930909" lon="-8.138920"><ele>364.681</ele><time>2025-06-07T07:55:30.303Z</time></trkpt><trkpt lat="42.930908" lon="-8.138993"><ele>364.724</ele><time>2025-06-07T07:55:35.303Z</time></trkpt><trkpt lat="42.930897" lon="-8.139057"><ele>364.924</ele><time>2025-06-07T07:55:39.303Z</time></trkpt><trkpt lat="42.930886" lon="-8.139124"><ele>365.195</ele><time>2025-06-07T07:55:43.303Z</time></trkpt><trkpt lat="42.930873" lon="-8.139184"><ele>365.384</ele><time>2025-06-07T07:55:47.303Z</time></trkpt><trkpt lat="42.930865" lon="-8.139246"><ele>365.583</ele><time>2025-06-07T07:55:51.303Z</time></trkpt><trkpt lat="42.930863" lon="-8.139309"><ele>365.695</ele><time>2025-06-07T07:55:55.303Z</time></trkpt><trkpt lat="42.930858" lon="-8.139373"><ele>365.716</ele><time>2025-06-07T07:55:59.303Z</time></trkpt><trkpt lat="42.930854" lon="-8.139440"><ele>365.876</ele><time>2025-06-07T07:56:03.303Z</time></trkpt><trkpt lat="42.930846" lon="-8.139501"><ele>365.913</ele><time>2025-06-07T07:56:07.303Z</time></trkpt><trkpt lat="42.930842" lon="-8.139576"><ele>365.909</ele><time>2025-06-07T07:56:12.303Z</time></trkpt><trkpt lat="42.930839" lon="-8.139652"><ele>365.983</ele><time>2025-06-07T07:56:17.303Z</time></trkpt><trkpt lat="42.930833" lon="-8.139716"><ele>366.092</ele><time>2025-06-07T07:56:21.303Z</time></trkpt><trkpt lat="42.930827" lon="-8.139781"><ele>366.368</ele><time>2025-06-07T07:56:25.303Z</time></trkpt><trkpt lat="42.930821" lon="-8.139847"><ele>366.571</ele><time>2025-06-07T07:56:29.303Z</time></trkpt><trkpt lat="42.930817" lon="-8.139912"><ele>366.861</ele><time>2025-06-07T07:56:33.303Z</time></trkpt><trkpt lat="42.930808" lon="-8.139977"><ele>367.062</ele><time>2025-06-07T07:56:37.303Z</time></trkpt><trkpt lat="42.930792" lon="-8.140037"><ele>367.061</ele><time>2025-06-07T07:56:41.303Z</time></trkpt><trkpt lat="42.930780" lon="-8.140103"><ele>366.940</ele><time>2025-06-07T07:56:45.303Z</time></trkpt><trkpt lat="42.930762" lon="-8.140167"><ele>366.852</ele><time>2025-06-07T07:56:49.303Z</time></trkpt><trkpt lat="42.930741" lon="-8.140226"><ele>366.821</ele><time>2025-06-07T07:56:53.303Z</time></trkpt><trkpt lat="42.930719" lon="-8.140288"><ele>366.841</ele><time>2025-06-07T07:56:57.303Z</time></trkpt><trkpt lat="42.930694" lon="-8.140347"><ele>366.805</ele><time>2025-06-07T07:57:01.303Z</time></trkpt><trkpt lat="42.930667" lon="-8.140404"><ele>366.709</ele><time>2025-06-07T07:57:05.302Z</time></trkpt><trkpt lat="42.930637" lon="-8.140456"><ele>366.854</ele><time>2025-06-07T07:57:09.302Z</time></trkpt><trkpt lat="42.930589" lon="-8.140489"><ele>367.063</ele><time>2025-06-07T07:57:14.302Z</time></trkpt><trkpt lat="42.930535" lon="-8.140504"><ele>367.379</ele><time>2025-06-07T07:57:18.303Z</time></trkpt><trkpt lat="42.930497" lon="-8.140559"><ele>367.452</ele><time>2025-06-07T07:57:23.303Z</time></trkpt><trkpt lat="42.930472" lon="-8.140614"><ele>367.772</ele><time>2025-06-07T07:57:27.303Z</time></trkpt><trkpt lat="42.930444" lon="-8.140668"><ele>368.083</ele><time>2025-06-07T07:57:31.302Z</time></trkpt><trkpt lat="42.930414" lon="-8.140725"><ele>368.322</ele><time>2025-06-07T07:57:35.303Z</time></trkpt><trkpt lat="42.930381" lon="-8.140771"><ele>368.761</ele><time>2025-06-07T07:57:39.303Z</time></trkpt><trkpt lat="42.930352" lon="-8.140823"><ele>369.253</ele><time>2025-06-07T07:57:43.303Z</time></trkpt><trkpt lat="42.930328" lon="-8.140880"><ele>369.867</ele><time>2025-06-07T07:57:47.303Z</time></trkpt><trkpt lat="42.930304" lon="-8.140938"><ele>370.481</ele><time>2025-06-07T07:57:51.303Z</time></trkpt><trkpt lat="42.930283" lon="-8.140999"><ele>371.119</ele><time>2025-06-07T07:57:55.303Z</time></trkpt><trkpt lat="42.930256" lon="-8.141052"><ele>371.909</ele><time>2025-06-07T07:57:59.303Z</time></trkpt><trkpt lat="42.930226" lon="-8.141103"><ele>372.718</ele><time>2025-06-07T07:58:03.303Z</time></trkpt><trkpt lat="42.930202" lon="-8.141156"><ele>373.197</ele><time>2025-06-07T07:58:07.302Z</time></trkpt><trkpt lat="42.930174" lon="-8.141213"><ele>373.573</ele><time>2025-06-07T07:58:11.303Z</time></trkpt><trkpt lat="42.930150" lon="-8.141269"><ele>373.846</ele><time>2025-06-07T07:58:15.303Z</time></trkpt><trkpt lat="42.930130" lon="-8.141324"><ele>374.136</ele><time>2025-06-07T07:58:19.303Z</time></trkpt><trkpt lat="42.930104" lon="-8.141393"><ele>374.567</ele><time>2025-06-07T07:58:24.303Z</time></trkpt><trkpt lat="42.930083" lon="-8.141453"><ele>374.926</ele><time>2025-06-07T07:58:28.303Z</time></trkpt><trkpt lat="42.930050" lon="-8.141511"><ele>375.445</ele><time>2025-06-07T07:58:33.303Z</time></trkpt><trkpt lat="42.930031" lon="-8.141574"><ele>375.627</ele><time>2025-06-07T07:58:37.303Z</time></trkpt><trkpt lat="42.930014" lon="-8.141639"><ele>375.824</ele><time>2025-06-07T07:58:41.302Z</time></trkpt><trkpt lat="42.930004" lon="-8.141700"><ele>376.004</ele><time>2025-06-07T07:58:45.303Z</time></trkpt><trkpt lat="42.929992" lon="-8.141764"><ele>376.114</ele><time>2025-06-07T07:58:49.303Z</time></trkpt><trkpt lat="42.929979" lon="-8.141831"><ele>376.209</ele><time>2025-06-07T07:58:53.303Z</time></trkpt><trkpt lat="42.929966" lon="-8.141890"><ele>376.484</ele><time>2025-06-07T07:58:57.302Z</time></trkpt><trkpt lat="42.929955" lon="-8.141952"><ele>376.523</ele><time>2025-06-07T07:59:01.303Z</time></trkpt><trkpt lat="42.929954" lon="-8.142018"><ele>376.569</ele><time>2025-06-07T07:59:05.303Z</time></trkpt><trkpt lat="42.929945" lon="-8.142092"><ele>376.612</ele><time>2025-06-07T07:59:10.303Z</time></trkpt><trkpt lat="42.929939" lon="-8.142168"><ele>376.782</ele><time>2025-06-07T07:59:15.302Z</time></trkpt><trkpt lat="42.929936" lon="-8.142230"><ele>376.783</ele><time>2025-06-07T07:59:19.303Z</time></trkpt><trkpt lat="42.929936" lon="-8.142294"><ele>376.872</ele><time>2025-06-07T07:59:23.303Z</time></trkpt><trkpt lat="42.929934" lon="-8.142376"><ele>377.081</ele><time>2025-06-07T07:59:27.303Z</time></trkpt><trkpt lat="42.929932" lon="-8.142437"><ele>377.153</ele><time>2025-06-07T07:59:30.303Z</time></trkpt><trkpt lat="42.929938" lon="-8.142508"><ele>377.333</ele><time>2025-06-07T07:59:34.303Z</time></trkpt><trkpt lat="42.929947" lon="-8.142573"><ele>377.523</ele><time>2025-06-07T07:59:38.303Z</time></trkpt><trkpt lat="42.929952" lon="-8.142636"><ele>377.715</ele><time>2025-06-07T07:59:42.303Z</time></trkpt><trkpt lat="42.929952" lon="-8.142703"><ele>377.909</ele><time>2025-06-07T07:59:46.303Z</time></trkpt><trkpt lat="42.929953" lon="-8.142767"><ele>378.195</ele><time>2025-06-07T07:59:50.303Z</time></trkpt><trkpt lat="42.929950" lon="-8.142842"><ele>378.424</ele><time>2025-06-07T07:59:55.303Z</time></trkpt><trkpt lat="42.929943" lon="-8.142905"><ele>378.620</ele><time>2025-06-07T07:59:59.302Z</time></trkpt><trkpt lat="42.929932" lon="-8.142968"><ele>378.853</ele><time>2025-06-07T08:00:03.303Z</time></trkpt><trkpt lat="42.929937" lon="-8.143043"><ele>379.033</ele><time>2025-06-07T08:00:08.303Z</time></trkpt><trkpt lat="42.929932" lon="-8.143108"><ele>379.244</ele><time>2025-06-07T08:00:12.303Z</time></trkpt><trkpt lat="42.929940" lon="-8.143169"><ele>379.413</ele><time>2025-06-07T08:00:16.303Z</time></trkpt><trkpt lat="42.929936" lon="-8.143237"><ele>379.732</ele><time>2025-06-07T08:00:20.303Z</time></trkpt><trkpt lat="42.929929" lon="-8.143304"><ele>379.924</ele><time>2025-06-07T08:00:24.303Z</time></trkpt><trkpt lat="42.929929" lon="-8.143369"><ele>380.123</ele><time>2025-06-07T08:00:28.303Z</time></trkpt><trkpt lat="42.929936" lon="-8.143433"><ele>380.483</ele><time>2025-06-07T08:00:32.304Z</time></trkpt><trkpt lat="42.929929" lon="-8.143506"><ele>380.611</ele><time>2025-06-07T08:00:36.304Z</time></trkpt><trkpt lat="42.929931" lon="-8.143581"><ele>380.909</ele><time>2025-06-07T08:00:41.304Z</time></trkpt><trkpt lat="42.929949" lon="-8.143641"><ele>381.054</ele><time>2025-06-07T08:00:45.303Z</time></trkpt><trkpt lat="42.929941" lon="-8.143709"><ele>381.033</ele><time>2025-06-07T08:00:49.304Z</time></trkpt><trkpt lat="42.929921" lon="-8.143770"><ele>381.069</ele><time>2025-06-07T08:00:53.304Z</time></trkpt><trkpt lat="42.929937" lon="-8.143837"><ele>381.022</ele><time>2025-06-07T08:00:58.304Z</time></trkpt><trkpt lat="42.929941" lon="-8.143903"><ele>381.042</ele><time>2025-06-07T08:01:04.304Z</time></trkpt><trkpt lat="42.929965" lon="-8.143956"><ele>381.273</ele><time>2025-06-07T08:01:09.304Z</time></trkpt><trkpt lat="42.929971" lon="-8.144026"><ele>381.452</ele><time>2025-06-07T08:01:14.303Z</time></trkpt><trkpt lat="42.929972" lon="-8.144112"><ele>381.731</ele><time>2025-06-07T08:01:18.303Z</time></trkpt><trkpt lat="42.929957" lon="-8.144174"><ele>381.843</ele><time>2025-06-07T08:01:22.304Z</time></trkpt><trkpt lat="42.929953" lon="-8.144235"><ele>381.861</ele><time>2025-06-07T08:01:26.304Z</time></trkpt><trkpt lat="42.929901" lon="-8.144208"><ele>381.621</ele><time>2025-06-07T08:01:31.304Z</time></trkpt><trkpt lat="42.929910" lon="-8.144276"><ele>381.713</ele><time>2025-06-07T08:01:35.304Z</time></trkpt><trkpt lat="42.929923" lon="-8.144348"><ele>381.709</ele><time>2025-06-07T08:01:38.304Z</time></trkpt><trkpt lat="42.929938" lon="-8.144424"><ele>381.828</ele><time>2025-06-07T08:01:42.304Z</time></trkpt><trkpt lat="42.929931" lon="-8.144486"><ele>381.877</ele><time>2025-06-07T08:01:44.304Z</time></trkpt><trkpt lat="42.929921" lon="-8.144557"><ele>381.733</ele><time>2025-06-07T08:01:48.304Z</time></trkpt><trkpt lat="42.929928" lon="-8.144624"><ele>381.726</ele><time>2025-06-07T08:01:53.304Z</time></trkpt><trkpt lat="42.929931" lon="-8.144686"><ele>381.886</ele><time>2025-06-07T08:01:57.304Z</time></trkpt><trkpt lat="42.929939" lon="-8.144747"><ele>381.857</ele><time>2025-06-07T08:02:01.304Z</time></trkpt><trkpt lat="42.929956" lon="-8.144818"><ele>381.816</ele><time>2025-06-07T08:02:06.304Z</time></trkpt><trkpt lat="42.929965" lon="-8.144895"><ele>381.895</ele><time>2025-06-07T08:02:11.304Z</time></trkpt><trkpt lat="42.929974" lon="-8.144956"><ele>381.867</ele><time>2025-06-07T08:02:14.303Z</time></trkpt><trkpt lat="42.929970" lon="-8.145032"><ele>381.919</ele><time>2025-06-07T08:02:18.304Z</time></trkpt><trkpt lat="42.929982" lon="-8.145101"><ele>382.209</ele><time>2025-06-07T08:02:23.304Z</time></trkpt><trkpt lat="42.929969" lon="-8.145161"><ele>382.219</ele><time>2025-06-07T08:02:27.304Z</time></trkpt><trkpt lat="42.929970" lon="-8.145223"><ele>382.409</ele><time>2025-06-07T08:02:32.304Z</time></trkpt><trkpt lat="42.929979" lon="-8.145289"><ele>382.773</ele><time>2025-06-07T08:02:36.304Z</time></trkpt><trkpt lat="42.929978" lon="-8.145353"><ele>383.022</ele><time>2025-06-07T08:02:40.304Z</time></trkpt><trkpt lat="42.929978" lon="-8.145421"><ele>383.288</ele><time>2025-06-07T08:02:44.304Z</time></trkpt><trkpt lat="42.929983" lon="-8.145482"><ele>383.591</ele><time>2025-06-07T08:02:48.303Z</time></trkpt><trkpt lat="42.929977" lon="-8.145544"><ele>383.671</ele><time>2025-06-07T08:02:52.304Z</time></trkpt><trkpt lat="42.929970" lon="-8.145615"><ele>383.892</ele><time>2025-06-07T08:02:56.304Z</time></trkpt><trkpt lat="42.929969" lon="-8.145683"><ele>384.191</ele><time>2025-06-07T08:03:00.304Z</time></trkpt><trkpt lat="42.929965" lon="-8.145747"><ele>384.370</ele><time>2025-06-07T08:03:04.303Z</time></trkpt><trkpt lat="42.929966" lon="-8.145812"><ele>384.552</ele><time>2025-06-07T08:03:08.304Z</time></trkpt><trkpt lat="42.929959" lon="-8.145887"><ele>384.633</ele><time>2025-06-07T08:03:13.304Z</time></trkpt><trkpt lat="42.929958" lon="-8.145959"><ele>384.623</ele><time>2025-06-07T08:03:18.303Z</time></trkpt><trkpt lat="42.929955" lon="-8.146030"><ele>384.615</ele><time>2025-06-07T08:03:23.303Z</time></trkpt><trkpt lat="42.929958" lon="-8.146095"><ele>384.709</ele><time>2025-06-07T08:03:27.304Z</time></trkpt><trkpt lat="42.929957" lon="-8.146163"><ele>384.775</ele><time>2025-06-07T08:03:31.303Z</time></trkpt><trkpt lat="42.929963" lon="-8.146226"><ele>384.864</ele><time>2025-06-07T08:03:35.304Z</time></trkpt><trkpt lat="42.929967" lon="-8.146289"><ele>384.820</ele><time>2025-06-07T08:03:39.304Z</time></trkpt><trkpt lat="42.929972" lon="-8.146359"><ele>384.973</ele><time>2025-06-07T08:03:44.304Z</time></trkpt><trkpt lat="42.929974" lon="-8.146424"><ele>384.933</ele><time>2025-06-07T08:03:48.303Z</time></trkpt><trkpt lat="42.929965" lon="-8.146495"><ele>384.974</ele><time>2025-06-07T08:03:52.304Z</time></trkpt><trkpt lat="42.929963" lon="-8.146558"><ele>384.973</ele><time>2025-06-07T08:03:56.304Z</time></trkpt><trkpt lat="42.929966" lon="-8.146620"><ele>384.952</ele><time>2025-06-07T08:04:00.304Z</time></trkpt><trkpt lat="42.929970" lon="-8.146683"><ele>384.924</ele><time>2025-06-07T08:04:04.304Z</time></trkpt><trkpt lat="42.929966" lon="-8.146745"><ele>384.843</ele><time>2025-06-07T08:04:08.303Z</time></trkpt><trkpt lat="42.929965" lon="-8.146814"><ele>384.864</ele><time>2025-06-07T08:04:12.303Z</time></trkpt><trkpt lat="42.929967" lon="-8.146883"><ele>384.810</ele><time>2025-06-07T08:04:16.304Z</time></trkpt><trkpt lat="42.929968" lon="-8.146948"><ele>384.809</ele><time>2025-06-07T08:04:20.304Z</time></trkpt><trkpt lat="42.929970" lon="-8.147021"><ele>385.066</ele><time>2025-06-07T08:04:25.304Z</time></trkpt><trkpt lat="42.929963" lon="-8.147095"><ele>385.285</ele><time>2025-06-07T08:04:30.304Z</time></trkpt><trkpt lat="42.929965" lon="-8.147166"><ele>385.491</ele><time>2025-06-07T08:04:35.304Z</time></trkpt><trkpt lat="42.929970" lon="-8.147239"><ele>385.764</ele><time>2025-06-07T08:04:40.304Z</time></trkpt><trkpt lat="42.929972" lon="-8.147310"><ele>385.744</ele><time>2025-06-07T08:04:45.304Z</time></trkpt><trkpt lat="42.929971" lon="-8.147379"><ele>385.755</ele><time>2025-06-07T08:04:49.304Z</time></trkpt><trkpt lat="42.929965" lon="-8.147448"><ele>385.764</ele><time>2025-06-07T08:04:54.304Z</time></trkpt><trkpt lat="42.929971" lon="-8.147525"><ele>385.843</ele><time>2025-06-07T08:04:59.304Z</time></trkpt><trkpt lat="42.929970" lon="-8.147589"><ele>385.895</ele><time>2025-06-07T08:05:03.303Z</time></trkpt><trkpt lat="42.929966" lon="-8.147663"><ele>385.816</ele><time>2025-06-07T08:05:07.303Z</time></trkpt><trkpt lat="42.929966" lon="-8.147738"><ele>385.976</ele><time>2025-06-07T08:05:12.304Z</time></trkpt><trkpt lat="42.929966" lon="-8.147812"><ele>385.913</ele><time>2025-06-07T08:05:17.304Z</time></trkpt><trkpt lat="42.929971" lon="-8.147889"><ele>385.909</ele><time>2025-06-07T08:05:22.304Z</time></trkpt><trkpt lat="42.929979" lon="-8.147953"><ele>386.013</ele><time>2025-06-07T08:05:26.304Z</time></trkpt><trkpt lat="42.929974" lon="-8.148019"><ele>386.022</ele><time>2025-06-07T08:05:30.304Z</time></trkpt><trkpt lat="42.929963" lon="-8.148082"><ele>386.048</ele><time>2025-06-07T08:05:34.304Z</time></trkpt><trkpt lat="42.929956" lon="-8.148150"><ele>386.061</ele><time>2025-06-07T08:05:45.304Z</time></trkpt><trkpt lat="42.929977" lon="-8.148205"><ele>386.081</ele><time>2025-06-07T08:05:49.304Z</time></trkpt><trkpt lat="42.929985" lon="-8.148279"><ele>386.022</ele><time>2025-06-07T08:05:54.305Z</time></trkpt><trkpt lat="42.929990" lon="-8.148355"><ele>386.111</ele><time>2025-06-07T08:05:59.305Z</time></trkpt><trkpt lat="42.929996" lon="-8.148419"><ele>386.380</ele><time>2025-06-07T08:06:03.305Z</time></trkpt><trkpt lat="42.930003" lon="-8.148483"><ele>386.632</ele><time>2025-06-07T08:06:07.305Z</time></trkpt><trkpt lat="42.930007" lon="-8.148551"><ele>386.867</ele><time>2025-06-07T08:06:11.305Z</time></trkpt><trkpt lat="42.930012" lon="-8.148628"><ele>387.081</ele><time>2025-06-07T08:06:15.305Z</time></trkpt><trkpt lat="42.930013" lon="-8.148699"><ele>387.119</ele><time>2025-06-07T08:06:19.304Z</time></trkpt><trkpt lat="42.930019" lon="-8.148768"><ele>387.109</ele><time>2025-06-07T08:06:23.305Z</time></trkpt><trkpt lat="42.930023" lon="-8.148837"><ele>387.288</ele><time>2025-06-07T08:06:27.305Z</time></trkpt><trkpt lat="42.930023" lon="-8.148913"><ele>387.217</ele><time>2025-06-07T08:06:31.305Z</time></trkpt><trkpt lat="42.930023" lon="-8.148983"><ele>387.243</ele><time>2025-06-07T08:06:35.305Z</time></trkpt><trkpt lat="42.930018" lon="-8.149049"><ele>387.296</ele><time>2025-06-07T08:06:39.304Z</time></trkpt><trkpt lat="42.930015" lon="-8.149119"><ele>387.136</ele><time>2025-06-07T08:06:43.305Z</time></trkpt><trkpt lat="42.930010" lon="-8.149187"><ele>387.087</ele><time>2025-06-07T08:06:47.304Z</time></trkpt><trkpt lat="42.930015" lon="-8.149254"><ele>386.826</ele><time>2025-06-07T08:06:51.305Z</time></trkpt><trkpt lat="42.930017" lon="-8.149319"><ele>386.665</ele><time>2025-06-07T08:06:55.305Z</time></trkpt><trkpt lat="42.930021" lon="-8.149387"><ele>386.477</ele><time>2025-06-07T08:06:59.304Z</time></trkpt><trkpt lat="42.930026" lon="-8.149453"><ele>386.183</ele><time>2025-06-07T08:07:03.305Z</time></trkpt><trkpt lat="42.930032" lon="-8.149520"><ele>385.725</ele><time>2025-06-07T08:07:07.305Z</time></trkpt><trkpt lat="42.930038" lon="-8.149585"><ele>385.317</ele><time>2025-06-07T08:07:11.305Z</time></trkpt><trkpt lat="42.930038" lon="-8.149650"><ele>384.809</ele><time>2025-06-07T08:07:15.305Z</time></trkpt><trkpt lat="42.930039" lon="-8.149718"><ele>384.360</ele><time>2025-06-07T08:07:19.305Z</time></trkpt><trkpt lat="42.930043" lon="-8.149794"><ele>384.199</ele><time>2025-06-07T08:07:23.305Z</time></trkpt><trkpt lat="42.930046" lon="-8.149874"><ele>383.835</ele><time>2025-06-07T08:07:27.305Z</time></trkpt><trkpt lat="42.930055" lon="-8.149947"><ele>383.618</ele><time>2025-06-07T08:07:31.305Z</time></trkpt><trkpt lat="42.930068" lon="-8.150015"><ele>383.448</ele><time>2025-06-07T08:07:35.305Z</time></trkpt><trkpt lat="42.930064" lon="-8.150086"><ele>383.259</ele><time>2025-06-07T08:07:39.305Z</time></trkpt><trkpt lat="42.930063" lon="-8.150153"><ele>383.088</ele><time>2025-06-07T08:07:43.305Z</time></trkpt><trkpt lat="42.930067" lon="-8.150216"><ele>382.957</ele><time>2025-06-07T08:07:47.305Z</time></trkpt><trkpt lat="42.930067" lon="-8.150283"><ele>382.789</ele><time>2025-06-07T08:07:51.305Z</time></trkpt><trkpt lat="42.930073" lon="-8.150352"><ele>382.783</ele><time>2025-06-07T08:07:55.305Z</time></trkpt><trkpt lat="42.930075" lon="-8.150428"><ele>382.725</ele><time>2025-06-07T08:07:59.305Z</time></trkpt><trkpt lat="42.930079" lon="-8.150500"><ele>382.617</ele><time>2025-06-07T08:08:03.305Z</time></trkpt><trkpt lat="42.930080" lon="-8.150571"><ele>382.609</ele><time>2025-06-07T08:08:07.305Z</time></trkpt><trkpt lat="42.930081" lon="-8.150637"><ele>382.690</ele><time>2025-06-07T08:08:11.305Z</time></trkpt><trkpt lat="42.930078" lon="-8.150705"><ele>382.689</ele><time>2025-06-07T08:08:15.305Z</time></trkpt><trkpt lat="42.930081" lon="-8.150771"><ele>382.695</ele><time>2025-06-07T08:08:19.305Z</time></trkpt><trkpt lat="42.930082" lon="-8.150839"><ele>382.698</ele><time>2025-06-07T08:08:23.305Z</time></trkpt><trkpt lat="42.930079" lon="-8.150904"><ele>382.888</ele><time>2025-06-07T08:08:27.305Z</time></trkpt><trkpt lat="42.930074" lon="-8.150968"><ele>383.049</ele><time>2025-06-07T08:08:31.305Z</time></trkpt><trkpt lat="42.930074" lon="-8.151036"><ele>383.328</ele><time>2025-06-07T08:08:35.305Z</time></trkpt><trkpt lat="42.930076" lon="-8.151105"><ele>383.537</ele><time>2025-06-07T08:08:39.305Z</time></trkpt><trkpt lat="42.930071" lon="-8.151173"><ele>383.759</ele><time>2025-06-07T08:08:43.305Z</time></trkpt><trkpt lat="42.930064" lon="-8.151235"><ele>383.986</ele><time>2025-06-07T08:08:47.304Z</time></trkpt><trkpt lat="42.930051" lon="-8.151295"><ele>384.060</ele><time>2025-06-07T08:08:51.305Z</time></trkpt><trkpt lat="42.930049" lon="-8.151358"><ele>384.226</ele><time>2025-06-07T08:08:55.305Z</time></trkpt><trkpt lat="42.930050" lon="-8.151433"><ele>384.709</ele><time>2025-06-07T08:09:00.305Z</time></trkpt><trkpt lat="42.930047" lon="-8.151497"><ele>385.160</ele><time>2025-06-07T08:09:04.305Z</time></trkpt><trkpt lat="42.930046" lon="-8.151559"><ele>385.669</ele><time>2025-06-07T08:09:08.305Z</time></trkpt><trkpt lat="42.930038" lon="-8.151625"><ele>386.075</ele><time>2025-06-07T08:09:12.305Z</time></trkpt><trkpt lat="42.930038" lon="-8.151690"><ele>386.498</ele><time>2025-06-07T08:09:16.305Z</time></trkpt><trkpt lat="42.930037" lon="-8.151759"><ele>386.918</ele><time>2025-06-07T08:09:20.305Z</time></trkpt><trkpt lat="42.930034" lon="-8.151824"><ele>387.469</ele><time>2025-06-07T08:09:24.305Z</time></trkpt><trkpt lat="42.930024" lon="-8.151886"><ele>387.878</ele><time>2025-06-07T08:09:28.305Z</time></trkpt><trkpt lat="42.930017" lon="-8.151949"><ele>388.167</ele><time>2025-06-07T08:09:32.305Z</time></trkpt><trkpt lat="42.930012" lon="-8.152024"><ele>388.489</ele><time>2025-06-07T08:09:37.305Z</time></trkpt><trkpt lat="42.930000" lon="-8.152084"><ele>388.589</ele><time>2025-06-07T08:09:41.305Z</time></trkpt><trkpt lat="42.929996" lon="-8.152150"><ele>388.706</ele><time>2025-06-07T08:09:45.305Z</time></trkpt><trkpt lat="42.929988" lon="-8.152225"><ele>388.926</ele><time>2025-06-07T08:09:50.304Z</time></trkpt><trkpt lat="42.929986" lon="-8.152299"><ele>388.909</ele><time>2025-06-07T08:09:55.305Z</time></trkpt><trkpt lat="42.929980" lon="-8.152372"><ele>388.990</ele><time>2025-06-07T08:10:00.305Z</time></trkpt><trkpt lat="42.929972" lon="-8.152433"><ele>388.969</ele><time>2025-06-07T08:10:04.305Z</time></trkpt><trkpt lat="42.929963" lon="-8.152494"><ele>388.995</ele><time>2025-06-07T08:10:08.305Z</time></trkpt><trkpt lat="42.929953" lon="-8.152558"><ele>389.058</ele><time>2025-06-07T08:10:12.304Z</time></trkpt><trkpt lat="42.929944" lon="-8.152618"><ele>389.238</ele><time>2025-06-07T08:10:16.305Z</time></trkpt><trkpt lat="42.929935" lon="-8.152683"><ele>389.469</ele><time>2025-06-07T08:10:20.305Z</time></trkpt><trkpt lat="42.929926" lon="-8.152746"><ele>389.668</ele><time>2025-06-07T08:10:24.305Z</time></trkpt><trkpt lat="42.929913" lon="-8.152821"><ele>389.817</ele><time>2025-06-07T08:10:29.304Z</time></trkpt><trkpt lat="42.929905" lon="-8.152884"><ele>389.969</ele><time>2025-06-07T08:10:33.305Z</time></trkpt><trkpt lat="42.929892" lon="-8.152957"><ele>390.085</ele><time>2025-06-07T08:10:38.304Z</time></trkpt><trkpt lat="42.929875" lon="-8.153027"><ele>390.089</ele><time>2025-06-07T08:10:43.305Z</time></trkpt><trkpt lat="42.929858" lon="-8.153091"><ele>390.117</ele><time>2025-06-07T08:10:48.305Z</time></trkpt><trkpt lat="42.929845" lon="-8.153160"><ele>390.309</ele><time>2025-06-07T08:10:53.305Z</time></trkpt><trkpt lat="42.929830" lon="-8.153234"><ele>390.450</ele><time>2025-06-07T08:10:58.305Z</time></trkpt><trkpt lat="42.929812" lon="-8.153297"><ele>390.579</ele><time>2025-06-07T08:11:03.305Z</time></trkpt><trkpt lat="42.929801" lon="-8.153367"><ele>390.845</ele><time>2025-06-07T08:11:08.305Z</time></trkpt><trkpt lat="42.929787" lon="-8.153427"><ele>391.288</ele><time>2025-06-07T08:11:12.305Z</time></trkpt><trkpt lat="42.929772" lon="-8.153489"><ele>391.698</ele><time>2025-06-07T08:11:16.305Z</time></trkpt><trkpt lat="42.929757" lon="-8.153552"><ele>391.949</ele><time>2025-06-07T08:11:20.305Z</time></trkpt><trkpt lat="42.929745" lon="-8.153616"><ele>392.378</ele><time>2025-06-07T08:11:24.306Z</time></trkpt><trkpt lat="42.929725" lon="-8.153673"><ele>392.317</ele><time>2025-06-07T08:11:28.306Z</time></trkpt><trkpt lat="42.929701" lon="-8.153729"><ele>392.279</ele><time>2025-06-07T08:11:32.306Z</time></trkpt><trkpt lat="42.929683" lon="-8.153789"><ele>392.221</ele><time>2025-06-07T08:11:36.306Z</time></trkpt><trkpt lat="42.929657" lon="-8.153852"><ele>392.241</ele><time>2025-06-07T08:11:41.306Z</time></trkpt><trkpt lat="42.929632" lon="-8.153921"><ele>392.105</ele><time>2025-06-07T08:11:46.306Z</time></trkpt><trkpt lat="42.929605" lon="-8.153988"><ele>392.009</ele><time>2025-06-07T08:11:51.306Z</time></trkpt><trkpt lat="42.929588" lon="-8.154056"><ele>392.174</ele><time>2025-06-07T08:11:56.306Z</time></trkpt><trkpt lat="42.929561" lon="-8.154119"><ele>392.253</ele><time>2025-06-07T08:12:02.306Z</time></trkpt><trkpt lat="42.929542" lon="-8.154178"><ele>392.559</ele><time>2025-06-07T08:12:06.306Z</time></trkpt><trkpt lat="42.929523" lon="-8.154238"><ele>393.032</ele><time>2025-06-07T08:12:10.306Z</time></trkpt><trkpt lat="42.929481" lon="-8.154267"><ele>393.292</ele><time>2025-06-07T08:12:25.306Z</time></trkpt><trkpt lat="42.929474" lon="-8.154352"><ele>394.093</ele><time>2025-06-07T08:12:32.306Z</time></trkpt><trkpt lat="42.929447" lon="-8.154409"><ele>394.622</ele><time>2025-06-07T08:12:35.306Z</time></trkpt><trkpt lat="42.929426" lon="-8.154463"><ele>395.161</ele><time>2025-06-07T08:12:41.306Z</time></trkpt><trkpt lat="42.929404" lon="-8.154528"><ele>395.593</ele><time>2025-06-07T08:12:45.306Z</time></trkpt><trkpt lat="42.929374" lon="-8.154589"><ele>395.828</ele><time>2025-06-07T08:12:50.306Z</time></trkpt><trkpt lat="42.929352" lon="-8.154645"><ele>396.189</ele><time>2025-06-07T08:12:54.306Z</time></trkpt><trkpt lat="42.929328" lon="-8.154701"><ele>396.417</ele><time>2025-06-07T08:12:58.306Z</time></trkpt><trkpt lat="42.929302" lon="-8.154760"><ele>396.609</ele><time>2025-06-07T08:13:02.306Z</time></trkpt><trkpt lat="42.929279" lon="-8.154814"><ele>396.544</ele><time>2025-06-07T08:13:06.305Z</time></trkpt><trkpt lat="42.929252" lon="-8.154868"><ele>396.593</ele><time>2025-06-07T08:13:10.305Z</time></trkpt><trkpt lat="42.929229" lon="-8.154928"><ele>396.439</ele><time>2025-06-07T08:13:14.306Z</time></trkpt><trkpt lat="42.929205" lon="-8.154984"><ele>396.392</ele><time>2025-06-07T08:13:18.306Z</time></trkpt><trkpt lat="42.929173" lon="-8.155043"><ele>396.092</ele><time>2025-06-07T08:13:22.305Z</time></trkpt><trkpt lat="42.929144" lon="-8.155099"><ele>395.973</ele><time>2025-06-07T08:13:26.306Z</time></trkpt><trkpt lat="42.929124" lon="-8.155166"><ele>395.822</ele><time>2025-06-07T08:13:31.305Z</time></trkpt><trkpt lat="42.929104" lon="-8.155225"><ele>395.871</ele><time>2025-06-07T08:13:35.305Z</time></trkpt><trkpt lat="42.929092" lon="-8.155292"><ele>395.893</ele><time>2025-06-07T08:13:39.306Z</time></trkpt><trkpt lat="42.929088" lon="-8.155363"><ele>396.153</ele><time>2025-06-07T08:13:43.306Z</time></trkpt><trkpt lat="42.929054" lon="-8.155425"><ele>396.304</ele><time>2025-06-07T08:13:48.306Z</time></trkpt><trkpt lat="42.929025" lon="-8.155488"><ele>396.614</ele><time>2025-06-07T08:13:53.306Z</time></trkpt><trkpt lat="42.929000" lon="-8.155556"><ele>397.009</ele><time>2025-06-07T08:13:58.306Z</time></trkpt><trkpt lat="42.928981" lon="-8.155618"><ele>397.297</ele><time>2025-06-07T08:14:02.306Z</time></trkpt><trkpt lat="42.928962" lon="-8.155676"><ele>397.446</ele><time>2025-06-07T08:14:06.306Z</time></trkpt><trkpt lat="42.928948" lon="-8.155742"><ele>397.742</ele><time>2025-06-07T08:14:10.306Z</time></trkpt><trkpt lat="42.928920" lon="-8.155800"><ele>397.915</ele><time>2025-06-07T08:14:14.306Z</time></trkpt><trkpt lat="42.928894" lon="-8.155854"><ele>398.035</ele><time>2025-06-07T08:14:18.306Z</time></trkpt><trkpt lat="42.928868" lon="-8.155904"><ele>397.986</ele><time>2025-06-07T08:14:22.306Z</time></trkpt><trkpt lat="42.928851" lon="-8.155961"><ele>397.985</ele><time>2025-06-07T08:14:26.306Z</time></trkpt><trkpt lat="42.928834" lon="-8.156019"><ele>397.844</ele><time>2025-06-07T08:14:30.306Z</time></trkpt><trkpt lat="42.928815" lon="-8.156079"><ele>397.746</ele><time>2025-06-07T08:14:34.306Z</time></trkpt><trkpt lat="42.928793" lon="-8.156142"><ele>397.542</ele><time>2025-06-07T08:14:38.306Z</time></trkpt><trkpt lat="42.928781" lon="-8.156206"><ele>397.122</ele><time>2025-06-07T08:14:42.306Z</time></trkpt><trkpt lat="42.928759" lon="-8.156265"><ele>396.714</ele><time>2025-06-07T08:14:46.306Z</time></trkpt><trkpt lat="42.928739" lon="-8.156328"><ele>396.309</ele><time>2025-06-07T08:14:50.306Z</time></trkpt><trkpt lat="42.928714" lon="-8.156383"><ele>396.086</ele><time>2025-06-07T08:14:54.306Z</time></trkpt><trkpt lat="42.928690" lon="-8.156439"><ele>395.775</ele><time>2025-06-07T08:14:58.306Z</time></trkpt><trkpt lat="42.928671" lon="-8.156503"><ele>395.321</ele><time>2025-06-07T08:15:02.306Z</time></trkpt><trkpt lat="42.928652" lon="-8.156570"><ele>394.814</ele><time>2025-06-07T08:15:06.306Z</time></trkpt><trkpt lat="42.928615" lon="-8.156626"><ele>394.314</ele><time>2025-06-07T08:15:11.306Z</time></trkpt><trkpt lat="42.928612" lon="-8.156556"><ele>394.835</ele><time>2025-06-07T08:15:14.306Z</time></trkpt><trkpt lat="42.928663" lon="-8.156556"><ele>394.964</ele><time>2025-06-07T08:15:18.306Z</time></trkpt><trkpt lat="42.928627" lon="-8.156600"><ele>394.553</ele><time>2025-06-07T08:15:31.306Z</time></trkpt><trkpt lat="42.928589" lon="-8.156643"><ele>394.045</ele><time>2025-06-07T08:15:34.305Z</time></trkpt><trkpt lat="42.928582" lon="-8.156715"><ele>393.769</ele><time>2025-06-07T08:15:38.306Z</time></trkpt><trkpt lat="42.928575" lon="-8.156780"><ele>393.404</ele><time>2025-06-07T08:15:42.306Z</time></trkpt><trkpt lat="42.928558" lon="-8.156844"><ele>393.224</ele><time>2025-06-07T08:15:46.306Z</time></trkpt><trkpt lat="42.928539" lon="-8.156916"><ele>393.009</ele><time>2025-06-07T08:15:50.306Z</time></trkpt><trkpt lat="42.928510" lon="-8.156976"><ele>393.168</ele><time>2025-06-07T08:15:54.306Z</time></trkpt><trkpt lat="42.928484" lon="-8.157045"><ele>393.227</ele><time>2025-06-07T08:15:58.306Z</time></trkpt><trkpt lat="42.928450" lon="-8.157097"><ele>393.283</ele><time>2025-06-07T08:16:02.306Z</time></trkpt><trkpt lat="42.928430" lon="-8.157156"><ele>393.356</ele><time>2025-06-07T08:16:06.306Z</time></trkpt><trkpt lat="42.928404" lon="-8.157209"><ele>393.256</ele><time>2025-06-07T08:16:10.306Z</time></trkpt><trkpt lat="42.928378" lon="-8.157263"><ele>393.357</ele><time>2025-06-07T08:16:14.305Z</time></trkpt><trkpt lat="42.928351" lon="-8.157329"><ele>393.516</ele><time>2025-06-07T08:16:19.306Z</time></trkpt><trkpt lat="42.928324" lon="-8.157390"><ele>393.535</ele><time>2025-06-07T08:16:24.306Z</time></trkpt><trkpt lat="42.928310" lon="-8.157451"><ele>393.677</ele><time>2025-06-07T08:16:28.306Z</time></trkpt><trkpt lat="42.928284" lon="-8.157517"><ele>393.541</ele><time>2025-06-07T08:16:33.306Z</time></trkpt><trkpt lat="42.928263" lon="-8.157587"><ele>393.681</ele><time>2025-06-07T08:16:38.306Z</time></trkpt><trkpt lat="42.928241" lon="-8.157644"><ele>393.709</ele><time>2025-06-07T08:16:42.306Z</time></trkpt><trkpt lat="42.928213" lon="-8.157698"><ele>393.709</ele><time>2025-06-07T08:16:46.306Z</time></trkpt><trkpt lat="42.928190" lon="-8.157759"><ele>393.956</ele><time>2025-06-07T08:16:50.305Z</time></trkpt><trkpt lat="42.928170" lon="-8.157826"><ele>394.175</ele><time>2025-06-07T08:16:54.306Z</time></trkpt><trkpt lat="42.928141" lon="-8.157882"><ele>394.371</ele><time>2025-06-07T08:16:58.306Z</time></trkpt><trkpt lat="42.928128" lon="-8.157947"><ele>394.624</ele><time>2025-06-07T08:17:02.306Z</time></trkpt><trkpt lat="42.928112" lon="-8.158006"><ele>394.944</ele><time>2025-06-07T08:17:06.305Z</time></trkpt><trkpt lat="42.928082" lon="-8.158066"><ele>395.135</ele><time>2025-06-07T08:17:11.306Z</time></trkpt><trkpt lat="42.928057" lon="-8.158120"><ele>395.024</ele><time>2025-06-07T08:17:15.306Z</time></trkpt><trkpt lat="42.928034" lon="-8.158173"><ele>394.943</ele><time>2025-06-07T08:17:19.307Z</time></trkpt><trkpt lat="42.928009" lon="-8.158224"><ele>394.865</ele><time>2025-06-07T08:17:23.307Z</time></trkpt><trkpt lat="42.927979" lon="-8.158289"><ele>394.718</ele><time>2025-06-07T08:17:28.307Z</time></trkpt><trkpt lat="42.927956" lon="-8.158348"><ele>394.798</ele><time>2025-06-07T08:17:32.307Z</time></trkpt><trkpt lat="42.927933" lon="-8.158406"><ele>394.717</ele><time>2025-06-07T08:17:36.307Z</time></trkpt><trkpt lat="42.927908" lon="-8.158465"><ele>394.709</ele><time>2025-06-07T08:17:40.307Z</time></trkpt><trkpt lat="42.927888" lon="-8.158521"><ele>394.793</ele><time>2025-06-07T08:17:44.306Z</time></trkpt><trkpt lat="42.927862" lon="-8.158587"><ele>394.672</ele><time>2025-06-07T08:17:49.307Z</time></trkpt><trkpt lat="42.927832" lon="-8.158652"><ele>394.418</ele><time>2025-06-07T08:17:54.307Z</time></trkpt><trkpt lat="42.927804" lon="-8.158701"><ele>394.211</ele><time>2025-06-07T08:17:58.307Z</time></trkpt><trkpt lat="42.927779" lon="-8.158752"><ele>394.041</ele><time>2025-06-07T08:18:02.307Z</time></trkpt><trkpt lat="42.927759" lon="-8.158814"><ele>393.782</ele><time>2025-06-07T08:18:06.307Z</time></trkpt><trkpt lat="42.927737" lon="-8.158874"><ele>393.421</ele><time>2025-06-07T08:18:10.307Z</time></trkpt><trkpt lat="42.927714" lon="-8.158932"><ele>393.230</ele><time>2025-06-07T08:18:14.306Z</time></trkpt><trkpt lat="42.927686" lon="-8.158999"><ele>393.152</ele><time>2025-06-07T08:18:19.307Z</time></trkpt><trkpt lat="42.927663" lon="-8.159056"><ele>392.978</ele><time>2025-06-07T08:18:23.306Z</time></trkpt><trkpt lat="42.927649" lon="-8.159119"><ele>393.033</ele><time>2025-06-07T08:18:27.307Z</time></trkpt><trkpt lat="42.927637" lon="-8.159182"><ele>393.026</ele><time>2025-06-07T08:18:31.307Z</time></trkpt><trkpt lat="42.927623" lon="-8.159257"><ele>392.909</ele><time>2025-06-07T08:18:35.307Z</time></trkpt><trkpt lat="42.927607" lon="-8.159331"><ele>392.829</ele><time>2025-06-07T08:18:40.307Z</time></trkpt><trkpt lat="42.927587" lon="-8.159390"><ele>392.548</ele><time>2025-06-07T08:18:44.306Z</time></trkpt><trkpt lat="42.927556" lon="-8.159439"><ele>392.094</ele><time>2025-06-07T08:18:48.306Z</time></trkpt><trkpt lat="42.927533" lon="-8.159494"><ele>391.647</ele><time>2025-06-07T08:18:52.307Z</time></trkpt><trkpt lat="42.927508" lon="-8.159546"><ele>391.117</ele><time>2025-06-07T08:18:56.307Z</time></trkpt><trkpt lat="42.927474" lon="-8.159594"><ele>390.728</ele><time>2025-06-07T08:19:00.307Z</time></trkpt><trkpt lat="42.927466" lon="-8.159656"><ele>390.677</ele><time>2025-06-07T08:19:03.307Z</time></trkpt><trkpt lat="42.927453" lon="-8.159724"><ele>390.596</ele><time>2025-06-07T08:19:07.307Z</time></trkpt><trkpt lat="42.927435" lon="-8.159787"><ele>390.118</ele><time>2025-06-07T08:19:11.306Z</time></trkpt><trkpt lat="42.927415" lon="-8.159845"><ele>389.662</ele><time>2025-06-07T08:19:15.307Z</time></trkpt><trkpt lat="42.927390" lon="-8.159914"><ele>389.183</ele><time>2025-06-07T08:19:20.307Z</time></trkpt><trkpt lat="42.927369" lon="-8.159969"><ele>388.711</ele><time>2025-06-07T08:19:24.306Z</time></trkpt><trkpt lat="42.927329" lon="-8.160019"><ele>388.209</ele><time>2025-06-07T08:19:29.306Z</time></trkpt><trkpt lat="42.927309" lon="-8.160080"><ele>388.278</ele><time>2025-06-07T08:19:33.307Z</time></trkpt><trkpt lat="42.927303" lon="-8.160156"><ele>388.457</ele><time>2025-06-07T08:19:37.306Z</time></trkpt><trkpt lat="42.927299" lon="-8.160232"><ele>388.733</ele><time>2025-06-07T08:19:41.307Z</time></trkpt><trkpt lat="42.927281" lon="-8.160298"><ele>388.716</ele><time>2025-06-07T08:19:45.307Z</time></trkpt><trkpt lat="42.927265" lon="-8.160363"><ele>388.836</ele><time>2025-06-07T08:19:49.307Z</time></trkpt><trkpt lat="42.927221" lon="-8.160349"><ele>388.337</ele><time>2025-06-07T08:19:59.307Z</time></trkpt><trkpt lat="42.927199" lon="-8.160411"><ele>388.416</ele><time>2025-06-07T08:20:03.307Z</time></trkpt><trkpt lat="42.927181" lon="-8.160472"><ele>388.615</ele><time>2025-06-07T08:20:07.307Z</time></trkpt><trkpt lat="42.927186" lon="-8.160542"><ele>388.897</ele><time>2025-06-07T08:20:11.307Z</time></trkpt><trkpt lat="42.927199" lon="-8.160609"><ele>389.183</ele><time>2025-06-07T08:20:15.307Z</time></trkpt><trkpt lat="42.927183" lon="-8.160676"><ele>389.225</ele><time>2025-06-07T08:20:20.306Z</time></trkpt><trkpt lat="42.927171" lon="-8.160750"><ele>389.417</ele><time>2025-06-07T08:20:25.307Z</time></trkpt><trkpt lat="42.927160" lon="-8.160814"><ele>389.509</ele><time>2025-06-07T08:20:29.307Z</time></trkpt><trkpt lat="42.927157" lon="-8.160879"><ele>389.610</ele><time>2025-06-07T08:20:33.307Z</time></trkpt><trkpt lat="42.927152" lon="-8.160960"><ele>389.789</ele><time>2025-06-07T08:20:38.307Z</time></trkpt><trkpt lat="42.927155" lon="-8.161035"><ele>389.965</ele><time>2025-06-07T08:20:42.307Z</time></trkpt><trkpt lat="42.927144" lon="-8.161097"><ele>390.048</ele><time>2025-06-07T08:20:46.306Z</time></trkpt><trkpt lat="42.927142" lon="-8.161163"><ele>390.158</ele><time>2025-06-07T08:20:50.307Z</time></trkpt><trkpt lat="42.927148" lon="-8.161229"><ele>390.359</ele><time>2025-06-07T08:20:54.307Z</time></trkpt><trkpt lat="42.927124" lon="-8.161281"><ele>390.468</ele><time>2025-06-07T08:20:57.307Z</time></trkpt><trkpt lat="42.927092" lon="-8.161326"><ele>390.497</ele><time>2025-06-07T08:21:00.307Z</time></trkpt><trkpt lat="42.927063" lon="-8.161385"><ele>390.459</ele><time>2025-06-07T08:21:04.307Z</time></trkpt><trkpt lat="42.927043" lon="-8.161445"><ele>390.231</ele><time>2025-06-07T08:21:08.307Z</time></trkpt><trkpt lat="42.927016" lon="-8.161502"><ele>390.061</ele><time>2025-06-07T08:21:12.307Z</time></trkpt><trkpt lat="42.926986" lon="-8.161557"><ele>389.607</ele><time>2025-06-07T08:21:16.307Z</time></trkpt><trkpt lat="42.926958" lon="-8.161612"><ele>389.309</ele><time>2025-06-07T08:21:20.307Z</time></trkpt><trkpt lat="42.926932" lon="-8.161677"><ele>389.015</ele><time>2025-06-07T08:21:24.307Z</time></trkpt><trkpt lat="42.926903" lon="-8.161736"><ele>388.914</ele><time>2025-06-07T08:21:28.307Z</time></trkpt><trkpt lat="42.926885" lon="-8.161796"><ele>388.820</ele><time>2025-06-07T08:21:32.307Z</time></trkpt><trkpt lat="42.926869" lon="-8.161863"><ele>388.733</ele><time>2025-06-07T08:21:36.306Z</time></trkpt><trkpt lat="42.926847" lon="-8.161926"><ele>388.633</ele><time>2025-06-07T08:21:40.307Z</time></trkpt><trkpt lat="42.926820" lon="-8.161985"><ele>388.644</ele><time>2025-06-07T08:21:44.307Z</time></trkpt><trkpt lat="42.926794" lon="-8.162042"><ele>388.693</ele><time>2025-06-07T08:21:48.307Z</time></trkpt><trkpt lat="42.926764" lon="-8.162103"><ele>388.752</ele><time>2025-06-07T08:21:52.306Z</time></trkpt><trkpt lat="42.926745" lon="-8.162162"><ele>388.824</ele><time>2025-06-07T08:21:56.307Z</time></trkpt><trkpt lat="42.926704" lon="-8.162204"><ele>388.979</ele><time>2025-06-07T08:22:01.307Z</time></trkpt><trkpt lat="42.926651" lon="-8.162242"><ele>389.005</ele><time>2025-06-07T08:22:05.307Z</time></trkpt><trkpt lat="42.926619" lon="-8.162312"><ele>389.225</ele><time>2025-06-07T08:22:09.306Z</time></trkpt><trkpt lat="42.926612" lon="-8.162390"><ele>389.509</ele><time>2025-06-07T08:22:13.307Z</time></trkpt><trkpt lat="42.926611" lon="-8.162454"><ele>389.899</ele><time>2025-06-07T08:22:17.307Z</time></trkpt><trkpt lat="42.926615" lon="-8.162518"><ele>390.048</ele><time>2025-06-07T08:22:21.307Z</time></trkpt><trkpt lat="42.926620" lon="-8.162599"><ele>390.034</ele><time>2025-06-07T08:22:26.307Z</time></trkpt><trkpt lat="42.926617" lon="-8.162672"><ele>390.057</ele><time>2025-06-07T08:22:30.307Z</time></trkpt><trkpt lat="42.926631" lon="-8.162748"><ele>390.097</ele><time>2025-06-07T08:22:34.307Z</time></trkpt><trkpt lat="42.926596" lon="-8.162791"><ele>390.038</ele><time>2025-06-07T08:22:39.307Z</time></trkpt><trkpt lat="42.926594" lon="-8.162857"><ele>389.717</ele><time>2025-06-07T08:22:44.307Z</time></trkpt><trkpt lat="42.926613" lon="-8.162914"><ele>389.596</ele><time>2025-06-07T08:22:49.306Z</time></trkpt><trkpt lat="42.926566" lon="-8.162922"><ele>389.598</ele><time>2025-06-07T08:22:56.307Z</time></trkpt><trkpt lat="42.926545" lon="-8.162985"><ele>389.378</ele><time>2025-06-07T08:23:04.308Z</time></trkpt><trkpt lat="42.926599" lon="-8.162937"><ele>389.433</ele><time>2025-06-07T08:23:12.307Z</time></trkpt><trkpt lat="42.926563" lon="-8.163011"><ele>389.226</ele><time>2025-06-07T08:23:42.308Z</time></trkpt><trkpt lat="42.926604" lon="-8.162985"><ele>389.309</ele><time>2025-06-07T08:23:57.307Z</time></trkpt><trkpt lat="42.926594" lon="-8.162919"><ele>389.559</ele><time>2025-06-07T08:24:01.308Z</time></trkpt><trkpt lat="42.926558" lon="-8.162881"><ele>389.638</ele><time>2025-06-07T08:24:22.308Z</time></trkpt><trkpt lat="42.926539" lon="-8.162941"><ele>389.464</ele><time>2025-06-07T08:24:47.308Z</time></trkpt><trkpt lat="42.926557" lon="-8.163000"><ele>389.287</ele><time>2025-06-07T08:25:00.308Z</time></trkpt><trkpt lat="42.926606" lon="-8.162953"><ele>389.447</ele><time>2025-06-07T08:25:09.308Z</time></trkpt><trkpt lat="42.926560" lon="-8.162947"><ele>389.458</ele><time>2025-06-07T08:26:13.308Z</time></trkpt><trkpt lat="42.926535" lon="-8.163036"><ele>389.127</ele><time>2025-06-07T08:27:03.308Z</time></trkpt><trkpt lat="42.926532" lon="-8.163104"><ele>388.766</ele><time>2025-06-07T08:32:28.309Z</time></trkpt><trkpt lat="42.926478" lon="-8.163075"><ele>388.948</ele><time>2025-06-07T08:50:08.311Z</time></trkpt><trkpt lat="42.926525" lon="-8.163101"><ele>388.862</ele><time>2025-06-07T09:08:47.313Z</time></trkpt><trkpt lat="42.926468" lon="-8.163039"><ele>389.183</ele><time>2025-06-07T09:09:24.312Z</time></trkpt><trkpt lat="42.926457" lon="-8.163111"><ele>388.711</ele><time>2025-06-07T09:09:26.313Z</time></trkpt><trkpt lat="42.926503" lon="-8.163133"><ele>388.609</ele><time>2025-06-07T09:09:53.312Z</time></trkpt><trkpt lat="42.926545" lon="-8.163162"><ele>388.438</ele><time>2025-06-07T09:13:53.313Z</time></trkpt><trkpt lat="42.926496" lon="-8.163169"><ele>388.347</ele><time>2025-06-07T09:13:55.313Z</time></trkpt><trkpt lat="42.926488" lon="-8.163108"><ele>388.753</ele><time>2025-06-07T09:13:59.313Z</time></trkpt><trkpt lat="42.926454" lon="-8.163162"><ele>388.396</ele><time>2025-06-07T09:14:06.313Z</time></trkpt><trkpt lat="42.926484" lon="-8.163095"><ele>388.846</ele><time>2025-06-07T09:15:35.313Z</time></trkpt><trkpt lat="42.926520" lon="-8.163056"><ele>389.037</ele><time>2025-06-07T09:15:46.313Z</time></trkpt><trkpt lat="42.926560" lon="-8.163026"><ele>389.146</ele><time>2025-06-07T09:16:24.313Z</time></trkpt><trkpt lat="42.926597" lon="-8.162982"><ele>389.375</ele><time>2025-06-07T09:16:27.313Z</time></trkpt><trkpt lat="42.926658" lon="-8.162937"><ele>389.487</ele><time>2025-06-07T09:16:32.313Z</time></trkpt><trkpt lat="42.926619" lon="-8.162975"><ele>389.372</ele><time>2025-06-07T09:16:56.313Z</time></trkpt><trkpt lat="42.926585" lon="-8.163026"><ele>389.113</ele><time>2025-06-07T09:19:12.313Z</time></trkpt><trkpt lat="42.926532" lon="-8.163044"><ele>389.014</ele><time>2025-06-07T09:19:18.314Z</time></trkpt><trkpt lat="42.926479" lon="-8.163063"><ele>389.009</ele><time>2025-06-07T09:19:24.314Z</time></trkpt><trkpt lat="42.926426" lon="-8.163074"><ele>388.979</ele><time>2025-06-07T09:19:29.314Z</time></trkpt><trkpt lat="42.926374" lon="-8.163059"><ele>388.828</ele><time>2025-06-07T09:19:35.314Z</time></trkpt><trkpt lat="42.926333" lon="-8.163024"><ele>388.584</ele><time>2025-06-07T09:19:41.314Z</time></trkpt><trkpt lat="42.926281" lon="-8.163007"><ele>387.987</ele><time>2025-06-07T09:19:47.314Z</time></trkpt><trkpt lat="42.926239" lon="-8.163045"><ele>387.477</ele><time>2025-06-07T09:19:54.314Z</time></trkpt><trkpt lat="42.926230" lon="-8.163117"><ele>387.188</ele><time>2025-06-07T09:19:59.314Z</time></trkpt><trkpt lat="42.926226" lon="-8.163187"><ele>386.837</ele><time>2025-06-07T09:20:05.314Z</time></trkpt><trkpt lat="42.926222" lon="-8.163251"><ele>386.646</ele><time>2025-06-07T09:20:10.314Z</time></trkpt><trkpt lat="42.926215" lon="-8.163319"><ele>386.428</ele><time>2025-06-07T09:20:15.314Z</time></trkpt><trkpt lat="42.926218" lon="-8.163394"><ele>386.369</ele><time>2025-06-07T09:20:20.314Z</time></trkpt><trkpt lat="42.926210" lon="-8.163469"><ele>386.204</ele><time>2025-06-07T09:20:25.314Z</time></trkpt><trkpt lat="42.926207" lon="-8.163533"><ele>386.124</ele><time>2025-06-07T09:20:30.314Z</time></trkpt><trkpt lat="42.926207" lon="-8.163600"><ele>386.009</ele><time>2025-06-07T09:20:35.314Z</time></trkpt><trkpt lat="42.926210" lon="-8.163665"><ele>385.868</ele><time>2025-06-07T09:20:40.313Z</time></trkpt><trkpt lat="42.926202" lon="-8.163737"><ele>385.567</ele><time>2025-06-07T09:20:44.314Z</time></trkpt><trkpt lat="42.926205" lon="-8.163806"><ele>385.343</ele><time>2025-06-07T09:20:48.314Z</time></trkpt><trkpt lat="42.926208" lon="-8.163870"><ele>385.146</ele><time>2025-06-07T09:20:52.314Z</time></trkpt><trkpt lat="42.926256" lon="-8.163915"><ele>384.946</ele><time>2025-06-07T09:21:03.314Z</time></trkpt><trkpt lat="42.926258" lon="-8.163987"><ele>384.617</ele><time>2025-06-07T09:21:10.313Z</time></trkpt><trkpt lat="42.926256" lon="-8.164054"><ele>384.436</ele><time>2025-06-07T09:21:15.314Z</time></trkpt><trkpt lat="42.926259" lon="-8.164120"><ele>384.235</ele><time>2025-06-07T09:21:20.314Z</time></trkpt><trkpt lat="42.926260" lon="-8.164195"><ele>383.957</ele><time>2025-06-07T09:21:25.313Z</time></trkpt><trkpt lat="42.926258" lon="-8.164269"><ele>383.567</ele><time>2025-06-07T09:21:30.314Z</time></trkpt><trkpt lat="42.926257" lon="-8.164336"><ele>383.181</ele><time>2025-06-07T09:21:35.314Z</time></trkpt><trkpt lat="42.926259" lon="-8.164399"><ele>382.819</ele><time>2025-06-07T09:21:39.314Z</time></trkpt><trkpt lat="42.926264" lon="-8.164468"><ele>382.409</ele><time>2025-06-07T09:21:43.314Z</time></trkpt><trkpt lat="42.926263" lon="-8.164536"><ele>381.938</ele><time>2025-06-07T09:21:47.314Z</time></trkpt><trkpt lat="42.926269" lon="-8.164609"><ele>381.477</ele><time>2025-06-07T09:21:51.314Z</time></trkpt><trkpt lat="42.926273" lon="-8.164673"><ele>380.963</ele><time>2025-06-07T09:21:55.314Z</time></trkpt><trkpt lat="42.926294" lon="-8.164744"><ele>380.536</ele><time>2025-06-07T09:22:00.314Z</time></trkpt><trkpt lat="42.926310" lon="-8.164805"><ele>379.996</ele><time>2025-06-07T09:22:04.313Z</time></trkpt><trkpt lat="42.926327" lon="-8.164868"><ele>379.347</ele><time>2025-06-07T09:22:08.314Z</time></trkpt><trkpt lat="42.926334" lon="-8.164933"><ele>378.746</ele><time>2025-06-07T09:22:12.314Z</time></trkpt><trkpt lat="42.926334" lon="-8.165000"><ele>378.055</ele><time>2025-06-07T09:22:16.314Z</time></trkpt><trkpt lat="42.926327" lon="-8.165070"><ele>377.357</ele><time>2025-06-07T09:22:20.314Z</time></trkpt><trkpt lat="42.926322" lon="-8.165138"><ele>376.643</ele><time>2025-06-07T09:22:24.313Z</time></trkpt><trkpt lat="42.926317" lon="-8.165214"><ele>375.964</ele><time>2025-06-07T09:22:29.314Z</time></trkpt><trkpt lat="42.926317" lon="-8.165277"><ele>375.310</ele><time>2025-06-07T09:22:33.314Z</time></trkpt><trkpt lat="42.926314" lon="-8.165341"><ele>374.809</ele><time>2025-06-07T09:22:37.314Z</time></trkpt><trkpt lat="42.926322" lon="-8.165406"><ele>374.256</ele><time>2025-06-07T09:22:41.314Z</time></trkpt><trkpt lat="42.926336" lon="-8.165465"><ele>373.765</ele><time>2025-06-07T09:22:45.314Z</time></trkpt><trkpt lat="42.926346" lon="-8.165530"><ele>373.271</ele><time>2025-06-07T09:22:49.314Z</time></trkpt><trkpt lat="42.926352" lon="-8.165593"><ele>372.834</ele><time>2025-06-07T09:22:53.313Z</time></trkpt><trkpt lat="42.926298" lon="-8.165578"><ele>372.964</ele><time>2025-06-07T09:23:08.314Z</time></trkpt><trkpt lat="42.926250" lon="-8.165555"><ele>373.055</ele><time>2025-06-07T09:23:13.314Z</time></trkpt><trkpt lat="42.926299" lon="-8.165554"><ele>373.094</ele><time>2025-06-07T09:24:31.314Z</time></trkpt><trkpt lat="42.926333" lon="-8.165606"><ele>372.893</ele><time>2025-06-07T09:24:36.314Z</time></trkpt><trkpt lat="42.926351" lon="-8.165664"><ele>372.635</ele><time>2025-06-07T09:24:40.314Z</time></trkpt><trkpt lat="42.926367" lon="-8.165722"><ele>372.469</ele><time>2025-06-07T09:24:44.314Z</time></trkpt><trkpt lat="42.926393" lon="-8.165782"><ele>372.204</ele><time>2025-06-07T09:24:48.314Z</time></trkpt><trkpt lat="42.926421" lon="-8.165842"><ele>371.924</ele><time>2025-06-07T09:24:52.314Z</time></trkpt><trkpt lat="42.926446" lon="-8.165911"><ele>371.509</ele><time>2025-06-07T09:24:56.313Z</time></trkpt><trkpt lat="42.926475" lon="-8.165978"><ele>371.148</ele><time>2025-06-07T09:25:00.313Z</time></trkpt><trkpt lat="42.926503" lon="-8.166035"><ele>370.877</ele><time>2025-06-07T09:25:04.314Z</time></trkpt><trkpt lat="42.926535" lon="-8.166097"><ele>370.633</ele><time>2025-06-07T09:25:08.313Z</time></trkpt><trkpt lat="42.926559" lon="-8.166158"><ele>370.266</ele><time>2025-06-07T09:25:12.314Z</time></trkpt><trkpt lat="42.926573" lon="-8.166226"><ele>369.726</ele><time>2025-06-07T09:25:16.314Z</time></trkpt><trkpt lat="42.926597" lon="-8.166292"><ele>369.377</ele><time>2025-06-07T09:25:20.314Z</time></trkpt><trkpt lat="42.926627" lon="-8.166347"><ele>369.096</ele><time>2025-06-07T09:25:24.313Z</time></trkpt><trkpt lat="42.926652" lon="-8.166413"><ele>368.785</ele><time>2025-06-07T09:25:28.314Z</time></trkpt><trkpt lat="42.926671" lon="-8.166488"><ele>368.357</ele><time>2025-06-07T09:25:32.314Z</time></trkpt><trkpt lat="42.926686" lon="-8.166551"><ele>368.049</ele><time>2025-06-07T09:25:36.314Z</time></trkpt><trkpt lat="42.926707" lon="-8.166607"><ele>367.802</ele><time>2025-06-07T09:25:40.314Z</time></trkpt><trkpt lat="42.926726" lon="-8.166671"><ele>367.422</ele><time>2025-06-07T09:25:44.314Z</time></trkpt><trkpt lat="42.926743" lon="-8.166736"><ele>367.009</ele><time>2025-06-07T09:25:48.314Z</time></trkpt><trkpt lat="42.926756" lon="-8.166804"><ele>366.596</ele><time>2025-06-07T09:25:52.313Z</time></trkpt><trkpt lat="42.926767" lon="-8.166871"><ele>366.085</ele><time>2025-06-07T09:25:56.314Z</time></trkpt><trkpt lat="42.926777" lon="-8.166938"><ele>365.541</ele><time>2025-06-07T09:26:00.313Z</time></trkpt><trkpt lat="42.926783" lon="-8.167005"><ele>364.814</ele><time>2025-06-07T09:26:04.314Z</time></trkpt><trkpt lat="42.926790" lon="-8.167072"><ele>364.164</ele><time>2025-06-07T09:26:08.314Z</time></trkpt><trkpt lat="42.926789" lon="-8.167148"><ele>363.255</ele><time>2025-06-07T09:26:12.314Z</time></trkpt><trkpt lat="42.926792" lon="-8.167217"><ele>362.554</ele><time>2025-06-07T09:26:16.314Z</time></trkpt><trkpt lat="42.926791" lon="-8.167284"><ele>361.573</ele><time>2025-06-07T09:26:20.314Z</time></trkpt><trkpt lat="42.926792" lon="-8.167362"><ele>360.215</ele><time>2025-06-07T09:26:24.314Z</time></trkpt><trkpt lat="42.926792" lon="-8.167440"><ele>359.033</ele><time>2025-06-07T09:26:28.314Z</time></trkpt><trkpt lat="42.926791" lon="-8.167510"><ele>357.923</ele><time>2025-06-07T09:26:32.314Z</time></trkpt><trkpt lat="42.926791" lon="-8.167577"><ele>357.215</ele><time>2025-06-07T09:26:36.314Z</time></trkpt><trkpt lat="42.926789" lon="-8.167655"><ele>356.309</ele><time>2025-06-07T09:26:40.314Z</time></trkpt><trkpt lat="42.926792" lon="-8.167727"><ele>355.555</ele><time>2025-06-07T09:26:44.314Z</time></trkpt><trkpt lat="42.926802" lon="-8.167798"><ele>354.894</ele><time>2025-06-07T09:26:48.313Z</time></trkpt><trkpt lat="42.926811" lon="-8.167867"><ele>354.020</ele><time>2025-06-07T09:26:52.314Z</time></trkpt><trkpt lat="42.926808" lon="-8.167936"><ele>353.383</ele><time>2025-06-07T09:26:56.313Z</time></trkpt><trkpt lat="42.926817" lon="-8.168009"><ele>352.553</ele><time>2025-06-07T09:27:00.314Z</time></trkpt><trkpt lat="42.926825" lon="-8.168083"><ele>351.734</ele><time>2025-06-07T09:27:04.314Z</time></trkpt><trkpt lat="42.926838" lon="-8.168152"><ele>351.133</ele><time>2025-06-07T09:27:08.314Z</time></trkpt><trkpt lat="42.926854" lon="-8.168227"><ele>350.362</ele><time>2025-06-07T09:27:12.314Z</time></trkpt><trkpt lat="42.926860" lon="-8.168289"><ele>349.734</ele><time>2025-06-07T09:27:15.314Z</time></trkpt><trkpt lat="42.926868" lon="-8.168367"><ele>349.186</ele><time>2025-06-07T09:27:19.313Z</time></trkpt><trkpt lat="42.926875" lon="-8.168442"><ele>348.660</ele><time>2025-06-07T09:27:23.314Z</time></trkpt><trkpt lat="42.926893" lon="-8.168518"><ele>348.026</ele><time>2025-06-07T09:27:27.314Z</time></trkpt><trkpt lat="42.926908" lon="-8.168588"><ele>347.409</ele><time>2025-06-07T09:27:31.314Z</time></trkpt><trkpt lat="42.926923" lon="-8.168655"><ele>347.010</ele><time>2025-06-07T09:27:35.314Z</time></trkpt><trkpt lat="42.926949" lon="-8.168725"><ele>346.689</ele><time>2025-06-07T09:27:39.313Z</time></trkpt><trkpt lat="42.926960" lon="-8.168803"><ele>346.465</ele><time>2025-06-07T09:27:43.314Z</time></trkpt><trkpt lat="42.926970" lon="-8.168878"><ele>346.198</ele><time>2025-06-07T09:27:47.314Z</time></trkpt><trkpt lat="42.926983" lon="-8.168949"><ele>345.948</ele><time>2025-06-07T09:27:51.314Z</time></trkpt><trkpt lat="42.926996" lon="-8.169016"><ele>345.649</ele><time>2025-06-07T09:27:55.314Z</time></trkpt><trkpt lat="42.927006" lon="-8.169085"><ele>345.468</ele><time>2025-06-07T09:27:59.314Z</time></trkpt><trkpt lat="42.927019" lon="-8.169149"><ele>345.157</ele><time>2025-06-07T09:28:03.313Z</time></trkpt><trkpt lat="42.927026" lon="-8.169215"><ele>344.789</ele><time>2025-06-07T09:28:07.314Z</time></trkpt><trkpt lat="42.927038" lon="-8.169279"><ele>344.234</ele><time>2025-06-07T09:28:11.314Z</time></trkpt><trkpt lat="42.927045" lon="-8.169343"><ele>343.755</ele><time>2025-06-07T09:28:15.314Z</time></trkpt><trkpt lat="42.927056" lon="-8.169416"><ele>343.210</ele><time>2025-06-07T09:28:19.315Z</time></trkpt><trkpt lat="42.927068" lon="-8.169483"><ele>342.409</ele><time>2025-06-07T09:28:23.314Z</time></trkpt><trkpt lat="42.927079" lon="-8.169549"><ele>341.515</ele><time>2025-06-07T09:28:27.315Z</time></trkpt><trkpt lat="42.927101" lon="-8.169615"><ele>340.594</ele><time>2025-06-07T09:28:31.315Z</time></trkpt><trkpt lat="42.927116" lon="-8.169673"><ele>339.740</ele><time>2025-06-07T09:28:45.315Z</time></trkpt><trkpt lat="42.927128" lon="-8.169743"><ele>338.863</ele><time>2025-06-07T09:28:50.315Z</time></trkpt><trkpt lat="42.927138" lon="-8.169814"><ele>338.243</ele><time>2025-06-07T09:28:54.315Z</time></trkpt><trkpt lat="42.927144" lon="-8.169890"><ele>337.644</ele><time>2025-06-07T09:28:58.315Z</time></trkpt><trkpt lat="42.927134" lon="-8.169965"><ele>337.063</ele><time>2025-06-07T09:29:03.315Z</time></trkpt><trkpt lat="42.927146" lon="-8.170036"><ele>336.682</ele><time>2025-06-07T09:29:07.315Z</time></trkpt><trkpt lat="42.927145" lon="-8.170108"><ele>336.454</ele><time>2025-06-07T09:29:11.315Z</time></trkpt><trkpt lat="42.927144" lon="-8.170170"><ele>336.337</ele><time>2025-06-07T09:29:15.315Z</time></trkpt><trkpt lat="42.927134" lon="-8.170231"><ele>336.149</ele><time>2025-06-07T09:29:19.315Z</time></trkpt><trkpt lat="42.927124" lon="-8.170294"><ele>336.113</ele><time>2025-06-07T09:29:23.315Z</time></trkpt><trkpt lat="42.927108" lon="-8.170367"><ele>336.309</ele><time>2025-06-07T09:29:27.314Z</time></trkpt><trkpt lat="42.927089" lon="-8.170440"><ele>336.635</ele><time>2025-06-07T09:29:31.315Z</time></trkpt><trkpt lat="42.927070" lon="-8.170513"><ele>336.814</ele><time>2025-06-07T09:29:35.314Z</time></trkpt><trkpt lat="42.927062" lon="-8.170590"><ele>337.480</ele><time>2025-06-07T09:29:39.315Z</time></trkpt><trkpt lat="42.927057" lon="-8.170655"><ele>338.283</ele><time>2025-06-07T09:29:42.315Z</time></trkpt><trkpt lat="42.927056" lon="-8.170724"><ele>339.183</ele><time>2025-06-07T09:29:46.315Z</time></trkpt><trkpt lat="42.927048" lon="-8.170794"><ele>339.924</ele><time>2025-06-07T09:29:50.315Z</time></trkpt><trkpt lat="42.927054" lon="-8.170863"><ele>340.863</ele><time>2025-06-07T09:29:54.315Z</time></trkpt><trkpt lat="42.927057" lon="-8.170939"><ele>341.892</ele><time>2025-06-07T09:29:58.314Z</time></trkpt><trkpt lat="42.927058" lon="-8.171015"><ele>342.824</ele><time>2025-06-07T09:30:02.315Z</time></trkpt><trkpt lat="42.927060" lon="-8.171094"><ele>343.845</ele><time>2025-06-07T09:30:06.315Z</time></trkpt><trkpt lat="42.927055" lon="-8.171169"><ele>344.547</ele><time>2025-06-07T09:30:10.315Z</time></trkpt><trkpt lat="42.927063" lon="-8.171231"><ele>345.011</ele><time>2025-06-07T09:30:14.315Z</time></trkpt><trkpt lat="42.927070" lon="-8.171309"><ele>345.709</ele><time>2025-06-07T09:30:19.315Z</time></trkpt><trkpt lat="42.927074" lon="-8.171385"><ele>346.466</ele><time>2025-06-07T09:30:23.314Z</time></trkpt><trkpt lat="42.927066" lon="-8.171461"><ele>346.745</ele><time>2025-06-07T09:30:27.315Z</time></trkpt><trkpt lat="42.927068" lon="-8.171539"><ele>347.131</ele><time>2025-06-07T09:30:32.315Z</time></trkpt><trkpt lat="42.927068" lon="-8.171607"><ele>347.514</ele><time>2025-06-07T09:30:36.315Z</time></trkpt><trkpt lat="42.927084" lon="-8.171672"><ele>348.084</ele><time>2025-06-07T09:30:40.315Z</time></trkpt><trkpt lat="42.927100" lon="-8.171731"><ele>348.615</ele><time>2025-06-07T09:30:44.315Z</time></trkpt><trkpt lat="42.927103" lon="-8.171800"><ele>349.024</ele><time>2025-06-07T09:30:49.315Z</time></trkpt><trkpt lat="42.927112" lon="-8.171873"><ele>349.673</ele><time>2025-06-07T09:30:54.315Z</time></trkpt><trkpt lat="42.927138" lon="-8.171926"><ele>350.445</ele><time>2025-06-07T09:30:58.315Z</time></trkpt><trkpt lat="42.927165" lon="-8.171991"><ele>351.333</ele><time>2025-06-07T09:31:03.315Z</time></trkpt><trkpt lat="42.927189" lon="-8.172049"><ele>352.123</ele><time>2025-06-07T09:31:07.315Z</time></trkpt><trkpt lat="42.927208" lon="-8.172117"><ele>353.015</ele><time>2025-06-07T09:31:12.315Z</time></trkpt><trkpt lat="42.927235" lon="-8.172183"><ele>353.909</ele><time>2025-06-07T09:31:17.315Z</time></trkpt><trkpt lat="42.927265" lon="-8.172246"><ele>354.855</ele><time>2025-06-07T09:31:22.315Z</time></trkpt><trkpt lat="42.927290" lon="-8.172303"><ele>355.234</ele><time>2025-06-07T09:31:26.315Z</time></trkpt><trkpt lat="42.927306" lon="-8.172377"><ele>355.550</ele><time>2025-06-07T09:31:31.315Z</time></trkpt><trkpt lat="42.927320" lon="-8.172440"><ele>355.863</ele><time>2025-06-07T09:31:35.315Z</time></trkpt><trkpt lat="42.927326" lon="-8.172507"><ele>355.823</ele><time>2025-06-07T09:31:39.315Z</time></trkpt><trkpt lat="42.927331" lon="-8.172575"><ele>355.774</ele><time>2025-06-07T09:31:43.315Z</time></trkpt><trkpt lat="42.927346" lon="-8.172639"><ele>355.813</ele><time>2025-06-07T09:31:48.314Z</time></trkpt><trkpt lat="42.927359" lon="-8.172711"><ele>355.752</ele><time>2025-06-07T09:31:53.315Z</time></trkpt><trkpt lat="42.927374" lon="-8.172777"><ele>355.624</ele><time>2025-06-07T09:31:58.315Z</time></trkpt><trkpt lat="42.927390" lon="-8.172843"><ele>355.829</ele><time>2025-06-07T09:32:03.314Z</time></trkpt><trkpt lat="42.927404" lon="-8.172910"><ele>356.000</ele><time>2025-06-07T09:32:08.315Z</time></trkpt><trkpt lat="42.927415" lon="-8.172982"><ele>356.120</ele><time>2025-06-07T09:32:13.315Z</time></trkpt><trkpt lat="42.927428" lon="-8.173047"><ele>356.209</ele><time>2025-06-07T09:32:18.315Z</time></trkpt><trkpt lat="42.927439" lon="-8.173108"><ele>356.254</ele><time>2025-06-07T09:32:23.314Z</time></trkpt><trkpt lat="42.927453" lon="-8.173167"><ele>356.263</ele><time>2025-06-07T09:32:28.315Z</time></trkpt><trkpt lat="42.927470" lon="-8.173236"><ele>356.179</ele><time>2025-06-07T09:32:34.315Z</time></trkpt><trkpt lat="42.927488" lon="-8.173302"><ele>356.062</ele><time>2025-06-07T09:32:39.315Z</time></trkpt><trkpt lat="42.927508" lon="-8.173368"><ele>355.982</ele><time>2025-06-07T09:32:45.315Z</time></trkpt><trkpt lat="42.927507" lon="-8.173442"><ele>355.613</ele><time>2025-06-07T09:32:50.315Z</time></trkpt><trkpt lat="42.927497" lon="-8.173509"><ele>355.492</ele><time>2025-06-07T09:32:55.315Z</time></trkpt><trkpt lat="42.927470" lon="-8.173570"><ele>355.111</ele><time>2025-06-07T09:33:00.315Z</time></trkpt><trkpt lat="42.927445" lon="-8.173635"><ele>354.963</ele><time>2025-06-07T09:33:04.315Z</time></trkpt><trkpt lat="42.927412" lon="-8.173695"><ele>354.964</ele><time>2025-06-07T09:33:09.315Z</time></trkpt><trkpt lat="42.927380" lon="-8.173744"><ele>354.906</ele><time>2025-06-07T09:33:13.315Z</time></trkpt><trkpt lat="42.927348" lon="-8.173796"><ele>355.116</ele><time>2025-06-07T09:33:17.315Z</time></trkpt><trkpt lat="42.927308" lon="-8.173842"><ele>355.309</ele><time>2025-06-07T09:33:22.315Z</time></trkpt><trkpt lat="42.927277" lon="-8.173902"><ele>355.638</ele><time>2025-06-07T09:33:27.314Z</time></trkpt><trkpt lat="42.927239" lon="-8.173961"><ele>355.947</ele><time>2025-06-07T09:33:32.315Z</time></trkpt><trkpt lat="42.927202" lon="-8.174004"><ele>356.073</ele><time>2025-06-07T09:33:36.315Z</time></trkpt><trkpt lat="42.927157" lon="-8.174035"><ele>355.936</ele><time>2025-06-07T09:33:40.315Z</time></trkpt><trkpt lat="42.927116" lon="-8.174065"><ele>355.976</ele><time>2025-06-07T09:33:44.315Z</time></trkpt><trkpt lat="42.927070" lon="-8.174103"><ele>355.967</ele><time>2025-06-07T09:33:49.315Z</time></trkpt><trkpt lat="42.927022" lon="-8.174116"><ele>355.946</ele><time>2025-06-07T09:33:53.315Z</time></trkpt><trkpt lat="42.926975" lon="-8.174123"><ele>355.975</ele><time>2025-06-07T09:33:57.315Z</time></trkpt><trkpt lat="42.926924" lon="-8.174122"><ele>355.647</ele><time>2025-06-07T09:34:01.315Z</time></trkpt><trkpt lat="42.926874" lon="-8.174120"><ele>355.124</ele><time>2025-06-07T09:34:05.315Z</time></trkpt><trkpt lat="42.926821" lon="-8.174123"><ele>354.604</ele><time>2025-06-07T09:34:10.314Z</time></trkpt><trkpt lat="42.926776" lon="-8.174136"><ele>354.114</ele><time>2025-06-07T09:34:14.315Z</time></trkpt><trkpt lat="42.926726" lon="-8.174138"><ele>353.609</ele><time>2025-06-07T09:34:18.315Z</time></trkpt><trkpt lat="42.926673" lon="-8.174147"><ele>353.194</ele><time>2025-06-07T09:34:23.315Z</time></trkpt><trkpt lat="42.926627" lon="-8.174144"><ele>353.063</ele><time>2025-06-07T09:34:27.315Z</time></trkpt><trkpt lat="42.926577" lon="-8.174147"><ele>353.049</ele><time>2025-06-07T09:34:31.315Z</time></trkpt><trkpt lat="42.926532" lon="-8.174163"><ele>353.032</ele><time>2025-06-07T09:34:35.315Z</time></trkpt><trkpt lat="42.926489" lon="-8.174188"><ele>352.992</ele><time>2025-06-07T09:34:39.315Z</time></trkpt><trkpt lat="42.926442" lon="-8.174224"><ele>352.893</ele><time>2025-06-07T09:34:44.315Z</time></trkpt><trkpt lat="42.926407" lon="-8.174275"><ele>352.662</ele><time>2025-06-07T09:34:49.315Z</time></trkpt><trkpt lat="42.926368" lon="-8.174320"><ele>352.561</ele><time>2025-06-07T09:34:54.315Z</time></trkpt><trkpt lat="42.926333" lon="-8.174367"><ele>352.583</ele><time>2025-06-07T09:34:58.315Z</time></trkpt><trkpt lat="42.926305" lon="-8.174424"><ele>352.488</ele><time>2025-06-07T09:35:02.315Z</time></trkpt><trkpt lat="42.926274" lon="-8.174492"><ele>352.324</ele><time>2025-06-07T09:35:07.315Z</time></trkpt><trkpt lat="42.926254" lon="-8.174564"><ele>352.326</ele><time>2025-06-07T09:35:12.314Z</time></trkpt><trkpt lat="42.926232" lon="-8.174619"><ele>352.309</ele><time>2025-06-07T09:35:16.315Z</time></trkpt><trkpt lat="42.926217" lon="-8.174685"><ele>352.360</ele><time>2025-06-07T09:35:20.315Z</time></trkpt><trkpt lat="42.926198" lon="-8.174742"><ele>352.229</ele><time>2025-06-07T09:35:24.315Z</time></trkpt><trkpt lat="42.926186" lon="-8.174804"><ele>351.715</ele><time>2025-06-07T09:35:28.315Z</time></trkpt><trkpt lat="42.926168" lon="-8.174875"><ele>351.198</ele><time>2025-06-07T09:35:33.315Z</time></trkpt><trkpt lat="42.926155" lon="-8.174939"><ele>350.528</ele><time>2025-06-07T09:35:37.315Z</time></trkpt><trkpt lat="42.926133" lon="-8.174997"><ele>350.089</ele><time>2025-06-07T09:35:41.315Z</time></trkpt><trkpt lat="42.926114" lon="-8.175059"><ele>349.698</ele><time>2025-06-07T09:35:45.315Z</time></trkpt><trkpt lat="42.926091" lon="-8.175119"><ele>349.417</ele><time>2025-06-07T09:35:49.316Z</time></trkpt><trkpt lat="42.926059" lon="-8.175175"><ele>349.339</ele><time>2025-06-07T09:35:53.316Z</time></trkpt><trkpt lat="42.926036" lon="-8.175243"><ele>349.113</ele><time>2025-06-07T09:35:58.315Z</time></trkpt><trkpt lat="42.926018" lon="-8.175301"><ele>348.943</ele><time>2025-06-07T09:36:02.316Z</time></trkpt><trkpt lat="42.925995" lon="-8.175364"><ele>348.807</ele><time>2025-06-07T09:36:06.316Z</time></trkpt><trkpt lat="42.925964" lon="-8.175412"><ele>348.909</ele><time>2025-06-07T09:36:10.316Z</time></trkpt><trkpt lat="42.925940" lon="-8.175471"><ele>348.973</ele><time>2025-06-07T09:36:14.316Z</time></trkpt><trkpt lat="42.925922" lon="-8.175529"><ele>348.882</ele><time>2025-06-07T09:36:18.315Z</time></trkpt><trkpt lat="42.925889" lon="-8.175591"><ele>349.078</ele><time>2025-06-07T09:36:23.316Z</time></trkpt><trkpt lat="42.925869" lon="-8.175654"><ele>348.881</ele><time>2025-06-07T09:36:28.316Z</time></trkpt><trkpt lat="42.925841" lon="-8.175711"><ele>348.871</ele><time>2025-06-07T09:36:32.316Z</time></trkpt><trkpt lat="42.925820" lon="-8.175782"><ele>348.582</ele><time>2025-06-07T09:36:37.316Z</time></trkpt><trkpt lat="42.925796" lon="-8.175837"><ele>348.371</ele><time>2025-06-07T09:36:41.316Z</time></trkpt><trkpt lat="42.925764" lon="-8.175887"><ele>348.320</ele><time>2025-06-07T09:36:45.316Z</time></trkpt><trkpt lat="42.925745" lon="-8.175956"><ele>348.122</ele><time>2025-06-07T09:36:49.316Z</time></trkpt><trkpt lat="42.925737" lon="-8.176023"><ele>347.812</ele><time>2025-06-07T09:36:53.316Z</time></trkpt><trkpt lat="42.925721" lon="-8.176081"><ele>347.632</ele><time>2025-06-07T09:36:57.316Z</time></trkpt><trkpt lat="42.925707" lon="-8.176142"><ele>347.205</ele><time>2025-06-07T09:37:01.316Z</time></trkpt><trkpt lat="42.925687" lon="-8.176205"><ele>346.909</ele><time>2025-06-07T09:37:05.316Z</time></trkpt><trkpt lat="42.925667" lon="-8.176265"><ele>346.523</ele><time>2025-06-07T09:37:09.315Z</time></trkpt><trkpt lat="42.925643" lon="-8.176320"><ele>346.262</ele><time>2025-06-07T09:37:13.315Z</time></trkpt><trkpt lat="42.925619" lon="-8.176372"><ele>345.958</ele><time>2025-06-07T09:37:17.316Z</time></trkpt><trkpt lat="42.925592" lon="-8.176429"><ele>345.661</ele><time>2025-06-07T09:37:21.315Z</time></trkpt><trkpt lat="42.925572" lon="-8.176494"><ele>345.251</ele><time>2025-06-07T09:37:25.316Z</time></trkpt><trkpt lat="42.925567" lon="-8.176566"><ele>344.752</ele><time>2025-06-07T09:37:29.316Z</time></trkpt><trkpt lat="42.925542" lon="-8.176623"><ele>344.331</ele><time>2025-06-07T09:37:33.316Z</time></trkpt><trkpt lat="42.925521" lon="-8.176692"><ele>343.630</ele><time>2025-06-07T09:37:38.316Z</time></trkpt><trkpt lat="42.925501" lon="-8.176762"><ele>342.972</ele><time>2025-06-07T09:37:43.316Z</time></trkpt><trkpt lat="42.925481" lon="-8.176822"><ele>342.445</ele><time>2025-06-07T09:37:47.316Z</time></trkpt><trkpt lat="42.925464" lon="-8.176883"><ele>341.847</ele><time>2025-06-07T09:37:51.316Z</time></trkpt><trkpt lat="42.925438" lon="-8.176948"><ele>341.411</ele><time>2025-06-07T09:37:56.316Z</time></trkpt><trkpt lat="42.925424" lon="-8.177021"><ele>340.609</ele><time>2025-06-07T09:38:01.316Z</time></trkpt><trkpt lat="42.925402" lon="-8.177091"><ele>340.066</ele><time>2025-06-07T09:38:06.316Z</time></trkpt><trkpt lat="42.925377" lon="-8.177142"><ele>339.785</ele><time>2025-06-07T09:38:10.315Z</time></trkpt><trkpt lat="42.925361" lon="-8.177214"><ele>339.281</ele><time>2025-06-07T09:38:15.316Z</time></trkpt><trkpt lat="42.925346" lon="-8.177282"><ele>338.814</ele><time>2025-06-07T09:38:19.316Z</time></trkpt><trkpt lat="42.925326" lon="-8.177359"><ele>338.454</ele><time>2025-06-07T09:38:24.315Z</time></trkpt><trkpt lat="42.925309" lon="-8.177421"><ele>338.285</ele><time>2025-06-07T09:38:28.316Z</time></trkpt><trkpt lat="42.925295" lon="-8.177482"><ele>337.984</ele><time>2025-06-07T09:38:32.316Z</time></trkpt><trkpt lat="42.925287" lon="-8.177557"><ele>337.523</ele><time>2025-06-07T09:38:36.316Z</time></trkpt><trkpt lat="42.925284" lon="-8.177623"><ele>337.075</ele><time>2025-06-07T09:38:40.315Z</time></trkpt><trkpt lat="42.925268" lon="-8.177691"><ele>336.771</ele><time>2025-06-07T09:38:44.315Z</time></trkpt><trkpt lat="42.925254" lon="-8.177755"><ele>336.341</ele><time>2025-06-07T09:38:48.316Z</time></trkpt><trkpt lat="42.925249" lon="-8.177831"><ele>336.015</ele><time>2025-06-07T09:38:53.315Z</time></trkpt><trkpt lat="42.925246" lon="-8.177910"><ele>335.609</ele><time>2025-06-07T09:38:57.315Z</time></trkpt><trkpt lat="42.925248" lon="-8.177982"><ele>335.369</ele><time>2025-06-07T09:39:01.316Z</time></trkpt><trkpt lat="42.925250" lon="-8.178047"><ele>335.048</ele><time>2025-06-07T09:39:05.316Z</time></trkpt><trkpt lat="42.925247" lon="-8.178112"><ele>334.664</ele><time>2025-06-07T09:39:09.315Z</time></trkpt><trkpt lat="42.925248" lon="-8.178179"><ele>334.127</ele><time>2025-06-07T09:39:13.316Z</time></trkpt><trkpt lat="42.925250" lon="-8.178243"><ele>333.697</ele><time>2025-06-07T09:39:17.315Z</time></trkpt><trkpt lat="42.925250" lon="-8.178304"><ele>333.138</ele><time>2025-06-07T09:39:21.316Z</time></trkpt><trkpt lat="42.925261" lon="-8.178374"><ele>332.627</ele><time>2025-06-07T09:39:25.315Z</time></trkpt><trkpt lat="42.925259" lon="-8.178444"><ele>332.196</ele><time>2025-06-07T09:39:29.315Z</time></trkpt><trkpt lat="42.925259" lon="-8.178506"><ele>331.728</ele><time>2025-06-07T09:39:33.316Z</time></trkpt><trkpt lat="42.925263" lon="-8.178575"><ele>331.232</ele><time>2025-06-07T09:39:37.316Z</time></trkpt><trkpt lat="42.925257" lon="-8.178639"><ele>330.892</ele><time>2025-06-07T09:39:41.315Z</time></trkpt><trkpt lat="42.925254" lon="-8.178712"><ele>330.611</ele><time>2025-06-07T09:39:46.316Z</time></trkpt><trkpt lat="42.925261" lon="-8.178776"><ele>330.409</ele><time>2025-06-07T09:39:50.316Z</time></trkpt><trkpt lat="42.925253" lon="-8.178841"><ele>330.275</ele><time>2025-06-07T09:39:54.316Z</time></trkpt><trkpt lat="42.925251" lon="-8.178905"><ele>329.974</ele><time>2025-06-07T09:39:58.316Z</time></trkpt><trkpt lat="42.925258" lon="-8.178969"><ele>329.780</ele><time>2025-06-07T09:40:02.316Z</time></trkpt><trkpt lat="42.925270" lon="-8.179039"><ele>329.553</ele><time>2025-06-07T09:40:06.316Z</time></trkpt><trkpt lat="42.925281" lon="-8.179104"><ele>329.253</ele><time>2025-06-07T09:40:10.316Z</time></trkpt><trkpt lat="42.925282" lon="-8.179169"><ele>329.084</ele><time>2025-06-07T09:40:14.316Z</time></trkpt><trkpt lat="42.925279" lon="-8.179233"><ele>328.863</ele><time>2025-06-07T09:40:18.315Z</time></trkpt><trkpt lat="42.925289" lon="-8.179296"><ele>328.592</ele><time>2025-06-07T09:40:22.316Z</time></trkpt><trkpt lat="42.925312" lon="-8.179355"><ele>328.294</ele><time>2025-06-07T09:40:26.316Z</time></trkpt><trkpt lat="42.925328" lon="-8.179417"><ele>327.828</ele><time>2025-06-07T09:40:30.316Z</time></trkpt><trkpt lat="42.925349" lon="-8.179479"><ele>327.189</ele><time>2025-06-07T09:40:34.316Z</time></trkpt><trkpt lat="42.925367" lon="-8.179537"><ele>326.417</ele><time>2025-06-07T09:40:38.316Z</time></trkpt><trkpt lat="42.925388" lon="-8.179605"><ele>325.509</ele><time>2025-06-07T09:40:42.316Z</time></trkpt><trkpt lat="42.925410" lon="-8.179666"><ele>324.764</ele><time>2025-06-07T09:40:46.316Z</time></trkpt><trkpt lat="42.925435" lon="-8.179724"><ele>323.973</ele><time>2025-06-07T09:40:50.316Z</time></trkpt><trkpt lat="42.925454" lon="-8.179781"><ele>323.269</ele><time>2025-06-07T09:40:54.316Z</time></trkpt><trkpt lat="42.925481" lon="-8.179831"><ele>322.672</ele><time>2025-06-07T09:40:58.316Z</time></trkpt><trkpt lat="42.925513" lon="-8.179894"><ele>322.082</ele><time>2025-06-07T09:41:03.316Z</time></trkpt><trkpt lat="42.925546" lon="-8.179955"><ele>321.483</ele><time>2025-06-07T09:41:08.316Z</time></trkpt><trkpt lat="42.925572" lon="-8.180008"><ele>320.882</ele><time>2025-06-07T09:41:12.316Z</time></trkpt><trkpt lat="42.925596" lon="-8.180068"><ele>320.041</ele><time>2025-06-07T09:41:17.315Z</time></trkpt><trkpt lat="42.925612" lon="-8.180131"><ele>319.323</ele><time>2025-06-07T09:41:22.316Z</time></trkpt><trkpt lat="42.925627" lon="-8.180202"><ele>318.527</ele><time>2025-06-07T09:41:27.316Z</time></trkpt><trkpt lat="42.925627" lon="-8.180280"><ele>317.768</ele><time>2025-06-07T09:41:32.316Z</time></trkpt><trkpt lat="42.925620" lon="-8.180347"><ele>317.314</ele><time>2025-06-07T09:41:36.316Z</time></trkpt><trkpt lat="42.925596" lon="-8.180402"><ele>317.009</ele><time>2025-06-07T09:41:40.316Z</time></trkpt><trkpt lat="42.925555" lon="-8.180440"><ele>316.894</ele><time>2025-06-07T09:41:44.316Z</time></trkpt><trkpt lat="42.925507" lon="-8.180447"><ele>316.713</ele><time>2025-06-07T09:41:47.316Z</time></trkpt><trkpt lat="42.925457" lon="-8.180461"><ele>316.429</ele><time>2025-06-07T09:41:51.316Z</time></trkpt><trkpt lat="42.925405" lon="-8.180468"><ele>316.372</ele><time>2025-06-07T09:41:55.316Z</time></trkpt><trkpt lat="42.925352" lon="-8.180468"><ele>316.132</ele><time>2025-06-07T09:41:59.316Z</time></trkpt><trkpt lat="42.925302" lon="-8.180473"><ele>316.063</ele><time>2025-06-07T09:42:03.316Z</time></trkpt><trkpt lat="42.925246" lon="-8.180471"><ele>315.882</ele><time>2025-06-07T09:42:08.316Z</time></trkpt><trkpt lat="42.925198" lon="-8.180467"><ele>315.741</ele><time>2025-06-07T09:42:12.316Z</time></trkpt><trkpt lat="42.925153" lon="-8.180457"><ele>315.623</ele><time>2025-06-07T09:42:16.316Z</time></trkpt><trkpt lat="42.925106" lon="-8.180457"><ele>315.497</ele><time>2025-06-07T09:42:20.316Z</time></trkpt><trkpt lat="42.925058" lon="-8.180460"><ele>315.223</ele><time>2025-06-07T09:42:24.315Z</time></trkpt><trkpt lat="42.925013" lon="-8.180457"><ele>315.125</ele><time>2025-06-07T09:42:28.316Z</time></trkpt><trkpt lat="42.924968" lon="-8.180477"><ele>314.709</ele><time>2025-06-07T09:42:32.317Z</time></trkpt><trkpt lat="42.924924" lon="-8.180507"><ele>314.351</ele><time>2025-06-07T09:42:36.317Z</time></trkpt><trkpt lat="42.924876" lon="-8.180545"><ele>313.770</ele><time>2025-06-07T09:42:41.317Z</time></trkpt><trkpt lat="42.924839" lon="-8.180596"><ele>313.216</ele><time>2025-06-07T09:42:45.317Z</time></trkpt><trkpt lat="42.924808" lon="-8.180650"><ele>312.989</ele><time>2025-06-07T09:42:49.317Z</time></trkpt><trkpt lat="42.924787" lon="-8.180711"><ele>312.599</ele><time>2025-06-07T09:42:53.317Z</time></trkpt><trkpt lat="42.924765" lon="-8.180768"><ele>312.380</ele><time>2025-06-07T09:42:57.317Z</time></trkpt><trkpt lat="42.924751" lon="-8.180828"><ele>312.059</ele><time>2025-06-07T09:43:01.317Z</time></trkpt><trkpt lat="42.924750" lon="-8.180894"><ele>311.878</ele><time>2025-06-07T09:43:05.317Z</time></trkpt><trkpt lat="42.924741" lon="-8.180969"><ele>311.530</ele><time>2025-06-07T09:43:10.317Z</time></trkpt><trkpt lat="42.924733" lon="-8.181043"><ele>311.271</ele><time>2025-06-07T09:43:15.316Z</time></trkpt><trkpt lat="42.924728" lon="-8.181111"><ele>311.041</ele><time>2025-06-07T09:43:19.316Z</time></trkpt><trkpt lat="42.924713" lon="-8.181181"><ele>310.815</ele><time>2025-06-07T09:43:23.317Z</time></trkpt><trkpt lat="42.924711" lon="-8.181250"><ele>310.509</ele><time>2025-06-07T09:43:27.317Z</time></trkpt><trkpt lat="42.924711" lon="-8.181323"><ele>310.329</ele><time>2025-06-07T09:43:32.317Z</time></trkpt><trkpt lat="42.924707" lon="-8.181386"><ele>310.178</ele><time>2025-06-07T09:43:36.317Z</time></trkpt><trkpt lat="42.924710" lon="-8.181450"><ele>310.344</ele><time>2025-06-07T09:43:40.317Z</time></trkpt><trkpt lat="42.924693" lon="-8.181521"><ele>310.677</ele><time>2025-06-07T09:43:44.317Z</time></trkpt><trkpt lat="42.924694" lon="-8.181588"><ele>310.817</ele><time>2025-06-07T09:43:48.316Z</time></trkpt><trkpt lat="42.924687" lon="-8.181655"><ele>311.178</ele><time>2025-06-07T09:43:52.317Z</time></trkpt><trkpt lat="42.924667" lon="-8.181724"><ele>311.777</ele><time>2025-06-07T09:43:56.317Z</time></trkpt><trkpt lat="42.924655" lon="-8.181786"><ele>312.226</ele><time>2025-06-07T09:44:00.317Z</time></trkpt><trkpt lat="42.924645" lon="-8.181860"><ele>312.928</ele><time>2025-06-07T09:44:05.317Z</time></trkpt><trkpt lat="42.924633" lon="-8.181922"><ele>313.515</ele><time>2025-06-07T09:44:09.316Z</time></trkpt><trkpt lat="42.924623" lon="-8.181986"><ele>314.165</ele><time>2025-06-07T09:44:13.317Z</time></trkpt><trkpt lat="42.924614" lon="-8.182057"><ele>314.811</ele><time>2025-06-07T09:44:18.317Z</time></trkpt><trkpt lat="42.924603" lon="-8.182135"><ele>315.609</ele><time>2025-06-07T09:44:23.316Z</time></trkpt><trkpt lat="42.924599" lon="-8.182210"><ele>316.353</ele><time>2025-06-07T09:44:28.317Z</time></trkpt><trkpt lat="42.924589" lon="-8.182273"><ele>316.852</ele><time>2025-06-07T09:44:32.317Z</time></trkpt><trkpt lat="42.924581" lon="-8.182341"><ele>317.498</ele><time>2025-06-07T09:44:37.317Z</time></trkpt><trkpt lat="42.924574" lon="-8.182412"><ele>317.971</ele><time>2025-06-07T09:44:42.317Z</time></trkpt><trkpt lat="42.924567" lon="-8.182483"><ele>318.421</ele><time>2025-06-07T09:44:48.317Z</time></trkpt><trkpt lat="42.924573" lon="-8.182551"><ele>318.932</ele><time>2025-06-07T09:44:53.317Z</time></trkpt><trkpt lat="42.924546" lon="-8.182607"><ele>319.491</ele><time>2025-06-07T09:44:58.317Z</time></trkpt><trkpt lat="42.924524" lon="-8.182676"><ele>320.010</ele><time>2025-06-07T09:45:04.317Z</time></trkpt><trkpt lat="42.924513" lon="-8.182737"><ele>320.522</ele><time>2025-06-07T09:45:09.317Z</time></trkpt><trkpt lat="42.924492" lon="-8.182792"><ele>320.932</ele><time>2025-06-07T09:45:14.317Z</time></trkpt><trkpt lat="42.924475" lon="-8.182852"><ele>321.492</ele><time>2025-06-07T09:45:19.316Z</time></trkpt><trkpt lat="42.924438" lon="-8.182906"><ele>321.911</ele><time>2025-06-07T09:45:24.317Z</time></trkpt><trkpt lat="42.924409" lon="-8.182961"><ele>322.309</ele><time>2025-06-07T09:45:29.317Z</time></trkpt><trkpt lat="42.924381" lon="-8.183021"><ele>322.895</ele><time>2025-06-07T09:45:34.316Z</time></trkpt><trkpt lat="42.924348" lon="-8.183068"><ele>323.134</ele><time>2025-06-07T09:45:39.317Z</time></trkpt><trkpt lat="42.924329" lon="-8.183131"><ele>323.890</ele><time>2025-06-07T09:45:44.317Z</time></trkpt><trkpt lat="42.924314" lon="-8.183200"><ele>324.613</ele><time>2025-06-07T09:45:49.317Z</time></trkpt><trkpt lat="42.924292" lon="-8.183254"><ele>325.173</ele><time>2025-06-07T09:45:54.317Z</time></trkpt><trkpt lat="42.924268" lon="-8.183308"><ele>325.754</ele><time>2025-06-07T09:45:59.317Z</time></trkpt><trkpt lat="42.924254" lon="-8.183378"><ele>326.873</ele><time>2025-06-07T09:46:05.317Z</time></trkpt><trkpt lat="42.924241" lon="-8.183444"><ele>328.092</ele><time>2025-06-07T09:46:10.316Z</time></trkpt><trkpt lat="42.924226" lon="-8.183504"><ele>329.194</ele><time>2025-06-07T09:46:15.317Z</time></trkpt><trkpt lat="42.924214" lon="-8.183568"><ele>330.273</ele><time>2025-06-07T09:46:21.316Z</time></trkpt><trkpt lat="42.924214" lon="-8.183634"><ele>331.485</ele><time>2025-06-07T09:46:26.317Z</time></trkpt><trkpt lat="42.924222" lon="-8.183706"><ele>332.613</ele><time>2025-06-07T09:46:31.317Z</time></trkpt><trkpt lat="42.924230" lon="-8.183777"><ele>333.909</ele><time>2025-06-07T09:46:37.317Z</time></trkpt><trkpt lat="42.924234" lon="-8.183843"><ele>335.099</ele><time>2025-06-07T09:46:42.316Z</time></trkpt><trkpt lat="42.924238" lon="-8.183910"><ele>335.958</ele><time>2025-06-07T09:46:47.317Z</time></trkpt><trkpt lat="42.924239" lon="-8.183983"><ele>336.434</ele><time>2025-06-07T09:46:52.317Z</time></trkpt><trkpt lat="42.924237" lon="-8.184048"><ele>336.917</ele><time>2025-06-07T09:46:57.317Z</time></trkpt><trkpt lat="42.924230" lon="-8.184114"><ele>337.457</ele><time>2025-06-07T09:47:02.317Z</time></trkpt><trkpt lat="42.924207" lon="-8.184178"><ele>337.848</ele><time>2025-06-07T09:47:08.317Z</time></trkpt><trkpt lat="42.924191" lon="-8.184237"><ele>337.637</ele><time>2025-06-07T09:47:14.317Z</time></trkpt><trkpt lat="42.924176" lon="-8.184305"><ele>337.546</ele><time>2025-06-07T09:47:20.316Z</time></trkpt><trkpt lat="42.924160" lon="-8.184372"><ele>337.358</ele><time>2025-06-07T09:47:25.316Z</time></trkpt><trkpt lat="42.924140" lon="-8.184442"><ele>337.015</ele><time>2025-06-07T09:47:31.317Z</time></trkpt><trkpt lat="42.924106" lon="-8.184489"><ele>336.565</ele><time>2025-06-07T09:47:36.317Z</time></trkpt><trkpt lat="42.924062" lon="-8.184507"><ele>336.311</ele><time>2025-06-07T09:47:41.316Z</time></trkpt><trkpt lat="42.924020" lon="-8.184555"><ele>335.809</ele><time>2025-06-07T09:47:48.317Z</time></trkpt><trkpt lat="42.923982" lon="-8.184599"><ele>335.373</ele><time>2025-06-07T09:47:53.317Z</time></trkpt><trkpt lat="42.923953" lon="-8.184658"><ele>334.762</ele><time>2025-06-07T09:47:58.317Z</time></trkpt><trkpt lat="42.923910" lon="-8.184693"><ele>334.398</ele><time>2025-06-07T09:48:04.317Z</time></trkpt><trkpt lat="42.923871" lon="-8.184734"><ele>333.811</ele><time>2025-06-07T09:48:10.317Z</time></trkpt><trkpt lat="42.923824" lon="-8.184761"><ele>333.481</ele><time>2025-06-07T09:48:16.316Z</time></trkpt><trkpt lat="42.923771" lon="-8.184782"><ele>333.032</ele><time>2025-06-07T09:48:22.316Z</time></trkpt><trkpt lat="42.923724" lon="-8.184800"><ele>332.751</ele><time>2025-06-07T09:48:27.317Z</time></trkpt><trkpt lat="42.923678" lon="-8.184813"><ele>332.570</ele><time>2025-06-07T09:48:31.317Z</time></trkpt><trkpt lat="42.923627" lon="-8.184827"><ele>332.392</ele><time>2025-06-07T09:48:38.317Z</time></trkpt><trkpt lat="42.923580" lon="-8.184841"><ele>332.312</ele><time>2025-06-07T09:48:42.317Z</time></trkpt><trkpt lat="42.923532" lon="-8.184851"><ele>332.432</ele><time>2025-06-07T09:48:46.316Z</time></trkpt><trkpt lat="42.923479" lon="-8.184869"><ele>332.405</ele><time>2025-06-07T09:48:51.317Z</time></trkpt><trkpt lat="42.923431" lon="-8.184871"><ele>332.609</ele><time>2025-06-07T09:48:56.317Z</time></trkpt><trkpt lat="42.923377" lon="-8.184889"><ele>332.683</ele><time>2025-06-07T09:49:01.317Z</time></trkpt><trkpt lat="42.923324" lon="-8.184900"><ele>332.832</ele><time>2025-06-07T09:49:06.318Z</time></trkpt><trkpt lat="42.923276" lon="-8.184908"><ele>333.048</ele><time>2025-06-07T09:49:10.318Z</time></trkpt><trkpt lat="42.923231" lon="-8.184917"><ele>333.281</ele><time>2025-06-07T09:49:14.318Z</time></trkpt><trkpt lat="42.923179" lon="-8.184930"><ele>333.541</ele><time>2025-06-07T09:49:19.318Z</time></trkpt><trkpt lat="42.923129" lon="-8.184944"><ele>333.762</ele><time>2025-06-07T09:49:24.318Z</time></trkpt><trkpt lat="42.923077" lon="-8.184963"><ele>334.081</ele><time>2025-06-07T09:49:29.318Z</time></trkpt><trkpt lat="42.923027" lon="-8.184987"><ele>334.040</ele><time>2025-06-07T09:49:34.318Z</time></trkpt><trkpt lat="42.922976" lon="-8.185012"><ele>333.932</ele><time>2025-06-07T09:49:39.318Z</time></trkpt><trkpt lat="42.922929" lon="-8.185052"><ele>333.814</ele><time>2025-06-07T09:49:44.318Z</time></trkpt><trkpt lat="42.922881" lon="-8.185086"><ele>333.854</ele><time>2025-06-07T09:49:49.318Z</time></trkpt><trkpt lat="42.922840" lon="-8.185116"><ele>333.809</ele><time>2025-06-07T09:49:53.318Z</time></trkpt><trkpt lat="42.922803" lon="-8.185157"><ele>333.909</ele><time>2025-06-07T09:49:57.318Z</time></trkpt><trkpt lat="42.922771" lon="-8.185211"><ele>334.063</ele><time>2025-06-07T09:50:01.318Z</time></trkpt><trkpt lat="42.922745" lon="-8.185267"><ele>334.032</ele><time>2025-06-07T09:50:05.318Z</time></trkpt><trkpt lat="42.922716" lon="-8.185321"><ele>333.978</ele><time>2025-06-07T09:50:09.318Z</time></trkpt><trkpt lat="42.922687" lon="-8.185385"><ele>333.781</ele><time>2025-06-07T09:50:14.318Z</time></trkpt><trkpt lat="42.922661" lon="-8.185439"><ele>333.741</ele><time>2025-06-07T09:50:18.318Z</time></trkpt><trkpt lat="42.922638" lon="-8.185493"><ele>333.682</ele><time>2025-06-07T09:50:22.317Z</time></trkpt><trkpt lat="42.922615" lon="-8.185551"><ele>333.611</ele><time>2025-06-07T09:50:26.318Z</time></trkpt><trkpt lat="42.922601" lon="-8.185613"><ele>333.820</ele><time>2025-06-07T09:50:30.317Z</time></trkpt><trkpt lat="42.922605" lon="-8.185690"><ele>334.172</ele><time>2025-06-07T09:50:35.318Z</time></trkpt><trkpt lat="42.922618" lon="-8.185750"><ele>334.311</ele><time>2025-06-07T09:50:39.318Z</time></trkpt><trkpt lat="42.922635" lon="-8.185817"><ele>334.521</ele><time>2025-06-07T09:50:44.318Z</time></trkpt><trkpt lat="42.922654" lon="-8.185885"><ele>334.903</ele><time>2025-06-07T09:50:49.318Z</time></trkpt><trkpt lat="42.922665" lon="-8.185948"><ele>335.409</ele><time>2025-06-07T09:50:54.318Z</time></trkpt><trkpt lat="42.922673" lon="-8.186014"><ele>335.983</ele><time>2025-06-07T09:50:59.318Z</time></trkpt><trkpt lat="42.922678" lon="-8.186080"><ele>336.572</ele><time>2025-06-07T09:51:04.318Z</time></trkpt><trkpt lat="42.922684" lon="-8.186153"><ele>337.338</ele><time>2025-06-07T09:51:09.318Z</time></trkpt><trkpt lat="42.922675" lon="-8.186223"><ele>338.451</ele><time>2025-06-07T09:51:14.317Z</time></trkpt><trkpt lat="42.922667" lon="-8.186287"><ele>339.321</ele><time>2025-06-07T09:51:19.318Z</time></trkpt><trkpt lat="42.922661" lon="-8.186362"><ele>340.542</ele><time>2025-06-07T09:51:24.318Z</time></trkpt><trkpt lat="42.922651" lon="-8.186424"><ele>341.121</ele><time>2025-06-07T09:51:28.318Z</time></trkpt><trkpt lat="42.922639" lon="-8.186485"><ele>341.580</ele><time>2025-06-07T09:51:32.318Z</time></trkpt><trkpt lat="42.922630" lon="-8.186561"><ele>342.062</ele><time>2025-06-07T09:51:37.318Z</time></trkpt><trkpt lat="42.922615" lon="-8.186630"><ele>342.577</ele><time>2025-06-07T09:51:42.318Z</time></trkpt><trkpt lat="42.922601" lon="-8.186698"><ele>343.261</ele><time>2025-06-07T09:51:47.318Z</time></trkpt><trkpt lat="42.922589" lon="-8.186768"><ele>343.927</ele><time>2025-06-07T09:51:52.318Z</time></trkpt><trkpt lat="42.922582" lon="-8.186830"><ele>344.509</ele><time>2025-06-07T09:51:56.318Z</time></trkpt><trkpt lat="42.922590" lon="-8.186893"><ele>344.979</ele><time>2025-06-07T09:52:00.318Z</time></trkpt><trkpt lat="42.922595" lon="-8.186968"><ele>345.418</ele><time>2025-06-07T09:52:05.318Z</time></trkpt><trkpt lat="42.922619" lon="-8.187021"><ele>345.594</ele><time>2025-06-07T09:52:09.318Z</time></trkpt><trkpt lat="42.922654" lon="-8.187080"><ele>345.757</ele><time>2025-06-07T09:52:14.318Z</time></trkpt><trkpt lat="42.922677" lon="-8.187133"><ele>346.077</ele><time>2025-06-07T09:52:18.318Z</time></trkpt><trkpt lat="42.922708" lon="-8.187196"><ele>346.558</ele><time>2025-06-07T09:52:23.317Z</time></trkpt><trkpt lat="42.922734" lon="-8.187262"><ele>347.147</ele><time>2025-06-07T09:52:28.318Z</time></trkpt><trkpt lat="42.922752" lon="-8.187322"><ele>347.646</ele><time>2025-06-07T09:52:33.318Z</time></trkpt><trkpt lat="42.922759" lon="-8.187389"><ele>348.168</ele><time>2025-06-07T09:52:38.318Z</time></trkpt><trkpt lat="42.922769" lon="-8.187451"><ele>348.648</ele><time>2025-06-07T09:52:43.317Z</time></trkpt><trkpt lat="42.922776" lon="-8.187521"><ele>349.161</ele><time>2025-06-07T09:52:48.317Z</time></trkpt><trkpt lat="42.922780" lon="-8.187588"><ele>349.617</ele><time>2025-06-07T09:52:53.318Z</time></trkpt><trkpt lat="42.922785" lon="-8.187658"><ele>350.209</ele><time>2025-06-07T09:52:58.318Z</time></trkpt><trkpt lat="42.922787" lon="-8.187719"><ele>350.646</ele><time>2025-06-07T09:53:03.318Z</time></trkpt><trkpt lat="42.922795" lon="-8.187790"><ele>351.365</ele><time>2025-06-07T09:53:09.318Z</time></trkpt><trkpt lat="42.922820" lon="-8.187852"><ele>352.121</ele><time>2025-06-07T09:53:15.318Z</time></trkpt><trkpt lat="42.922856" lon="-8.187890"><ele>352.714</ele><time>2025-06-07T09:53:20.318Z</time></trkpt><trkpt lat="42.922899" lon="-8.187932"><ele>353.324</ele><time>2025-06-07T09:53:26.317Z</time></trkpt><trkpt lat="42.922945" lon="-8.187958"><ele>353.855</ele><time>2025-06-07T09:53:31.318Z</time></trkpt><trkpt lat="42.922987" lon="-8.187991"><ele>354.264</ele><time>2025-06-07T09:53:36.317Z</time></trkpt><trkpt lat="42.923031" lon="-8.188025"><ele>354.723</ele><time>2025-06-07T09:53:41.318Z</time></trkpt><trkpt lat="42.923065" lon="-8.188083"><ele>355.275</ele><time>2025-06-07T09:53:46.317Z</time></trkpt><trkpt lat="42.923097" lon="-8.188138"><ele>355.612</ele><time>2025-06-07T09:53:51.318Z</time></trkpt><trkpt lat="42.923127" lon="-8.188199"><ele>355.932</ele><time>2025-06-07T09:53:56.318Z</time></trkpt><trkpt lat="42.923159" lon="-8.188261"><ele>356.205</ele><time>2025-06-07T09:54:01.318Z</time></trkpt><trkpt lat="42.923179" lon="-8.188323"><ele>356.409</ele><time>2025-06-07T09:54:05.318Z</time></trkpt><trkpt lat="42.923151" lon="-8.188384"><ele>356.883</ele><time>2025-06-07T09:54:10.318Z</time></trkpt><trkpt lat="42.923106" lon="-8.188419"><ele>356.942</ele><time>2025-06-07T09:54:16.318Z</time></trkpt><trkpt lat="42.923077" lon="-8.188470"><ele>357.198</ele><time>2025-06-07T09:54:22.317Z</time></trkpt><trkpt lat="42.923047" lon="-8.188519"><ele>357.351</ele><time>2025-06-07T09:54:28.318Z</time></trkpt><trkpt lat="42.923030" lon="-8.188580"><ele>357.711</ele><time>2025-06-07T09:54:35.318Z</time></trkpt><trkpt lat="42.923066" lon="-8.188627"><ele>358.332</ele><time>2025-06-07T09:54:41.318Z</time></trkpt><trkpt lat="42.923115" lon="-8.188653"><ele>359.061</ele><time>2025-06-07T09:54:47.318Z</time></trkpt><trkpt lat="42.923158" lon="-8.188673"><ele>359.560</ele><time>2025-06-07T09:54:52.318Z</time></trkpt><trkpt lat="42.923201" lon="-8.188694"><ele>360.192</ele><time>2025-06-07T09:54:57.318Z</time></trkpt><trkpt lat="42.923246" lon="-8.188708"><ele>360.589</ele><time>2025-06-07T09:55:02.318Z</time></trkpt><trkpt lat="42.923290" lon="-8.188730"><ele>361.006</ele><time>2025-06-07T09:55:07.318Z</time></trkpt><trkpt lat="42.923338" lon="-8.188752"><ele>361.526</ele><time>2025-06-07T09:55:12.318Z</time></trkpt><trkpt lat="42.923388" lon="-8.188781"><ele>361.809</ele><time>2025-06-07T09:55:17.317Z</time></trkpt><trkpt lat="42.923434" lon="-8.188797"><ele>361.970</ele><time>2025-06-07T09:55:21.318Z</time></trkpt><trkpt lat="42.923483" lon="-8.188821"><ele>362.069</ele><time>2025-06-07T09:55:26.318Z</time></trkpt><trkpt lat="42.923534" lon="-8.188835"><ele>362.065</ele><time>2025-06-07T09:55:31.318Z</time></trkpt><trkpt lat="42.923577" lon="-8.188854"><ele>362.098</ele><time>2025-06-07T09:55:35.318Z</time></trkpt><trkpt lat="42.923632" lon="-8.188879"><ele>362.058</ele><time>2025-06-07T09:55:40.318Z</time></trkpt><trkpt lat="42.923675" lon="-8.188902"><ele>362.089</ele><time>2025-06-07T09:55:44.318Z</time></trkpt><trkpt lat="42.923720" lon="-8.188913"><ele>362.198</ele><time>2025-06-07T09:55:48.319Z</time></trkpt><trkpt lat="42.923767" lon="-8.188933"><ele>362.287</ele><time>2025-06-07T09:55:53.319Z</time></trkpt><trkpt lat="42.923813" lon="-8.188961"><ele>362.359</ele><time>2025-06-07T09:55:58.319Z</time></trkpt><trkpt lat="42.923863" lon="-8.188980"><ele>362.337</ele><time>2025-06-07T09:56:03.319Z</time></trkpt><trkpt lat="42.923914" lon="-8.189008"><ele>362.549</ele><time>2025-06-07T09:56:08.319Z</time></trkpt><trkpt lat="42.923967" lon="-8.189033"><ele>362.813</ele><time>2025-06-07T09:56:13.319Z</time></trkpt><trkpt lat="42.924018" lon="-8.189064"><ele>363.109</ele><time>2025-06-07T09:56:18.319Z</time></trkpt><trkpt lat="42.924066" lon="-8.189089"><ele>363.445</ele><time>2025-06-07T09:56:23.319Z</time></trkpt><trkpt lat="42.924115" lon="-8.189111"><ele>363.674</ele><time>2025-06-07T09:56:28.319Z</time></trkpt><trkpt lat="42.924166" lon="-8.189140"><ele>363.920</ele><time>2025-06-07T09:56:33.319Z</time></trkpt><trkpt lat="42.924211" lon="-8.189155"><ele>364.033</ele><time>2025-06-07T09:56:37.318Z</time></trkpt><trkpt lat="42.924254" lon="-8.189179"><ele>364.123</ele><time>2025-06-07T09:56:41.319Z</time></trkpt><trkpt lat="42.924302" lon="-8.189201"><ele>364.244</ele><time>2025-06-07T09:56:45.319Z</time></trkpt><trkpt lat="42.924355" lon="-8.189222"><ele>364.313</ele><time>2025-06-07T09:56:50.319Z</time></trkpt><trkpt lat="42.924403" lon="-8.189241"><ele>364.512</ele><time>2025-06-07T09:56:55.319Z</time></trkpt><trkpt lat="42.924452" lon="-8.189267"><ele>364.724</ele><time>2025-06-07T09:57:00.319Z</time></trkpt><trkpt lat="42.924506" lon="-8.189285"><ele>364.966</ele><time>2025-06-07T09:57:05.318Z</time></trkpt><trkpt lat="42.924552" lon="-8.189307"><ele>365.029</ele><time>2025-06-07T09:57:10.319Z</time></trkpt><trkpt lat="42.924605" lon="-8.189326"><ele>365.121</ele><time>2025-06-07T09:57:15.319Z</time></trkpt><trkpt lat="42.924658" lon="-8.189349"><ele>365.309</ele><time>2025-06-07T09:57:20.319Z</time></trkpt><trkpt lat="42.924702" lon="-8.189369"><ele>365.548</ele><time>2025-06-07T09:57:24.319Z</time></trkpt><trkpt lat="42.924751" lon="-8.189396"><ele>365.757</ele><time>2025-06-07T09:57:29.319Z</time></trkpt><trkpt lat="42.924803" lon="-8.189415"><ele>365.883</ele><time>2025-06-07T09:57:34.319Z</time></trkpt><trkpt lat="42.924854" lon="-8.189435"><ele>365.956</ele><time>2025-06-07T09:57:39.319Z</time></trkpt><trkpt lat="42.924901" lon="-8.189457"><ele>366.136</ele><time>2025-06-07T09:57:43.319Z</time></trkpt><trkpt lat="42.924946" lon="-8.189473"><ele>366.117</ele><time>2025-06-07T09:57:47.319Z</time></trkpt><trkpt lat="42.924989" lon="-8.189493"><ele>366.286</ele><time>2025-06-07T09:57:51.318Z</time></trkpt><trkpt lat="42.925034" lon="-8.189514"><ele>366.125</ele><time>2025-06-07T09:57:56.319Z</time></trkpt><trkpt lat="42.925077" lon="-8.189532"><ele>366.097</ele><time>2025-06-07T09:58:00.319Z</time></trkpt><trkpt lat="42.925124" lon="-8.189540"><ele>365.971</ele><time>2025-06-07T09:58:04.319Z</time></trkpt><trkpt lat="42.925176" lon="-8.189565"><ele>365.841</ele><time>2025-06-07T09:58:09.318Z</time></trkpt><trkpt lat="42.925223" lon="-8.189581"><ele>365.715</ele><time>2025-06-07T09:58:13.319Z</time></trkpt><trkpt lat="42.925268" lon="-8.189607"><ele>365.609</ele><time>2025-06-07T09:58:18.319Z</time></trkpt><trkpt lat="42.925311" lon="-8.189630"><ele>365.719</ele><time>2025-06-07T09:58:22.319Z</time></trkpt><trkpt lat="42.925355" lon="-8.189648"><ele>365.918</ele><time>2025-06-07T09:58:26.318Z</time></trkpt><trkpt lat="42.925398" lon="-8.189670"><ele>366.264</ele><time>2025-06-07T09:58:30.319Z</time></trkpt><trkpt lat="42.925449" lon="-8.189695"><ele>366.597</ele><time>2025-06-07T09:58:35.318Z</time></trkpt><trkpt lat="42.925493" lon="-8.189712"><ele>366.717</ele><time>2025-06-07T09:58:39.318Z</time></trkpt><trkpt lat="42.925535" lon="-8.189734"><ele>367.068</ele><time>2025-06-07T09:58:43.319Z</time></trkpt><trkpt lat="42.925588" lon="-8.189751"><ele>367.157</ele><time>2025-06-07T09:58:48.319Z</time></trkpt><trkpt lat="42.925633" lon="-8.189777"><ele>367.336</ele><time>2025-06-07T09:58:52.319Z</time></trkpt><trkpt lat="42.925681" lon="-8.189809"><ele>367.528</ele><time>2025-06-07T09:58:57.319Z</time></trkpt><trkpt lat="42.925736" lon="-8.189830"><ele>367.654</ele><time>2025-06-07T09:59:02.319Z</time></trkpt><trkpt lat="42.925787" lon="-8.189863"><ele>367.956</ele><time>2025-06-07T09:59:07.319Z</time></trkpt><trkpt lat="42.925832" lon="-8.189878"><ele>368.111</ele><time>2025-06-07T09:59:11.319Z</time></trkpt><trkpt lat="42.925882" lon="-8.189908"><ele>368.209</ele><time>2025-06-07T09:59:16.319Z</time></trkpt><trkpt lat="42.925932" lon="-8.189925"><ele>368.217</ele><time>2025-06-07T09:59:20.319Z</time></trkpt><trkpt lat="42.925974" lon="-8.189949"><ele>368.286</ele><time>2025-06-07T09:59:24.319Z</time></trkpt><trkpt lat="42.926019" lon="-8.189990"><ele>368.332</ele><time>2025-06-07T09:59:29.319Z</time></trkpt><trkpt lat="42.926066" lon="-8.190025"><ele>368.345</ele><time>2025-06-07T09:59:33.318Z</time></trkpt><trkpt lat="42.926105" lon="-8.190080"><ele>368.665</ele><time>2025-06-07T09:59:38.319Z</time></trkpt><trkpt lat="42.926136" lon="-8.190141"><ele>368.966</ele><time>2025-06-07T09:59:43.319Z</time></trkpt><trkpt lat="42.926148" lon="-8.190211"><ele>369.415</ele><time>2025-06-07T09:59:48.319Z</time></trkpt><trkpt lat="42.926158" lon="-8.190272"><ele>369.834</ele><time>2025-06-07T09:59:52.319Z</time></trkpt><trkpt lat="42.926160" lon="-8.190346"><ele>370.186</ele><time>2025-06-07T09:59:57.319Z</time></trkpt><trkpt lat="42.926159" lon="-8.190421"><ele>370.363</ele><time>2025-06-07T10:00:02.319Z</time></trkpt><trkpt lat="42.926164" lon="-8.190492"><ele>370.644</ele><time>2025-06-07T10:00:06.318Z</time></trkpt><trkpt lat="42.926161" lon="-8.190559"><ele>370.818</ele><time>2025-06-07T10:00:10.319Z</time></trkpt><trkpt lat="42.926161" lon="-8.190629"><ele>371.009</ele><time>2025-06-07T10:00:14.319Z</time></trkpt><trkpt lat="42.926160" lon="-8.190694"><ele>371.218</ele><time>2025-06-07T10:00:18.319Z</time></trkpt><trkpt lat="42.926161" lon="-8.190770"><ele>371.557</ele><time>2025-06-07T10:00:23.319Z</time></trkpt><trkpt lat="42.926155" lon="-8.190834"><ele>371.743</ele><time>2025-06-07T10:00:27.318Z</time></trkpt><trkpt lat="42.926153" lon="-8.190898"><ele>371.976</ele><time>2025-06-07T10:00:31.319Z</time></trkpt><trkpt lat="42.926150" lon="-8.190961"><ele>372.276</ele><time>2025-06-07T10:00:35.319Z</time></trkpt><trkpt lat="42.926142" lon="-8.191023"><ele>372.587</ele><time>2025-06-07T10:00:39.319Z</time></trkpt><trkpt lat="42.926144" lon="-8.191094"><ele>372.726</ele><time>2025-06-07T10:00:43.319Z</time></trkpt><trkpt lat="42.926140" lon="-8.191161"><ele>373.275</ele><time>2025-06-07T10:00:47.319Z</time></trkpt><trkpt lat="42.926147" lon="-8.191223"><ele>373.547</ele><time>2025-06-07T10:00:51.318Z</time></trkpt><trkpt lat="42.926151" lon="-8.191289"><ele>374.034</ele><time>2025-06-07T10:00:55.319Z</time></trkpt><trkpt lat="42.926149" lon="-8.191360"><ele>374.555</ele><time>2025-06-07T10:01:00.319Z</time></trkpt><trkpt lat="42.926145" lon="-8.191424"><ele>374.910</ele><time>2025-06-07T10:01:04.319Z</time></trkpt><trkpt lat="42.926147" lon="-8.191487"><ele>375.109</ele><time>2025-06-07T10:01:08.319Z</time></trkpt><trkpt lat="42.926144" lon="-8.191551"><ele>375.415</ele><time>2025-06-07T10:01:12.319Z</time></trkpt><trkpt lat="42.926145" lon="-8.191623"><ele>375.764</ele><time>2025-06-07T10:01:17.318Z</time></trkpt><trkpt lat="42.926146" lon="-8.191694"><ele>376.050</ele><time>2025-06-07T10:01:22.318Z</time></trkpt><trkpt lat="42.926142" lon="-8.191766"><ele>376.393</ele><time>2025-06-07T10:01:27.319Z</time></trkpt><trkpt lat="42.926135" lon="-8.191843"><ele>376.733</ele><time>2025-06-07T10:01:32.319Z</time></trkpt><trkpt lat="42.926135" lon="-8.191905"><ele>376.954</ele><time>2025-06-07T10:01:36.319Z</time></trkpt><trkpt lat="42.926140" lon="-8.191979"><ele>377.443</ele><time>2025-06-07T10:01:41.319Z</time></trkpt><trkpt lat="42.926133" lon="-8.192056"><ele>377.982</ele><time>2025-06-07T10:01:46.319Z</time></trkpt><trkpt lat="42.926139" lon="-8.192120"><ele>378.444</ele><time>2025-06-07T10:01:50.319Z</time></trkpt><trkpt lat="42.926142" lon="-8.192183"><ele>378.863</ele><time>2025-06-07T10:01:54.319Z</time></trkpt><trkpt lat="42.926133" lon="-8.192259"><ele>379.344</ele><time>2025-06-07T10:01:59.319Z</time></trkpt><trkpt lat="42.926134" lon="-8.192327"><ele>379.818</ele><time>2025-06-07T10:02:04.319Z</time></trkpt><trkpt lat="42.926133" lon="-8.192401"><ele>380.409</ele><time>2025-06-07T10:02:09.319Z</time></trkpt><trkpt lat="42.926140" lon="-8.192473"><ele>380.928</ele><time>2025-06-07T10:02:14.320Z</time></trkpt><trkpt lat="42.926138" lon="-8.192537"><ele>381.467</ele><time>2025-06-07T10:02:18.320Z</time></trkpt><trkpt lat="42.926140" lon="-8.192606"><ele>381.863</ele><time>2025-06-07T10:02:23.320Z</time></trkpt><trkpt lat="42.926136" lon="-8.192682"><ele>382.356</ele><time>2025-06-07T10:02:28.320Z</time></trkpt><trkpt lat="42.926133" lon="-8.192745"><ele>382.866</ele><time>2025-06-07T10:02:32.320Z</time></trkpt><trkpt lat="42.926136" lon="-8.192807"><ele>383.127</ele><time>2025-06-07T10:02:36.320Z</time></trkpt><trkpt lat="42.926135" lon="-8.192882"><ele>383.456</ele><time>2025-06-07T10:02:41.320Z</time></trkpt><trkpt lat="42.926139" lon="-8.192952"><ele>383.645</ele><time>2025-06-07T10:02:46.320Z</time></trkpt><trkpt lat="42.926147" lon="-8.193021"><ele>383.967</ele><time>2025-06-07T10:02:51.320Z</time></trkpt><trkpt lat="42.926156" lon="-8.193082"><ele>384.098</ele><time>2025-06-07T10:02:55.320Z</time></trkpt><trkpt lat="42.926166" lon="-8.193143"><ele>384.015</ele><time>2025-06-07T10:02:59.320Z</time></trkpt><trkpt lat="42.926188" lon="-8.193202"><ele>384.026</ele><time>2025-06-07T10:03:04.320Z</time></trkpt><trkpt lat="42.926220" lon="-8.193261"><ele>384.009</ele><time>2025-06-07T10:03:09.320Z</time></trkpt><trkpt lat="42.926241" lon="-8.193317"><ele>384.051</ele><time>2025-06-07T10:03:13.320Z</time></trkpt><trkpt lat="42.926262" lon="-8.193372"><ele>384.120</ele><time>2025-06-07T10:03:17.320Z</time></trkpt><trkpt lat="42.926284" lon="-8.193430"><ele>384.296</ele><time>2025-06-07T10:03:22.320Z</time></trkpt><trkpt lat="42.926303" lon="-8.193497"><ele>384.469</ele><time>2025-06-07T10:03:27.320Z</time></trkpt><trkpt lat="42.926323" lon="-8.193561"><ele>384.689</ele><time>2025-06-07T10:03:32.320Z</time></trkpt><trkpt lat="42.926346" lon="-8.193626"><ele>384.820</ele><time>2025-06-07T10:03:37.320Z</time></trkpt><trkpt lat="42.926357" lon="-8.193687"><ele>384.999</ele><time>2025-06-07T10:03:41.320Z</time></trkpt><trkpt lat="42.926369" lon="-8.193748"><ele>384.918</ele><time>2025-06-07T10:03:46.320Z</time></trkpt><trkpt lat="42.926385" lon="-8.193818"><ele>385.050</ele><time>2025-06-07T10:03:51.319Z</time></trkpt><trkpt lat="42.926399" lon="-8.193887"><ele>385.017</ele><time>2025-06-07T10:03:56.320Z</time></trkpt><trkpt lat="42.926379" lon="-8.193949"><ele>385.287</ele><time>2025-06-07T10:04:01.319Z</time></trkpt><trkpt lat="42.926414" lon="-8.194004"><ele>385.415</ele><time>2025-06-07T10:04:07.320Z</time></trkpt><trkpt lat="42.926438" lon="-8.194068"><ele>385.609</ele><time>2025-06-07T10:04:12.320Z</time></trkpt><trkpt lat="42.926456" lon="-8.194143"><ele>385.983</ele><time>2025-06-07T10:04:17.320Z</time></trkpt><trkpt lat="42.926480" lon="-8.194210"><ele>385.982</ele><time>2025-06-07T10:04:22.319Z</time></trkpt><trkpt lat="42.926493" lon="-8.194281"><ele>385.928</ele><time>2025-06-07T10:04:27.320Z</time></trkpt><trkpt lat="42.926512" lon="-8.194348"><ele>385.911</ele><time>2025-06-07T10:04:32.320Z</time></trkpt><trkpt lat="42.926520" lon="-8.194419"><ele>385.951</ele><time>2025-06-07T10:04:37.320Z</time></trkpt><trkpt lat="42.926533" lon="-8.194487"><ele>386.012</ele><time>2025-06-07T10:04:42.320Z</time></trkpt><trkpt lat="42.926546" lon="-8.194555"><ele>386.141</ele><time>2025-06-07T10:04:47.320Z</time></trkpt><trkpt lat="42.926553" lon="-8.194622"><ele>386.290</ele><time>2025-06-07T10:04:51.320Z</time></trkpt><trkpt lat="42.926560" lon="-8.194686"><ele>386.222</ele><time>2025-06-07T10:04:55.320Z</time></trkpt><trkpt lat="42.926569" lon="-8.194756"><ele>386.411</ele><time>2025-06-07T10:05:00.319Z</time></trkpt><trkpt lat="42.926583" lon="-8.194828"><ele>386.821</ele><time>2025-06-07T10:05:05.320Z</time></trkpt><trkpt lat="42.926614" lon="-8.194890"><ele>387.203</ele><time>2025-06-07T10:05:10.320Z</time></trkpt><trkpt lat="42.926647" lon="-8.194937"><ele>387.609</ele><time>2025-06-07T10:05:14.320Z</time></trkpt><trkpt lat="42.926670" lon="-8.195003"><ele>388.083</ele><time>2025-06-07T10:05:19.320Z</time></trkpt><trkpt lat="42.926678" lon="-8.195078"><ele>388.492</ele><time>2025-06-07T10:05:24.320Z</time></trkpt><trkpt lat="42.926673" lon="-8.195143"><ele>388.628</ele><time>2025-06-07T10:05:28.320Z</time></trkpt><trkpt lat="42.926665" lon="-8.195219"><ele>388.811</ele><time>2025-06-07T10:05:33.320Z</time></trkpt><trkpt lat="42.926658" lon="-8.195283"><ele>389.011</ele><time>2025-06-07T10:05:37.320Z</time></trkpt><trkpt lat="42.926648" lon="-8.195348"><ele>389.132</ele><time>2025-06-07T10:05:41.320Z</time></trkpt><trkpt lat="42.926644" lon="-8.195410"><ele>389.391</ele><time>2025-06-07T10:05:45.320Z</time></trkpt><trkpt lat="42.926634" lon="-8.195472"><ele>389.470</ele><time>2025-06-07T10:05:49.319Z</time></trkpt><trkpt lat="42.926621" lon="-8.195533"><ele>389.462</ele><time>2025-06-07T10:05:53.319Z</time></trkpt><trkpt lat="42.926606" lon="-8.195592"><ele>389.527</ele><time>2025-06-07T10:05:57.320Z</time></trkpt><trkpt lat="42.926596" lon="-8.195657"><ele>389.668</ele><time>2025-06-07T10:06:01.320Z</time></trkpt><trkpt lat="42.926583" lon="-8.195723"><ele>389.714</ele><time>2025-06-07T10:06:05.320Z</time></trkpt><trkpt lat="42.926577" lon="-8.195795"><ele>389.909</ele><time>2025-06-07T10:06:10.320Z</time></trkpt><trkpt lat="42.926581" lon="-8.195857"><ele>390.234</ele><time>2025-06-07T10:06:14.320Z</time></trkpt><trkpt lat="42.926593" lon="-8.195923"><ele>390.663</ele><time>2025-06-07T10:06:18.319Z</time></trkpt><trkpt lat="42.926598" lon="-8.195989"><ele>391.059</ele><time>2025-06-07T10:06:22.320Z</time></trkpt><trkpt lat="42.926583" lon="-8.196052"><ele>391.172</ele><time>2025-06-07T10:06:26.320Z</time></trkpt><trkpt lat="42.926560" lon="-8.196107"><ele>391.232</ele><time>2025-06-07T10:06:30.320Z</time></trkpt><trkpt lat="42.926530" lon="-8.196170"><ele>391.113</ele><time>2025-06-07T10:06:36.320Z</time></trkpt><trkpt lat="42.926497" lon="-8.196215"><ele>391.072</ele><time>2025-06-07T10:06:40.320Z</time></trkpt><trkpt lat="42.926465" lon="-8.196268"><ele>391.091</ele><time>2025-06-07T10:06:44.320Z</time></trkpt><trkpt lat="42.926433" lon="-8.196317"><ele>390.963</ele><time>2025-06-07T10:06:48.320Z</time></trkpt><trkpt lat="42.926390" lon="-8.196367"><ele>390.981</ele><time>2025-06-07T10:06:53.320Z</time></trkpt><trkpt lat="42.926356" lon="-8.196408"><ele>390.761</ele><time>2025-06-07T10:06:57.320Z</time></trkpt><trkpt lat="42.926323" lon="-8.196468"><ele>390.317</ele><time>2025-06-07T10:07:02.320Z</time></trkpt><trkpt lat="42.926282" lon="-8.196515"><ele>390.009</ele><time>2025-06-07T10:07:07.320Z</time></trkpt><trkpt lat="42.926249" lon="-8.196575"><ele>389.790</ele><time>2025-06-07T10:07:12.320Z</time></trkpt><trkpt lat="42.926233" lon="-8.196638"><ele>389.519</ele><time>2025-06-07T10:07:16.319Z</time></trkpt><trkpt lat="42.926217" lon="-8.196697"><ele>389.345</ele><time>2025-06-07T10:07:38.320Z</time></trkpt><trkpt lat="42.926199" lon="-8.196759"><ele>389.168</ele><time>2025-06-07T10:07:43.320Z</time></trkpt><trkpt lat="42.926161" lon="-8.196807"><ele>389.028</ele><time>2025-06-07T10:07:47.320Z</time></trkpt><trkpt lat="42.926125" lon="-8.196867"><ele>389.089</ele><time>2025-06-07T10:07:52.320Z</time></trkpt><trkpt lat="42.926098" lon="-8.196924"><ele>389.078</ele><time>2025-06-07T10:07:56.320Z</time></trkpt><trkpt lat="42.926070" lon="-8.196983"><ele>389.197</ele><time>2025-06-07T10:08:00.320Z</time></trkpt><trkpt lat="42.926039" lon="-8.197044"><ele>389.169</ele><time>2025-06-07T10:08:04.320Z</time></trkpt><trkpt lat="42.926012" lon="-8.197103"><ele>389.251</ele><time>2025-06-07T10:08:08.320Z</time></trkpt><trkpt lat="42.925998" lon="-8.197172"><ele>389.301</ele><time>2025-06-07T10:08:12.320Z</time></trkpt><trkpt lat="42.925985" lon="-8.197243"><ele>389.211</ele><time>2025-06-07T10:08:16.320Z</time></trkpt><trkpt lat="42.925975" lon="-8.197319"><ele>388.609</ele><time>2025-06-07T10:08:20.320Z</time></trkpt><trkpt lat="42.925953" lon="-8.197387"><ele>388.377</ele><time>2025-06-07T10:08:24.321Z</time></trkpt><trkpt lat="42.925929" lon="-8.197451"><ele>388.026</ele><time>2025-06-07T10:08:28.321Z</time></trkpt><trkpt lat="42.925919" lon="-8.197514"><ele>387.612</ele><time>2025-06-07T10:08:32.321Z</time></trkpt><trkpt lat="42.925892" lon="-8.197568"><ele>387.455</ele><time>2025-06-07T10:08:36.321Z</time></trkpt><trkpt lat="42.925867" lon="-8.197627"><ele>387.115</ele><time>2025-06-07T10:08:40.320Z</time></trkpt><trkpt lat="42.925839" lon="-8.197688"><ele>386.976</ele><time>2025-06-07T10:08:45.321Z</time></trkpt><trkpt lat="42.925825" lon="-8.197755"><ele>386.315</ele><time>2025-06-07T10:08:50.321Z</time></trkpt><trkpt lat="42.925812" lon="-8.197819"><ele>385.664</ele><time>2025-06-07T10:08:54.321Z</time></trkpt><trkpt lat="42.925818" lon="-8.197882"><ele>384.916</ele><time>2025-06-07T10:08:58.321Z</time></trkpt><trkpt lat="42.925854" lon="-8.197941"><ele>384.085</ele><time>2025-06-07T10:09:02.321Z</time></trkpt><trkpt lat="42.925911" lon="-8.197958"><ele>383.389</ele><time>2025-06-07T10:09:06.321Z</time></trkpt><trkpt lat="42.925960" lon="-8.198005"><ele>382.517</ele><time>2025-06-07T10:09:10.321Z</time></trkpt><trkpt lat="42.925998" lon="-8.198054"><ele>381.809</ele><time>2025-06-07T10:09:14.321Z</time></trkpt><trkpt lat="42.926026" lon="-8.198106"><ele>381.390</ele><time>2025-06-07T10:09:18.321Z</time></trkpt><trkpt lat="42.926066" lon="-8.198152"><ele>380.639</ele><time>2025-06-07T10:09:22.321Z</time></trkpt><trkpt lat="42.926114" lon="-8.198180"><ele>380.185</ele><time>2025-06-07T10:09:27.320Z</time></trkpt><trkpt lat="42.926151" lon="-8.198225"><ele>379.238</ele><time>2025-06-07T10:09:32.321Z</time></trkpt><trkpt lat="42.926194" lon="-8.198272"><ele>378.218</ele><time>2025-06-07T10:09:37.321Z</time></trkpt><trkpt lat="42.926236" lon="-8.198317"><ele>377.389</ele><time>2025-06-07T10:09:41.321Z</time></trkpt><trkpt lat="42.926271" lon="-8.198361"><ele>376.448</ele><time>2025-06-07T10:09:45.321Z</time></trkpt><trkpt lat="42.926308" lon="-8.198398"><ele>375.587</ele><time>2025-06-07T10:09:49.321Z</time></trkpt><trkpt lat="42.926346" lon="-8.198448"><ele>374.419</ele><time>2025-06-07T10:09:54.321Z</time></trkpt><trkpt lat="42.926385" lon="-8.198498"><ele>373.352</ele><time>2025-06-07T10:09:59.320Z</time></trkpt><trkpt lat="42.926417" lon="-8.198559"><ele>372.353</ele><time>2025-06-07T10:10:04.321Z</time></trkpt><trkpt lat="42.926452" lon="-8.198606"><ele>371.408</ele><time>2025-06-07T10:10:09.321Z</time></trkpt><trkpt lat="42.926491" lon="-8.198654"><ele>370.209</ele><time>2025-06-07T10:10:14.321Z</time></trkpt><trkpt lat="42.926516" lon="-8.198707"><ele>369.217</ele><time>2025-06-07T10:10:18.321Z</time></trkpt><trkpt lat="42.926560" lon="-8.198751"><ele>368.396</ele><time>2025-06-07T10:10:23.321Z</time></trkpt><trkpt lat="42.926599" lon="-8.198805"><ele>367.332</ele><time>2025-06-07T10:10:28.320Z</time></trkpt><trkpt lat="42.926629" lon="-8.198851"><ele>366.695</ele><time>2025-06-07T10:10:32.321Z</time></trkpt><trkpt lat="42.926660" lon="-8.198897"><ele>365.985</ele><time>2025-06-07T10:10:36.321Z</time></trkpt><trkpt lat="42.926696" lon="-8.198935"><ele>365.366</ele><time>2025-06-07T10:10:40.321Z</time></trkpt><trkpt lat="42.926738" lon="-8.198976"><ele>364.935</ele><time>2025-06-07T10:10:45.321Z</time></trkpt><trkpt lat="42.926778" lon="-8.199010"><ele>364.684</ele><time>2025-06-07T10:10:50.321Z</time></trkpt><trkpt lat="42.926814" lon="-8.199057"><ele>364.146</ele><time>2025-06-07T10:10:55.321Z</time></trkpt><trkpt lat="42.926854" lon="-8.199096"><ele>364.011</ele><time>2025-06-07T10:11:00.321Z</time></trkpt><trkpt lat="42.926898" lon="-8.199132"><ele>363.921</ele><time>2025-06-07T10:11:05.321Z</time></trkpt><trkpt lat="42.926934" lon="-8.199179"><ele>363.703</ele><time>2025-06-07T10:11:09.321Z</time></trkpt><trkpt lat="42.926973" lon="-8.199235"><ele>363.209</ele><time>2025-06-07T10:11:14.320Z</time></trkpt><trkpt lat="42.927005" lon="-8.199285"><ele>362.843</ele><time>2025-06-07T10:11:18.321Z</time></trkpt><trkpt lat="42.927037" lon="-8.199329"><ele>362.552</ele><time>2025-06-07T10:11:22.321Z</time></trkpt><trkpt lat="42.927072" lon="-8.199377"><ele>362.258</ele><time>2025-06-07T10:11:27.320Z</time></trkpt><trkpt lat="42.927107" lon="-8.199428"><ele>362.061</ele><time>2025-06-07T10:11:32.321Z</time></trkpt><trkpt lat="42.927142" lon="-8.199479"><ele>361.741</ele><time>2025-06-07T10:11:37.321Z</time></trkpt><trkpt lat="42.927172" lon="-8.199527"><ele>361.352</ele><time>2025-06-07T10:11:42.321Z</time></trkpt><trkpt lat="42.927199" lon="-8.199577"><ele>360.951</ele><time>2025-06-07T10:11:46.321Z</time></trkpt><trkpt lat="42.927218" lon="-8.199638"><ele>360.270</ele><time>2025-06-07T10:11:50.321Z</time></trkpt><trkpt lat="42.927241" lon="-8.199706"><ele>359.322</ele><time>2025-06-07T10:11:55.321Z</time></trkpt><trkpt lat="42.927271" lon="-8.199752"><ele>358.752</ele><time>2025-06-07T10:12:00.321Z</time></trkpt><trkpt lat="42.927291" lon="-8.199809"><ele>357.853</ele><time>2025-06-07T10:12:04.321Z</time></trkpt><trkpt lat="42.927310" lon="-8.199869"><ele>356.808</ele><time>2025-06-07T10:12:09.321Z</time></trkpt><trkpt lat="42.927327" lon="-8.199937"><ele>355.809</ele><time>2025-06-07T10:12:14.321Z</time></trkpt><trkpt lat="42.927348" lon="-8.200002"><ele>354.947</ele><time>2025-06-07T10:12:19.321Z</time></trkpt><trkpt lat="42.927372" lon="-8.200070"><ele>354.686</ele><time>2025-06-07T10:12:24.321Z</time></trkpt><trkpt lat="42.927387" lon="-8.200134"><ele>354.252</ele><time>2025-06-07T10:12:28.321Z</time></trkpt><trkpt lat="42.927403" lon="-8.200193"><ele>353.945</ele><time>2025-06-07T10:12:32.321Z</time></trkpt><trkpt lat="42.927413" lon="-8.200255"><ele>353.595</ele><time>2025-06-07T10:12:45.321Z</time></trkpt><trkpt lat="42.927432" lon="-8.200334"><ele>353.876</ele><time>2025-06-07T10:12:50.321Z</time></trkpt><trkpt lat="42.927454" lon="-8.200391"><ele>354.195</ele><time>2025-06-07T10:12:55.321Z</time></trkpt><trkpt lat="42.927477" lon="-8.200444"><ele>354.534</ele><time>2025-06-07T10:12:59.321Z</time></trkpt><trkpt lat="42.927501" lon="-8.200506"><ele>354.836</ele><time>2025-06-07T10:13:03.321Z</time></trkpt><trkpt lat="42.927516" lon="-8.200575"><ele>355.368</ele><time>2025-06-07T10:13:08.321Z</time></trkpt><trkpt lat="42.927539" lon="-8.200633"><ele>355.942</ele><time>2025-06-07T10:13:13.320Z</time></trkpt><trkpt lat="42.927559" lon="-8.200694"><ele>356.426</ele><time>2025-06-07T10:13:17.321Z</time></trkpt><trkpt lat="42.927577" lon="-8.200755"><ele>356.909</ele><time>2025-06-07T10:13:21.321Z</time></trkpt><trkpt lat="42.927611" lon="-8.200803"><ele>357.398</ele><time>2025-06-07T10:13:25.321Z</time></trkpt><trkpt lat="42.927652" lon="-8.200839"><ele>357.657</ele><time>2025-06-07T10:13:29.321Z</time></trkpt><trkpt lat="42.927677" lon="-8.200902"><ele>358.283</ele><time>2025-06-07T10:13:34.321Z</time></trkpt><trkpt lat="42.927656" lon="-8.200962"><ele>358.726</ele><time>2025-06-07T10:13:40.321Z</time></trkpt><trkpt lat="42.927647" lon="-8.201033"><ele>359.316</ele><time>2025-06-07T10:13:46.321Z</time></trkpt><trkpt lat="42.927657" lon="-8.201094"><ele>359.947</ele><time>2025-06-07T10:13:50.320Z</time></trkpt><trkpt lat="42.927648" lon="-8.201166"><ele>360.696</ele><time>2025-06-07T10:13:55.321Z</time></trkpt><trkpt lat="42.927634" lon="-8.201230"><ele>361.355</ele><time>2025-06-07T10:14:01.321Z</time></trkpt><trkpt lat="42.927628" lon="-8.201293"><ele>362.037</ele><time>2025-06-07T10:14:07.321Z</time></trkpt><trkpt lat="42.927627" lon="-8.201362"><ele>362.737</ele><time>2025-06-07T10:14:12.321Z</time></trkpt><trkpt lat="42.927647" lon="-8.201432"><ele>363.449</ele><time>2025-06-07T10:14:17.321Z</time></trkpt><trkpt lat="42.927654" lon="-8.201493"><ele>363.913</ele><time>2025-06-07T10:14:21.321Z</time></trkpt><trkpt lat="42.927680" lon="-8.201553"><ele>364.409</ele><time>2025-06-07T10:14:26.322Z</time></trkpt><trkpt lat="42.927698" lon="-8.201615"><ele>364.965</ele><time>2025-06-07T10:14:31.322Z</time></trkpt><trkpt lat="42.927719" lon="-8.201672"><ele>365.354</ele><time>2025-06-07T10:14:37.322Z</time></trkpt><trkpt lat="42.927745" lon="-8.201739"><ele>365.950</ele><time>2025-06-07T10:14:43.322Z</time></trkpt><trkpt lat="42.927763" lon="-8.201797"><ele>366.483</ele><time>2025-06-07T10:14:48.322Z</time></trkpt><trkpt lat="42.927772" lon="-8.201865"><ele>367.163</ele><time>2025-06-07T10:14:53.322Z</time></trkpt><trkpt lat="42.927794" lon="-8.201928"><ele>367.914</ele><time>2025-06-07T10:14:58.322Z</time></trkpt><trkpt lat="42.927778" lon="-8.201993"><ele>368.573</ele><time>2025-06-07T10:15:09.322Z</time></trkpt><trkpt lat="42.927796" lon="-8.202056"><ele>369.342</ele><time>2025-06-07T10:15:14.322Z</time></trkpt><trkpt lat="42.927796" lon="-8.202123"><ele>370.084</ele><time>2025-06-07T10:15:19.322Z</time></trkpt><trkpt lat="42.927783" lon="-8.202191"><ele>370.738</ele><time>2025-06-07T10:15:24.322Z</time></trkpt><trkpt lat="42.927776" lon="-8.202255"><ele>371.470</ele><time>2025-06-07T10:15:29.322Z</time></trkpt><trkpt lat="42.927759" lon="-8.202324"><ele>372.117</ele><time>2025-06-07T10:15:35.322Z</time></trkpt><trkpt lat="42.927745" lon="-8.202386"><ele>372.809</ele><time>2025-06-07T10:15:40.322Z</time></trkpt><trkpt lat="42.927747" lon="-8.202452"><ele>373.565</ele><time>2025-06-07T10:15:46.321Z</time></trkpt><trkpt lat="42.927740" lon="-8.202519"><ele>374.134</ele><time>2025-06-07T10:15:52.322Z</time></trkpt><trkpt lat="42.927726" lon="-8.202586"><ele>374.420</ele><time>2025-06-07T10:15:58.322Z</time></trkpt><trkpt lat="42.927718" lon="-8.202647"><ele>374.673</ele><time>2025-06-07T10:16:04.322Z</time></trkpt><trkpt lat="42.927711" lon="-8.202723"><ele>375.013</ele><time>2025-06-07T10:16:10.322Z</time></trkpt><trkpt lat="42.927695" lon="-8.202789"><ele>375.424</ele><time>2025-06-07T10:16:14.322Z</time></trkpt><trkpt lat="42.927691" lon="-8.202852"><ele>376.023</ele><time>2025-06-07T10:16:18.322Z</time></trkpt><trkpt lat="42.927684" lon="-8.202915"><ele>376.762</ele><time>2025-06-07T10:16:22.322Z</time></trkpt><trkpt lat="42.927682" lon="-8.202985"><ele>377.364</ele><time>2025-06-07T10:16:27.322Z</time></trkpt><trkpt lat="42.927685" lon="-8.203061"><ele>378.189</ele><time>2025-06-07T10:16:32.322Z</time></trkpt><trkpt lat="42.927693" lon="-8.203136"><ele>378.806</ele><time>2025-06-07T10:16:37.322Z</time></trkpt><trkpt lat="42.927692" lon="-8.203210"><ele>379.526</ele><time>2025-06-07T10:16:42.321Z</time></trkpt><trkpt lat="42.927689" lon="-8.203273"><ele>380.109</ele><time>2025-06-07T10:16:47.321Z</time></trkpt><trkpt lat="42.927667" lon="-8.203340"><ele>380.640</ele><time>2025-06-07T10:16:52.322Z</time></trkpt><trkpt lat="42.927649" lon="-8.203408"><ele>380.889</ele><time>2025-06-07T10:16:57.322Z</time></trkpt><trkpt lat="42.927633" lon="-8.203473"><ele>381.075</ele><time>2025-06-07T10:17:02.322Z</time></trkpt><trkpt lat="42.927622" lon="-8.203537"><ele>381.238</ele><time>2025-06-07T10:17:07.322Z</time></trkpt><trkpt lat="42.927606" lon="-8.203607"><ele>381.418</ele><time>2025-06-07T10:17:12.322Z</time></trkpt><trkpt lat="42.927592" lon="-8.203676"><ele>381.999</ele><time>2025-06-07T10:17:17.322Z</time></trkpt><trkpt lat="42.927569" lon="-8.203730"><ele>382.238</ele><time>2025-06-07T10:17:21.322Z</time></trkpt><trkpt lat="42.927549" lon="-8.203789"><ele>382.617</ele><time>2025-06-07T10:17:25.322Z</time></trkpt><trkpt lat="42.927527" lon="-8.203850"><ele>382.919</ele><time>2025-06-07T10:17:29.321Z</time></trkpt><trkpt lat="42.927513" lon="-8.203914"><ele>383.458</ele><time>2025-06-07T10:17:33.322Z</time></trkpt><trkpt lat="42.927495" lon="-8.203986"><ele>384.052</ele><time>2025-06-07T10:17:38.322Z</time></trkpt><trkpt lat="42.927479" lon="-8.204044"><ele>384.517</ele><time>2025-06-07T10:17:42.322Z</time></trkpt><trkpt lat="42.927470" lon="-8.204115"><ele>385.209</ele><time>2025-06-07T10:17:47.322Z</time></trkpt><trkpt lat="42.927466" lon="-8.204185"><ele>385.977</ele><time>2025-06-07T10:17:52.322Z</time></trkpt><trkpt lat="42.927464" lon="-8.204252"><ele>386.436</ele><time>2025-06-07T10:17:57.322Z</time></trkpt><trkpt lat="42.927456" lon="-8.204317"><ele>386.892</ele><time>2025-06-07T10:18:02.321Z</time></trkpt><trkpt lat="42.927446" lon="-8.204388"><ele>387.275</ele><time>2025-06-07T10:18:07.322Z</time></trkpt><trkpt lat="42.927432" lon="-8.204457"><ele>387.645</ele><time>2025-06-07T10:18:12.321Z</time></trkpt><trkpt lat="42.927429" lon="-8.204529"><ele>387.926</ele><time>2025-06-07T10:18:17.321Z</time></trkpt><trkpt lat="42.927428" lon="-8.204594"><ele>388.215</ele><time>2025-06-07T10:18:22.322Z</time></trkpt><trkpt lat="42.927429" lon="-8.204664"><ele>388.584</ele><time>2025-06-07T10:18:27.322Z</time></trkpt><trkpt lat="42.927439" lon="-8.204724"><ele>388.826</ele><time>2025-06-07T10:18:31.321Z</time></trkpt><trkpt lat="42.927438" lon="-8.204799"><ele>389.186</ele><time>2025-06-07T10:18:36.322Z</time></trkpt><trkpt lat="42.927433" lon="-8.204860"><ele>389.460</ele><time>2025-06-07T10:18:40.322Z</time></trkpt><trkpt lat="42.927431" lon="-8.204929"><ele>389.726</ele><time>2025-06-07T10:18:45.322Z</time></trkpt><trkpt lat="42.927429" lon="-8.204991"><ele>390.009</ele><time>2025-06-07T10:18:49.322Z</time></trkpt><trkpt lat="42.927429" lon="-8.205062"><ele>390.630</ele><time>2025-06-07T10:18:54.322Z</time></trkpt><trkpt lat="42.927431" lon="-8.205126"><ele>391.269</ele><time>2025-06-07T10:18:58.322Z</time></trkpt><trkpt lat="42.927431" lon="-8.205200"><ele>392.025</ele><time>2025-06-07T10:19:03.322Z</time></trkpt><trkpt lat="42.927432" lon="-8.205269"><ele>392.728</ele><time>2025-06-07T10:19:08.322Z</time></trkpt><trkpt lat="42.927430" lon="-8.205338"><ele>393.088</ele><time>2025-06-07T10:19:13.322Z</time></trkpt><trkpt lat="42.927430" lon="-8.205412"><ele>393.249</ele><time>2025-06-07T10:19:18.322Z</time></trkpt><trkpt lat="42.927433" lon="-8.205477"><ele>393.598</ele><time>2025-06-07T10:19:22.322Z</time></trkpt><trkpt lat="42.927435" lon="-8.205543"><ele>393.717</ele><time>2025-06-07T10:19:27.322Z</time></trkpt><trkpt lat="42.927423" lon="-8.205609"><ele>393.729</ele><time>2025-06-07T10:19:32.322Z</time></trkpt><trkpt lat="42.927404" lon="-8.205675"><ele>393.764</ele><time>2025-06-07T10:19:37.322Z</time></trkpt><trkpt lat="42.927428" lon="-8.205727"><ele>393.706</ele><time>2025-06-07T10:20:26.322Z</time></trkpt><trkpt lat="42.927402" lon="-8.205783"><ele>393.616</ele><time>2025-06-07T10:20:31.322Z</time></trkpt><trkpt lat="42.927391" lon="-8.205850"><ele>393.509</ele><time>2025-06-07T10:20:36.321Z</time></trkpt><trkpt lat="42.927416" lon="-8.205909"><ele>393.498</ele><time>2025-06-07T10:20:42.322Z</time></trkpt><trkpt lat="42.927430" lon="-8.205982"><ele>393.267</ele><time>2025-06-07T10:20:47.323Z</time></trkpt><trkpt lat="42.927443" lon="-8.206045"><ele>393.053</ele><time>2025-06-07T10:20:52.323Z</time></trkpt><trkpt lat="42.927438" lon="-8.206116"><ele>392.866</ele><time>2025-06-07T10:20:57.323Z</time></trkpt><trkpt lat="42.927458" lon="-8.206176"><ele>393.096</ele><time>2025-06-07T10:21:01.322Z</time></trkpt><trkpt lat="42.927478" lon="-8.206248"><ele>393.437</ele><time>2025-06-07T10:21:05.323Z</time></trkpt><trkpt lat="42.927492" lon="-8.206317"><ele>393.726</ele><time>2025-06-07T10:21:10.322Z</time></trkpt><trkpt lat="42.927489" lon="-8.206389"><ele>393.975</ele><time>2025-06-07T10:21:15.323Z</time></trkpt><trkpt lat="42.927495" lon="-8.206465"><ele>394.067</ele><time>2025-06-07T10:21:20.323Z</time></trkpt><trkpt lat="42.927500" lon="-8.206535"><ele>394.043</ele><time>2025-06-07T10:21:24.323Z</time></trkpt><trkpt lat="42.927504" lon="-8.206611"><ele>394.064</ele><time>2025-06-07T10:21:29.323Z</time></trkpt><trkpt lat="42.927513" lon="-8.206679"><ele>394.010</ele><time>2025-06-07T10:21:33.323Z</time></trkpt><trkpt lat="42.927518" lon="-8.206750"><ele>394.309</ele><time>2025-06-07T10:21:37.323Z</time></trkpt><trkpt lat="42.927524" lon="-8.206819"><ele>394.516</ele><time>2025-06-07T10:21:41.323Z</time></trkpt><trkpt lat="42.927537" lon="-8.206881"><ele>394.815</ele><time>2025-06-07T10:21:45.323Z</time></trkpt><trkpt lat="42.927557" lon="-8.206947"><ele>395.061</ele><time>2025-06-07T10:21:50.323Z</time></trkpt><trkpt lat="42.927561" lon="-8.207009"><ele>395.364</ele><time>2025-06-07T10:21:54.323Z</time></trkpt><trkpt lat="42.927571" lon="-8.207071"><ele>395.634</ele><time>2025-06-07T10:21:58.323Z</time></trkpt><trkpt lat="42.927571" lon="-8.207143"><ele>395.925</ele><time>2025-06-07T10:22:03.323Z</time></trkpt><trkpt lat="42.927565" lon="-8.207211"><ele>396.244</ele><time>2025-06-07T10:22:08.323Z</time></trkpt><trkpt lat="42.927555" lon="-8.207273"><ele>396.643</ele><time>2025-06-07T10:22:13.323Z</time></trkpt><trkpt lat="42.927562" lon="-8.207345"><ele>397.145</ele><time>2025-06-07T10:22:18.323Z</time></trkpt><trkpt lat="42.927576" lon="-8.207417"><ele>397.757</ele><time>2025-06-07T10:22:23.323Z</time></trkpt><trkpt lat="42.927579" lon="-8.207489"><ele>398.200</ele><time>2025-06-07T10:22:28.322Z</time></trkpt><trkpt lat="42.927584" lon="-8.207558"><ele>398.220</ele><time>2025-06-07T10:22:33.323Z</time></trkpt><trkpt lat="42.927586" lon="-8.207630"><ele>398.209</ele><time>2025-06-07T10:22:38.323Z</time></trkpt><trkpt lat="42.927586" lon="-8.207695"><ele>398.187</ele><time>2025-06-07T10:22:42.323Z</time></trkpt><trkpt lat="42.927573" lon="-8.207768"><ele>398.086</ele><time>2025-06-07T10:22:47.323Z</time></trkpt><trkpt lat="42.927548" lon="-8.207827"><ele>397.892</ele><time>2025-06-07T10:22:52.323Z</time></trkpt><trkpt lat="42.927557" lon="-8.207892"><ele>397.565</ele><time>2025-06-07T10:22:56.322Z</time></trkpt><trkpt lat="42.927593" lon="-8.207932"><ele>397.385</ele><time>2025-06-07T10:23:00.322Z</time></trkpt><trkpt lat="42.927620" lon="-8.207999"><ele>396.936</ele><time>2025-06-07T10:23:06.322Z</time></trkpt><trkpt lat="42.927629" lon="-8.208065"><ele>396.565</ele><time>2025-06-07T10:23:10.323Z</time></trkpt><trkpt lat="42.927657" lon="-8.208117"><ele>396.274</ele><time>2025-06-07T10:23:15.322Z</time></trkpt><trkpt lat="42.927685" lon="-8.208179"><ele>396.076</ele><time>2025-06-07T10:23:20.323Z</time></trkpt><trkpt lat="42.927711" lon="-8.208235"><ele>395.947</ele><time>2025-06-07T10:23:24.323Z</time></trkpt><trkpt lat="42.927743" lon="-8.208293"><ele>395.929</ele><time>2025-06-07T10:23:28.322Z</time></trkpt><trkpt lat="42.927771" lon="-8.208344"><ele>396.121</ele><time>2025-06-07T10:23:32.322Z</time></trkpt><trkpt lat="42.927800" lon="-8.208401"><ele>396.609</ele><time>2025-06-07T10:23:36.323Z</time></trkpt><trkpt lat="42.927822" lon="-8.208462"><ele>397.186</ele><time>2025-06-07T10:23:40.323Z</time></trkpt><trkpt lat="42.927843" lon="-8.208516"><ele>397.685</ele><time>2025-06-07T10:23:43.323Z</time></trkpt><trkpt lat="42.927872" lon="-8.208577"><ele>398.171</ele><time>2025-06-07T10:23:47.323Z</time></trkpt><trkpt lat="42.927899" lon="-8.208644"><ele>398.664</ele><time>2025-06-07T10:23:52.323Z</time></trkpt><trkpt lat="42.927927" lon="-8.208693"><ele>399.014</ele><time>2025-06-07T10:23:56.323Z</time></trkpt><trkpt lat="42.927950" lon="-8.208749"><ele>399.435</ele><time>2025-06-07T10:24:00.323Z</time></trkpt><trkpt lat="42.927972" lon="-8.208804"><ele>399.994</ele><time>2025-06-07T10:24:04.323Z</time></trkpt><trkpt lat="42.927997" lon="-8.208859"><ele>400.423</ele><time>2025-06-07T10:24:08.323Z</time></trkpt><trkpt lat="42.928028" lon="-8.208917"><ele>401.025</ele><time>2025-06-07T10:24:13.322Z</time></trkpt><trkpt lat="42.928054" lon="-8.208971"><ele>401.645</ele><time>2025-06-07T10:24:17.323Z</time></trkpt><trkpt lat="42.928079" lon="-8.209029"><ele>402.047</ele><time>2025-06-07T10:24:21.322Z</time></trkpt><trkpt lat="42.928110" lon="-8.209090"><ele>402.311</ele><time>2025-06-07T10:24:26.323Z</time></trkpt><trkpt lat="42.928138" lon="-8.209152"><ele>402.609</ele><time>2025-06-07T10:24:30.323Z</time></trkpt><trkpt lat="42.928164" lon="-8.209213"><ele>402.586</ele><time>2025-06-07T10:24:34.323Z</time></trkpt><trkpt lat="42.928191" lon="-8.209269"><ele>402.335</ele><time>2025-06-07T10:24:38.323Z</time></trkpt><trkpt lat="42.928215" lon="-8.209326"><ele>402.281</ele><time>2025-06-07T10:24:42.323Z</time></trkpt><trkpt lat="42.928235" lon="-8.209387"><ele>402.134</ele><time>2025-06-07T10:24:46.323Z</time></trkpt><trkpt lat="42.928258" lon="-8.209456"><ele>402.044</ele><time>2025-06-07T10:24:50.323Z</time></trkpt><trkpt lat="42.928277" lon="-8.209518"><ele>402.075</ele><time>2025-06-07T10:24:54.323Z</time></trkpt><trkpt lat="42.928297" lon="-8.209578"><ele>402.094</ele><time>2025-06-07T10:24:58.323Z</time></trkpt><trkpt lat="42.928312" lon="-8.209640"><ele>402.093</ele><time>2025-06-07T10:25:02.323Z</time></trkpt><trkpt lat="42.928332" lon="-8.209706"><ele>402.075</ele><time>2025-06-07T10:25:06.323Z</time></trkpt><trkpt lat="42.928349" lon="-8.209772"><ele>402.274</ele><time>2025-06-07T10:25:10.322Z</time></trkpt><trkpt lat="42.928372" lon="-8.209825"><ele>402.356</ele><time>2025-06-07T10:25:14.323Z</time></trkpt><trkpt lat="42.928397" lon="-8.209885"><ele>402.521</ele><time>2025-06-07T10:25:18.323Z</time></trkpt><trkpt lat="42.928419" lon="-8.209941"><ele>402.509</ele><time>2025-06-07T10:25:22.323Z</time></trkpt><trkpt lat="42.928446" lon="-8.209998"><ele>402.639</ele><time>2025-06-07T10:25:26.323Z</time></trkpt><trkpt lat="42.928474" lon="-8.210056"><ele>402.688</ele><time>2025-06-07T10:25:30.322Z</time></trkpt><trkpt lat="42.928488" lon="-8.210124"><ele>402.734</ele><time>2025-06-07T10:25:34.322Z</time></trkpt><trkpt lat="42.928502" lon="-8.210186"><ele>402.837</ele><time>2025-06-07T10:25:38.323Z</time></trkpt><trkpt lat="42.928515" lon="-8.210246"><ele>402.967</ele><time>2025-06-07T10:25:42.323Z</time></trkpt><trkpt lat="42.928531" lon="-8.210318"><ele>403.028</ele><time>2025-06-07T10:25:47.323Z</time></trkpt><trkpt lat="42.928544" lon="-8.210390"><ele>402.927</ele><time>2025-06-07T10:25:52.323Z</time></trkpt><trkpt lat="42.928564" lon="-8.210451"><ele>402.916</ele><time>2025-06-07T10:25:56.323Z</time></trkpt><trkpt lat="42.928570" lon="-8.210526"><ele>402.948</ele><time>2025-06-07T10:26:00.323Z</time></trkpt><trkpt lat="42.928589" lon="-8.210586"><ele>402.864</ele><time>2025-06-07T10:26:04.323Z</time></trkpt><trkpt lat="42.928606" lon="-8.210649"><ele>402.606</ele><time>2025-06-07T10:26:08.323Z</time></trkpt><trkpt lat="42.928620" lon="-8.210724"><ele>402.416</ele><time>2025-06-07T10:26:13.323Z</time></trkpt><trkpt lat="42.928630" lon="-8.210798"><ele>402.209</ele><time>2025-06-07T10:26:18.323Z</time></trkpt><trkpt lat="42.928644" lon="-8.210858"><ele>402.168</ele><time>2025-06-07T10:26:22.322Z</time></trkpt><trkpt lat="42.928648" lon="-8.210920"><ele>402.127</ele><time>2025-06-07T10:26:26.323Z</time></trkpt><trkpt lat="42.928651" lon="-8.210987"><ele>402.183</ele><time>2025-06-07T10:26:30.323Z</time></trkpt><trkpt lat="42.928660" lon="-8.211050"><ele>402.066</ele><time>2025-06-07T10:26:34.323Z</time></trkpt><trkpt lat="42.928668" lon="-8.211125"><ele>402.096</ele><time>2025-06-07T10:26:39.323Z</time></trkpt><trkpt lat="42.928666" lon="-8.211201"><ele>401.867</ele><time>2025-06-07T10:26:44.323Z</time></trkpt><trkpt lat="42.928669" lon="-8.211264"><ele>401.726</ele><time>2025-06-07T10:26:48.323Z</time></trkpt><trkpt lat="42.928673" lon="-8.211330"><ele>401.675</ele><time>2025-06-07T10:26:52.323Z</time></trkpt><trkpt lat="42.928675" lon="-8.211392"><ele>401.597</ele><time>2025-06-07T10:26:56.323Z</time></trkpt><trkpt lat="42.928669" lon="-8.211467"><ele>401.444</ele><time>2025-06-07T10:27:01.323Z</time></trkpt><trkpt lat="42.928665" lon="-8.211532"><ele>401.405</ele><time>2025-06-07T10:27:05.323Z</time></trkpt><trkpt lat="42.928667" lon="-8.211607"><ele>401.415</ele><time>2025-06-07T10:27:10.324Z</time></trkpt><trkpt lat="42.928672" lon="-8.211670"><ele>401.409</ele><time>2025-06-07T10:27:14.324Z</time></trkpt><trkpt lat="42.928672" lon="-8.211733"><ele>401.226</ele><time>2025-06-07T10:27:18.324Z</time></trkpt><trkpt lat="42.928681" lon="-8.211795"><ele>401.095</ele><time>2025-06-07T10:27:22.324Z</time></trkpt><trkpt lat="42.928686" lon="-8.211857"><ele>400.911</ele><time>2025-06-07T10:27:26.324Z</time></trkpt><trkpt lat="42.928690" lon="-8.211922"><ele>400.674</ele><time>2025-06-07T10:27:30.324Z</time></trkpt><trkpt lat="42.928702" lon="-8.211982"><ele>400.634</ele><time>2025-06-07T10:27:34.324Z</time></trkpt><trkpt lat="42.928724" lon="-8.212037"><ele>400.685</ele><time>2025-06-07T10:27:38.323Z</time></trkpt><trkpt lat="42.928749" lon="-8.212093"><ele>400.754</ele><time>2025-06-07T10:27:42.324Z</time></trkpt><trkpt lat="42.928763" lon="-8.212158"><ele>400.763</ele><time>2025-06-07T10:27:46.324Z</time></trkpt><trkpt lat="42.928744" lon="-8.212227"><ele>400.455</ele><time>2025-06-07T10:27:49.324Z</time></trkpt><trkpt lat="42.928740" lon="-8.212299"><ele>400.262</ele><time>2025-06-07T10:27:53.324Z</time></trkpt><trkpt lat="42.928743" lon="-8.212369"><ele>400.183</ele><time>2025-06-07T10:27:57.324Z</time></trkpt><trkpt lat="42.928742" lon="-8.212439"><ele>400.011</ele><time>2025-06-07T10:28:01.324Z</time></trkpt><trkpt lat="42.928749" lon="-8.212508"><ele>400.009</ele><time>2025-06-07T10:28:05.324Z</time></trkpt><trkpt lat="42.928770" lon="-8.212581"><ele>400.678</ele><time>2025-06-07T10:28:10.323Z</time></trkpt><trkpt lat="42.928779" lon="-8.212647"><ele>400.937</ele><time>2025-06-07T10:28:14.324Z</time></trkpt><trkpt lat="42.928782" lon="-8.212716"><ele>401.293</ele><time>2025-06-07T10:28:18.324Z</time></trkpt><trkpt lat="42.928787" lon="-8.212788"><ele>401.576</ele><time>2025-06-07T10:28:23.324Z</time></trkpt><trkpt lat="42.928771" lon="-8.212853"><ele>401.096</ele><time>2025-06-07T10:28:28.324Z</time></trkpt><trkpt lat="42.928750" lon="-8.212913"><ele>400.557</ele><time>2025-06-07T10:28:33.324Z</time></trkpt><trkpt lat="42.928738" lon="-8.212985"><ele>400.196</ele><time>2025-06-07T10:28:38.323Z</time></trkpt><trkpt lat="42.928744" lon="-8.213060"><ele>399.915</ele><time>2025-06-07T10:28:43.324Z</time></trkpt><trkpt lat="42.928736" lon="-8.213132"><ele>399.577</ele><time>2025-06-07T10:28:48.324Z</time></trkpt><trkpt lat="42.928749" lon="-8.213202"><ele>399.548</ele><time>2025-06-07T10:28:52.324Z</time></trkpt><trkpt lat="42.928732" lon="-8.213261"><ele>399.061</ele><time>2025-06-07T10:28:56.324Z</time></trkpt><trkpt lat="42.928740" lon="-8.213323"><ele>398.917</ele><time>2025-06-07T10:29:00.324Z</time></trkpt><trkpt lat="42.928764" lon="-8.213379"><ele>399.109</ele><time>2025-06-07T10:29:04.324Z</time></trkpt><trkpt lat="42.928783" lon="-8.213443"><ele>399.246</ele><time>2025-06-07T10:29:09.324Z</time></trkpt><trkpt lat="42.928796" lon="-8.213516"><ele>399.255</ele><time>2025-06-07T10:29:14.324Z</time></trkpt><trkpt lat="42.928809" lon="-8.213585"><ele>399.281</ele><time>2025-06-07T10:29:18.324Z</time></trkpt><trkpt lat="42.928827" lon="-8.213651"><ele>399.274</ele><time>2025-06-07T10:29:23.324Z</time></trkpt><trkpt lat="42.928830" lon="-8.213717"><ele>399.074</ele><time>2025-06-07T10:29:27.324Z</time></trkpt><trkpt lat="42.928828" lon="-8.213788"><ele>398.765</ele><time>2025-06-07T10:29:31.324Z</time></trkpt><trkpt lat="42.928821" lon="-8.213852"><ele>398.494</ele><time>2025-06-07T10:29:35.324Z</time></trkpt><trkpt lat="42.928808" lon="-8.213927"><ele>398.173</ele><time>2025-06-07T10:29:39.324Z</time></trkpt><trkpt lat="42.928797" lon="-8.213987"><ele>397.965</ele><time>2025-06-07T10:29:43.324Z</time></trkpt><trkpt lat="42.928778" lon="-8.214046"><ele>397.786</ele><time>2025-06-07T10:29:47.324Z</time></trkpt><trkpt lat="42.928768" lon="-8.214117"><ele>397.660</ele><time>2025-06-07T10:29:51.323Z</time></trkpt><trkpt lat="42.928749" lon="-8.214186"><ele>397.526</ele><time>2025-06-07T10:29:55.324Z</time></trkpt><trkpt lat="42.928718" lon="-8.214238"><ele>397.509</ele><time>2025-06-07T10:29:59.324Z</time></trkpt><trkpt lat="42.928693" lon="-8.214300"><ele>397.450</ele><time>2025-06-07T10:30:03.324Z</time></trkpt><trkpt lat="42.928665" lon="-8.214362"><ele>397.359</ele><time>2025-06-07T10:30:07.324Z</time></trkpt><trkpt lat="42.928635" lon="-8.214434"><ele>397.265</ele><time>2025-06-07T10:30:11.324Z</time></trkpt><trkpt lat="42.928604" lon="-8.214499"><ele>397.218</ele><time>2025-06-07T10:30:15.324Z</time></trkpt><trkpt lat="42.928564" lon="-8.214543"><ele>397.288</ele><time>2025-06-07T10:30:19.324Z</time></trkpt><trkpt lat="42.928530" lon="-8.214587"><ele>397.459</ele><time>2025-06-07T10:30:23.324Z</time></trkpt><trkpt lat="42.928497" lon="-8.214638"><ele>397.638</ele><time>2025-06-07T10:30:27.324Z</time></trkpt><trkpt lat="42.928466" lon="-8.214687"><ele>397.887</ele><time>2025-06-07T10:30:31.323Z</time></trkpt><trkpt lat="42.928441" lon="-8.214742"><ele>398.289</ele><time>2025-06-07T10:30:35.324Z</time></trkpt><trkpt lat="42.928413" lon="-8.214798"><ele>398.842</ele><time>2025-06-07T10:30:39.324Z</time></trkpt><trkpt lat="42.928397" lon="-8.214868"><ele>399.622</ele><time>2025-06-07T10:30:43.324Z</time></trkpt><trkpt lat="42.928368" lon="-8.214927"><ele>400.214</ele><time>2025-06-07T10:30:47.323Z</time></trkpt><trkpt lat="42.928332" lon="-8.214991"><ele>400.909</ele><time>2025-06-07T10:30:51.324Z</time></trkpt><trkpt lat="42.928311" lon="-8.215048"><ele>401.486</ele><time>2025-06-07T10:30:55.324Z</time></trkpt><trkpt lat="42.928305" lon="-8.215121"><ele>402.295</ele><time>2025-06-07T10:30:59.323Z</time></trkpt><trkpt lat="42.928279" lon="-8.215192"><ele>402.971</ele><time>2025-06-07T10:31:03.324Z</time></trkpt><trkpt lat="42.928253" lon="-8.215257"><ele>403.554</ele><time>2025-06-07T10:31:07.324Z</time></trkpt><trkpt lat="42.928236" lon="-8.215329"><ele>404.364</ele><time>2025-06-07T10:31:11.324Z</time></trkpt><trkpt lat="42.928204" lon="-8.215397"><ele>405.025</ele><time>2025-06-07T10:31:15.323Z</time></trkpt><trkpt lat="42.928180" lon="-8.215462"><ele>405.874</ele><time>2025-06-07T10:31:19.324Z</time></trkpt><trkpt lat="42.928157" lon="-8.215520"><ele>406.593</ele><time>2025-06-07T10:31:23.323Z</time></trkpt><trkpt lat="42.928131" lon="-8.215575"><ele>407.025</ele><time>2025-06-07T10:31:27.324Z</time></trkpt><trkpt lat="42.928099" lon="-8.215632"><ele>406.876</ele><time>2025-06-07T10:31:31.324Z</time></trkpt><trkpt lat="42.928062" lon="-8.215690"><ele>406.590</ele><time>2025-06-07T10:31:35.323Z</time></trkpt><trkpt lat="42.928030" lon="-8.215742"><ele>406.219</ele><time>2025-06-07T10:31:39.324Z</time></trkpt><trkpt lat="42.927992" lon="-8.215779"><ele>406.109</ele><time>2025-06-07T10:31:43.324Z</time></trkpt><trkpt lat="42.927960" lon="-8.215826"><ele>406.039</ele><time>2025-06-07T10:31:47.324Z</time></trkpt><trkpt lat="42.927922" lon="-8.215889"><ele>405.948</ele><time>2025-06-07T10:31:52.324Z</time></trkpt><trkpt lat="42.927901" lon="-8.215944"><ele>405.874</ele><time>2025-06-07T10:31:56.324Z</time></trkpt><trkpt lat="42.927877" lon="-8.215998"><ele>405.897</ele><time>2025-06-07T10:32:00.324Z</time></trkpt><trkpt lat="42.927851" lon="-8.216058"><ele>405.837</ele><time>2025-06-07T10:32:04.324Z</time></trkpt><trkpt lat="42.927818" lon="-8.216121"><ele>405.918</ele><time>2025-06-07T10:32:08.324Z</time></trkpt><trkpt lat="42.927786" lon="-8.216188"><ele>406.017</ele><time>2025-06-07T10:32:12.324Z</time></trkpt><trkpt lat="42.927761" lon="-8.216259"><ele>405.976</ele><time>2025-06-07T10:32:16.323Z</time></trkpt><trkpt lat="42.927746" lon="-8.216329"><ele>405.728</ele><time>2025-06-07T10:32:20.323Z</time></trkpt><trkpt lat="42.927719" lon="-8.216395"><ele>405.672</ele><time>2025-06-07T10:32:24.323Z</time></trkpt><trkpt lat="42.927690" lon="-8.216457"><ele>405.313</ele><time>2025-06-07T10:32:28.323Z</time></trkpt><trkpt lat="42.927668" lon="-8.216521"><ele>405.114</ele><time>2025-06-07T10:32:32.324Z</time></trkpt><trkpt lat="42.927644" lon="-8.216584"><ele>405.009</ele><time>2025-06-07T10:32:36.324Z</time></trkpt><trkpt lat="42.927616" lon="-8.216643"><ele>405.059</ele><time>2025-06-07T10:32:40.324Z</time></trkpt><trkpt lat="42.927597" lon="-8.216707"><ele>404.968</ele><time>2025-06-07T10:32:44.324Z</time></trkpt><trkpt lat="42.927574" lon="-8.216764"><ele>404.714</ele><time>2025-06-07T10:32:48.324Z</time></trkpt><trkpt lat="42.927555" lon="-8.216824"><ele>404.417</ele><time>2025-06-07T10:32:52.324Z</time></trkpt><trkpt lat="42.927533" lon="-8.216883"><ele>404.257</ele><time>2025-06-07T10:32:56.324Z</time></trkpt><trkpt lat="42.927506" lon="-8.216941"><ele>404.088</ele><time>2025-06-07T10:33:00.324Z</time></trkpt><trkpt lat="42.927487" lon="-8.217013"><ele>403.467</ele><time>2025-06-07T10:33:05.324Z</time></trkpt><trkpt lat="42.927467" lon="-8.217074"><ele>402.936</ele><time>2025-06-07T10:33:09.325Z</time></trkpt><trkpt lat="42.927444" lon="-8.217134"><ele>402.478</ele><time>2025-06-07T10:33:13.325Z</time></trkpt><trkpt lat="42.927415" lon="-8.217186"><ele>401.989</ele><time>2025-06-07T10:33:17.325Z</time></trkpt><trkpt lat="42.927386" lon="-8.217248"><ele>401.406</ele><time>2025-06-07T10:33:21.325Z</time></trkpt><trkpt lat="42.927364" lon="-8.217307"><ele>400.926</ele><time>2025-06-07T10:33:25.325Z</time></trkpt><trkpt lat="42.927339" lon="-8.217363"><ele>400.409</ele><time>2025-06-07T10:33:29.325Z</time></trkpt><trkpt lat="42.927319" lon="-8.217424"><ele>399.940</ele><time>2025-06-07T10:33:33.325Z</time></trkpt><trkpt lat="42.927292" lon="-8.217481"><ele>399.449</ele><time>2025-06-07T10:33:37.324Z</time></trkpt><trkpt lat="42.927269" lon="-8.217540"><ele>399.095</ele><time>2025-06-07T10:33:41.325Z</time></trkpt><trkpt lat="42.927248" lon="-8.217603"><ele>398.748</ele><time>2025-06-07T10:33:45.324Z</time></trkpt><trkpt lat="42.927233" lon="-8.217665"><ele>398.418</ele><time>2025-06-07T10:33:49.325Z</time></trkpt><trkpt lat="42.927225" lon="-8.217738"><ele>398.219</ele><time>2025-06-07T10:33:53.325Z</time></trkpt><trkpt lat="42.927200" lon="-8.217794"><ele>397.558</ele><time>2025-06-07T10:33:57.325Z</time></trkpt><trkpt lat="42.927179" lon="-8.217854"><ele>396.537</ele><time>2025-06-07T10:34:01.325Z</time></trkpt><trkpt lat="42.927150" lon="-8.217903"><ele>395.589</ele><time>2025-06-07T10:34:05.325Z</time></trkpt><trkpt lat="42.927123" lon="-8.217956"><ele>394.611</ele><time>2025-06-07T10:34:09.324Z</time></trkpt><trkpt lat="42.927082" lon="-8.217997"><ele>393.721</ele><time>2025-06-07T10:34:13.324Z</time></trkpt><trkpt lat="42.927035" lon="-8.218024"><ele>393.003</ele><time>2025-06-07T10:34:17.325Z</time></trkpt><trkpt lat="42.926987" lon="-8.218049"><ele>392.409</ele><time>2025-06-07T10:34:21.325Z</time></trkpt><trkpt lat="42.926973" lon="-8.218118"><ele>391.343</ele><time>2025-06-07T10:34:25.325Z</time></trkpt><trkpt lat="42.926984" lon="-8.218186"><ele>390.482</ele><time>2025-06-07T10:34:30.325Z</time></trkpt><trkpt lat="42.926947" lon="-8.218223"><ele>389.658</ele><time>2025-06-07T10:34:34.325Z</time></trkpt><trkpt lat="42.926913" lon="-8.218274"><ele>388.861</ele><time>2025-06-07T10:34:39.325Z</time></trkpt><trkpt lat="42.926899" lon="-8.218346"><ele>387.981</ele><time>2025-06-07T10:34:44.325Z</time></trkpt><trkpt lat="42.926885" lon="-8.218406"><ele>387.242</ele><time>2025-06-07T10:34:48.325Z</time></trkpt><trkpt lat="42.926869" lon="-8.218466"><ele>386.621</ele><time>2025-06-07T10:34:52.324Z</time></trkpt><trkpt lat="42.926855" lon="-8.218535"><ele>385.880</ele><time>2025-06-07T10:34:57.325Z</time></trkpt><trkpt lat="42.926844" lon="-8.218595"><ele>385.212</ele><time>2025-06-07T10:35:01.325Z</time></trkpt><trkpt lat="42.926836" lon="-8.218657"><ele>384.817</ele><time>2025-06-07T10:35:05.325Z</time></trkpt><trkpt lat="42.926830" lon="-8.218720"><ele>384.687</ele><time>2025-06-07T10:35:09.324Z</time></trkpt><trkpt lat="42.926814" lon="-8.218782"><ele>384.415</ele><time>2025-06-07T10:35:13.325Z</time></trkpt><trkpt lat="42.926789" lon="-8.218843"><ele>384.209</ele><time>2025-06-07T10:35:17.324Z</time></trkpt><trkpt lat="42.926766" lon="-8.218900"><ele>384.023</ele><time>2025-06-07T10:35:21.325Z</time></trkpt><trkpt lat="42.926751" lon="-8.218960"><ele>383.922</ele><time>2025-06-07T10:35:25.325Z</time></trkpt><trkpt lat="42.926724" lon="-8.219020"><ele>383.968</ele><time>2025-06-07T10:35:29.325Z</time></trkpt><trkpt lat="42.926702" lon="-8.219089"><ele>383.921</ele><time>2025-06-07T10:35:33.324Z</time></trkpt><trkpt lat="42.926676" lon="-8.219147"><ele>384.021</ele><time>2025-06-07T10:35:37.325Z</time></trkpt><trkpt lat="42.926659" lon="-8.219215"><ele>384.042</ele><time>2025-06-07T10:35:41.325Z</time></trkpt><trkpt lat="42.926654" lon="-8.219289"><ele>383.991</ele><time>2025-06-07T10:35:45.325Z</time></trkpt><trkpt lat="42.926656" lon="-8.219360"><ele>384.050</ele><time>2025-06-07T10:35:49.325Z</time></trkpt><trkpt lat="42.926643" lon="-8.219435"><ele>383.982</ele><time>2025-06-07T10:35:54.325Z</time></trkpt><trkpt lat="42.926623" lon="-8.219499"><ele>383.825</ele><time>2025-06-07T10:35:58.325Z</time></trkpt><trkpt lat="42.926609" lon="-8.219560"><ele>383.826</ele><time>2025-06-07T10:36:02.325Z</time></trkpt><trkpt lat="42.926591" lon="-8.219617"><ele>383.708</ele><time>2025-06-07T10:36:06.325Z</time></trkpt><trkpt lat="42.926571" lon="-8.219673"><ele>383.709</ele><time>2025-06-07T10:36:10.325Z</time></trkpt><trkpt lat="42.926553" lon="-8.219729"><ele>383.644</ele><time>2025-06-07T10:36:14.325Z</time></trkpt><trkpt lat="42.926540" lon="-8.219791"><ele>383.713</ele><time>2025-06-07T10:36:18.325Z</time></trkpt><trkpt lat="42.926522" lon="-8.219865"><ele>383.779</ele><time>2025-06-07T10:36:23.325Z</time></trkpt><trkpt lat="42.926494" lon="-8.219926"><ele>383.782</ele><time>2025-06-07T10:36:27.325Z</time></trkpt><trkpt lat="42.926476" lon="-8.219991"><ele>383.642</ele><time>2025-06-07T10:36:31.325Z</time></trkpt><trkpt lat="42.926469" lon="-8.220059"><ele>383.763</ele><time>2025-06-07T10:36:35.325Z</time></trkpt><trkpt lat="42.926460" lon="-8.220125"><ele>383.852</ele><time>2025-06-07T10:36:39.325Z</time></trkpt><trkpt lat="42.926447" lon="-8.220194"><ele>384.081</ele><time>2025-06-07T10:36:43.325Z</time></trkpt><trkpt lat="42.926429" lon="-8.220258"><ele>384.173</ele><time>2025-06-07T10:36:47.324Z</time></trkpt><trkpt lat="42.926403" lon="-8.220329"><ele>384.124</ele><time>2025-06-07T10:36:52.325Z</time></trkpt><trkpt lat="42.926393" lon="-8.220390"><ele>384.004</ele><time>2025-06-07T10:36:56.325Z</time></trkpt><trkpt lat="42.926374" lon="-8.220448"><ele>383.914</ele><time>2025-06-07T10:37:00.325Z</time></trkpt><trkpt lat="42.926349" lon="-8.220514"><ele>383.709</ele><time>2025-06-07T10:37:05.325Z</time></trkpt><trkpt lat="42.926334" lon="-8.220573"><ele>383.744</ele><time>2025-06-07T10:37:09.325Z</time></trkpt><trkpt lat="42.926320" lon="-8.220635"><ele>383.893</ele><time>2025-06-07T10:37:13.325Z</time></trkpt><trkpt lat="42.926298" lon="-8.220694"><ele>383.819</ele><time>2025-06-07T10:37:17.325Z</time></trkpt><trkpt lat="42.926274" lon="-8.220748"><ele>383.982</ele><time>2025-06-07T10:37:21.324Z</time></trkpt><trkpt lat="42.926259" lon="-8.220821"><ele>384.052</ele><time>2025-06-07T10:37:26.325Z</time></trkpt><trkpt lat="42.926250" lon="-8.220894"><ele>384.143</ele><time>2025-06-07T10:37:31.325Z</time></trkpt><trkpt lat="42.926231" lon="-8.220952"><ele>384.152</ele><time>2025-06-07T10:37:35.325Z</time></trkpt><trkpt lat="42.926204" lon="-8.221018"><ele>384.171</ele><time>2025-06-07T10:37:40.324Z</time></trkpt><trkpt lat="42.926181" lon="-8.221071"><ele>384.163</ele><time>2025-06-07T10:37:44.325Z</time></trkpt><trkpt lat="42.926161" lon="-8.221143"><ele>384.389</ele><time>2025-06-07T10:37:49.325Z</time></trkpt><trkpt lat="42.926143" lon="-8.221208"><ele>384.506</ele><time>2025-06-07T10:37:53.325Z</time></trkpt><trkpt lat="42.926118" lon="-8.221265"><ele>384.626</ele><time>2025-06-07T10:37:57.325Z</time></trkpt><trkpt lat="42.926101" lon="-8.221324"><ele>384.709</ele><time>2025-06-07T10:38:01.325Z</time></trkpt><trkpt lat="42.926077" lon="-8.221377"><ele>384.770</ele><time>2025-06-07T10:38:05.325Z</time></trkpt><trkpt lat="42.926063" lon="-8.221449"><ele>384.959</ele><time>2025-06-07T10:38:10.325Z</time></trkpt><trkpt lat="42.926055" lon="-8.221517"><ele>385.165</ele><time>2025-06-07T10:38:14.325Z</time></trkpt><trkpt lat="42.926030" lon="-8.221580"><ele>385.168</ele><time>2025-06-07T10:38:19.325Z</time></trkpt><trkpt lat="42.926009" lon="-8.221652"><ele>385.218</ele><time>2025-06-07T10:38:24.325Z</time></trkpt><trkpt lat="42.925994" lon="-8.221718"><ele>385.259</ele><time>2025-06-07T10:38:29.324Z</time></trkpt><trkpt lat="42.925977" lon="-8.221775"><ele>385.058</ele><time>2025-06-07T10:38:33.324Z</time></trkpt><trkpt lat="42.925955" lon="-8.221831"><ele>384.947</ele><time>2025-06-07T10:38:37.325Z</time></trkpt><trkpt lat="42.925941" lon="-8.221890"><ele>384.889</ele><time>2025-06-07T10:38:41.325Z</time></trkpt><trkpt lat="42.925926" lon="-8.221948"><ele>384.726</ele><time>2025-06-07T10:38:45.325Z</time></trkpt><trkpt lat="42.925914" lon="-8.222020"><ele>384.647</ele><time>2025-06-07T10:38:50.324Z</time></trkpt><trkpt lat="42.925901" lon="-8.222080"><ele>384.511</ele><time>2025-06-07T10:38:54.325Z</time></trkpt><trkpt lat="42.925894" lon="-8.222156"><ele>384.409</ele><time>2025-06-07T10:38:59.325Z</time></trkpt><trkpt lat="42.925885" lon="-8.222230"><ele>384.484</ele><time>2025-06-07T10:39:04.325Z</time></trkpt><trkpt lat="42.925877" lon="-8.222309"><ele>384.673</ele><time>2025-06-07T10:39:09.325Z</time></trkpt><trkpt lat="42.925881" lon="-8.222373"><ele>384.899</ele><time>2025-06-07T10:39:13.326Z</time></trkpt><trkpt lat="42.925892" lon="-8.222433"><ele>385.032</ele><time>2025-06-07T10:39:17.326Z</time></trkpt><trkpt lat="42.925902" lon="-8.222502"><ele>385.362</ele><time>2025-06-07T10:39:22.326Z</time></trkpt><trkpt lat="42.925900" lon="-8.222566"><ele>385.543</ele><time>2025-06-07T10:39:26.326Z</time></trkpt><trkpt lat="42.925905" lon="-8.222629"><ele>385.752</ele><time>2025-06-07T10:39:30.326Z</time></trkpt><trkpt lat="42.925908" lon="-8.222695"><ele>386.011</ele><time>2025-06-07T10:39:34.326Z</time></trkpt><trkpt lat="42.925914" lon="-8.222770"><ele>386.383</ele><time>2025-06-07T10:39:39.326Z</time></trkpt><trkpt lat="42.925913" lon="-8.222835"><ele>386.682</ele><time>2025-06-07T10:39:43.326Z</time></trkpt><trkpt lat="42.925911" lon="-8.222900"><ele>387.043</ele><time>2025-06-07T10:39:47.326Z</time></trkpt><trkpt lat="42.925906" lon="-8.222966"><ele>387.417</ele><time>2025-06-07T10:39:51.326Z</time></trkpt><trkpt lat="42.925885" lon="-8.223027"><ele>387.809</ele><time>2025-06-07T10:39:55.325Z</time></trkpt><trkpt lat="42.925855" lon="-8.223094"><ele>388.170</ele><time>2025-06-07T10:40:00.326Z</time></trkpt><trkpt lat="42.925828" lon="-8.223154"><ele>388.379</ele><time>2025-06-07T10:40:04.326Z</time></trkpt><trkpt lat="42.925804" lon="-8.223215"><ele>388.525</ele><time>2025-06-07T10:40:08.326Z</time></trkpt><trkpt lat="42.925782" lon="-8.223273"><ele>388.778</ele><time>2025-06-07T10:40:12.326Z</time></trkpt><trkpt lat="42.925762" lon="-8.223330"><ele>389.038</ele><time>2025-06-07T10:40:16.326Z</time></trkpt><trkpt lat="42.925738" lon="-8.223386"><ele>389.269</ele><time>2025-06-07T10:40:20.326Z</time></trkpt><trkpt lat="42.925725" lon="-8.223453"><ele>389.498</ele><time>2025-06-07T10:40:24.326Z</time></trkpt><trkpt lat="42.925707" lon="-8.223512"><ele>389.667</ele><time>2025-06-07T10:40:28.326Z</time></trkpt><trkpt lat="42.925698" lon="-8.223575"><ele>389.929</ele><time>2025-06-07T10:40:32.326Z</time></trkpt><trkpt lat="42.925676" lon="-8.223642"><ele>390.081</ele><time>2025-06-07T10:40:37.326Z</time></trkpt><trkpt lat="42.925662" lon="-8.223701"><ele>390.161</ele><time>2025-06-07T10:40:41.326Z</time></trkpt><trkpt lat="42.925637" lon="-8.223773"><ele>390.217</ele><time>2025-06-07T10:40:46.326Z</time></trkpt><trkpt lat="42.925618" lon="-8.223833"><ele>390.209</ele><time>2025-06-07T10:40:50.326Z</time></trkpt><trkpt lat="42.925594" lon="-8.223902"><ele>390.170</ele><time>2025-06-07T10:40:55.326Z</time></trkpt><trkpt lat="42.925571" lon="-8.223957"><ele>390.089</ele><time>2025-06-07T10:40:59.326Z</time></trkpt><trkpt lat="42.925549" lon="-8.224011"><ele>390.055</ele><time>2025-06-07T10:41:03.326Z</time></trkpt><trkpt lat="42.925525" lon="-8.224063"><ele>389.868</ele><time>2025-06-07T10:41:07.326Z</time></trkpt><trkpt lat="42.925506" lon="-8.224120"><ele>389.628</ele><time>2025-06-07T10:41:11.326Z</time></trkpt><trkpt lat="42.925476" lon="-8.224184"><ele>389.439</ele><time>2025-06-07T10:41:16.326Z</time></trkpt><trkpt lat="42.925445" lon="-8.224246"><ele>388.968</ele><time>2025-06-07T10:41:21.326Z</time></trkpt><trkpt lat="42.925417" lon="-8.224298"><ele>388.527</ele><time>2025-06-07T10:41:25.326Z</time></trkpt><trkpt lat="42.925384" lon="-8.224349"><ele>388.169</ele><time>2025-06-07T10:41:29.326Z</time></trkpt><trkpt lat="42.925352" lon="-8.224398"><ele>387.755</ele><time>2025-06-07T10:41:33.326Z</time></trkpt><trkpt lat="42.925320" lon="-8.224449"><ele>387.307</ele><time>2025-06-07T10:41:37.326Z</time></trkpt><trkpt lat="42.925286" lon="-8.224508"><ele>387.117</ele><time>2025-06-07T10:41:41.326Z</time></trkpt><trkpt lat="42.925264" lon="-8.224566"><ele>387.009</ele><time>2025-06-07T10:41:45.326Z</time></trkpt><trkpt lat="42.925239" lon="-8.224619"><ele>386.967</ele><time>2025-06-07T10:41:49.326Z</time></trkpt><trkpt lat="42.925217" lon="-8.224677"><ele>386.816</ele><time>2025-06-07T10:41:53.326Z</time></trkpt><trkpt lat="42.925193" lon="-8.224733"><ele>386.762</ele><time>2025-06-07T10:41:57.326Z</time></trkpt><trkpt lat="42.925170" lon="-8.224790"><ele>386.635</ele><time>2025-06-07T10:42:01.326Z</time></trkpt><trkpt lat="42.925149" lon="-8.224847"><ele>386.525</ele><time>2025-06-07T10:42:05.325Z</time></trkpt><trkpt lat="42.925120" lon="-8.224905"><ele>386.416</ele><time>2025-06-07T10:42:09.326Z</time></trkpt><trkpt lat="42.925097" lon="-8.224966"><ele>386.365</ele><time>2025-06-07T10:42:13.326Z</time></trkpt><trkpt lat="42.925075" lon="-8.225027"><ele>386.384</ele><time>2025-06-07T10:42:17.326Z</time></trkpt><trkpt lat="42.925050" lon="-8.225084"><ele>386.256</ele><time>2025-06-07T10:42:21.326Z</time></trkpt><trkpt lat="42.925027" lon="-8.225138"><ele>386.185</ele><time>2025-06-07T10:42:25.326Z</time></trkpt><trkpt lat="42.925006" lon="-8.225193"><ele>386.089</ele><time>2025-06-07T10:42:29.326Z</time></trkpt><trkpt lat="42.924984" lon="-8.225259"><ele>385.917</ele><time>2025-06-07T10:42:33.326Z</time></trkpt><trkpt lat="42.924951" lon="-8.225309"><ele>386.009</ele><time>2025-06-07T10:42:37.326Z</time></trkpt><trkpt lat="42.924927" lon="-8.225378"><ele>386.340</ele><time>2025-06-07T10:42:41.326Z</time></trkpt><trkpt lat="42.924911" lon="-8.225449"><ele>386.529</ele><time>2025-06-07T10:42:45.325Z</time></trkpt><trkpt lat="42.924894" lon="-8.225518"><ele>386.725</ele><time>2025-06-07T10:42:49.326Z</time></trkpt><trkpt lat="42.924874" lon="-8.225589"><ele>386.698</ele><time>2025-06-07T10:42:53.325Z</time></trkpt><trkpt lat="42.924852" lon="-8.225655"><ele>386.478</ele><time>2025-06-07T10:42:57.326Z</time></trkpt><trkpt lat="42.924828" lon="-8.225716"><ele>386.129</ele><time>2025-06-07T10:43:01.326Z</time></trkpt><trkpt lat="42.924807" lon="-8.225776"><ele>385.998</ele><time>2025-06-07T10:43:05.325Z</time></trkpt><trkpt lat="42.924779" lon="-8.225829"><ele>385.687</ele><time>2025-06-07T10:43:09.326Z</time></trkpt><trkpt lat="42.924757" lon="-8.225886"><ele>385.479</ele><time>2025-06-07T10:43:13.326Z</time></trkpt><trkpt lat="42.924732" lon="-8.225939"><ele>385.123</ele><time>2025-06-07T10:43:17.325Z</time></trkpt><trkpt lat="42.924711" lon="-8.226002"><ele>384.983</ele><time>2025-06-07T10:43:21.326Z</time></trkpt><trkpt lat="42.924690" lon="-8.226068"><ele>384.811</ele><time>2025-06-07T10:43:25.326Z</time></trkpt><trkpt lat="42.924662" lon="-8.226135"><ele>384.609</ele><time>2025-06-07T10:43:29.326Z</time></trkpt><trkpt lat="42.924630" lon="-8.226189"><ele>384.494</ele><time>2025-06-07T10:43:33.326Z</time></trkpt><trkpt lat="42.924604" lon="-8.226247"><ele>384.433</ele><time>2025-06-07T10:43:37.326Z</time></trkpt><trkpt lat="42.924575" lon="-8.226304"><ele>384.339</ele><time>2025-06-07T10:43:41.326Z</time></trkpt><trkpt lat="42.924548" lon="-8.226356"><ele>384.342</ele><time>2025-06-07T10:43:45.326Z</time></trkpt><trkpt lat="42.924518" lon="-8.226403"><ele>384.372</ele><time>2025-06-07T10:43:49.326Z</time></trkpt><trkpt lat="42.924485" lon="-8.226453"><ele>384.173</ele><time>2025-06-07T10:43:53.326Z</time></trkpt><trkpt lat="42.924446" lon="-8.226501"><ele>384.052</ele><time>2025-06-07T10:43:57.326Z</time></trkpt><trkpt lat="42.924409" lon="-8.226551"><ele>383.971</ele><time>2025-06-07T10:44:01.326Z</time></trkpt><trkpt lat="42.924364" lon="-8.226593"><ele>383.743</ele><time>2025-06-07T10:44:05.326Z</time></trkpt><trkpt lat="42.924318" lon="-8.226636"><ele>383.553</ele><time>2025-06-07T10:44:09.326Z</time></trkpt><trkpt lat="42.924274" lon="-8.226676"><ele>383.404</ele><time>2025-06-07T10:44:13.326Z</time></trkpt><trkpt lat="42.924229" lon="-8.226708"><ele>383.214</ele><time>2025-06-07T10:44:17.326Z</time></trkpt><trkpt lat="42.924184" lon="-8.226746"><ele>383.009</ele><time>2025-06-07T10:44:21.325Z</time></trkpt><trkpt lat="42.924146" lon="-8.226787"><ele>383.027</ele><time>2025-06-07T10:44:25.326Z</time></trkpt><trkpt lat="42.924109" lon="-8.226831"><ele>382.926</ele><time>2025-06-07T10:44:29.326Z</time></trkpt><trkpt lat="42.924067" lon="-8.226875"><ele>382.912</ele><time>2025-06-07T10:44:33.326Z</time></trkpt><trkpt lat="42.924028" lon="-8.226922"><ele>383.065</ele><time>2025-06-07T10:44:37.325Z</time></trkpt><trkpt lat="42.923990" lon="-8.226977"><ele>382.945</ele><time>2025-06-07T10:44:41.326Z</time></trkpt><trkpt lat="42.923961" lon="-8.227041"><ele>382.766</ele><time>2025-06-07T10:44:45.326Z</time></trkpt><trkpt lat="42.923933" lon="-8.227112"><ele>382.485</ele><time>2025-06-07T10:44:49.326Z</time></trkpt><trkpt lat="42.923902" lon="-8.227180"><ele>382.294</ele><time>2025-06-07T10:44:53.326Z</time></trkpt><trkpt lat="42.923883" lon="-8.227252"><ele>382.186</ele><time>2025-06-07T10:44:57.326Z</time></trkpt><trkpt lat="42.923846" lon="-8.227307"><ele>382.435</ele><time>2025-06-07T10:45:01.326Z</time></trkpt><trkpt lat="42.923815" lon="-8.227360"><ele>382.686</ele><time>2025-06-07T10:45:05.326Z</time></trkpt><trkpt lat="42.923789" lon="-8.227426"><ele>382.814</ele><time>2025-06-07T10:45:10.326Z</time></trkpt><trkpt lat="42.923765" lon="-8.227480"><ele>383.009</ele><time>2025-06-07T10:45:14.326Z</time></trkpt><trkpt lat="42.923731" lon="-8.227543"><ele>383.295</ele><time>2025-06-07T10:45:19.326Z</time></trkpt><trkpt lat="42.923698" lon="-8.227598"><ele>383.484</ele><time>2025-06-07T10:45:23.326Z</time></trkpt><trkpt lat="42.923670" lon="-8.227655"><ele>383.640</ele><time>2025-06-07T10:45:27.327Z</time></trkpt><trkpt lat="42.923640" lon="-8.227706"><ele>383.723</ele><time>2025-06-07T10:45:31.327Z</time></trkpt><trkpt lat="42.923618" lon="-8.227760"><ele>383.973</ele><time>2025-06-07T10:45:35.327Z</time></trkpt><trkpt lat="42.923591" lon="-8.227812"><ele>384.284</ele><time>2025-06-07T10:45:39.326Z</time></trkpt><trkpt lat="42.923560" lon="-8.227864"><ele>384.643</ele><time>2025-06-07T10:45:43.327Z</time></trkpt><trkpt lat="42.923526" lon="-8.227919"><ele>385.012</ele><time>2025-06-07T10:45:47.327Z</time></trkpt><trkpt lat="42.923513" lon="-8.227979"><ele>385.334</ele><time>2025-06-07T10:45:50.327Z</time></trkpt><trkpt lat="42.923491" lon="-8.228041"><ele>385.815</ele><time>2025-06-07T10:45:54.327Z</time></trkpt><trkpt lat="42.923459" lon="-8.228094"><ele>386.465</ele><time>2025-06-07T10:45:58.327Z</time></trkpt><trkpt lat="42.923435" lon="-8.228151"><ele>387.011</ele><time>2025-06-07T10:46:02.327Z</time></trkpt><trkpt lat="42.923415" lon="-8.228210"><ele>387.509</ele><time>2025-06-07T10:46:06.327Z</time></trkpt><trkpt lat="42.923384" lon="-8.228258"><ele>388.183</ele><time>2025-06-07T10:46:10.327Z</time></trkpt><trkpt lat="42.923349" lon="-8.228306"><ele>388.772</ele><time>2025-06-07T10:46:14.327Z</time></trkpt><trkpt lat="42.923316" lon="-8.228361"><ele>389.418</ele><time>2025-06-07T10:46:18.327Z</time></trkpt><trkpt lat="42.923285" lon="-8.228407"><ele>390.121</ele><time>2025-06-07T10:46:22.327Z</time></trkpt><trkpt lat="42.923252" lon="-8.228450"><ele>390.741</ele><time>2025-06-07T10:46:26.327Z</time></trkpt><trkpt lat="42.923206" lon="-8.228493"><ele>391.542</ele><time>2025-06-07T10:46:31.327Z</time></trkpt><trkpt lat="42.923171" lon="-8.228537"><ele>392.271</ele><time>2025-06-07T10:46:35.327Z</time></trkpt><trkpt lat="42.923140" lon="-8.228596"><ele>393.020</ele><time>2025-06-07T10:46:39.327Z</time></trkpt><trkpt lat="42.923103" lon="-8.228639"><ele>393.832</ele><time>2025-06-07T10:46:43.327Z</time></trkpt><trkpt lat="42.923072" lon="-8.228687"><ele>394.682</ele><time>2025-06-07T10:46:47.327Z</time></trkpt><trkpt lat="42.923027" lon="-8.228736"><ele>395.643</ele><time>2025-06-07T10:46:52.327Z</time></trkpt><trkpt lat="42.922995" lon="-8.228781"><ele>396.417</ele><time>2025-06-07T10:46:56.327Z</time></trkpt><trkpt lat="42.922963" lon="-8.228830"><ele>397.109</ele><time>2025-06-07T10:47:00.327Z</time></trkpt><trkpt lat="42.922941" lon="-8.228893"><ele>397.920</ele><time>2025-06-07T10:47:04.327Z</time></trkpt><trkpt lat="42.922920" lon="-8.228949"><ele>398.489</ele><time>2025-06-07T10:47:08.327Z</time></trkpt><trkpt lat="42.922885" lon="-8.228988"><ele>398.995</ele><time>2025-06-07T10:47:12.326Z</time></trkpt><trkpt lat="42.922855" lon="-8.229049"><ele>399.628</ele><time>2025-06-07T10:47:16.326Z</time></trkpt><trkpt lat="42.922826" lon="-8.229099"><ele>400.258</ele><time>2025-06-07T10:47:20.327Z</time></trkpt><trkpt lat="42.922786" lon="-8.229150"><ele>400.869</ele><time>2025-06-07T10:47:25.327Z</time></trkpt><trkpt lat="42.922764" lon="-8.229205"><ele>401.198</ele><time>2025-06-07T10:47:29.327Z</time></trkpt><trkpt lat="42.922734" lon="-8.229262"><ele>401.337</ele><time>2025-06-07T10:47:33.327Z</time></trkpt><trkpt lat="42.922713" lon="-8.229320"><ele>401.359</ele><time>2025-06-07T10:47:37.326Z</time></trkpt><trkpt lat="42.922691" lon="-8.229389"><ele>401.416</ele><time>2025-06-07T10:47:42.327Z</time></trkpt><trkpt lat="42.922673" lon="-8.229458"><ele>401.376</ele><time>2025-06-07T10:47:47.326Z</time></trkpt><trkpt lat="42.922657" lon="-8.229530"><ele>401.013</ele><time>2025-06-07T10:47:52.327Z</time></trkpt><trkpt lat="42.922642" lon="-8.229601"><ele>400.709</ele><time>2025-06-07T10:47:57.326Z</time></trkpt><trkpt lat="42.922621" lon="-8.229656"><ele>400.483</ele><time>2025-06-07T10:48:01.327Z</time></trkpt><trkpt lat="42.922598" lon="-8.229719"><ele>400.052</ele><time>2025-06-07T10:48:05.326Z</time></trkpt><trkpt lat="42.922585" lon="-8.229782"><ele>399.638</ele><time>2025-06-07T10:48:09.327Z</time></trkpt><trkpt lat="42.922568" lon="-8.229841"><ele>399.141</ele><time>2025-06-07T10:48:13.327Z</time></trkpt><trkpt lat="42.922559" lon="-8.229903"><ele>398.721</ele><time>2025-06-07T10:48:17.327Z</time></trkpt><trkpt lat="42.922533" lon="-8.229965"><ele>398.322</ele><time>2025-06-07T10:48:21.327Z</time></trkpt><trkpt lat="42.922497" lon="-8.230019"><ele>398.091</ele><time>2025-06-07T10:48:25.327Z</time></trkpt><trkpt lat="42.922473" lon="-8.230077"><ele>398.020</ele><time>2025-06-07T10:48:29.327Z</time></trkpt><trkpt lat="42.922445" lon="-8.230138"><ele>398.022</ele><time>2025-06-07T10:48:33.326Z</time></trkpt><trkpt lat="42.922425" lon="-8.230199"><ele>398.096</ele><time>2025-06-07T10:48:37.327Z</time></trkpt><trkpt lat="42.922411" lon="-8.230260"><ele>398.031</ele><time>2025-06-07T10:48:41.327Z</time></trkpt><trkpt lat="42.922390" lon="-8.230318"><ele>398.224</ele><time>2025-06-07T10:48:45.327Z</time></trkpt><trkpt lat="42.922365" lon="-8.230376"><ele>398.509</ele><time>2025-06-07T10:48:49.327Z</time></trkpt><trkpt lat="42.922335" lon="-8.230437"><ele>398.821</ele><time>2025-06-07T10:48:53.326Z</time></trkpt><trkpt lat="42.922313" lon="-8.230501"><ele>399.130</ele><time>2025-06-07T10:48:57.327Z</time></trkpt><trkpt lat="42.922295" lon="-8.230565"><ele>399.366</ele><time>2025-06-07T10:49:01.327Z</time></trkpt><trkpt lat="42.922281" lon="-8.230626"><ele>399.319</ele><time>2025-06-07T10:49:05.327Z</time></trkpt><trkpt lat="42.922266" lon="-8.230691"><ele>399.399</ele><time>2025-06-07T10:49:09.326Z</time></trkpt><trkpt lat="42.922248" lon="-8.230751"><ele>399.210</ele><time>2025-06-07T10:49:13.327Z</time></trkpt><trkpt lat="42.922224" lon="-8.230813"><ele>399.079</ele><time>2025-06-07T10:49:17.327Z</time></trkpt><trkpt lat="42.922202" lon="-8.230876"><ele>398.658</ele><time>2025-06-07T10:49:21.326Z</time></trkpt><trkpt lat="42.922184" lon="-8.230937"><ele>398.170</ele><time>2025-06-07T10:49:25.326Z</time></trkpt><trkpt lat="42.922163" lon="-8.230996"><ele>397.628</ele><time>2025-06-07T10:49:29.327Z</time></trkpt><trkpt lat="42.922144" lon="-8.231056"><ele>397.189</ele><time>2025-06-07T10:49:33.326Z</time></trkpt><trkpt lat="42.922131" lon="-8.231115"><ele>396.717</ele><time>2025-06-07T10:49:37.326Z</time></trkpt><trkpt lat="42.922123" lon="-8.231188"><ele>396.009</ele><time>2025-06-07T10:49:41.327Z</time></trkpt><trkpt lat="42.922109" lon="-8.231263"><ele>395.384</ele><time>2025-06-07T10:49:45.326Z</time></trkpt><trkpt lat="42.922089" lon="-8.231333"><ele>394.513</ele><time>2025-06-07T10:49:49.327Z</time></trkpt><trkpt lat="42.922075" lon="-8.231404"><ele>393.889</ele><time>2025-06-07T10:49:53.327Z</time></trkpt><trkpt lat="42.922063" lon="-8.231473"><ele>393.492</ele><time>2025-06-07T10:49:57.327Z</time></trkpt><trkpt lat="42.922046" lon="-8.231547"><ele>392.912</ele><time>2025-06-07T10:50:01.327Z</time></trkpt><trkpt lat="42.922022" lon="-8.231620"><ele>392.373</ele><time>2025-06-07T10:50:05.327Z</time></trkpt><trkpt lat="42.921999" lon="-8.231675"><ele>391.822</ele><time>2025-06-07T10:50:08.327Z</time></trkpt><trkpt lat="42.921957" lon="-8.231716"><ele>391.411</ele><time>2025-06-07T10:50:12.326Z</time></trkpt><trkpt lat="42.921907" lon="-8.231756"><ele>391.133</ele><time>2025-06-07T10:50:16.327Z</time></trkpt><trkpt lat="42.921871" lon="-8.231816"><ele>391.168</ele><time>2025-06-07T10:50:20.327Z</time></trkpt><trkpt lat="42.921841" lon="-8.231880"><ele>391.142</ele><time>2025-06-07T10:50:24.327Z</time></trkpt><trkpt lat="42.921820" lon="-8.231936"><ele>391.126</ele><time>2025-06-07T10:50:28.327Z</time></trkpt><trkpt lat="42.921803" lon="-8.231993"><ele>391.209</ele><time>2025-06-07T10:50:32.326Z</time></trkpt><trkpt lat="42.921774" lon="-8.232056"><ele>391.178</ele><time>2025-06-07T10:50:36.327Z</time></trkpt><trkpt lat="42.921753" lon="-8.232114"><ele>391.077</ele><time>2025-06-07T10:50:40.327Z</time></trkpt><trkpt lat="42.921722" lon="-8.232163"><ele>390.723</ele><time>2025-06-07T10:50:44.327Z</time></trkpt><trkpt lat="42.921700" lon="-8.232219"><ele>390.566</ele><time>2025-06-07T10:50:48.327Z</time></trkpt><trkpt lat="42.921672" lon="-8.232280"><ele>390.186</ele><time>2025-06-07T10:50:52.327Z</time></trkpt><trkpt lat="42.921643" lon="-8.232331"><ele>389.737</ele><time>2025-06-07T10:50:56.327Z</time></trkpt><trkpt lat="42.921624" lon="-8.232402"><ele>389.516</ele><time>2025-06-07T10:51:00.327Z</time></trkpt><trkpt lat="42.921599" lon="-8.232469"><ele>389.295</ele><time>2025-06-07T10:51:04.327Z</time></trkpt><trkpt lat="42.921574" lon="-8.232526"><ele>389.267</ele><time>2025-06-07T10:51:08.327Z</time></trkpt><trkpt lat="42.921549" lon="-8.232586"><ele>389.381</ele><time>2025-06-07T10:51:12.327Z</time></trkpt><trkpt lat="42.921529" lon="-8.232653"><ele>389.661</ele><time>2025-06-07T10:51:16.327Z</time></trkpt><trkpt lat="42.921501" lon="-8.232722"><ele>389.817</ele><time>2025-06-07T10:51:20.327Z</time></trkpt><trkpt lat="42.921479" lon="-8.232792"><ele>390.109</ele><time>2025-06-07T10:51:24.327Z</time></trkpt><trkpt lat="42.921454" lon="-8.232855"><ele>390.620</ele><time>2025-06-07T10:51:28.327Z</time></trkpt><trkpt lat="42.921406" lon="-8.232900"><ele>390.599</ele><time>2025-06-07T10:51:32.327Z</time></trkpt><trkpt lat="42.921369" lon="-8.232944"><ele>390.535</ele><time>2025-06-07T10:51:37.328Z</time></trkpt><trkpt lat="42.921329" lon="-8.232992"><ele>390.598</ele><time>2025-06-07T10:51:41.328Z</time></trkpt><trkpt lat="42.921281" lon="-8.233029"><ele>390.288</ele><time>2025-06-07T10:51:45.328Z</time></trkpt><trkpt lat="42.921243" lon="-8.233073"><ele>390.139</ele><time>2025-06-07T10:51:49.328Z</time></trkpt><trkpt lat="42.921212" lon="-8.233120"><ele>390.088</ele><time>2025-06-07T10:51:53.328Z</time></trkpt><trkpt lat="42.921163" lon="-8.233157"><ele>389.557</ele><time>2025-06-07T10:51:58.328Z</time></trkpt><trkpt lat="42.921154" lon="-8.233229"><ele>390.069</ele><time>2025-06-07T10:52:01.328Z</time></trkpt><trkpt lat="42.921169" lon="-8.233307"><ele>390.847</ele><time>2025-06-07T10:52:04.328Z</time></trkpt><trkpt lat="42.921147" lon="-8.233375"><ele>390.929</ele><time>2025-06-07T10:52:08.328Z</time></trkpt><trkpt lat="42.921115" lon="-8.233431"><ele>390.821</ele><time>2025-06-07T10:52:12.327Z</time></trkpt><trkpt lat="42.921097" lon="-8.233488"><ele>390.909</ele><time>2025-06-07T10:52:32.327Z</time></trkpt><trkpt lat="42.921058" lon="-8.233528"><ele>390.476</ele><time>2025-06-07T10:52:35.327Z</time></trkpt><trkpt lat="42.921033" lon="-8.233583"><ele>390.445</ele><time>2025-06-07T10:52:38.328Z</time></trkpt><trkpt lat="42.920999" lon="-8.233631"><ele>390.151</ele><time>2025-06-07T10:52:41.328Z</time></trkpt><trkpt lat="42.920970" lon="-8.233690"><ele>389.984</ele><time>2025-06-07T10:52:44.328Z</time></trkpt><trkpt lat="42.920952" lon="-8.233754"><ele>389.934</ele><time>2025-06-07T10:52:47.328Z</time></trkpt><trkpt lat="42.920937" lon="-8.233830"><ele>389.955</ele><time>2025-06-07T10:52:51.328Z</time></trkpt><trkpt lat="42.920920" lon="-8.233907"><ele>390.014</ele><time>2025-06-07T10:52:55.328Z</time></trkpt><trkpt lat="42.920896" lon="-8.233984"><ele>389.913</ele><time>2025-06-07T10:52:59.328Z</time></trkpt><trkpt lat="42.920883" lon="-8.234059"><ele>390.195</ele><time>2025-06-07T10:53:04.328Z</time></trkpt><trkpt lat="42.920879" lon="-8.234130"><ele>390.476</ele><time>2025-06-07T10:53:08.328Z</time></trkpt><trkpt lat="42.920875" lon="-8.234209"><ele>390.790</ele><time>2025-06-07T10:53:12.328Z</time></trkpt><trkpt lat="42.920878" lon="-8.234281"><ele>391.019</ele><time>2025-06-07T10:53:16.328Z</time></trkpt><trkpt lat="42.920878" lon="-8.234348"><ele>391.209</ele><time>2025-06-07T10:53:20.328Z</time></trkpt><trkpt lat="42.920864" lon="-8.234426"><ele>391.349</ele><time>2025-06-07T10:53:24.328Z</time></trkpt><trkpt lat="42.920862" lon="-8.234499"><ele>391.518</ele><time>2025-06-07T10:53:28.328Z</time></trkpt><trkpt lat="42.920856" lon="-8.234575"><ele>391.714</ele><time>2025-06-07T10:53:32.327Z</time></trkpt><trkpt lat="42.920849" lon="-8.234655"><ele>391.917</ele><time>2025-06-07T10:53:36.328Z</time></trkpt><trkpt lat="42.920834" lon="-8.234721"><ele>392.047</ele><time>2025-06-07T10:53:40.328Z</time></trkpt><trkpt lat="42.920807" lon="-8.234775"><ele>391.678</ele><time>2025-06-07T10:53:44.327Z</time></trkpt><trkpt lat="42.920780" lon="-8.234833"><ele>391.357</ele><time>2025-06-07T10:53:48.327Z</time></trkpt><trkpt lat="42.920756" lon="-8.234896"><ele>391.146</ele><time>2025-06-07T10:53:52.328Z</time></trkpt><trkpt lat="42.920735" lon="-8.234953"><ele>390.988</ele><time>2025-06-07T10:53:55.328Z</time></trkpt><trkpt lat="42.920711" lon="-8.235006"><ele>390.733</ele><time>2025-06-07T10:53:58.328Z</time></trkpt><trkpt lat="42.920684" lon="-8.235058"><ele>390.623</ele><time>2025-06-07T10:54:01.327Z</time></trkpt><trkpt lat="42.920656" lon="-8.235117"><ele>390.615</ele><time>2025-06-07T10:54:05.328Z</time></trkpt><trkpt lat="42.920627" lon="-8.235172"><ele>390.709</ele><time>2025-06-07T10:54:09.328Z</time></trkpt><trkpt lat="42.920601" lon="-8.235224"><ele>390.895</ele><time>2025-06-07T10:54:12.328Z</time></trkpt><trkpt lat="42.920574" lon="-8.235291"><ele>391.174</ele><time>2025-06-07T10:54:16.328Z</time></trkpt><trkpt lat="42.920550" lon="-8.235360"><ele>391.060</ele><time>2025-06-07T10:54:20.328Z</time></trkpt><trkpt lat="42.920522" lon="-8.235423"><ele>390.823</ele><time>2025-06-07T10:54:24.327Z</time></trkpt><trkpt lat="42.920494" lon="-8.235484"><ele>390.613</ele><time>2025-06-07T10:54:28.328Z</time></trkpt><trkpt lat="42.920473" lon="-8.235541"><ele>390.474</ele><time>2025-06-07T10:54:32.328Z</time></trkpt><trkpt lat="42.920445" lon="-8.235597"><ele>390.113</ele><time>2025-06-07T10:54:36.327Z</time></trkpt><trkpt lat="42.920414" lon="-8.235658"><ele>389.832</ele><time>2025-06-07T10:54:40.328Z</time></trkpt><trkpt lat="42.920399" lon="-8.235718"><ele>389.694</ele><time>2025-06-07T10:54:44.328Z</time></trkpt><trkpt lat="42.920383" lon="-8.235783"><ele>389.481</ele><time>2025-06-07T10:54:48.328Z</time></trkpt><trkpt lat="42.920374" lon="-8.235853"><ele>389.361</ele><time>2025-06-07T10:54:52.328Z</time></trkpt><trkpt lat="42.920365" lon="-8.235916"><ele>389.017</ele><time>2025-06-07T10:54:56.328Z</time></trkpt><trkpt lat="42.920363" lon="-8.235979"><ele>388.809</ele><time>2025-06-07T10:55:00.328Z</time></trkpt><trkpt lat="42.920370" lon="-8.236051"><ele>388.550</ele><time>2025-06-07T10:55:04.328Z</time></trkpt><trkpt lat="42.920367" lon="-8.236128"><ele>388.289</ele><time>2025-06-07T10:55:08.328Z</time></trkpt><trkpt lat="42.920368" lon="-8.236197"><ele>387.625</ele><time>2025-06-07T10:55:12.328Z</time></trkpt><trkpt lat="42.920375" lon="-8.236270"><ele>387.018</ele><time>2025-06-07T10:55:16.327Z</time></trkpt><trkpt lat="42.920386" lon="-8.236341"><ele>386.488</ele><time>2025-06-07T10:55:20.327Z</time></trkpt><trkpt lat="42.920386" lon="-8.236413"><ele>385.719</ele><time>2025-06-07T10:55:24.328Z</time></trkpt><trkpt lat="42.920387" lon="-8.236491"><ele>384.918</ele><time>2025-06-07T10:55:28.328Z</time></trkpt><trkpt lat="42.920397" lon="-8.236569"><ele>384.167</ele><time>2025-06-07T10:55:32.328Z</time></trkpt><trkpt lat="42.920384" lon="-8.236643"><ele>383.349</ele><time>2025-06-07T10:55:36.328Z</time></trkpt><trkpt lat="42.920370" lon="-8.236714"><ele>382.571</ele><time>2025-06-07T10:55:40.328Z</time></trkpt><trkpt lat="42.920371" lon="-8.236786"><ele>381.741</ele><time>2025-06-07T10:55:44.328Z</time></trkpt><trkpt lat="42.920380" lon="-8.236854"><ele>381.015</ele><time>2025-06-07T10:55:48.328Z</time></trkpt><trkpt lat="42.920395" lon="-8.236918"><ele>380.309</ele><time>2025-06-07T10:55:52.328Z</time></trkpt><trkpt lat="42.920418" lon="-8.236985"><ele>379.659</ele><time>2025-06-07T10:55:57.327Z</time></trkpt><trkpt lat="42.920413" lon="-8.237051"><ele>378.828</ele><time>2025-06-07T10:56:01.328Z</time></trkpt><trkpt lat="42.920389" lon="-8.237116"><ele>378.144</ele><time>2025-06-07T10:56:05.327Z</time></trkpt><trkpt lat="42.920346" lon="-8.237162"><ele>377.737</ele><time>2025-06-07T10:56:09.328Z</time></trkpt><trkpt lat="42.920308" lon="-8.237218"><ele>377.047</ele><time>2025-06-07T10:56:13.328Z</time></trkpt><trkpt lat="42.920277" lon="-8.237275"><ele>376.438</ele><time>2025-06-07T10:56:17.328Z</time></trkpt><trkpt lat="42.920252" lon="-8.237336"><ele>375.817</ele><time>2025-06-07T10:56:21.328Z</time></trkpt><trkpt lat="42.920213" lon="-8.237385"><ele>375.216</ele><time>2025-06-07T10:56:25.327Z</time></trkpt><trkpt lat="42.920166" lon="-8.237424"><ele>374.898</ele><time>2025-06-07T10:56:29.327Z</time></trkpt><trkpt lat="42.920122" lon="-8.237464"><ele>374.438</ele><time>2025-06-07T10:56:33.328Z</time></trkpt><trkpt lat="42.920074" lon="-8.237483"><ele>374.270</ele><time>2025-06-07T10:56:37.328Z</time></trkpt><trkpt lat="42.920031" lon="-8.237509"><ele>373.917</ele><time>2025-06-07T10:56:41.328Z</time></trkpt><trkpt lat="42.919982" lon="-8.237537"><ele>373.509</ele><time>2025-06-07T10:56:46.328Z</time></trkpt><trkpt lat="42.919935" lon="-8.237567"><ele>372.945</ele><time>2025-06-07T10:56:50.328Z</time></trkpt><trkpt lat="42.919883" lon="-8.237596"><ele>372.354</ele><time>2025-06-07T10:56:55.328Z</time></trkpt><trkpt lat="42.919845" lon="-8.237630"><ele>371.780</ele><time>2025-06-07T10:56:59.328Z</time></trkpt><trkpt lat="42.919814" lon="-8.237677"><ele>371.253</ele><time>2025-06-07T10:57:03.328Z</time></trkpt><trkpt lat="42.919792" lon="-8.237740"><ele>370.673</ele><time>2025-06-07T10:57:07.328Z</time></trkpt><trkpt lat="42.919766" lon="-8.237801"><ele>370.114</ele><time>2025-06-07T10:57:11.328Z</time></trkpt><trkpt lat="42.919744" lon="-8.237863"><ele>369.733</ele><time>2025-06-07T10:57:15.328Z</time></trkpt><trkpt lat="42.919718" lon="-8.237917"><ele>369.512</ele><time>2025-06-07T10:57:19.328Z</time></trkpt><trkpt lat="42.919696" lon="-8.237974"><ele>369.184</ele><time>2025-06-07T10:57:23.328Z</time></trkpt><trkpt lat="42.919671" lon="-8.238028"><ele>368.739</ele><time>2025-06-07T10:57:26.328Z</time></trkpt><trkpt lat="42.919644" lon="-8.238080"><ele>368.301</ele><time>2025-06-07T10:57:29.328Z</time></trkpt><trkpt lat="42.919616" lon="-8.238138"><ele>367.921</ele><time>2025-06-07T10:57:33.328Z</time></trkpt><trkpt lat="42.919595" lon="-8.238195"><ele>367.509</ele><time>2025-06-07T10:57:37.329Z</time></trkpt><trkpt lat="42.919566" lon="-8.238252"><ele>367.345</ele><time>2025-06-07T10:57:41.329Z</time></trkpt><trkpt lat="42.919535" lon="-8.238317"><ele>367.044</ele><time>2025-06-07T10:57:45.329Z</time></trkpt><trkpt lat="42.919511" lon="-8.238374"><ele>367.020</ele><time>2025-06-07T10:57:49.329Z</time></trkpt><trkpt lat="42.919488" lon="-8.238432"><ele>367.033</ele><time>2025-06-07T10:57:53.329Z</time></trkpt><trkpt lat="42.919460" lon="-8.238483"><ele>367.083</ele><time>2025-06-07T10:57:56.329Z</time></trkpt><trkpt lat="42.919435" lon="-8.238548"><ele>367.034</ele><time>2025-06-07T10:58:00.329Z</time></trkpt><trkpt lat="42.919409" lon="-8.238610"><ele>367.123</ele><time>2025-06-07T10:58:04.329Z</time></trkpt><trkpt lat="42.919386" lon="-8.238667"><ele>367.382</ele><time>2025-06-07T10:58:08.329Z</time></trkpt><trkpt lat="42.919366" lon="-8.238725"><ele>367.474</ele><time>2025-06-07T10:58:12.329Z</time></trkpt><trkpt lat="42.919345" lon="-8.238787"><ele>367.686</ele><time>2025-06-07T10:58:16.329Z</time></trkpt><trkpt lat="42.919320" lon="-8.238855"><ele>367.860</ele><time>2025-06-07T10:58:20.329Z</time></trkpt><trkpt lat="42.919293" lon="-8.238917"><ele>368.026</ele><time>2025-06-07T10:58:23.329Z</time></trkpt><trkpt lat="42.919269" lon="-8.238989"><ele>368.109</ele><time>2025-06-07T10:58:27.329Z</time></trkpt><trkpt lat="42.919244" lon="-8.239043"><ele>368.340</ele><time>2025-06-07T10:58:31.328Z</time></trkpt><trkpt lat="42.919217" lon="-8.239094"><ele>368.589</ele><time>2025-06-07T10:58:35.329Z</time></trkpt><trkpt lat="42.919195" lon="-8.239153"><ele>368.725</ele><time>2025-06-07T10:58:39.329Z</time></trkpt><trkpt lat="42.919175" lon="-8.239224"><ele>368.518</ele><time>2025-06-07T10:58:43.329Z</time></trkpt><trkpt lat="42.919153" lon="-8.239282"><ele>368.298</ele><time>2025-06-07T10:58:47.329Z</time></trkpt><trkpt lat="42.919122" lon="-8.239343"><ele>367.789</ele><time>2025-06-07T10:58:52.329Z</time></trkpt><trkpt lat="42.919094" lon="-8.239394"><ele>367.478</ele><time>2025-06-07T10:58:56.329Z</time></trkpt><trkpt lat="42.919060" lon="-8.239449"><ele>367.027</ele><time>2025-06-07T10:59:00.329Z</time></trkpt><trkpt lat="42.919024" lon="-8.239497"><ele>366.739</ele><time>2025-06-07T10:59:04.329Z</time></trkpt><trkpt lat="42.918989" lon="-8.239554"><ele>366.495</ele><time>2025-06-07T10:59:08.329Z</time></trkpt><trkpt lat="42.918959" lon="-8.239607"><ele>366.049</ele><time>2025-06-07T10:59:12.329Z</time></trkpt><trkpt lat="42.918925" lon="-8.239663"><ele>365.523</ele><time>2025-06-07T10:59:16.329Z</time></trkpt><trkpt lat="42.918887" lon="-8.239716"><ele>365.109</ele><time>2025-06-07T10:59:20.329Z</time></trkpt><trkpt lat="42.918855" lon="-8.239778"><ele>364.681</ele><time>2025-06-07T10:59:24.329Z</time></trkpt><trkpt lat="42.918824" lon="-8.239830"><ele>364.370</ele><time>2025-06-07T10:59:28.329Z</time></trkpt><trkpt lat="42.918785" lon="-8.239879"><ele>364.116</ele><time>2025-06-07T10:59:32.328Z</time></trkpt><trkpt lat="42.918749" lon="-8.239927"><ele>363.879</ele><time>2025-06-07T10:59:36.329Z</time></trkpt><trkpt lat="42.918712" lon="-8.239968"><ele>363.659</ele><time>2025-06-07T10:59:40.329Z</time></trkpt><trkpt lat="42.918672" lon="-8.240000"><ele>363.670</ele><time>2025-06-07T10:59:44.329Z</time></trkpt><trkpt lat="42.918629" lon="-8.240046"><ele>363.149</ele><time>2025-06-07T10:59:49.329Z</time></trkpt><trkpt lat="42.918581" lon="-8.240080"><ele>362.868</ele><time>2025-06-07T10:59:53.329Z</time></trkpt><trkpt lat="42.918540" lon="-8.240125"><ele>362.490</ele><time>2025-06-07T10:59:57.328Z</time></trkpt><trkpt lat="42.918508" lon="-8.240181"><ele>361.712</ele><time>2025-06-07T11:00:01.328Z</time></trkpt><trkpt lat="42.918479" lon="-8.240234"><ele>361.132</ele><time>2025-06-07T11:00:05.328Z</time></trkpt><trkpt lat="42.918447" lon="-8.240284"><ele>360.705</ele><time>2025-06-07T11:00:09.329Z</time></trkpt><trkpt lat="42.918406" lon="-8.240319"><ele>360.509</ele><time>2025-06-07T11:00:13.329Z</time></trkpt><trkpt lat="42.918362" lon="-8.240353"><ele>360.443</ele><time>2025-06-07T11:00:17.329Z</time></trkpt><trkpt lat="42.918316" lon="-8.240383"><ele>360.112</ele><time>2025-06-07T11:00:21.329Z</time></trkpt><trkpt lat="42.918274" lon="-8.240408"><ele>359.818</ele><time>2025-06-07T11:00:25.329Z</time></trkpt><trkpt lat="42.918234" lon="-8.240453"><ele>359.161</ele><time>2025-06-07T11:00:29.329Z</time></trkpt><trkpt lat="42.918195" lon="-8.240504"><ele>358.391</ele><time>2025-06-07T11:00:33.329Z</time></trkpt><trkpt lat="42.918154" lon="-8.240547"><ele>357.822</ele><time>2025-06-07T11:00:37.329Z</time></trkpt><trkpt lat="42.918124" lon="-8.240596"><ele>357.241</ele><time>2025-06-07T11:00:41.329Z</time></trkpt><trkpt lat="42.918104" lon="-8.240661"><ele>356.350</ele><time>2025-06-07T11:00:45.329Z</time></trkpt><trkpt lat="42.918080" lon="-8.240721"><ele>355.522</ele><time>2025-06-07T11:00:49.329Z</time></trkpt><trkpt lat="42.918056" lon="-8.240778"><ele>354.844</ele><time>2025-06-07T11:00:53.329Z</time></trkpt><trkpt lat="42.918031" lon="-8.240841"><ele>354.005</ele><time>2025-06-07T11:00:57.329Z</time></trkpt><trkpt lat="42.918025" lon="-8.240911"><ele>353.315</ele><time>2025-06-07T11:01:01.328Z</time></trkpt><trkpt lat="42.918012" lon="-8.240979"><ele>352.609</ele><time>2025-06-07T11:01:05.329Z</time></trkpt><trkpt lat="42.917983" lon="-8.241040"><ele>352.096</ele><time>2025-06-07T11:01:09.328Z</time></trkpt><trkpt lat="42.917959" lon="-8.241097"><ele>351.525</ele><time>2025-06-07T11:01:13.329Z</time></trkpt><trkpt lat="42.917937" lon="-8.241159"><ele>351.171</ele><time>2025-06-07T11:01:17.329Z</time></trkpt><trkpt lat="42.917915" lon="-8.241223"><ele>350.754</ele><time>2025-06-07T11:01:21.329Z</time></trkpt><trkpt lat="42.917886" lon="-8.241283"><ele>350.484</ele><time>2025-06-07T11:01:25.329Z</time></trkpt><trkpt lat="42.917855" lon="-8.241343"><ele>350.175</ele><time>2025-06-07T11:01:29.329Z</time></trkpt><trkpt lat="42.917825" lon="-8.241403"><ele>349.894</ele><time>2025-06-07T11:01:33.329Z</time></trkpt><trkpt lat="42.917794" lon="-8.241461"><ele>349.723</ele><time>2025-06-07T11:01:37.329Z</time></trkpt><trkpt lat="42.917768" lon="-8.241533"><ele>349.515</ele><time>2025-06-07T11:01:41.329Z</time></trkpt><trkpt lat="42.917755" lon="-8.241600"><ele>349.382</ele><time>2025-06-07T11:01:44.329Z</time></trkpt><trkpt lat="42.917751" lon="-8.241661"><ele>349.143</ele><time>2025-06-07T11:01:47.328Z</time></trkpt><trkpt lat="42.917757" lon="-8.241734"><ele>348.817</ele><time>2025-06-07T11:01:51.329Z</time></trkpt><trkpt lat="42.917768" lon="-8.241806"><ele>348.509</ele><time>2025-06-07T11:01:55.329Z</time></trkpt><trkpt lat="42.917792" lon="-8.241869"><ele>348.270</ele><time>2025-06-07T11:01:59.329Z</time></trkpt><trkpt lat="42.917809" lon="-8.241933"><ele>347.969</ele><time>2025-06-07T11:02:03.329Z</time></trkpt><trkpt lat="42.917829" lon="-8.241994"><ele>347.795</ele><time>2025-06-07T11:02:07.329Z</time></trkpt><trkpt lat="42.917854" lon="-8.242053"><ele>347.488</ele><time>2025-06-07T11:02:11.329Z</time></trkpt><trkpt lat="42.917857" lon="-8.242124"><ele>347.388</ele><time>2025-06-07T11:02:15.329Z</time></trkpt><trkpt lat="42.917850" lon="-8.242186"><ele>347.199</ele><time>2025-06-07T11:02:18.329Z</time></trkpt><trkpt lat="42.917851" lon="-8.242256"><ele>346.988</ele><time>2025-06-07T11:02:22.329Z</time></trkpt><trkpt lat="42.917866" lon="-8.242320"><ele>346.657</ele><time>2025-06-07T11:02:26.329Z</time></trkpt><trkpt lat="42.917887" lon="-8.242380"><ele>346.489</ele><time>2025-06-07T11:02:30.328Z</time></trkpt><trkpt lat="42.917914" lon="-8.242455"><ele>346.231</ele><time>2025-06-07T11:02:34.329Z</time></trkpt><trkpt lat="42.917945" lon="-8.242515"><ele>345.961</ele><time>2025-06-07T11:02:38.329Z</time></trkpt><trkpt lat="42.917971" lon="-8.242568"><ele>345.607</ele><time>2025-06-07T11:02:42.329Z</time></trkpt><trkpt lat="42.917991" lon="-8.242630"><ele>345.209</ele><time>2025-06-07T11:02:46.328Z</time></trkpt><trkpt lat="42.918014" lon="-8.242688"><ele>344.715</ele><time>2025-06-07T11:02:50.328Z</time></trkpt><trkpt lat="42.918039" lon="-8.242759"><ele>344.264</ele><time>2025-06-07T11:02:54.329Z</time></trkpt><trkpt lat="42.918059" lon="-8.242826"><ele>343.690</ele><time>2025-06-07T11:02:58.329Z</time></trkpt><trkpt lat="42.918099" lon="-8.242878"><ele>343.223</ele><time>2025-06-07T11:03:02.329Z</time></trkpt><trkpt lat="42.918139" lon="-8.242933"><ele>342.873</ele><time>2025-06-07T11:03:06.329Z</time></trkpt><trkpt lat="42.918179" lon="-8.242986"><ele>342.444</ele><time>2025-06-07T11:03:10.329Z</time></trkpt><trkpt lat="42.918207" lon="-8.243048"><ele>342.063</ele><time>2025-06-07T11:03:14.329Z</time></trkpt><trkpt lat="42.918223" lon="-8.243119"><ele>341.632</ele><time>2025-06-07T11:03:18.329Z</time></trkpt><trkpt lat="42.918243" lon="-8.243188"><ele>341.214</ele><time>2025-06-07T11:03:22.329Z</time></trkpt><trkpt lat="42.918232" lon="-8.243255"><ele>340.839</ele><time>2025-06-07T11:03:25.328Z</time></trkpt><trkpt lat="42.918217" lon="-8.243327"><ele>340.501</ele><time>2025-06-07T11:03:28.329Z</time></trkpt><trkpt lat="42.918177" lon="-8.243376"><ele>340.321</ele><time>2025-06-07T11:03:32.329Z</time></trkpt><trkpt lat="42.918125" lon="-8.243407"><ele>340.309</ele><time>2025-06-07T11:03:37.329Z</time></trkpt><trkpt lat="42.918079" lon="-8.243425"><ele>340.355</ele><time>2025-06-07T11:03:41.330Z</time></trkpt><trkpt lat="42.918031" lon="-8.243439"><ele>340.264</ele><time>2025-06-07T11:03:45.330Z</time></trkpt><trkpt lat="42.917984" lon="-8.243445"><ele>340.270</ele><time>2025-06-07T11:03:49.330Z</time></trkpt><trkpt lat="42.917941" lon="-8.243479"><ele>340.093</ele><time>2025-06-07T11:03:53.330Z</time></trkpt><trkpt lat="42.917923" lon="-8.243552"><ele>339.423</ele><time>2025-06-07T11:03:57.330Z</time></trkpt><trkpt lat="42.917936" lon="-8.243622"><ele>339.014</ele><time>2025-06-07T11:04:01.330Z</time></trkpt><trkpt lat="42.917955" lon="-8.243697"><ele>338.733</ele><time>2025-06-07T11:04:05.330Z</time></trkpt><trkpt lat="42.917957" lon="-8.243769"><ele>338.412</ele><time>2025-06-07T11:04:09.330Z</time></trkpt><trkpt lat="42.917910" lon="-8.243768"><ele>338.434</ele><time>2025-06-07T11:04:12.330Z</time></trkpt><trkpt lat="42.917937" lon="-8.243825"><ele>338.265</ele><time>2025-06-07T11:04:24.330Z</time></trkpt><trkpt lat="42.917946" lon="-8.243890"><ele>338.068</ele><time>2025-06-07T11:04:27.330Z</time></trkpt><trkpt lat="42.917955" lon="-8.243953"><ele>337.714</ele><time>2025-06-07T11:04:30.329Z</time></trkpt><trkpt lat="42.917971" lon="-8.244028"><ele>337.309</ele><time>2025-06-07T11:04:34.330Z</time></trkpt><trkpt lat="42.917964" lon="-8.244090"><ele>337.028</ele><time>2025-06-07T11:04:37.330Z</time></trkpt><trkpt lat="42.917967" lon="-8.244168"><ele>336.797</ele><time>2025-06-07T11:04:41.330Z</time></trkpt><trkpt lat="42.917971" lon="-8.244245"><ele>336.713</ele><time>2025-06-07T11:04:45.330Z</time></trkpt><trkpt lat="42.917970" lon="-8.244313"><ele>336.746</ele><time>2025-06-07T11:04:49.330Z</time></trkpt><trkpt lat="42.917972" lon="-8.244381"><ele>336.756</ele><time>2025-06-07T11:04:53.329Z</time></trkpt><trkpt lat="42.917957" lon="-8.244442"><ele>336.687</ele><time>2025-06-07T11:04:57.329Z</time></trkpt><trkpt lat="42.917920" lon="-8.244481"><ele>336.656</ele><time>2025-06-07T11:05:01.330Z</time></trkpt><trkpt lat="42.917897" lon="-8.244545"><ele>336.685</ele><time>2025-06-07T11:05:05.330Z</time></trkpt><trkpt lat="42.917878" lon="-8.244601"><ele>336.767</ele><time>2025-06-07T11:05:08.329Z</time></trkpt><trkpt lat="42.917861" lon="-8.244664"><ele>336.933</ele><time>2025-06-07T11:05:12.330Z</time></trkpt><trkpt lat="42.917836" lon="-8.244716"><ele>337.023</ele><time>2025-06-07T11:05:16.330Z</time></trkpt><trkpt lat="42.917817" lon="-8.244777"><ele>337.415</ele><time>2025-06-07T11:05:20.330Z</time></trkpt><trkpt lat="42.917808" lon="-8.244838"><ele>337.809</ele><time>2025-06-07T11:05:24.330Z</time></trkpt><trkpt lat="42.917803" lon="-8.244901"><ele>338.345</ele><time>2025-06-07T11:05:28.330Z</time></trkpt><trkpt lat="42.917797" lon="-8.244975"><ele>338.844</ele><time>2025-06-07T11:05:33.330Z</time></trkpt><trkpt lat="42.917803" lon="-8.245037"><ele>339.190</ele><time>2025-06-07T11:05:37.330Z</time></trkpt><trkpt lat="42.917813" lon="-8.245102"><ele>339.413</ele><time>2025-06-07T11:05:41.329Z</time></trkpt><trkpt lat="42.917802" lon="-8.245177"><ele>339.643</ele><time>2025-06-07T11:05:46.330Z</time></trkpt><trkpt lat="42.917797" lon="-8.245241"><ele>339.934</ele><time>2025-06-07T11:05:50.330Z</time></trkpt><trkpt lat="42.917787" lon="-8.245304"><ele>340.013</ele><time>2025-06-07T11:05:54.330Z</time></trkpt><trkpt lat="42.917774" lon="-8.245365"><ele>340.052</ele><time>2025-06-07T11:05:58.330Z</time></trkpt><trkpt lat="42.917774" lon="-8.245434"><ele>340.024</ele><time>2025-06-07T11:06:02.330Z</time></trkpt><trkpt lat="42.917771" lon="-8.245505"><ele>340.087</ele><time>2025-06-07T11:06:06.330Z</time></trkpt><trkpt lat="42.917770" lon="-8.245577"><ele>340.142</ele><time>2025-06-07T11:06:10.330Z</time></trkpt><trkpt lat="42.917771" lon="-8.245650"><ele>340.426</ele><time>2025-06-07T11:06:14.329Z</time></trkpt><trkpt lat="42.917777" lon="-8.245721"><ele>340.609</ele><time>2025-06-07T11:06:18.329Z</time></trkpt><trkpt lat="42.917787" lon="-8.245793"><ele>340.910</ele><time>2025-06-07T11:06:22.330Z</time></trkpt><trkpt lat="42.917802" lon="-8.245863"><ele>341.139</ele><time>2025-06-07T11:06:26.330Z</time></trkpt><trkpt lat="42.917822" lon="-8.245927"><ele>341.345</ele><time>2025-06-07T11:06:30.329Z</time></trkpt><trkpt lat="42.917843" lon="-8.245987"><ele>341.678</ele><time>2025-06-07T11:06:34.330Z</time></trkpt><trkpt lat="42.917864" lon="-8.246049"><ele>341.818</ele><time>2025-06-07T11:06:38.329Z</time></trkpt><trkpt lat="42.917886" lon="-8.246111"><ele>342.019</ele><time>2025-06-07T11:06:42.329Z</time></trkpt><trkpt lat="42.917906" lon="-8.246177"><ele>342.218</ele><time>2025-06-07T11:06:46.330Z</time></trkpt><trkpt lat="42.917929" lon="-8.246250"><ele>342.597</ele><time>2025-06-07T11:06:50.329Z</time></trkpt><trkpt lat="42.917937" lon="-8.246318"><ele>342.739</ele><time>2025-06-07T11:06:54.330Z</time></trkpt><trkpt lat="42.917950" lon="-8.246384"><ele>343.011</ele><time>2025-06-07T11:06:58.330Z</time></trkpt><trkpt lat="42.917964" lon="-8.246449"><ele>343.021</ele><time>2025-06-07T11:07:02.329Z</time></trkpt><trkpt lat="42.917974" lon="-8.246516"><ele>343.003</ele><time>2025-06-07T11:07:06.329Z</time></trkpt><trkpt lat="42.917996" lon="-8.246585"><ele>343.009</ele><time>2025-06-07T11:07:10.330Z</time></trkpt><trkpt lat="42.918007" lon="-8.246661"><ele>343.093</ele><time>2025-06-07T11:07:14.329Z</time></trkpt><trkpt lat="42.918012" lon="-8.246744"><ele>343.052</ele><time>2025-06-07T11:07:18.329Z</time></trkpt><trkpt lat="42.918025" lon="-8.246823"><ele>343.198</ele><time>2025-06-07T11:07:22.330Z</time></trkpt><trkpt lat="42.918041" lon="-8.246882"><ele>343.051</ele><time>2025-06-07T11:07:25.330Z</time></trkpt><trkpt lat="42.918044" lon="-8.246958"><ele>343.161</ele><time>2025-06-07T11:07:29.329Z</time></trkpt><trkpt lat="42.918048" lon="-8.247021"><ele>343.392</ele><time>2025-06-07T11:07:32.330Z</time></trkpt><trkpt lat="42.918053" lon="-8.247084"><ele>343.571</ele><time>2025-06-07T11:07:35.330Z</time></trkpt><trkpt lat="42.918067" lon="-8.247163"><ele>343.850</ele><time>2025-06-07T11:07:39.330Z</time></trkpt><trkpt lat="42.918075" lon="-8.247226"><ele>344.022</ele><time>2025-06-07T11:07:42.330Z</time></trkpt><trkpt lat="42.918090" lon="-8.247291"><ele>344.237</ele><time>2025-06-07T11:07:46.330Z</time></trkpt><trkpt lat="42.918108" lon="-8.247360"><ele>344.549</ele><time>2025-06-07T11:07:50.330Z</time></trkpt><trkpt lat="42.918128" lon="-8.247431"><ele>344.813</ele><time>2025-06-07T11:07:55.330Z</time></trkpt><trkpt lat="42.918138" lon="-8.247500"><ele>345.009</ele><time>2025-06-07T11:07:59.330Z</time></trkpt><trkpt lat="42.918151" lon="-8.247573"><ele>345.435</ele><time>2025-06-07T11:08:04.329Z</time></trkpt><trkpt lat="42.918161" lon="-8.247633"><ele>345.814</ele><time>2025-06-07T11:08:08.330Z</time></trkpt><trkpt lat="42.918165" lon="-8.247695"><ele>346.140</ele><time>2025-06-07T11:08:12.330Z</time></trkpt><trkpt lat="42.918170" lon="-8.247763"><ele>346.523</ele><time>2025-06-07T11:08:16.330Z</time></trkpt><trkpt lat="42.918189" lon="-8.247825"><ele>346.783</ele><time>2025-06-07T11:08:20.330Z</time></trkpt><trkpt lat="42.918198" lon="-8.247900"><ele>346.964</ele><time>2025-06-07T11:08:25.330Z</time></trkpt><trkpt lat="42.918208" lon="-8.247965"><ele>347.173</ele><time>2025-06-07T11:08:29.330Z</time></trkpt><trkpt lat="42.918221" lon="-8.248029"><ele>347.322</ele><time>2025-06-07T11:08:33.330Z</time></trkpt><trkpt lat="42.918232" lon="-8.248098"><ele>347.634</ele><time>2025-06-07T11:08:37.330Z</time></trkpt><trkpt lat="42.918239" lon="-8.248172"><ele>347.997</ele><time>2025-06-07T11:08:41.330Z</time></trkpt><trkpt lat="42.918255" lon="-8.248239"><ele>348.123</ele><time>2025-06-07T11:08:45.330Z</time></trkpt><trkpt lat="42.918268" lon="-8.248308"><ele>348.425</ele><time>2025-06-07T11:08:49.330Z</time></trkpt><trkpt lat="42.918285" lon="-8.248376"><ele>348.609</ele><time>2025-06-07T11:08:53.330Z</time></trkpt><trkpt lat="42.918300" lon="-8.248453"><ele>349.171</ele><time>2025-06-07T11:08:57.330Z</time></trkpt><trkpt lat="42.918311" lon="-8.248514"><ele>349.410</ele><time>2025-06-07T11:09:00.330Z</time></trkpt><trkpt lat="42.918313" lon="-8.248575"><ele>349.866</ele><time>2025-06-07T11:09:03.330Z</time></trkpt><trkpt lat="42.918333" lon="-8.248644"><ele>350.029</ele><time>2025-06-07T11:09:07.330Z</time></trkpt><trkpt lat="42.918341" lon="-8.248715"><ele>350.089</ele><time>2025-06-07T11:09:11.330Z</time></trkpt><trkpt lat="42.918351" lon="-8.248781"><ele>350.060</ele><time>2025-06-07T11:09:15.329Z</time></trkpt><trkpt lat="42.918364" lon="-8.248847"><ele>350.069</ele><time>2025-06-07T11:09:19.330Z</time></trkpt><trkpt lat="42.918381" lon="-8.248911"><ele>350.168</ele><time>2025-06-07T11:09:23.330Z</time></trkpt><trkpt lat="42.918398" lon="-8.248971"><ele>350.340</ele><time>2025-06-07T11:09:26.330Z</time></trkpt><trkpt lat="42.918422" lon="-8.249028"><ele>350.556</ele><time>2025-06-07T11:09:29.330Z</time></trkpt><trkpt lat="42.918431" lon="-8.249100"><ele>350.859</ele><time>2025-06-07T11:09:33.330Z</time></trkpt><trkpt lat="42.918443" lon="-8.249166"><ele>351.014</ele><time>2025-06-07T11:09:37.330Z</time></trkpt><trkpt lat="42.918460" lon="-8.249229"><ele>351.309</ele><time>2025-06-07T11:09:41.330Z</time></trkpt><trkpt lat="42.918471" lon="-8.249305"><ele>351.717</ele><time>2025-06-07T11:09:45.330Z</time></trkpt><trkpt lat="42.918483" lon="-8.249375"><ele>352.156</ele><time>2025-06-07T11:09:49.330Z</time></trkpt><trkpt lat="42.918495" lon="-8.249444"><ele>352.482</ele><time>2025-06-07T11:09:53.330Z</time></trkpt><trkpt lat="42.918511" lon="-8.249511"><ele>352.995</ele><time>2025-06-07T11:09:57.330Z</time></trkpt><trkpt lat="42.918523" lon="-8.249580"><ele>353.475</ele><time>2025-06-07T11:10:01.330Z</time></trkpt><trkpt lat="42.918535" lon="-8.249652"><ele>354.086</ele><time>2025-06-07T11:10:05.330Z</time></trkpt><trkpt lat="42.918547" lon="-8.249717"><ele>354.435</ele><time>2025-06-07T11:10:09.330Z</time></trkpt><trkpt lat="42.918553" lon="-8.249784"><ele>354.844</ele><time>2025-06-07T11:10:13.329Z</time></trkpt><trkpt lat="42.918562" lon="-8.249854"><ele>355.296</ele><time>2025-06-07T11:10:17.330Z</time></trkpt><trkpt lat="42.918571" lon="-8.249929"><ele>355.762</ele><time>2025-06-07T11:10:21.330Z</time></trkpt><trkpt lat="42.918576" lon="-8.249992"><ele>356.183</ele><time>2025-06-07T11:10:24.330Z</time></trkpt><trkpt lat="42.918585" lon="-8.250066"><ele>355.911</ele><time>2025-06-07T11:10:28.330Z</time></trkpt><trkpt lat="42.918611" lon="-8.250119"><ele>355.609</ele><time>2025-06-07T11:10:32.329Z</time></trkpt><trkpt lat="42.918626" lon="-8.250181"><ele>355.488</ele><time>2025-06-07T11:10:36.330Z</time></trkpt><trkpt lat="42.918644" lon="-8.250238"><ele>355.247</ele><time>2025-06-07T11:10:40.330Z</time></trkpt><trkpt lat="42.918659" lon="-8.250296"><ele>355.253</ele><time>2025-06-07T11:10:44.330Z</time></trkpt><trkpt lat="42.918675" lon="-8.250363"><ele>355.536</ele><time>2025-06-07T11:10:48.330Z</time></trkpt><trkpt lat="42.918687" lon="-8.250430"><ele>355.796</ele><time>2025-06-07T11:10:52.329Z</time></trkpt><trkpt lat="42.918699" lon="-8.250491"><ele>355.837</ele><time>2025-06-07T11:10:56.330Z</time></trkpt><trkpt lat="42.918711" lon="-8.250560"><ele>356.166</ele><time>2025-06-07T11:11:00.330Z</time></trkpt><trkpt lat="42.918721" lon="-8.250633"><ele>357.195</ele><time>2025-06-07T11:11:04.330Z</time></trkpt><trkpt lat="42.918732" lon="-8.250700"><ele>358.157</ele><time>2025-06-07T11:11:08.330Z</time></trkpt><trkpt lat="42.918748" lon="-8.250763"><ele>359.029</ele><time>2025-06-07T11:11:12.330Z</time></trkpt><trkpt lat="42.918763" lon="-8.250826"><ele>359.900</ele><time>2025-06-07T11:11:16.330Z</time></trkpt><trkpt lat="42.918778" lon="-8.250892"><ele>360.920</ele><time>2025-06-07T11:11:20.329Z</time></trkpt><trkpt lat="42.918801" lon="-8.250957"><ele>361.909</ele><time>2025-06-07T11:11:24.329Z</time></trkpt><trkpt lat="42.918831" lon="-8.251014"><ele>362.734</ele><time>2025-06-07T11:11:28.330Z</time></trkpt><trkpt lat="42.918861" lon="-8.251068"><ele>363.533</ele><time>2025-06-07T11:11:32.330Z</time></trkpt><trkpt lat="42.918880" lon="-8.251141"><ele>364.219</ele><time>2025-06-07T11:11:36.330Z</time></trkpt><trkpt lat="42.918902" lon="-8.251209"><ele>364.752</ele><time>2025-06-07T11:11:40.330Z</time></trkpt><trkpt lat="42.918925" lon="-8.251267"><ele>365.082</ele><time>2025-06-07T11:11:44.330Z</time></trkpt><trkpt lat="42.918951" lon="-8.251321"><ele>365.343</ele><time>2025-06-07T11:11:49.330Z</time></trkpt><trkpt lat="42.918983" lon="-8.251383"><ele>365.682</ele><time>2025-06-07T11:11:54.330Z</time></trkpt><trkpt lat="42.919009" lon="-8.251434"><ele>365.861</ele><time>2025-06-07T11:11:57.330Z</time></trkpt><trkpt lat="42.919035" lon="-8.251497"><ele>366.113</ele><time>2025-06-07T11:12:01.330Z</time></trkpt><trkpt lat="42.919061" lon="-8.251555"><ele>366.368</ele><time>2025-06-07T11:12:05.330Z</time></trkpt><trkpt lat="42.919097" lon="-8.251610"><ele>366.642</ele><time>2025-06-07T11:12:09.330Z</time></trkpt><trkpt lat="42.919125" lon="-8.251679"><ele>367.026</ele><time>2025-06-07T11:12:13.330Z</time></trkpt><trkpt lat="42.919169" lon="-8.251731"><ele>367.209</ele><time>2025-06-07T11:12:17.330Z</time></trkpt><trkpt lat="42.919212" lon="-8.251778"><ele>367.498</ele><time>2025-06-07T11:12:20.330Z</time></trkpt><trkpt lat="42.919248" lon="-8.251819"><ele>367.537</ele><time>2025-06-07T11:12:23.330Z</time></trkpt><trkpt lat="42.919284" lon="-8.251882"><ele>367.823</ele><time>2025-06-07T11:12:27.330Z</time></trkpt><trkpt lat="42.919312" lon="-8.251934"><ele>368.076</ele><time>2025-06-07T11:12:30.330Z</time></trkpt><trkpt lat="42.919352" lon="-8.251978"><ele>368.136</ele><time>2025-06-07T11:12:34.330Z</time></trkpt><trkpt lat="42.919383" lon="-8.252029"><ele>368.397</ele><time>2025-06-07T11:12:38.330Z</time></trkpt><trkpt lat="42.919403" lon="-8.252090"><ele>368.556</ele><time>2025-06-07T11:12:42.330Z</time></trkpt><trkpt lat="42.919419" lon="-8.252154"><ele>368.895</ele><time>2025-06-07T11:12:46.330Z</time></trkpt><trkpt lat="42.919448" lon="-8.252216"><ele>369.017</ele><time>2025-06-07T11:12:50.330Z</time></trkpt><trkpt lat="42.919475" lon="-8.252282"><ele>369.158</ele><time>2025-06-07T11:12:54.330Z</time></trkpt><trkpt lat="42.919496" lon="-8.252346"><ele>369.352</ele><time>2025-06-07T11:12:58.330Z</time></trkpt><trkpt lat="42.919534" lon="-8.252379"><ele>369.417</ele><time>2025-06-07T11:13:02.330Z</time></trkpt><trkpt lat="42.919553" lon="-8.252438"><ele>369.709</ele><time>2025-06-07T11:13:06.329Z</time></trkpt><trkpt lat="42.919566" lon="-8.252500"><ele>370.097</ele><time>2025-06-07T11:13:11.330Z</time></trkpt><trkpt lat="42.919599" lon="-8.252561"><ele>370.726</ele><time>2025-06-07T11:13:15.329Z</time></trkpt><trkpt lat="42.919635" lon="-8.252625"><ele>371.572</ele><time>2025-06-07T11:13:19.329Z</time></trkpt><trkpt lat="42.919652" lon="-8.252694"><ele>372.475</ele><time>2025-06-07T11:13:23.330Z</time></trkpt><trkpt lat="42.919676" lon="-8.252754"><ele>373.475</ele><time>2025-06-07T11:13:27.330Z</time></trkpt><trkpt lat="42.919716" lon="-8.252796"><ele>374.196</ele><time>2025-06-07T11:13:31.330Z</time></trkpt><trkpt lat="42.919758" lon="-8.252820"><ele>374.315</ele><time>2025-06-07T11:13:35.329Z</time></trkpt><trkpt lat="42.919804" lon="-8.252867"><ele>374.784</ele><time>2025-06-07T11:13:40.330Z</time></trkpt><trkpt lat="42.919850" lon="-8.252896"><ele>375.086</ele><time>2025-06-07T11:13:44.330Z</time></trkpt><trkpt lat="42.919892" lon="-8.252920"><ele>375.352</ele><time>2025-06-07T11:13:48.330Z</time></trkpt><trkpt lat="42.919940" lon="-8.252960"><ele>375.853</ele><time>2025-06-07T11:13:53.330Z</time></trkpt><trkpt lat="42.919986" lon="-8.253003"><ele>376.408</ele><time>2025-06-07T11:13:57.330Z</time></trkpt><trkpt lat="42.920024" lon="-8.253038"><ele>376.709</ele><time>2025-06-07T11:14:01.329Z</time></trkpt><trkpt lat="42.920063" lon="-8.253070"><ele>376.987</ele><time>2025-06-07T11:14:05.330Z</time></trkpt><trkpt lat="42.920116" lon="-8.253082"><ele>376.836</ele><time>2025-06-07T11:14:09.330Z</time></trkpt><trkpt lat="42.920167" lon="-8.253100"><ele>376.832</ele><time>2025-06-07T11:14:13.330Z</time></trkpt><trkpt lat="42.920217" lon="-8.253114"><ele>376.885</ele><time>2025-06-07T11:14:17.329Z</time></trkpt><trkpt lat="42.920267" lon="-8.253150"><ele>377.065</ele><time>2025-06-07T11:14:21.331Z</time></trkpt><trkpt lat="42.920319" lon="-8.253159"><ele>377.056</ele><time>2025-06-07T11:14:25.331Z</time></trkpt><trkpt lat="42.920366" lon="-8.253174"><ele>377.195</ele><time>2025-06-07T11:14:28.331Z</time></trkpt><trkpt lat="42.920417" lon="-8.253211"><ele>377.524</ele><time>2025-06-07T11:14:32.331Z</time></trkpt><trkpt lat="42.920454" lon="-8.253250"><ele>377.956</ele><time>2025-06-07T11:14:35.331Z</time></trkpt><trkpt lat="42.920501" lon="-8.253294"><ele>378.552</ele><time>2025-06-07T11:14:39.330Z</time></trkpt><trkpt lat="42.920539" lon="-8.253338"><ele>379.053</ele><time>2025-06-07T11:14:43.331Z</time></trkpt><trkpt lat="42.920579" lon="-8.253377"><ele>378.908</ele><time>2025-06-07T11:14:47.330Z</time></trkpt><trkpt lat="42.920624" lon="-8.253433"><ele>378.709</ele><time>2025-06-07T11:14:51.331Z</time></trkpt><trkpt lat="42.920672" lon="-8.253460"><ele>378.457</ele><time>2025-06-07T11:14:54.331Z</time></trkpt><trkpt lat="42.920715" lon="-8.253515"><ele>378.336</ele><time>2025-06-07T11:14:58.331Z</time></trkpt><trkpt lat="42.920745" lon="-8.253573"><ele>378.412</ele><time>2025-06-07T11:15:02.331Z</time></trkpt><trkpt lat="42.920774" lon="-8.253631"><ele>378.555</ele><time>2025-06-07T11:15:06.331Z</time></trkpt><trkpt lat="42.920806" lon="-8.253694"><ele>378.555</ele><time>2025-06-07T11:15:10.331Z</time></trkpt><trkpt lat="42.920849" lon="-8.253738"><ele>378.386</ele><time>2025-06-07T11:15:14.331Z</time></trkpt><trkpt lat="42.920898" lon="-8.253781"><ele>378.155</ele><time>2025-06-07T11:15:18.330Z</time></trkpt><trkpt lat="42.920938" lon="-8.253826"><ele>377.944</ele><time>2025-06-07T11:15:22.331Z</time></trkpt><trkpt lat="42.920976" lon="-8.253872"><ele>377.946</ele><time>2025-06-07T11:15:26.331Z</time></trkpt><trkpt lat="42.921019" lon="-8.253925"><ele>377.912</ele><time>2025-06-07T11:15:30.330Z</time></trkpt><trkpt lat="42.921056" lon="-8.253982"><ele>378.132</ele><time>2025-06-07T11:15:34.331Z</time></trkpt><trkpt lat="42.921089" lon="-8.254045"><ele>378.305</ele><time>2025-06-07T11:15:38.331Z</time></trkpt><trkpt lat="42.921114" lon="-8.254101"><ele>378.509</ele><time>2025-06-07T11:15:41.331Z</time></trkpt><trkpt lat="42.921140" lon="-8.254171"><ele>378.713</ele><time>2025-06-07T11:15:45.330Z</time></trkpt><trkpt lat="42.921169" lon="-8.254224"><ele>378.642</ele><time>2025-06-07T11:15:48.331Z</time></trkpt><trkpt lat="42.921193" lon="-8.254296"><ele>378.728</ele><time>2025-06-07T11:15:52.331Z</time></trkpt><trkpt lat="42.921219" lon="-8.254355"><ele>378.841</ele><time>2025-06-07T11:15:56.331Z</time></trkpt><trkpt lat="42.921241" lon="-8.254421"><ele>378.921</ele><time>2025-06-07T11:16:00.331Z</time></trkpt><trkpt lat="42.921275" lon="-8.254477"><ele>379.032</ele><time>2025-06-07T11:16:04.331Z</time></trkpt><trkpt lat="42.921300" lon="-8.254532"><ele>379.211</ele><time>2025-06-07T11:16:08.330Z</time></trkpt><trkpt lat="42.921324" lon="-8.254592"><ele>379.440</ele><time>2025-06-07T11:16:12.331Z</time></trkpt><trkpt lat="42.921348" lon="-8.254662"><ele>379.722</ele><time>2025-06-07T11:16:16.331Z</time></trkpt><trkpt lat="42.921377" lon="-8.254730"><ele>380.167</ele><time>2025-06-07T11:16:20.331Z</time></trkpt><trkpt lat="42.921404" lon="-8.254800"><ele>380.581</ele><time>2025-06-07T11:16:24.330Z</time></trkpt><trkpt lat="42.921435" lon="-8.254866"><ele>380.919</ele><time>2025-06-07T11:16:28.331Z</time></trkpt><trkpt lat="42.921461" lon="-8.254930"><ele>381.209</ele><time>2025-06-07T11:16:32.331Z</time></trkpt><trkpt lat="42.921483" lon="-8.254994"><ele>381.618</ele><time>2025-06-07T11:16:36.331Z</time></trkpt><trkpt lat="42.921507" lon="-8.255050"><ele>381.957</ele><time>2025-06-07T11:16:40.331Z</time></trkpt><trkpt lat="42.921525" lon="-8.255117"><ele>382.153</ele><time>2025-06-07T11:16:44.330Z</time></trkpt><trkpt lat="42.921543" lon="-8.255184"><ele>382.456</ele><time>2025-06-07T11:16:48.331Z</time></trkpt><trkpt lat="42.921561" lon="-8.255252"><ele>382.616</ele><time>2025-06-07T11:16:52.331Z</time></trkpt><trkpt lat="42.921580" lon="-8.255313"><ele>382.637</ele><time>2025-06-07T11:16:56.331Z</time></trkpt><trkpt lat="42.921599" lon="-8.255380"><ele>382.416</ele><time>2025-06-07T11:17:00.331Z</time></trkpt><trkpt lat="42.921617" lon="-8.255446"><ele>382.255</ele><time>2025-06-07T11:17:04.331Z</time></trkpt><trkpt lat="42.921642" lon="-8.255510"><ele>382.167</ele><time>2025-06-07T11:17:08.331Z</time></trkpt><trkpt lat="42.921665" lon="-8.255566"><ele>381.968</ele><time>2025-06-07T11:17:12.331Z</time></trkpt><trkpt lat="42.921684" lon="-8.255626"><ele>381.442</ele><time>2025-06-07T11:17:16.331Z</time></trkpt><trkpt lat="42.921706" lon="-8.255689"><ele>380.926</ele><time>2025-06-07T11:17:20.330Z</time></trkpt><trkpt lat="42.921734" lon="-8.255757"><ele>380.409</ele><time>2025-06-07T11:17:24.331Z</time></trkpt><trkpt lat="42.921765" lon="-8.255819"><ele>380.118</ele><time>2025-06-07T11:17:28.330Z</time></trkpt><trkpt lat="42.921798" lon="-8.255884"><ele>379.697</ele><time>2025-06-07T11:17:32.331Z</time></trkpt><trkpt lat="42.921826" lon="-8.255942"><ele>379.283</ele><time>2025-06-07T11:17:36.331Z</time></trkpt><trkpt lat="42.921864" lon="-8.255998"><ele>378.846</ele><time>2025-06-07T11:17:40.331Z</time></trkpt><trkpt lat="42.921891" lon="-8.256062"><ele>378.426</ele><time>2025-06-07T11:17:44.331Z</time></trkpt><trkpt lat="42.921919" lon="-8.256121"><ele>378.057</ele><time>2025-06-07T11:17:48.331Z</time></trkpt><trkpt lat="42.921945" lon="-8.256183"><ele>377.776</ele><time>2025-06-07T11:17:53.331Z</time></trkpt><trkpt lat="42.921978" lon="-8.256237"><ele>377.765</ele><time>2025-06-07T11:17:57.331Z</time></trkpt><trkpt lat="42.922016" lon="-8.256290"><ele>377.657</ele><time>2025-06-07T11:18:01.330Z</time></trkpt><trkpt lat="42.922051" lon="-8.256346"><ele>377.549</ele><time>2025-06-07T11:18:05.331Z</time></trkpt><trkpt lat="42.922093" lon="-8.256395"><ele>377.502</ele><time>2025-06-07T11:18:09.331Z</time></trkpt><trkpt lat="42.922124" lon="-8.256444"><ele>377.422</ele><time>2025-06-07T11:18:13.330Z</time></trkpt><trkpt lat="42.922155" lon="-8.256497"><ele>377.409</ele><time>2025-06-07T11:18:17.330Z</time></trkpt><trkpt lat="42.922191" lon="-8.256555"><ele>377.326</ele><time>2025-06-07T11:18:21.331Z</time></trkpt><trkpt lat="42.922214" lon="-8.256625"><ele>377.135</ele><time>2025-06-07T11:18:25.331Z</time></trkpt><trkpt lat="42.922238" lon="-8.256684"><ele>377.171</ele><time>2025-06-07T11:18:28.331Z</time></trkpt><trkpt lat="42.922265" lon="-8.256751"><ele>377.254</ele><time>2025-06-07T11:18:32.331Z</time></trkpt><trkpt lat="42.922276" lon="-8.256823"><ele>377.234</ele><time>2025-06-07T11:18:36.331Z</time></trkpt><trkpt lat="42.922292" lon="-8.256899"><ele>377.325</ele><time>2025-06-07T11:18:40.331Z</time></trkpt><trkpt lat="42.922314" lon="-8.256970"><ele>377.374</ele><time>2025-06-07T11:18:44.331Z</time></trkpt><trkpt lat="42.922324" lon="-8.257037"><ele>377.283</ele><time>2025-06-07T11:18:48.331Z</time></trkpt><trkpt lat="42.922338" lon="-8.257111"><ele>377.175</ele><time>2025-06-07T11:18:52.331Z</time></trkpt><trkpt lat="42.922343" lon="-8.257188"><ele>376.942</ele><time>2025-06-07T11:18:55.331Z</time></trkpt><trkpt lat="42.922344" lon="-8.257254"><ele>376.922</ele><time>2025-06-07T11:18:58.330Z</time></trkpt><trkpt lat="42.922357" lon="-8.257329"><ele>377.014</ele><time>2025-06-07T11:19:02.331Z</time></trkpt><trkpt lat="42.922369" lon="-8.257392"><ele>377.109</ele><time>2025-06-07T11:19:05.331Z</time></trkpt><trkpt lat="42.922377" lon="-8.257466"><ele>377.136</ele><time>2025-06-07T11:19:09.331Z</time></trkpt><trkpt lat="42.922381" lon="-8.257541"><ele>377.255</ele><time>2025-06-07T11:19:12.331Z</time></trkpt><trkpt lat="42.922377" lon="-8.257612"><ele>377.391</ele><time>2025-06-07T11:19:15.330Z</time></trkpt><trkpt lat="42.922384" lon="-8.257677"><ele>377.574</ele><time>2025-06-07T11:19:18.331Z</time></trkpt><trkpt lat="42.922388" lon="-8.257753"><ele>377.734</ele><time>2025-06-07T11:19:22.331Z</time></trkpt><trkpt lat="42.922398" lon="-8.257831"><ele>378.015</ele><time>2025-06-07T11:19:26.331Z</time></trkpt><trkpt lat="42.922408" lon="-8.257909"><ele>378.344</ele><time>2025-06-07T11:19:30.331Z</time></trkpt><trkpt lat="42.922422" lon="-8.257976"><ele>378.713</ele><time>2025-06-07T11:19:34.331Z</time></trkpt><trkpt lat="42.922428" lon="-8.258047"><ele>378.915</ele><time>2025-06-07T11:19:38.331Z</time></trkpt><trkpt lat="42.922431" lon="-8.258126"><ele>379.022</ele><time>2025-06-07T11:19:42.331Z</time></trkpt><trkpt lat="42.922442" lon="-8.258194"><ele>379.262</ele><time>2025-06-07T11:19:46.331Z</time></trkpt><trkpt lat="42.922440" lon="-8.258263"><ele>379.108</ele><time>2025-06-07T11:19:50.331Z</time></trkpt><trkpt lat="42.922436" lon="-8.258334"><ele>379.109</ele><time>2025-06-07T11:19:54.330Z</time></trkpt><trkpt lat="42.922433" lon="-8.258407"><ele>379.144</ele><time>2025-06-07T11:19:58.331Z</time></trkpt><trkpt lat="42.922435" lon="-8.258477"><ele>379.233</ele><time>2025-06-07T11:20:02.331Z</time></trkpt><trkpt lat="42.922431" lon="-8.258545"><ele>379.229</ele><time>2025-06-07T11:20:06.331Z</time></trkpt><trkpt lat="42.922430" lon="-8.258619"><ele>379.352</ele><time>2025-06-07T11:20:10.331Z</time></trkpt><trkpt lat="42.922427" lon="-8.258687"><ele>379.392</ele><time>2025-06-07T11:20:14.331Z</time></trkpt><trkpt lat="42.922418" lon="-8.258760"><ele>379.363</ele><time>2025-06-07T11:20:18.331Z</time></trkpt><trkpt lat="42.922406" lon="-8.258820"><ele>379.262</ele><time>2025-06-07T11:20:21.331Z</time></trkpt><trkpt lat="42.922375" lon="-8.258878"><ele>379.191</ele><time>2025-06-07T11:20:25.331Z</time></trkpt><trkpt lat="42.922329" lon="-8.258916"><ele>378.853</ele><time>2025-06-07T11:20:30.331Z</time></trkpt><trkpt lat="42.922321" lon="-8.258985"><ele>378.828</ele><time>2025-06-07T11:20:34.331Z</time></trkpt><trkpt lat="42.922324" lon="-8.259067"><ele>378.989</ele><time>2025-06-07T11:20:38.331Z</time></trkpt><trkpt lat="42.922318" lon="-8.259129"><ele>379.017</ele><time>2025-06-07T11:20:41.331Z</time></trkpt><trkpt lat="42.922316" lon="-8.259211"><ele>379.009</ele><time>2025-06-07T11:20:45.331Z</time></trkpt><trkpt lat="42.922322" lon="-8.259282"><ele>379.024</ele><time>2025-06-07T11:20:49.331Z</time></trkpt><trkpt lat="42.922318" lon="-8.259357"><ele>379.073</ele><time>2025-06-07T11:20:53.331Z</time></trkpt><trkpt lat="42.922311" lon="-8.259428"><ele>379.049</ele><time>2025-06-07T11:20:57.331Z</time></trkpt><trkpt lat="42.922311" lon="-8.259493"><ele>379.092</ele><time>2025-06-07T11:21:00.331Z</time></trkpt><trkpt lat="42.922310" lon="-8.259568"><ele>379.042</ele><time>2025-06-07T11:21:04.331Z</time></trkpt><trkpt lat="42.922309" lon="-8.259645"><ele>379.093</ele><time>2025-06-07T11:21:08.331Z</time></trkpt><trkpt lat="42.922296" lon="-8.259720"><ele>379.052</ele><time>2025-06-07T11:21:12.331Z</time></trkpt><trkpt lat="42.922291" lon="-8.259797"><ele>378.791</ele><time>2025-06-07T11:21:16.331Z</time></trkpt><trkpt lat="42.922289" lon="-8.259868"><ele>378.593</ele><time>2025-06-07T11:21:20.331Z</time></trkpt><trkpt lat="42.922294" lon="-8.259941"><ele>378.285</ele><time>2025-06-07T11:21:24.330Z</time></trkpt><trkpt lat="42.922289" lon="-8.260014"><ele>377.989</ele><time>2025-06-07T11:21:28.330Z</time></trkpt><trkpt lat="42.922288" lon="-8.260082"><ele>377.517</ele><time>2025-06-07T11:21:32.331Z</time></trkpt><trkpt lat="42.922285" lon="-8.260161"><ele>377.009</ele><time>2025-06-07T11:21:36.331Z</time></trkpt><trkpt lat="42.922299" lon="-8.260232"><ele>376.660</ele><time>2025-06-07T11:21:40.331Z</time></trkpt><trkpt lat="42.922324" lon="-8.260292"><ele>376.399</ele><time>2025-06-07T11:21:44.331Z</time></trkpt><trkpt lat="42.922363" lon="-8.260346"><ele>376.065</ele><time>2025-06-07T11:21:48.330Z</time></trkpt><trkpt lat="42.922376" lon="-8.260412"><ele>375.648</ele><time>2025-06-07T11:21:52.331Z</time></trkpt><trkpt lat="42.922393" lon="-8.260485"><ele>375.148</ele><time>2025-06-07T11:21:56.331Z</time></trkpt><trkpt lat="42.922420" lon="-8.260551"><ele>374.799</ele><time>2025-06-07T11:22:00.331Z</time></trkpt><trkpt lat="42.922427" lon="-8.260614"><ele>374.718</ele><time>2025-06-07T11:22:03.331Z</time></trkpt><trkpt lat="42.922445" lon="-8.260687"><ele>374.787</ele><time>2025-06-07T11:22:07.330Z</time></trkpt><trkpt lat="42.922463" lon="-8.260758"><ele>374.869</ele><time>2025-06-07T11:22:11.331Z</time></trkpt><trkpt lat="42.922474" lon="-8.260831"><ele>374.858</ele><time>2025-06-07T11:22:15.331Z</time></trkpt><trkpt lat="42.922477" lon="-8.260899"><ele>374.852</ele><time>2025-06-07T11:22:19.331Z</time></trkpt><trkpt lat="42.922477" lon="-8.260971"><ele>374.817</ele><time>2025-06-07T11:22:23.331Z</time></trkpt><trkpt lat="42.922483" lon="-8.261040"><ele>374.809</ele><time>2025-06-07T11:22:27.330Z</time></trkpt><trkpt lat="42.922482" lon="-8.261110"><ele>374.847</ele><time>2025-06-07T11:22:31.331Z</time></trkpt><trkpt lat="42.922488" lon="-8.261186"><ele>374.316</ele><time>2025-06-07T11:22:35.331Z</time></trkpt><trkpt lat="42.922494" lon="-8.261265"><ele>373.812</ele><time>2025-06-07T11:22:39.331Z</time></trkpt><trkpt lat="42.922501" lon="-8.261342"><ele>373.315</ele><time>2025-06-07T11:22:43.331Z</time></trkpt><trkpt lat="42.922493" lon="-8.261425"><ele>372.835</ele><time>2025-06-07T11:22:47.331Z</time></trkpt><trkpt lat="42.922499" lon="-8.261486"><ele>372.616</ele><time>2025-06-07T11:22:50.331Z</time></trkpt><trkpt lat="42.922501" lon="-8.261564"><ele>372.475</ele><time>2025-06-07T11:22:54.331Z</time></trkpt><trkpt lat="42.922522" lon="-8.261630"><ele>372.264</ele><time>2025-06-07T11:22:58.331Z</time></trkpt><trkpt lat="42.922549" lon="-8.261684"><ele>372.086</ele><time>2025-06-07T11:23:01.332Z</time></trkpt><trkpt lat="42.922577" lon="-8.261732"><ele>371.778</ele><time>2025-06-07T11:23:04.331Z</time></trkpt><trkpt lat="42.922611" lon="-8.261796"><ele>371.333</ele><time>2025-06-07T11:23:08.332Z</time></trkpt><trkpt lat="42.922649" lon="-8.261848"><ele>370.926</ele><time>2025-06-07T11:23:12.332Z</time></trkpt><trkpt lat="42.922673" lon="-8.261914"><ele>370.309</ele><time>2025-06-07T11:23:16.332Z</time></trkpt><trkpt lat="42.922714" lon="-8.261964"><ele>369.839</ele><time>2025-06-07T11:23:20.331Z</time></trkpt><trkpt lat="42.922746" lon="-8.262021"><ele>369.118</ele><time>2025-06-07T11:23:24.332Z</time></trkpt><trkpt lat="42.922781" lon="-8.262060"><ele>368.874</ele><time>2025-06-07T11:23:27.332Z</time></trkpt><trkpt lat="42.922811" lon="-8.262114"><ele>368.297</ele><time>2025-06-07T11:23:30.332Z</time></trkpt><trkpt lat="42.922838" lon="-8.262170"><ele>367.767</ele><time>2025-06-07T11:23:33.332Z</time></trkpt><trkpt lat="42.922861" lon="-8.262246"><ele>367.128</ele><time>2025-06-07T11:23:37.332Z</time></trkpt><trkpt lat="42.922865" lon="-8.262309"><ele>366.537</ele><time>2025-06-07T11:23:40.331Z</time></trkpt><trkpt lat="42.922877" lon="-8.262376"><ele>365.916</ele><time>2025-06-07T11:23:43.331Z</time></trkpt><trkpt lat="42.922894" lon="-8.262444"><ele>365.478</ele><time>2025-06-07T11:23:47.332Z</time></trkpt><trkpt lat="42.922906" lon="-8.262515"><ele>364.884</ele><time>2025-06-07T11:23:51.332Z</time></trkpt><trkpt lat="42.922916" lon="-8.262594"><ele>364.307</ele><time>2025-06-07T11:23:55.332Z</time></trkpt><trkpt lat="42.922920" lon="-8.262659"><ele>363.917</ele><time>2025-06-07T11:23:58.332Z</time></trkpt><trkpt lat="42.922933" lon="-8.262735"><ele>363.409</ele><time>2025-06-07T11:24:02.332Z</time></trkpt><trkpt lat="42.922957" lon="-8.262795"><ele>363.350</ele><time>2025-06-07T11:24:05.331Z</time></trkpt><trkpt lat="42.922971" lon="-8.262855"><ele>363.449</ele><time>2025-06-07T11:24:08.332Z</time></trkpt><trkpt lat="42.922983" lon="-8.262921"><ele>363.525</ele><time>2025-06-07T11:24:11.331Z</time></trkpt><trkpt lat="42.922999" lon="-8.262981"><ele>363.688</ele><time>2025-06-07T11:24:14.331Z</time></trkpt><trkpt lat="42.923023" lon="-8.263049"><ele>363.828</ele><time>2025-06-07T11:24:18.332Z</time></trkpt><trkpt lat="42.923043" lon="-8.263122"><ele>363.799</ele><time>2025-06-07T11:24:22.332Z</time></trkpt><trkpt lat="42.923070" lon="-8.263189"><ele>363.698</ele><time>2025-06-07T11:24:27.332Z</time></trkpt><trkpt lat="42.923086" lon="-8.263251"><ele>363.597</ele><time>2025-06-07T11:24:31.332Z</time></trkpt><trkpt lat="42.923101" lon="-8.263310"><ele>363.459</ele><time>2025-06-07T11:24:34.331Z</time></trkpt><trkpt lat="42.923116" lon="-8.263378"><ele>363.382</ele><time>2025-06-07T11:24:37.332Z</time></trkpt><trkpt lat="42.923134" lon="-8.263454"><ele>363.343</ele><time>2025-06-07T11:24:41.332Z</time></trkpt><trkpt lat="42.923143" lon="-8.263519"><ele>363.217</ele><time>2025-06-07T11:24:44.331Z</time></trkpt><trkpt lat="42.923155" lon="-8.263588"><ele>363.109</ele><time>2025-06-07T11:24:47.332Z</time></trkpt><trkpt lat="42.923172" lon="-8.263650"><ele>363.330</ele><time>2025-06-07T11:24:50.331Z</time></trkpt><trkpt lat="42.923197" lon="-8.263723"><ele>363.759</ele><time>2025-06-07T11:24:54.331Z</time></trkpt><trkpt lat="42.923212" lon="-8.263792"><ele>364.195</ele><time>2025-06-07T11:24:58.332Z</time></trkpt><trkpt lat="42.923234" lon="-8.263861"><ele>364.518</ele><time>2025-06-07T11:25:02.332Z</time></trkpt><trkpt lat="42.923254" lon="-8.263931"><ele>364.678</ele><time>2025-06-07T11:25:06.332Z</time></trkpt><trkpt lat="42.923275" lon="-8.264000"><ele>364.479</ele><time>2025-06-07T11:25:10.332Z</time></trkpt><trkpt lat="42.923289" lon="-8.264076"><ele>364.088</ele><time>2025-06-07T11:25:14.332Z</time></trkpt><trkpt lat="42.923318" lon="-8.264142"><ele>364.027</ele><time>2025-06-07T11:25:18.332Z</time></trkpt><trkpt lat="42.923340" lon="-8.264212"><ele>363.989</ele><time>2025-06-07T11:25:22.331Z</time></trkpt><trkpt lat="42.923361" lon="-8.264284"><ele>363.915</ele><time>2025-06-07T11:25:26.332Z</time></trkpt><trkpt lat="42.923380" lon="-8.264349"><ele>363.865</ele><time>2025-06-07T11:25:30.332Z</time></trkpt><trkpt lat="42.923404" lon="-8.264419"><ele>363.911</ele><time>2025-06-07T11:25:34.332Z</time></trkpt><trkpt lat="42.923420" lon="-8.264492"><ele>364.109</ele><time>2025-06-07T11:25:38.332Z</time></trkpt><trkpt lat="42.923431" lon="-8.264563"><ele>364.573</ele><time>2025-06-07T11:25:42.331Z</time></trkpt><trkpt lat="42.923444" lon="-8.264638"><ele>364.952</ele><time>2025-06-07T11:25:46.332Z</time></trkpt><trkpt lat="42.923457" lon="-8.264720"><ele>365.378</ele><time>2025-06-07T11:25:50.332Z</time></trkpt><trkpt lat="42.923470" lon="-8.264783"><ele>365.711</ele><time>2025-06-07T11:25:53.332Z</time></trkpt><trkpt lat="42.923473" lon="-8.264845"><ele>366.031</ele><time>2025-06-07T11:25:56.332Z</time></trkpt><trkpt lat="42.923481" lon="-8.264906"><ele>366.322</ele><time>2025-06-07T11:25:59.332Z</time></trkpt><trkpt lat="42.923484" lon="-8.264988"><ele>366.651</ele><time>2025-06-07T11:26:03.332Z</time></trkpt><trkpt lat="42.923503" lon="-8.265063"><ele>367.020</ele><time>2025-06-07T11:26:07.332Z</time></trkpt><trkpt lat="42.923533" lon="-8.265132"><ele>367.582</ele><time>2025-06-07T11:26:11.332Z</time></trkpt><trkpt lat="42.923558" lon="-8.265194"><ele>368.011</ele><time>2025-06-07T11:26:15.332Z</time></trkpt><trkpt lat="42.923576" lon="-8.265264"><ele>368.521</ele><time>2025-06-07T11:26:19.332Z</time></trkpt><trkpt lat="42.923597" lon="-8.265333"><ele>368.603</ele><time>2025-06-07T11:26:23.332Z</time></trkpt><trkpt lat="42.923615" lon="-8.265394"><ele>368.609</ele><time>2025-06-07T11:26:27.332Z</time></trkpt><trkpt lat="42.923623" lon="-8.265461"><ele>368.523</ele><time>2025-06-07T11:26:31.332Z</time></trkpt><trkpt lat="42.923624" lon="-8.265539"><ele>368.292</ele><time>2025-06-07T11:26:35.332Z</time></trkpt><trkpt lat="42.923623" lon="-8.265612"><ele>368.158</ele><time>2025-06-07T11:26:39.331Z</time></trkpt><trkpt lat="42.923616" lon="-8.265692"><ele>368.061</ele><time>2025-06-07T11:26:43.332Z</time></trkpt><trkpt lat="42.923614" lon="-8.265759"><ele>368.051</ele><time>2025-06-07T11:26:46.331Z</time></trkpt><trkpt lat="42.923614" lon="-8.265821"><ele>368.072</ele><time>2025-06-07T11:26:49.332Z</time></trkpt><trkpt lat="42.923617" lon="-8.265887"><ele>367.821</ele><time>2025-06-07T11:26:52.332Z</time></trkpt><trkpt lat="42.923604" lon="-8.265951"><ele>367.550</ele><time>2025-06-07T11:26:55.332Z</time></trkpt><trkpt lat="42.923579" lon="-8.266020"><ele>367.122</ele><time>2025-06-07T11:26:59.332Z</time></trkpt><trkpt lat="42.923563" lon="-8.266089"><ele>366.754</ele><time>2025-06-07T11:27:03.331Z</time></trkpt><trkpt lat="42.923547" lon="-8.266147"><ele>366.556</ele><time>2025-06-07T11:27:06.331Z</time></trkpt><trkpt lat="42.923529" lon="-8.266211"><ele>366.411</ele><time>2025-06-07T11:27:10.332Z</time></trkpt><trkpt lat="42.923527" lon="-8.266276"><ele>366.409</ele><time>2025-06-07T11:27:14.332Z</time></trkpt><trkpt lat="42.923517" lon="-8.266343"><ele>366.357</ele><time>2025-06-07T11:27:18.332Z</time></trkpt><trkpt lat="42.923510" lon="-8.266406"><ele>366.336</ele><time>2025-06-07T11:27:22.332Z</time></trkpt><trkpt lat="42.923498" lon="-8.266472"><ele>366.462</ele><time>2025-06-07T11:27:26.332Z</time></trkpt><trkpt lat="42.923493" lon="-8.266546"><ele>366.545</ele><time>2025-06-07T11:27:30.332Z</time></trkpt><trkpt lat="42.923495" lon="-8.266619"><ele>366.615</ele><time>2025-06-07T11:27:34.332Z</time></trkpt><trkpt lat="42.923490" lon="-8.266681"><ele>366.756</ele><time>2025-06-07T11:27:37.332Z</time></trkpt><trkpt lat="42.923495" lon="-8.266755"><ele>366.675</ele><time>2025-06-07T11:27:41.332Z</time></trkpt><trkpt lat="42.923498" lon="-8.266827"><ele>366.514</ele><time>2025-06-07T11:27:45.332Z</time></trkpt><trkpt lat="42.923505" lon="-8.266900"><ele>366.516</ele><time>2025-06-07T11:27:49.332Z</time></trkpt><trkpt lat="42.923507" lon="-8.266972"><ele>366.552</ele><time>2025-06-07T11:27:53.332Z</time></trkpt><trkpt lat="42.923508" lon="-8.267039"><ele>366.553</ele><time>2025-06-07T11:27:57.332Z</time></trkpt><trkpt lat="42.923530" lon="-8.267097"><ele>366.808</ele><time>2025-06-07T11:28:01.332Z</time></trkpt><trkpt lat="42.923559" lon="-8.267154"><ele>367.309</ele><time>2025-06-07T11:28:05.332Z</time></trkpt><trkpt lat="42.923588" lon="-8.267212"><ele>367.787</ele><time>2025-06-07T11:28:09.332Z</time></trkpt><trkpt lat="42.923620" lon="-8.267271"><ele>368.366</ele><time>2025-06-07T11:28:13.331Z</time></trkpt><trkpt lat="42.923649" lon="-8.267334"><ele>368.822</ele><time>2025-06-07T11:28:17.332Z</time></trkpt><trkpt lat="42.923671" lon="-8.267394"><ele>369.175</ele><time>2025-06-07T11:28:21.332Z</time></trkpt><trkpt lat="42.923700" lon="-8.267459"><ele>369.325</ele><time>2025-06-07T11:28:25.332Z</time></trkpt><trkpt lat="42.923726" lon="-8.267519"><ele>369.456</ele><time>2025-06-07T11:28:29.332Z</time></trkpt><trkpt lat="42.923756" lon="-8.267566"><ele>369.615</ele><time>2025-06-07T11:28:33.332Z</time></trkpt><trkpt lat="42.923791" lon="-8.267612"><ele>369.974</ele><time>2025-06-07T11:28:37.332Z</time></trkpt><trkpt lat="42.923821" lon="-8.267668"><ele>370.246</ele><time>2025-06-07T11:28:41.332Z</time></trkpt><trkpt lat="42.923858" lon="-8.267710"><ele>370.644</ele><time>2025-06-07T11:28:45.332Z</time></trkpt><trkpt lat="42.923891" lon="-8.267775"><ele>371.005</ele><time>2025-06-07T11:28:49.331Z</time></trkpt><trkpt lat="42.923922" lon="-8.267839"><ele>371.015</ele><time>2025-06-07T11:28:53.332Z</time></trkpt><trkpt lat="42.923952" lon="-8.267885"><ele>371.209</ele><time>2025-06-07T11:28:57.332Z</time></trkpt><trkpt lat="42.923985" lon="-8.267930"><ele>371.326</ele><time>2025-06-07T11:29:01.331Z</time></trkpt><trkpt lat="42.924020" lon="-8.267985"><ele>371.695</ele><time>2025-06-07T11:29:05.332Z</time></trkpt><trkpt lat="42.924057" lon="-8.268036"><ele>371.811</ele><time>2025-06-07T11:29:09.332Z</time></trkpt><trkpt lat="42.924085" lon="-8.268085"><ele>372.084</ele><time>2025-06-07T11:29:12.332Z</time></trkpt><trkpt lat="42.924126" lon="-8.268138"><ele>372.314</ele><time>2025-06-07T11:29:16.332Z</time></trkpt><trkpt lat="42.924161" lon="-8.268189"><ele>372.515</ele><time>2025-06-07T11:29:20.331Z</time></trkpt><trkpt lat="42.924194" lon="-8.268244"><ele>372.714</ele><time>2025-06-07T11:29:24.332Z</time></trkpt><trkpt lat="42.924234" lon="-8.268290"><ele>373.233</ele><time>2025-06-07T11:29:28.332Z</time></trkpt><trkpt lat="42.924278" lon="-8.268338"><ele>373.615</ele><time>2025-06-07T11:29:32.332Z</time></trkpt><trkpt lat="42.924316" lon="-8.268391"><ele>373.992</ele><time>2025-06-07T11:29:36.332Z</time></trkpt><trkpt lat="42.924356" lon="-8.268430"><ele>374.473</ele><time>2025-06-07T11:29:40.332Z</time></trkpt><trkpt lat="42.924401" lon="-8.268468"><ele>374.920</ele><time>2025-06-07T11:29:44.332Z</time></trkpt><trkpt lat="42.924454" lon="-8.268487"><ele>375.609</ele><time>2025-06-07T11:29:48.332Z</time></trkpt><trkpt lat="42.924499" lon="-8.268525"><ele>376.381</ele><time>2025-06-07T11:29:52.332Z</time></trkpt><trkpt lat="42.924552" lon="-8.268538"><ele>377.290</ele><time>2025-06-07T11:29:56.332Z</time></trkpt><trkpt lat="42.924605" lon="-8.268550"><ele>378.156</ele><time>2025-06-07T11:30:00.332Z</time></trkpt><trkpt lat="42.924657" lon="-8.268582"><ele>378.919</ele><time>2025-06-07T11:30:04.332Z</time></trkpt><trkpt lat="42.924703" lon="-8.268617"><ele>379.749</ele><time>2025-06-07T11:30:08.332Z</time></trkpt><trkpt lat="42.924749" lon="-8.268657"><ele>380.610</ele><time>2025-06-07T11:30:12.333Z</time></trkpt><trkpt lat="42.924790" lon="-8.268709"><ele>381.419</ele><time>2025-06-07T11:30:16.333Z</time></trkpt><trkpt lat="42.924821" lon="-8.268766"><ele>381.938</ele><time>2025-06-07T11:30:20.333Z</time></trkpt><trkpt lat="42.924848" lon="-8.268836"><ele>382.440</ele><time>2025-06-07T11:30:24.333Z</time></trkpt><trkpt lat="42.924874" lon="-8.268907"><ele>382.638</ele><time>2025-06-07T11:30:28.333Z</time></trkpt><trkpt lat="42.924881" lon="-8.268974"><ele>382.270</ele><time>2025-06-07T11:30:31.333Z</time></trkpt><trkpt lat="42.924909" lon="-8.269044"><ele>382.217</ele><time>2025-06-07T11:30:35.333Z</time></trkpt><trkpt lat="42.924945" lon="-8.269101"><ele>382.509</ele><time>2025-06-07T11:30:39.333Z</time></trkpt><trkpt lat="42.924975" lon="-8.269170"><ele>382.545</ele><time>2025-06-07T11:30:43.333Z</time></trkpt><trkpt lat="42.925005" lon="-8.269242"><ele>382.364</ele><time>2025-06-07T11:30:47.333Z</time></trkpt><trkpt lat="42.925033" lon="-8.269310"><ele>382.220</ele><time>2025-06-07T11:30:51.333Z</time></trkpt><trkpt lat="42.925049" lon="-8.269371"><ele>381.993</ele><time>2025-06-07T11:30:54.333Z</time></trkpt><trkpt lat="42.925065" lon="-8.269440"><ele>381.513</ele><time>2025-06-07T11:30:58.332Z</time></trkpt><trkpt lat="42.925090" lon="-8.269509"><ele>381.144</ele><time>2025-06-07T11:31:02.333Z</time></trkpt><trkpt lat="42.925107" lon="-8.269582"><ele>380.483</ele><time>2025-06-07T11:31:06.333Z</time></trkpt><trkpt lat="42.925129" lon="-8.269638"><ele>380.022</ele><time>2025-06-07T11:31:10.333Z</time></trkpt><trkpt lat="42.925133" lon="-8.269713"><ele>379.064</ele><time>2025-06-07T11:31:14.332Z</time></trkpt><trkpt lat="42.925141" lon="-8.269790"><ele>378.272</ele><time>2025-06-07T11:31:18.333Z</time></trkpt><trkpt lat="42.925147" lon="-8.269863"><ele>377.313</ele><time>2025-06-07T11:31:22.333Z</time></trkpt><trkpt lat="42.925151" lon="-8.269943"><ele>376.414</ele><time>2025-06-07T11:31:26.333Z</time></trkpt><trkpt lat="42.925151" lon="-8.270007"><ele>375.609</ele><time>2025-06-07T11:31:29.333Z</time></trkpt><trkpt lat="42.925155" lon="-8.270072"><ele>375.349</ele><time>2025-06-07T11:31:32.333Z</time></trkpt><trkpt lat="42.925168" lon="-8.270131"><ele>375.268</ele><time>2025-06-07T11:31:35.333Z</time></trkpt><trkpt lat="42.925177" lon="-8.270206"><ele>374.924</ele><time>2025-06-07T11:31:39.333Z</time></trkpt><trkpt lat="42.925181" lon="-8.270280"><ele>374.627</ele><time>2025-06-07T11:31:43.333Z</time></trkpt><trkpt lat="42.925183" lon="-8.270356"><ele>374.287</ele><time>2025-06-07T11:31:47.333Z</time></trkpt><trkpt lat="42.925180" lon="-8.270429"><ele>373.798</ele><time>2025-06-07T11:31:51.333Z</time></trkpt><trkpt lat="42.925202" lon="-8.270503"><ele>373.587</ele><time>2025-06-07T11:31:55.333Z</time></trkpt><trkpt lat="42.925218" lon="-8.270580"><ele>373.216</ele><time>2025-06-07T11:31:59.333Z</time></trkpt><trkpt lat="42.925222" lon="-8.270650"><ele>373.048</ele><time>2025-06-07T11:32:03.333Z</time></trkpt><trkpt lat="42.925228" lon="-8.270723"><ele>372.883</ele><time>2025-06-07T11:32:07.333Z</time></trkpt><trkpt lat="42.925246" lon="-8.270789"><ele>372.725</ele><time>2025-06-07T11:32:11.333Z</time></trkpt><trkpt lat="42.925261" lon="-8.270858"><ele>372.817</ele><time>2025-06-07T11:32:15.333Z</time></trkpt><trkpt lat="42.925268" lon="-8.270934"><ele>372.909</ele><time>2025-06-07T11:32:19.332Z</time></trkpt><trkpt lat="42.925273" lon="-8.271005"><ele>372.910</ele><time>2025-06-07T11:32:23.333Z</time></trkpt><trkpt lat="42.925270" lon="-8.271083"><ele>372.969</ele><time>2025-06-07T11:32:27.332Z</time></trkpt><trkpt lat="42.925284" lon="-8.271159"><ele>373.355</ele><time>2025-06-07T11:32:31.333Z</time></trkpt><trkpt lat="42.925294" lon="-8.271234"><ele>373.778</ele><time>2025-06-07T11:32:35.333Z</time></trkpt><trkpt lat="42.925307" lon="-8.271303"><ele>374.128</ele><time>2025-06-07T11:32:39.333Z</time></trkpt><trkpt lat="42.925328" lon="-8.271376"><ele>374.789</ele><time>2025-06-07T11:32:43.333Z</time></trkpt><trkpt lat="42.925337" lon="-8.271452"><ele>374.668</ele><time>2025-06-07T11:32:47.333Z</time></trkpt><trkpt lat="42.925336" lon="-8.271515"><ele>374.497</ele><time>2025-06-07T11:32:50.333Z</time></trkpt><trkpt lat="42.925349" lon="-8.271589"><ele>374.319</ele><time>2025-06-07T11:32:54.333Z</time></trkpt><trkpt lat="42.925366" lon="-8.271655"><ele>374.318</ele><time>2025-06-07T11:32:58.333Z</time></trkpt><trkpt lat="42.925380" lon="-8.271725"><ele>374.298</ele><time>2025-06-07T11:33:02.333Z</time></trkpt><trkpt lat="42.925397" lon="-8.271789"><ele>374.117</ele><time>2025-06-07T11:33:06.333Z</time></trkpt><trkpt lat="42.925413" lon="-8.271863"><ele>373.909</ele><time>2025-06-07T11:33:10.332Z</time></trkpt><trkpt lat="42.925422" lon="-8.271936"><ele>373.623</ele><time>2025-06-07T11:33:14.333Z</time></trkpt><trkpt lat="42.925440" lon="-8.272009"><ele>373.562</ele><time>2025-06-07T11:33:18.333Z</time></trkpt><trkpt lat="42.925452" lon="-8.272080"><ele>373.468</ele><time>2025-06-07T11:33:22.333Z</time></trkpt><trkpt lat="42.925466" lon="-8.272154"><ele>373.361</ele><time>2025-06-07T11:33:26.333Z</time></trkpt><trkpt lat="42.925460" lon="-8.272221"><ele>373.061</ele><time>2025-06-07T11:33:29.333Z</time></trkpt><trkpt lat="42.925457" lon="-8.272286"><ele>373.092</ele><time>2025-06-07T11:33:32.332Z</time></trkpt><trkpt lat="42.925469" lon="-8.272354"><ele>373.251</ele><time>2025-06-07T11:33:36.333Z</time></trkpt><trkpt lat="42.925481" lon="-8.272421"><ele>373.420</ele><time>2025-06-07T11:33:40.333Z</time></trkpt><trkpt lat="42.925496" lon="-8.272492"><ele>373.682</ele><time>2025-06-07T11:33:44.333Z</time></trkpt><trkpt lat="42.925511" lon="-8.272558"><ele>373.953</ele><time>2025-06-07T11:33:48.333Z</time></trkpt><trkpt lat="42.925528" lon="-8.272624"><ele>374.204</ele><time>2025-06-07T11:33:52.333Z</time></trkpt><trkpt lat="42.925546" lon="-8.272690"><ele>374.614</ele><time>2025-06-07T11:33:56.333Z</time></trkpt><trkpt lat="42.925559" lon="-8.272756"><ele>374.909</ele><time>2025-06-07T11:34:00.333Z</time></trkpt><trkpt lat="42.925578" lon="-8.272821"><ele>374.967</ele><time>2025-06-07T11:34:04.333Z</time></trkpt><trkpt lat="42.925594" lon="-8.272889"><ele>374.816</ele><time>2025-06-07T11:34:08.332Z</time></trkpt><trkpt lat="42.925615" lon="-8.272958"><ele>374.742</ele><time>2025-06-07T11:34:12.332Z</time></trkpt><trkpt lat="42.925629" lon="-8.273019"><ele>374.625</ele><time>2025-06-07T11:34:15.333Z</time></trkpt><trkpt lat="42.925638" lon="-8.273101"><ele>374.375</ele><time>2025-06-07T11:34:19.333Z</time></trkpt><trkpt lat="42.925657" lon="-8.273164"><ele>374.186</ele><time>2025-06-07T11:34:22.333Z</time></trkpt><trkpt lat="42.925678" lon="-8.273239"><ele>373.965</ele><time>2025-06-07T11:34:26.333Z</time></trkpt><trkpt lat="42.925686" lon="-8.273316"><ele>373.544</ele><time>2025-06-07T11:34:30.333Z</time></trkpt><trkpt lat="42.925701" lon="-8.273382"><ele>373.286</ele><time>2025-06-07T11:34:34.333Z</time></trkpt><trkpt lat="42.925712" lon="-8.273450"><ele>372.942</ele><time>2025-06-07T11:34:38.333Z</time></trkpt><trkpt lat="42.925724" lon="-8.273517"><ele>372.522</ele><time>2025-06-07T11:34:42.333Z</time></trkpt><trkpt lat="42.925740" lon="-8.273584"><ele>372.214</ele><time>2025-06-07T11:34:46.333Z</time></trkpt><trkpt lat="42.925748" lon="-8.273649"><ele>371.809</ele><time>2025-06-07T11:34:50.333Z</time></trkpt><trkpt lat="42.925762" lon="-8.273725"><ele>371.456</ele><time>2025-06-07T11:34:54.333Z</time></trkpt><trkpt lat="42.925780" lon="-8.273793"><ele>371.165</ele><time>2025-06-07T11:34:58.333Z</time></trkpt><trkpt lat="42.925808" lon="-8.273851"><ele>371.031</ele><time>2025-06-07T11:35:02.333Z</time></trkpt><trkpt lat="42.925839" lon="-8.273921"><ele>370.814</ele><time>2025-06-07T11:35:06.333Z</time></trkpt><trkpt lat="42.925872" lon="-8.273988"><ele>370.854</ele><time>2025-06-07T11:35:09.333Z</time></trkpt><trkpt lat="42.925899" lon="-8.274040"><ele>370.875</ele><time>2025-06-07T11:35:12.333Z</time></trkpt><trkpt lat="42.925931" lon="-8.274100"><ele>370.894</ele><time>2025-06-07T11:35:16.333Z</time></trkpt><trkpt lat="42.925971" lon="-8.274142"><ele>371.153</ele><time>2025-06-07T11:35:20.332Z</time></trkpt><trkpt lat="42.926019" lon="-8.274179"><ele>371.655</ele><time>2025-06-07T11:35:24.333Z</time></trkpt><trkpt lat="42.926056" lon="-8.274223"><ele>371.922</ele><time>2025-06-07T11:35:27.333Z</time></trkpt><trkpt lat="42.926089" lon="-8.274274"><ele>372.062</ele><time>2025-06-07T11:35:30.333Z</time></trkpt><trkpt lat="42.926111" lon="-8.274341"><ele>371.708</ele><time>2025-06-07T11:35:34.333Z</time></trkpt><trkpt lat="42.926139" lon="-8.274404"><ele>371.509</ele><time>2025-06-07T11:35:38.333Z</time></trkpt><trkpt lat="42.926171" lon="-8.274462"><ele>371.394</ele><time>2025-06-07T11:35:42.333Z</time></trkpt><trkpt lat="42.926196" lon="-8.274533"><ele>371.033</ele><time>2025-06-07T11:35:46.333Z</time></trkpt><trkpt lat="42.926214" lon="-8.274612"><ele>370.569</ele><time>2025-06-07T11:35:50.333Z</time></trkpt><trkpt lat="42.926217" lon="-8.274636"><ele>370.482</ele><time>2025-06-07T11:35:51.333Z</time></trkpt><trkpt lat="42.926227" lon="-8.274713"><ele>369.912</ele><time>2025-06-07T11:35:54.333Z</time></trkpt><trkpt lat="42.926244" lon="-8.274779"><ele>369.913</ele><time>2025-06-07T11:35:57.333Z</time></trkpt><trkpt lat="42.926266" lon="-8.274849"><ele>369.982</ele><time>2025-06-07T11:36:01.333Z</time></trkpt><trkpt lat="42.926285" lon="-8.274914"><ele>369.811</ele><time>2025-06-07T11:36:05.332Z</time></trkpt><trkpt lat="42.926293" lon="-8.274992"><ele>369.723</ele><time>2025-06-07T11:36:09.332Z</time></trkpt><trkpt lat="42.926314" lon="-8.275064"><ele>369.554</ele><time>2025-06-07T11:36:13.333Z</time></trkpt><trkpt lat="42.926353" lon="-8.275121"><ele>369.456</ele><time>2025-06-07T11:36:17.333Z</time></trkpt><trkpt lat="42.926367" lon="-8.275195"><ele>369.211</ele><time>2025-06-07T11:36:21.333Z</time></trkpt><trkpt lat="42.926377" lon="-8.275256"><ele>369.009</ele><time>2025-06-07T11:36:24.333Z</time></trkpt><trkpt lat="42.926384" lon="-8.275328"><ele>369.037</ele><time>2025-06-07T11:36:27.332Z</time></trkpt><trkpt lat="42.926395" lon="-8.275400"><ele>369.086</ele><time>2025-06-07T11:36:31.332Z</time></trkpt><trkpt lat="42.926408" lon="-8.275478"><ele>369.182</ele><time>2025-06-07T11:36:35.333Z</time></trkpt><trkpt lat="42.926414" lon="-8.275542"><ele>369.165</ele><time>2025-06-07T11:36:38.333Z</time></trkpt><trkpt lat="42.926416" lon="-8.275620"><ele>368.925</ele><time>2025-06-07T11:36:42.333Z</time></trkpt><trkpt lat="42.926421" lon="-8.275683"><ele>368.796</ele><time>2025-06-07T11:36:45.333Z</time></trkpt><trkpt lat="42.926421" lon="-8.275760"><ele>368.535</ele><time>2025-06-07T11:36:49.334Z</time></trkpt><trkpt lat="42.926426" lon="-8.275823"><ele>368.334</ele><time>2025-06-07T11:36:52.334Z</time></trkpt><trkpt lat="42.926434" lon="-8.275887"><ele>368.416</ele><time>2025-06-07T11:36:55.334Z</time></trkpt><trkpt lat="42.926439" lon="-8.275962"><ele>368.562</ele><time>2025-06-07T11:36:59.333Z</time></trkpt><trkpt lat="42.926446" lon="-8.276039"><ele>368.783</ele><time>2025-06-07T11:37:03.334Z</time></trkpt><trkpt lat="42.926451" lon="-8.276116"><ele>368.911</ele><time>2025-06-07T11:37:07.334Z</time></trkpt><trkpt lat="42.926460" lon="-8.276190"><ele>368.709</ele><time>2025-06-07T11:37:11.334Z</time></trkpt><trkpt lat="42.926464" lon="-8.276268"><ele>368.538</ele><time>2025-06-07T11:37:15.334Z</time></trkpt><trkpt lat="42.926466" lon="-8.276343"><ele>368.327</ele><time>2025-06-07T11:37:19.334Z</time></trkpt><trkpt lat="42.926472" lon="-8.276415"><ele>368.063</ele><time>2025-06-07T11:37:23.334Z</time></trkpt><trkpt lat="42.926466" lon="-8.276480"><ele>367.696</ele><time>2025-06-07T11:37:27.334Z</time></trkpt><trkpt lat="42.926465" lon="-8.276547"><ele>367.276</ele><time>2025-06-07T11:37:31.334Z</time></trkpt><trkpt lat="42.926473" lon="-8.276611"><ele>366.987</ele><time>2025-06-07T11:37:35.334Z</time></trkpt><trkpt lat="42.926480" lon="-8.276674"><ele>366.646</ele><time>2025-06-07T11:37:39.334Z</time></trkpt><trkpt lat="42.926482" lon="-8.276740"><ele>365.915</ele><time>2025-06-07T11:37:43.334Z</time></trkpt><trkpt lat="42.926479" lon="-8.276805"><ele>365.277</ele><time>2025-06-07T11:37:47.333Z</time></trkpt><trkpt lat="42.926476" lon="-8.276871"><ele>364.452</ele><time>2025-06-07T11:37:51.334Z</time></trkpt><trkpt lat="42.926469" lon="-8.276939"><ele>363.653</ele><time>2025-06-07T11:37:55.334Z</time></trkpt><trkpt lat="42.926457" lon="-8.277003"><ele>363.208</ele><time>2025-06-07T11:37:59.334Z</time></trkpt><trkpt lat="42.926443" lon="-8.277069"><ele>362.909</ele><time>2025-06-07T11:38:03.334Z</time></trkpt><trkpt lat="42.926423" lon="-8.277143"><ele>362.427</ele><time>2025-06-07T11:38:08.334Z</time></trkpt><trkpt lat="42.926404" lon="-8.277208"><ele>362.176</ele><time>2025-06-07T11:38:12.334Z</time></trkpt><trkpt lat="42.926386" lon="-8.277270"><ele>362.272</ele><time>2025-06-07T11:38:16.334Z</time></trkpt><trkpt lat="42.926377" lon="-8.277347"><ele>362.555</ele><time>2025-06-07T11:38:21.334Z</time></trkpt><trkpt lat="42.926373" lon="-8.277412"><ele>362.795</ele><time>2025-06-07T11:38:25.334Z</time></trkpt><trkpt lat="42.926370" lon="-8.277478"><ele>362.966</ele><time>2025-06-07T11:38:29.334Z</time></trkpt><trkpt lat="42.926358" lon="-8.277547"><ele>363.065</ele><time>2025-06-07T11:38:33.334Z</time></trkpt><trkpt lat="42.926321" lon="-8.277608"><ele>362.914</ele><time>2025-06-07T11:38:37.334Z</time></trkpt><trkpt lat="42.926281" lon="-8.277649"><ele>362.886</ele><time>2025-06-07T11:38:41.334Z</time></trkpt><trkpt lat="42.926243" lon="-8.277690"><ele>362.644</ele><time>2025-06-07T11:38:45.334Z</time></trkpt><trkpt lat="42.926252" lon="-8.277764"><ele>362.505</ele><time>2025-06-07T11:38:50.333Z</time></trkpt><trkpt lat="42.926269" lon="-8.277826"><ele>362.515</ele><time>2025-06-07T11:38:54.334Z</time></trkpt><trkpt lat="42.926277" lon="-8.277899"><ele>362.309</ele><time>2025-06-07T11:38:58.334Z</time></trkpt><trkpt lat="42.926286" lon="-8.277979"><ele>362.216</ele><time>2025-06-07T11:39:02.333Z</time></trkpt><trkpt lat="42.926284" lon="-8.278060"><ele>362.075</ele><time>2025-06-07T11:39:06.334Z</time></trkpt><trkpt lat="42.926294" lon="-8.278135"><ele>361.981</ele><time>2025-06-07T11:39:10.334Z</time></trkpt><trkpt lat="42.926302" lon="-8.278208"><ele>361.874</ele><time>2025-06-07T11:39:14.334Z</time></trkpt><trkpt lat="42.926308" lon="-8.278275"><ele>361.864</ele><time>2025-06-07T11:39:18.334Z</time></trkpt><trkpt lat="42.926311" lon="-8.278351"><ele>361.735</ele><time>2025-06-07T11:39:22.333Z</time></trkpt><trkpt lat="42.926310" lon="-8.278419"><ele>361.564</ele><time>2025-06-07T11:39:26.334Z</time></trkpt><trkpt lat="42.926320" lon="-8.278485"><ele>361.373</ele><time>2025-06-07T11:39:30.334Z</time></trkpt><trkpt lat="42.926310" lon="-8.278554"><ele>361.185</ele><time>2025-06-07T11:39:34.334Z</time></trkpt><trkpt lat="42.926346" lon="-8.278606"><ele>361.088</ele><time>2025-06-07T11:39:38.334Z</time></trkpt><trkpt lat="42.926357" lon="-8.278682"><ele>361.024</ele><time>2025-06-07T11:39:42.333Z</time></trkpt><trkpt lat="42.926349" lon="-8.278755"><ele>361.026</ele><time>2025-06-07T11:39:46.334Z</time></trkpt><trkpt lat="42.926356" lon="-8.278819"><ele>361.009</ele><time>2025-06-07T11:39:50.334Z</time></trkpt><trkpt lat="42.926357" lon="-8.278883"><ele>361.080</ele><time>2025-06-07T11:39:54.334Z</time></trkpt><trkpt lat="42.926364" lon="-8.278951"><ele>361.099</ele><time>2025-06-07T11:39:58.334Z</time></trkpt><trkpt lat="42.926367" lon="-8.279023"><ele>361.095</ele><time>2025-06-07T11:40:02.334Z</time></trkpt><trkpt lat="42.926378" lon="-8.279096"><ele>361.048</ele><time>2025-06-07T11:40:06.334Z</time></trkpt><trkpt lat="42.926390" lon="-8.279165"><ele>361.088</ele><time>2025-06-07T11:40:10.334Z</time></trkpt><trkpt lat="42.926397" lon="-8.279246"><ele>360.789</ele><time>2025-06-07T11:40:14.334Z</time></trkpt><trkpt lat="42.926403" lon="-8.279322"><ele>360.428</ele><time>2025-06-07T11:40:18.334Z</time></trkpt><trkpt lat="42.926408" lon="-8.279397"><ele>360.217</ele><time>2025-06-07T11:40:22.334Z</time></trkpt><trkpt lat="42.926415" lon="-8.279470"><ele>360.059</ele><time>2025-06-07T11:40:26.334Z</time></trkpt><trkpt lat="42.926417" lon="-8.279543"><ele>360.054</ele><time>2025-06-07T11:40:30.333Z</time></trkpt><trkpt lat="42.926415" lon="-8.279620"><ele>360.056</ele><time>2025-06-07T11:40:34.333Z</time></trkpt><trkpt lat="42.926422" lon="-8.279696"><ele>360.011</ele><time>2025-06-07T11:40:38.334Z</time></trkpt><trkpt lat="42.926428" lon="-8.279773"><ele>360.009</ele><time>2025-06-07T11:40:42.333Z</time></trkpt><trkpt lat="42.926433" lon="-8.279854"><ele>360.177</ele><time>2025-06-07T11:40:46.333Z</time></trkpt><trkpt lat="42.926435" lon="-8.279933"><ele>360.146</ele><time>2025-06-07T11:40:50.334Z</time></trkpt><trkpt lat="42.926439" lon="-8.280008"><ele>360.282</ele><time>2025-06-07T11:40:54.333Z</time></trkpt><trkpt lat="42.926440" lon="-8.280086"><ele>360.555</ele><time>2025-06-07T11:40:58.334Z</time></trkpt><trkpt lat="42.926436" lon="-8.280152"><ele>360.755</ele><time>2025-06-07T11:41:01.334Z</time></trkpt><trkpt lat="42.926434" lon="-8.280215"><ele>360.986</ele><time>2025-06-07T11:41:04.334Z</time></trkpt><trkpt lat="42.926427" lon="-8.280286"><ele>361.295</ele><time>2025-06-07T11:41:08.334Z</time></trkpt><trkpt lat="42.926429" lon="-8.280361"><ele>361.444</ele><time>2025-06-07T11:41:12.334Z</time></trkpt><trkpt lat="42.926427" lon="-8.280435"><ele>361.766</ele><time>2025-06-07T11:41:16.334Z</time></trkpt><trkpt lat="42.926418" lon="-8.280507"><ele>361.996</ele><time>2025-06-07T11:41:20.334Z</time></trkpt><trkpt lat="42.926406" lon="-8.280585"><ele>362.231</ele><time>2025-06-07T11:41:24.334Z</time></trkpt><trkpt lat="42.926390" lon="-8.280661"><ele>362.424</ele><time>2025-06-07T11:41:28.333Z</time></trkpt><trkpt lat="42.926374" lon="-8.280737"><ele>362.609</ele><time>2025-06-07T11:41:32.333Z</time></trkpt><trkpt lat="42.926362" lon="-8.280815"><ele>362.781</ele><time>2025-06-07T11:41:36.333Z</time></trkpt><trkpt lat="42.926345" lon="-8.280890"><ele>362.570</ele><time>2025-06-07T11:41:40.334Z</time></trkpt><trkpt lat="42.926326" lon="-8.280966"><ele>362.226</ele><time>2025-06-07T11:41:44.334Z</time></trkpt><trkpt lat="42.926307" lon="-8.281042"><ele>361.929</ele><time>2025-06-07T11:41:48.334Z</time></trkpt><trkpt lat="42.926289" lon="-8.281117"><ele>361.689</ele><time>2025-06-07T11:41:52.334Z</time></trkpt><trkpt lat="42.926271" lon="-8.281192"><ele>361.310</ele><time>2025-06-07T11:41:56.334Z</time></trkpt><trkpt lat="42.926245" lon="-8.281255"><ele>361.069</ele><time>2025-06-07T11:41:59.334Z</time></trkpt><trkpt lat="42.926220" lon="-8.281316"><ele>360.718</ele><time>2025-06-07T11:42:02.334Z</time></trkpt><trkpt lat="42.926198" lon="-8.281376"><ele>360.450</ele><time>2025-06-07T11:42:05.334Z</time></trkpt><trkpt lat="42.926179" lon="-8.281432"><ele>360.498</ele><time>2025-06-07T11:42:08.334Z</time></trkpt><trkpt lat="42.926159" lon="-8.281507"><ele>360.515</ele><time>2025-06-07T11:42:12.333Z</time></trkpt><trkpt lat="42.926137" lon="-8.281575"><ele>360.726</ele><time>2025-06-07T11:42:16.334Z</time></trkpt><trkpt lat="42.926114" lon="-8.281645"><ele>360.909</ele><time>2025-06-07T11:42:20.333Z</time></trkpt><trkpt lat="42.926091" lon="-8.281716"><ele>361.461</ele><time>2025-06-07T11:42:24.333Z</time></trkpt><trkpt lat="42.926063" lon="-8.281782"><ele>362.040</ele><time>2025-06-07T11:42:28.334Z</time></trkpt><trkpt lat="42.926033" lon="-8.281844"><ele>362.646</ele><time>2025-06-07T11:42:32.333Z</time></trkpt><trkpt lat="42.926006" lon="-8.281916"><ele>363.229</ele><time>2025-06-07T11:42:36.334Z</time></trkpt><trkpt lat="42.925978" lon="-8.281983"><ele>363.819</ele><time>2025-06-07T11:42:40.334Z</time></trkpt><trkpt lat="42.925948" lon="-8.282049"><ele>364.350</ele><time>2025-06-07T11:42:44.334Z</time></trkpt><trkpt lat="42.925915" lon="-8.282110"><ele>364.989</ele><time>2025-06-07T11:42:48.334Z</time></trkpt><trkpt lat="42.925886" lon="-8.282174"><ele>365.558</ele><time>2025-06-07T11:42:52.334Z</time></trkpt><trkpt lat="42.925852" lon="-8.282227"><ele>366.050</ele><time>2025-06-07T11:42:56.334Z</time></trkpt><trkpt lat="42.925819" lon="-8.282278"><ele>366.264</ele><time>2025-06-07T11:43:01.333Z</time></trkpt><trkpt lat="42.925793" lon="-8.282346"><ele>366.406</ele><time>2025-06-07T11:43:05.333Z</time></trkpt><trkpt lat="42.925767" lon="-8.282413"><ele>366.716</ele><time>2025-06-07T11:43:09.333Z</time></trkpt><trkpt lat="42.925739" lon="-8.282477"><ele>366.909</ele><time>2025-06-07T11:43:13.334Z</time></trkpt><trkpt lat="42.925715" lon="-8.282541"><ele>367.298</ele><time>2025-06-07T11:43:17.334Z</time></trkpt><trkpt lat="42.925692" lon="-8.282602"><ele>367.617</ele><time>2025-06-07T11:43:21.334Z</time></trkpt><trkpt lat="42.925666" lon="-8.282667"><ele>368.053</ele><time>2025-06-07T11:43:25.333Z</time></trkpt><trkpt lat="42.925646" lon="-8.282731"><ele>368.456</ele><time>2025-06-07T11:43:29.334Z</time></trkpt><trkpt lat="42.925609" lon="-8.282789"><ele>368.986</ele><time>2025-06-07T11:43:33.334Z</time></trkpt><trkpt lat="42.925575" lon="-8.282843"><ele>369.457</ele><time>2025-06-07T11:43:37.334Z</time></trkpt><trkpt lat="42.925542" lon="-8.282899"><ele>369.826</ele><time>2025-06-07T11:43:41.334Z</time></trkpt><trkpt lat="42.925502" lon="-8.282947"><ele>370.065</ele><time>2025-06-07T11:43:45.334Z</time></trkpt><trkpt lat="42.925465" lon="-8.282999"><ele>370.327</ele><time>2025-06-07T11:43:49.335Z</time></trkpt><trkpt lat="42.925429" lon="-8.283053"><ele>370.515</ele><time>2025-06-07T11:43:53.335Z</time></trkpt><trkpt lat="42.925395" lon="-8.283096"><ele>370.765</ele><time>2025-06-07T11:43:56.334Z</time></trkpt><trkpt lat="42.925356" lon="-8.283149"><ele>371.011</ele><time>2025-06-07T11:44:00.335Z</time></trkpt><trkpt lat="42.925320" lon="-8.283197"><ele>371.209</ele><time>2025-06-07T11:44:04.335Z</time></trkpt><trkpt lat="42.925285" lon="-8.283244"><ele>371.433</ele><time>2025-06-07T11:44:08.335Z</time></trkpt><trkpt lat="42.925245" lon="-8.283292"><ele>371.662</ele><time>2025-06-07T11:44:12.334Z</time></trkpt><trkpt lat="42.925203" lon="-8.283341"><ele>371.718</ele><time>2025-06-07T11:44:16.335Z</time></trkpt><trkpt lat="42.925164" lon="-8.283385"><ele>371.631</ele><time>2025-06-07T11:44:20.335Z</time></trkpt><trkpt lat="42.925117" lon="-8.283412"><ele>371.481</ele><time>2025-06-07T11:44:24.335Z</time></trkpt><trkpt lat="42.925067" lon="-8.283444"><ele>371.222</ele><time>2025-06-07T11:44:28.334Z</time></trkpt><trkpt lat="42.925024" lon="-8.283496"><ele>371.151</ele><time>2025-06-07T11:44:32.334Z</time></trkpt><trkpt lat="42.925016" lon="-8.283557"><ele>371.130</ele><time>2025-06-07T11:44:36.335Z</time></trkpt><trkpt lat="42.925057" lon="-8.283518"><ele>371.262</ele><time>2025-06-07T11:44:39.335Z</time></trkpt><trkpt lat="42.925098" lon="-8.283559"><ele>371.465</ele><time>2025-06-07T11:44:42.334Z</time></trkpt><trkpt lat="42.925143" lon="-8.283542"><ele>371.568</ele><time>2025-06-07T11:44:47.335Z</time></trkpt><trkpt lat="42.925135" lon="-8.283475"><ele>371.514</ele><time>2025-06-07T11:44:58.334Z</time></trkpt><trkpt lat="42.925177" lon="-8.283515"><ele>371.609</ele><time>2025-06-07T11:45:03.335Z</time></trkpt><trkpt lat="42.925143" lon="-8.283451"><ele>371.518</ele><time>2025-06-07T11:45:26.335Z</time></trkpt><trkpt lat="42.925095" lon="-8.283496"><ele>371.367</ele><time>2025-06-07T11:46:00.334Z</time></trkpt><trkpt lat="42.925060" lon="-8.283544"><ele>371.223</ele><time>2025-06-07T11:46:06.335Z</time></trkpt><trkpt lat="42.925047" lon="-8.283485"><ele>371.296</ele><time>2025-06-07T11:50:01.335Z</time></trkpt><trkpt lat="42.924999" lon="-8.283485"><ele>371.096</ele><time>2025-06-07T11:50:15.335Z</time></trkpt><trkpt lat="42.925036" lon="-8.283523"><ele>371.137</ele><time>2025-06-07T11:51:03.334Z</time></trkpt><trkpt lat="42.925009" lon="-8.283471"><ele>371.066</ele><time>2025-06-07T11:51:43.336Z</time></trkpt><trkpt lat="42.925044" lon="-8.283429"><ele>371.235</ele><time>2025-06-07T11:51:51.336Z</time></trkpt><trkpt lat="42.925084" lon="-8.283396"><ele>371.337</ele><time>2025-06-07T11:51:55.335Z</time></trkpt><trkpt lat="42.925138" lon="-8.283417"><ele>371.522</ele><time>2025-06-07T11:52:01.336Z</time></trkpt><trkpt lat="42.925182" lon="-8.283459"><ele>371.762</ele><time>2025-06-07T11:52:06.336Z</time></trkpt><trkpt lat="42.925219" lon="-8.283498"><ele>371.808</ele><time>2025-06-07T11:52:11.336Z</time></trkpt><trkpt lat="42.925258" lon="-8.283542"><ele>371.909</ele><time>2025-06-07T11:52:16.335Z</time></trkpt><trkpt lat="42.925298" lon="-8.283587"><ele>372.194</ele><time>2025-06-07T11:52:21.336Z</time></trkpt><trkpt lat="42.925344" lon="-8.283612"><ele>372.533</ele><time>2025-06-07T11:52:26.336Z</time></trkpt><trkpt lat="42.925388" lon="-8.283653"><ele>373.139</ele><time>2025-06-07T11:52:31.336Z</time></trkpt><trkpt lat="42.925406" lon="-8.283721"><ele>373.722</ele><time>2025-06-07T11:52:36.336Z</time></trkpt><trkpt lat="42.925414" lon="-8.283787"><ele>374.282</ele><time>2025-06-07T11:52:40.336Z</time></trkpt><trkpt lat="42.925422" lon="-8.283859"><ele>374.873</ele><time>2025-06-07T11:52:45.335Z</time></trkpt><trkpt lat="42.925428" lon="-8.283924"><ele>375.452</ele><time>2025-06-07T11:52:49.336Z</time></trkpt><trkpt lat="42.925442" lon="-8.283988"><ele>376.181</ele><time>2025-06-07T11:52:53.336Z</time></trkpt><trkpt lat="42.925461" lon="-8.284053"><ele>376.983</ele><time>2025-06-07T11:52:57.336Z</time></trkpt><trkpt lat="42.925485" lon="-8.284115"><ele>377.787</ele><time>2025-06-07T11:53:01.336Z</time></trkpt><trkpt lat="42.925511" lon="-8.284169"><ele>378.542</ele><time>2025-06-07T11:53:05.336Z</time></trkpt><trkpt lat="42.925528" lon="-8.284232"><ele>379.226</ele><time>2025-06-07T11:53:09.336Z</time></trkpt><trkpt lat="42.925537" lon="-8.284301"><ele>379.809</ele><time>2025-06-07T11:53:13.336Z</time></trkpt><trkpt lat="42.925543" lon="-8.284385"><ele>380.430</ele><time>2025-06-07T11:53:17.336Z</time></trkpt><trkpt lat="42.925544" lon="-8.284456"><ele>381.019</ele><time>2025-06-07T11:53:20.336Z</time></trkpt><trkpt lat="42.925535" lon="-8.284520"><ele>381.315</ele><time>2025-06-07T11:53:23.336Z</time></trkpt><trkpt lat="42.925514" lon="-8.284585"><ele>381.668</ele><time>2025-06-07T11:53:27.336Z</time></trkpt><trkpt lat="42.925492" lon="-8.284655"><ele>381.828</ele><time>2025-06-07T11:53:31.336Z</time></trkpt><trkpt lat="42.925481" lon="-8.284727"><ele>382.249</ele><time>2025-06-07T11:53:36.336Z</time></trkpt><trkpt lat="42.925470" lon="-8.284797"><ele>382.658</ele><time>2025-06-07T11:53:40.335Z</time></trkpt><trkpt lat="42.925459" lon="-8.284860"><ele>382.957</ele><time>2025-06-07T11:53:44.336Z</time></trkpt><trkpt lat="42.925442" lon="-8.284926"><ele>383.239</ele><time>2025-06-07T11:53:48.336Z</time></trkpt><trkpt lat="42.925437" lon="-8.284999"><ele>383.719</ele><time>2025-06-07T11:53:52.336Z</time></trkpt><trkpt lat="42.925426" lon="-8.285068"><ele>384.609</ele><time>2025-06-07T11:53:56.336Z</time></trkpt><trkpt lat="42.925411" lon="-8.285136"><ele>385.419</ele><time>2025-06-07T11:54:00.336Z</time></trkpt><trkpt lat="42.925394" lon="-8.285202"><ele>386.209</ele><time>2025-06-07T11:54:04.336Z</time></trkpt><trkpt lat="42.925373" lon="-8.285266"><ele>386.983</ele><time>2025-06-07T11:54:08.336Z</time></trkpt><trkpt lat="42.925351" lon="-8.285330"><ele>387.782</ele><time>2025-06-07T11:54:12.336Z</time></trkpt><trkpt lat="42.925339" lon="-8.285400"><ele>388.888</ele><time>2025-06-07T11:54:16.336Z</time></trkpt><trkpt lat="42.925316" lon="-8.285467"><ele>389.711</ele><time>2025-06-07T11:54:20.336Z</time></trkpt><trkpt lat="42.925305" lon="-8.285536"><ele>390.971</ele><time>2025-06-07T11:54:24.336Z</time></trkpt><trkpt lat="42.925284" lon="-8.285606"><ele>391.442</ele><time>2025-06-07T11:54:28.336Z</time></trkpt><trkpt lat="42.925269" lon="-8.285672"><ele>391.851</ele><time>2025-06-07T11:54:32.336Z</time></trkpt><trkpt lat="42.925252" lon="-8.285733"><ele>392.080</ele><time>2025-06-07T11:54:36.336Z</time></trkpt><trkpt lat="42.925239" lon="-8.285807"><ele>392.462</ele><time>2025-06-07T11:54:41.336Z</time></trkpt><trkpt lat="42.925220" lon="-8.285878"><ele>392.366</ele><time>2025-06-07T11:54:45.336Z</time></trkpt><trkpt lat="42.925209" lon="-8.285941"><ele>392.129</ele><time>2025-06-07T11:54:49.336Z</time></trkpt><trkpt lat="42.925203" lon="-8.286008"><ele>391.921</ele><time>2025-06-07T11:54:53.336Z</time></trkpt><trkpt lat="42.925195" lon="-8.286080"><ele>391.609</ele><time>2025-06-07T11:54:57.336Z</time></trkpt><trkpt lat="42.925178" lon="-8.286156"><ele>391.128</ele><time>2025-06-07T11:55:01.336Z</time></trkpt><trkpt lat="42.925173" lon="-8.286218"><ele>390.927</ele><time>2025-06-07T11:55:04.336Z</time></trkpt><trkpt lat="42.925166" lon="-8.286291"><ele>390.653</ele><time>2025-06-07T11:55:08.336Z</time></trkpt><trkpt lat="42.925159" lon="-8.286364"><ele>390.356</ele><time>2025-06-07T11:55:12.336Z</time></trkpt><trkpt lat="42.925158" lon="-8.286436"><ele>390.196</ele><time>2025-06-07T11:55:16.336Z</time></trkpt><trkpt lat="42.925176" lon="-8.286505"><ele>390.137</ele><time>2025-06-07T11:55:20.335Z</time></trkpt><trkpt lat="42.925181" lon="-8.286581"><ele>389.956</ele><time>2025-06-07T11:55:24.336Z</time></trkpt><trkpt lat="42.925191" lon="-8.286656"><ele>389.885</ele><time>2025-06-07T11:55:28.336Z</time></trkpt><trkpt lat="42.925210" lon="-8.286724"><ele>389.557</ele><time>2025-06-07T11:55:32.336Z</time></trkpt><trkpt lat="42.925226" lon="-8.286785"><ele>389.178</ele><time>2025-06-07T11:55:36.335Z</time></trkpt><trkpt lat="42.925236" lon="-8.286848"><ele>388.533</ele><time>2025-06-07T11:55:40.336Z</time></trkpt><trkpt lat="42.925239" lon="-8.286914"><ele>387.926</ele><time>2025-06-07T11:55:44.335Z</time></trkpt><trkpt lat="42.925241" lon="-8.286988"><ele>387.309</ele><time>2025-06-07T11:55:49.335Z</time></trkpt><trkpt lat="42.925238" lon="-8.287050"><ele>386.939</ele><time>2025-06-07T11:55:53.336Z</time></trkpt><trkpt lat="42.925223" lon="-8.287114"><ele>386.318</ele><time>2025-06-07T11:55:57.336Z</time></trkpt><trkpt lat="42.925212" lon="-8.287179"><ele>385.874</ele><time>2025-06-07T11:56:01.336Z</time></trkpt><trkpt lat="42.925212" lon="-8.287246"><ele>385.537</ele><time>2025-06-07T11:56:06.336Z</time></trkpt><trkpt lat="42.925196" lon="-8.287306"><ele>385.287</ele><time>2025-06-07T11:56:10.336Z</time></trkpt><trkpt lat="42.925174" lon="-8.287377"><ele>384.918</ele><time>2025-06-07T11:56:14.336Z</time></trkpt><trkpt lat="42.925134" lon="-8.287441"><ele>384.667</ele><time>2025-06-07T11:56:17.336Z</time></trkpt><trkpt lat="42.925111" lon="-8.287506"><ele>384.436</ele><time>2025-06-07T11:56:20.335Z</time></trkpt><trkpt lat="42.925068" lon="-8.287561"><ele>384.258</ele><time>2025-06-07T11:56:23.336Z</time></trkpt><trkpt lat="42.925043" lon="-8.287616"><ele>384.242</ele><time>2025-06-07T11:56:27.335Z</time></trkpt><trkpt lat="42.925037" lon="-8.287639"><ele>384.122</ele><time>2025-06-07T11:56:28.336Z</time></trkpt><trkpt lat="42.925032" lon="-8.287705"><ele>384.114</ele><time>2025-06-07T11:56:33.336Z</time></trkpt><trkpt lat="42.925017" lon="-8.287777"><ele>384.109</ele><time>2025-06-07T11:56:36.336Z</time></trkpt><trkpt lat="42.924994" lon="-8.287840"><ele>384.026</ele><time>2025-06-07T11:56:39.336Z</time></trkpt><trkpt lat="42.924966" lon="-8.287914"><ele>383.825</ele><time>2025-06-07T11:56:42.336Z</time></trkpt><trkpt lat="42.924951" lon="-8.287972"><ele>383.791</ele><time>2025-06-07T11:56:45.336Z</time></trkpt><trkpt lat="42.924942" lon="-8.288045"><ele>383.624</ele><time>2025-06-07T11:56:49.336Z</time></trkpt><trkpt lat="42.924922" lon="-8.288122"><ele>383.754</ele><time>2025-06-07T11:56:54.336Z</time></trkpt><trkpt lat="42.924901" lon="-8.288187"><ele>383.875</ele><time>2025-06-07T11:56:58.336Z</time></trkpt><trkpt lat="42.924874" lon="-8.288254"><ele>383.824</ele><time>2025-06-07T11:57:02.335Z</time></trkpt><trkpt lat="42.924861" lon="-8.288331"><ele>384.093</ele><time>2025-06-07T11:57:06.336Z</time></trkpt><trkpt lat="42.924842" lon="-8.288403"><ele>384.135</ele><time>2025-06-07T11:57:10.336Z</time></trkpt><trkpt lat="42.924823" lon="-8.288473"><ele>384.477</ele><time>2025-06-07T11:57:14.336Z</time></trkpt><trkpt lat="42.924802" lon="-8.288531"><ele>384.661</ele><time>2025-06-07T11:57:17.336Z</time></trkpt><trkpt lat="42.924776" lon="-8.288603"><ele>385.027</ele><time>2025-06-07T11:57:22.336Z</time></trkpt><trkpt lat="42.924750" lon="-8.288656"><ele>385.209</ele><time>2025-06-07T11:57:26.336Z</time></trkpt><trkpt lat="42.924718" lon="-8.288702"><ele>385.349</ele><time>2025-06-07T11:57:30.336Z</time></trkpt><trkpt lat="42.924693" lon="-8.288756"><ele>385.528</ele><time>2025-06-07T11:57:33.336Z</time></trkpt><trkpt lat="42.924656" lon="-8.288820"><ele>385.734</ele><time>2025-06-07T11:57:37.336Z</time></trkpt><trkpt lat="42.924625" lon="-8.288886"><ele>386.097</ele><time>2025-06-07T11:57:41.335Z</time></trkpt><trkpt lat="42.924596" lon="-8.288937"><ele>386.167</ele><time>2025-06-07T11:57:44.336Z</time></trkpt><trkpt lat="42.924577" lon="-8.289005"><ele>386.218</ele><time>2025-06-07T11:57:48.336Z</time></trkpt><trkpt lat="42.924559" lon="-8.289065"><ele>386.387</ele><time>2025-06-07T11:57:51.336Z</time></trkpt><trkpt lat="42.924534" lon="-8.289140"><ele>386.346</ele><time>2025-06-07T11:57:55.336Z</time></trkpt><trkpt lat="42.924511" lon="-8.289205"><ele>386.218</ele><time>2025-06-07T11:57:59.336Z</time></trkpt><trkpt lat="42.924493" lon="-8.289282"><ele>386.269</ele><time>2025-06-07T11:58:03.335Z</time></trkpt><trkpt lat="42.924478" lon="-8.289342"><ele>386.104</ele><time>2025-06-07T11:58:06.336Z</time></trkpt><trkpt lat="42.924461" lon="-8.289418"><ele>386.124</ele><time>2025-06-07T11:58:10.336Z</time></trkpt><trkpt lat="42.924438" lon="-8.289481"><ele>386.009</ele><time>2025-06-07T11:58:13.336Z</time></trkpt><trkpt lat="42.924415" lon="-8.289552"><ele>385.968</ele><time>2025-06-07T11:58:17.336Z</time></trkpt><trkpt lat="42.924397" lon="-8.289629"><ele>385.927</ele><time>2025-06-07T11:58:21.336Z</time></trkpt><trkpt lat="42.924380" lon="-8.289699"><ele>386.063</ele><time>2025-06-07T11:58:25.336Z</time></trkpt><trkpt lat="42.924356" lon="-8.289772"><ele>386.226</ele><time>2025-06-07T11:58:29.336Z</time></trkpt><trkpt lat="42.924342" lon="-8.289850"><ele>386.596</ele><time>2025-06-07T11:58:33.336Z</time></trkpt><trkpt lat="42.924319" lon="-8.289926"><ele>386.757</ele><time>2025-06-07T11:58:37.336Z</time></trkpt><trkpt lat="42.924303" lon="-8.289996"><ele>387.076</ele><time>2025-06-07T11:58:41.336Z</time></trkpt><trkpt lat="42.924288" lon="-8.290069"><ele>387.545</ele><time>2025-06-07T11:58:45.335Z</time></trkpt><trkpt lat="42.924265" lon="-8.290143"><ele>388.037</ele><time>2025-06-07T11:58:49.336Z</time></trkpt><trkpt lat="42.924244" lon="-8.290202"><ele>388.512</ele><time>2025-06-07T11:58:52.336Z</time></trkpt><trkpt lat="42.924214" lon="-8.290264"><ele>388.932</ele><time>2025-06-07T11:58:56.337Z</time></trkpt><trkpt lat="42.924178" lon="-8.290315"><ele>389.305</ele><time>2025-06-07T11:59:00.336Z</time></trkpt><trkpt lat="42.924132" lon="-8.290343"><ele>389.309</ele><time>2025-06-07T11:59:04.337Z</time></trkpt><trkpt lat="42.924089" lon="-8.290365"><ele>389.333</ele><time>2025-06-07T11:59:08.337Z</time></trkpt><trkpt lat="42.924047" lon="-8.290406"><ele>389.532</ele><time>2025-06-07T11:59:12.337Z</time></trkpt><trkpt lat="42.924004" lon="-8.290460"><ele>389.798</ele><time>2025-06-07T11:59:16.337Z</time></trkpt><trkpt lat="42.923973" lon="-8.290507"><ele>390.061</ele><time>2025-06-07T11:59:19.337Z</time></trkpt><trkpt lat="42.923943" lon="-8.290568"><ele>390.231</ele><time>2025-06-07T11:59:23.337Z</time></trkpt><trkpt lat="42.923904" lon="-8.290628"><ele>390.112</ele><time>2025-06-07T11:59:27.337Z</time></trkpt><trkpt lat="42.923878" lon="-8.290684"><ele>389.911</ele><time>2025-06-07T11:59:30.337Z</time></trkpt><trkpt lat="42.923844" lon="-8.290750"><ele>389.520</ele><time>2025-06-07T11:59:34.337Z</time></trkpt><trkpt lat="42.923803" lon="-8.290809"><ele>389.172</ele><time>2025-06-07T11:59:38.337Z</time></trkpt><trkpt lat="42.923768" lon="-8.290856"><ele>389.068</ele><time>2025-06-07T11:59:41.337Z</time></trkpt><trkpt lat="42.923725" lon="-8.290902"><ele>389.142</ele><time>2025-06-07T11:59:44.337Z</time></trkpt><trkpt lat="42.923692" lon="-8.290954"><ele>389.526</ele><time>2025-06-07T11:59:47.337Z</time></trkpt><trkpt lat="42.923651" lon="-8.291002"><ele>389.809</ele><time>2025-06-07T11:59:51.337Z</time></trkpt><trkpt lat="42.923604" lon="-8.291041"><ele>390.028</ele><time>2025-06-07T11:59:55.337Z</time></trkpt><trkpt lat="42.923559" lon="-8.291076"><ele>390.367</ele><time>2025-06-07T11:59:59.337Z</time></trkpt><trkpt lat="42.923523" lon="-8.291114"><ele>390.863</ele><time>2025-06-07T12:00:03.337Z</time></trkpt><trkpt lat="42.923503" lon="-8.291180"><ele>392.446</ele><time>2025-06-07T12:00:07.337Z</time></trkpt><trkpt lat="42.923477" lon="-8.291237"><ele>393.976</ele><time>2025-06-07T12:00:11.336Z</time></trkpt><trkpt lat="42.923451" lon="-8.291289"><ele>395.387</ele><time>2025-06-07T12:00:15.336Z</time></trkpt><trkpt lat="42.923424" lon="-8.291348"><ele>396.956</ele><time>2025-06-07T12:00:19.337Z</time></trkpt><trkpt lat="42.923399" lon="-8.291415"><ele>398.425</ele><time>2025-06-07T12:00:23.337Z</time></trkpt><trkpt lat="42.923377" lon="-8.291471"><ele>399.357</ele><time>2025-06-07T12:00:27.337Z</time></trkpt><trkpt lat="42.923329" lon="-8.291510"><ele>399.789</ele><time>2025-06-07T12:00:32.336Z</time></trkpt><trkpt lat="42.923304" lon="-8.291564"><ele>400.206</ele><time>2025-06-07T12:00:37.337Z</time></trkpt><trkpt lat="42.923280" lon="-8.291630"><ele>400.926</ele><time>2025-06-07T12:00:42.336Z</time></trkpt><trkpt lat="42.923250" lon="-8.291689"><ele>401.309</ele><time>2025-06-07T12:00:47.337Z</time></trkpt><trkpt lat="42.923223" lon="-8.291748"><ele>401.660</ele><time>2025-06-07T12:00:52.336Z</time></trkpt><trkpt lat="42.923200" lon="-8.291804"><ele>401.829</ele><time>2025-06-07T12:00:57.336Z</time></trkpt><trkpt lat="42.923195" lon="-8.291873"><ele>402.455</ele><time>2025-06-07T12:01:02.337Z</time></trkpt><trkpt lat="42.923189" lon="-8.291935"><ele>402.878</ele><time>2025-06-07T12:01:08.337Z</time></trkpt><trkpt lat="42.923183" lon="-8.291997"><ele>402.928</ele><time>2025-06-07T12:01:13.337Z</time></trkpt><trkpt lat="42.923165" lon="-8.292062"><ele>402.749</ele><time>2025-06-07T12:01:19.336Z</time></trkpt><trkpt lat="42.923155" lon="-8.292132"><ele>402.738</ele><time>2025-06-07T12:01:25.337Z</time></trkpt><trkpt lat="42.923131" lon="-8.292197"><ele>402.337</ele><time>2025-06-07T12:01:30.337Z</time></trkpt><trkpt lat="42.923107" lon="-8.292250"><ele>401.929</ele><time>2025-06-07T12:01:34.336Z</time></trkpt><trkpt lat="42.923088" lon="-8.292310"><ele>401.641</ele><time>2025-06-07T12:01:39.337Z</time></trkpt><trkpt lat="42.923061" lon="-8.292365"><ele>401.181</ele><time>2025-06-07T12:01:44.337Z</time></trkpt><trkpt lat="42.923036" lon="-8.292429"><ele>400.809</ele><time>2025-06-07T12:01:49.337Z</time></trkpt><trkpt lat="42.923004" lon="-8.292490"><ele>400.609</ele><time>2025-06-07T12:01:53.337Z</time></trkpt><trkpt lat="42.922967" lon="-8.292551"><ele>400.526</ele><time>2025-06-07T12:01:57.337Z</time></trkpt><trkpt lat="42.922939" lon="-8.292611"><ele>400.475</ele><time>2025-06-07T12:02:01.337Z</time></trkpt><trkpt lat="42.922911" lon="-8.292680"><ele>400.391</ele><time>2025-06-07T12:02:05.337Z</time></trkpt><trkpt lat="42.922871" lon="-8.292736"><ele>400.074</ele><time>2025-06-07T12:02:09.337Z</time></trkpt><trkpt lat="42.922832" lon="-8.292794"><ele>399.634</ele><time>2025-06-07T12:02:13.337Z</time></trkpt><trkpt lat="42.922793" lon="-8.292843"><ele>399.455</ele><time>2025-06-07T12:02:17.336Z</time></trkpt><trkpt lat="42.922764" lon="-8.292901"><ele>399.454</ele><time>2025-06-07T12:02:21.337Z</time></trkpt><trkpt lat="42.922726" lon="-8.292950"><ele>399.653</ele><time>2025-06-07T12:02:25.337Z</time></trkpt><trkpt lat="42.922698" lon="-8.293010"><ele>399.825</ele><time>2025-06-07T12:02:29.336Z</time></trkpt><trkpt lat="42.922678" lon="-8.293079"><ele>400.157</ele><time>2025-06-07T12:02:33.337Z</time></trkpt><trkpt lat="42.922660" lon="-8.293151"><ele>400.300</ele><time>2025-06-07T12:02:37.337Z</time></trkpt><trkpt lat="42.922645" lon="-8.293222"><ele>400.620</ele><time>2025-06-07T12:02:41.337Z</time></trkpt><trkpt lat="42.922628" lon="-8.293295"><ele>400.909</ele><time>2025-06-07T12:02:45.337Z</time></trkpt><trkpt lat="42.922608" lon="-8.293351"><ele>401.077</ele><time>2025-06-07T12:02:49.337Z</time></trkpt><trkpt lat="42.922585" lon="-8.293412"><ele>401.276</ele><time>2025-06-07T12:02:53.337Z</time></trkpt><trkpt lat="42.922569" lon="-8.293486"><ele>401.432</ele><time>2025-06-07T12:02:57.337Z</time></trkpt><trkpt lat="42.922547" lon="-8.293560"><ele>401.765</ele><time>2025-06-07T12:03:01.337Z</time></trkpt><trkpt lat="42.922536" lon="-8.293634"><ele>401.935</ele><time>2025-06-07T12:03:05.337Z</time></trkpt><trkpt lat="42.922516" lon="-8.293692"><ele>401.926</ele><time>2025-06-07T12:03:09.337Z</time></trkpt><trkpt lat="42.922483" lon="-8.293756"><ele>402.215</ele><time>2025-06-07T12:03:13.337Z</time></trkpt><trkpt lat="42.922458" lon="-8.293814"><ele>402.654</ele><time>2025-06-07T12:03:17.337Z</time></trkpt><trkpt lat="42.922425" lon="-8.293879"><ele>403.116</ele><time>2025-06-07T12:03:21.337Z</time></trkpt><trkpt lat="42.922402" lon="-8.293932"><ele>403.351</ele><time>2025-06-07T12:03:24.337Z</time></trkpt><trkpt lat="42.922369" lon="-8.293992"><ele>403.701</ele><time>2025-06-07T12:03:28.337Z</time></trkpt><trkpt lat="42.922343" lon="-8.294044"><ele>404.011</ele><time>2025-06-07T12:03:31.336Z</time></trkpt><trkpt lat="42.922302" lon="-8.294099"><ele>404.609</ele><time>2025-06-07T12:03:35.337Z</time></trkpt><trkpt lat="42.922274" lon="-8.294156"><ele>405.167</ele><time>2025-06-07T12:03:39.337Z</time></trkpt><trkpt lat="42.922251" lon="-8.294210"><ele>405.026</ele><time>2025-06-07T12:03:42.337Z</time></trkpt><trkpt lat="42.922218" lon="-8.294265"><ele>405.062</ele><time>2025-06-07T12:03:46.337Z</time></trkpt><trkpt lat="42.922188" lon="-8.294331"><ele>404.745</ele><time>2025-06-07T12:03:50.337Z</time></trkpt><trkpt lat="42.922160" lon="-8.294390"><ele>404.655</ele><time>2025-06-07T12:03:54.337Z</time></trkpt><trkpt lat="42.922138" lon="-8.294458"><ele>404.466</ele><time>2025-06-07T12:03:58.337Z</time></trkpt><trkpt lat="42.922116" lon="-8.294525"><ele>404.075</ele><time>2025-06-07T12:04:02.337Z</time></trkpt><trkpt lat="42.922080" lon="-8.294584"><ele>404.124</ele><time>2025-06-07T12:04:06.337Z</time></trkpt><trkpt lat="42.922054" lon="-8.294650"><ele>403.816</ele><time>2025-06-07T12:04:10.337Z</time></trkpt><trkpt lat="42.922025" lon="-8.294701"><ele>403.856</ele><time>2025-06-07T12:04:13.337Z</time></trkpt><trkpt lat="42.921981" lon="-8.294761"><ele>403.859</ele><time>2025-06-07T12:04:17.337Z</time></trkpt><trkpt lat="42.921932" lon="-8.294810"><ele>403.914</ele><time>2025-06-07T12:04:21.337Z</time></trkpt><trkpt lat="42.921906" lon="-8.294876"><ele>403.209</ele><time>2025-06-07T12:04:25.337Z</time></trkpt><trkpt lat="42.921868" lon="-8.294936"><ele>402.727</ele><time>2025-06-07T12:04:29.337Z</time></trkpt><trkpt lat="42.921836" lon="-8.294984"><ele>402.426</ele><time>2025-06-07T12:04:32.337Z</time></trkpt><trkpt lat="42.921796" lon="-8.295042"><ele>402.162</ele><time>2025-06-07T12:04:36.337Z</time></trkpt><trkpt lat="42.921761" lon="-8.295106"><ele>401.565</ele><time>2025-06-07T12:04:40.337Z</time></trkpt><trkpt lat="42.921730" lon="-8.295162"><ele>400.835</ele><time>2025-06-07T12:04:44.337Z</time></trkpt><trkpt lat="42.921700" lon="-8.295222"><ele>399.976</ele><time>2025-06-07T12:04:48.337Z</time></trkpt><trkpt lat="42.921671" lon="-8.295287"><ele>398.995</ele><time>2025-06-07T12:04:52.337Z</time></trkpt><trkpt lat="42.921635" lon="-8.295352"><ele>398.494</ele><time>2025-06-07T12:04:56.337Z</time></trkpt><trkpt lat="42.921615" lon="-8.295414"><ele>397.936</ele><time>2025-06-07T12:04:59.337Z</time></trkpt><trkpt lat="42.921593" lon="-8.295470"><ele>397.571</ele><time>2025-06-07T12:05:02.337Z</time></trkpt><trkpt lat="42.921570" lon="-8.295537"><ele>396.941</ele><time>2025-06-07T12:05:06.336Z</time></trkpt><trkpt lat="42.921547" lon="-8.295605"><ele>396.615</ele><time>2025-06-07T12:05:10.337Z</time></trkpt><trkpt lat="42.921523" lon="-8.295662"><ele>396.509</ele><time>2025-06-07T12:05:13.337Z</time></trkpt><trkpt lat="42.921495" lon="-8.295725"><ele>396.449</ele><time>2025-06-07T12:05:17.337Z</time></trkpt><trkpt lat="42.921468" lon="-8.295777"><ele>396.478</ele><time>2025-06-07T12:05:20.337Z</time></trkpt><trkpt lat="42.921436" lon="-8.295843"><ele>396.554</ele><time>2025-06-07T12:05:24.337Z</time></trkpt><trkpt lat="42.921405" lon="-8.295906"><ele>396.657</ele><time>2025-06-07T12:05:28.337Z</time></trkpt><trkpt lat="42.921368" lon="-8.295964"><ele>396.637</ele><time>2025-06-07T12:05:32.337Z</time></trkpt><trkpt lat="42.921339" lon="-8.296028"><ele>396.428</ele><time>2025-06-07T12:05:36.337Z</time></trkpt><trkpt lat="42.921318" lon="-8.296085"><ele>396.177</ele><time>2025-06-07T12:05:39.336Z</time></trkpt><trkpt lat="42.921278" lon="-8.296141"><ele>395.796</ele><time>2025-06-07T12:05:43.338Z</time></trkpt><trkpt lat="42.921237" lon="-8.296194"><ele>395.138</ele><time>2025-06-07T12:05:47.338Z</time></trkpt><trkpt lat="42.921197" lon="-8.296242"><ele>394.695</ele><time>2025-06-07T12:05:51.338Z</time></trkpt><trkpt lat="42.921160" lon="-8.296298"><ele>394.049</ele><time>2025-06-07T12:05:55.338Z</time></trkpt><trkpt lat="42.921127" lon="-8.296341"><ele>393.523</ele><time>2025-06-07T12:05:58.338Z</time></trkpt><trkpt lat="42.921090" lon="-8.296389"><ele>393.009</ele><time>2025-06-07T12:06:02.338Z</time></trkpt><trkpt lat="42.921052" lon="-8.296444"><ele>392.611</ele><time>2025-06-07T12:06:06.338Z</time></trkpt><trkpt lat="42.921009" lon="-8.296498"><ele>392.230</ele><time>2025-06-07T12:06:10.337Z</time></trkpt><trkpt lat="42.920970" lon="-8.296537"><ele>391.986</ele><time>2025-06-07T12:06:13.338Z</time></trkpt><trkpt lat="42.920931" lon="-8.296577"><ele>391.699</ele><time>2025-06-07T12:06:16.337Z</time></trkpt><trkpt lat="42.920889" lon="-8.296631"><ele>391.389</ele><time>2025-06-07T12:06:20.338Z</time></trkpt><trkpt lat="42.920845" lon="-8.296680"><ele>391.070</ele><time>2025-06-07T12:06:24.338Z</time></trkpt><trkpt lat="42.920800" lon="-8.296731"><ele>390.919</ele><time>2025-06-07T12:06:28.338Z</time></trkpt><trkpt lat="42.920758" lon="-8.296787"><ele>391.068</ele><time>2025-06-07T12:06:32.338Z</time></trkpt><trkpt lat="42.920718" lon="-8.296842"><ele>391.050</ele><time>2025-06-07T12:06:36.337Z</time></trkpt><trkpt lat="42.920684" lon="-8.296897"><ele>391.237</ele><time>2025-06-07T12:06:40.338Z</time></trkpt><trkpt lat="42.920649" lon="-8.296945"><ele>391.349</ele><time>2025-06-07T12:06:44.338Z</time></trkpt><trkpt lat="42.920616" lon="-8.297000"><ele>391.413</ele><time>2025-06-07T12:06:48.338Z</time></trkpt><trkpt lat="42.920587" lon="-8.297047"><ele>391.409</ele><time>2025-06-07T12:06:51.338Z</time></trkpt><trkpt lat="42.920545" lon="-8.297097"><ele>391.615</ele><time>2025-06-07T12:06:55.338Z</time></trkpt><trkpt lat="42.920504" lon="-8.297152"><ele>391.824</ele><time>2025-06-07T12:06:59.338Z</time></trkpt><trkpt lat="42.920471" lon="-8.297208"><ele>392.080</ele><time>2025-06-07T12:07:03.338Z</time></trkpt><trkpt lat="42.920441" lon="-8.297264"><ele>391.713</ele><time>2025-06-07T12:07:07.338Z</time></trkpt><trkpt lat="42.920411" lon="-8.297326"><ele>391.133</ele><time>2025-06-07T12:07:11.337Z</time></trkpt><trkpt lat="42.920388" lon="-8.297384"><ele>390.464</ele><time>2025-06-07T12:07:14.338Z</time></trkpt><trkpt lat="42.920371" lon="-8.297443"><ele>389.613</ele><time>2025-06-07T12:07:17.338Z</time></trkpt><trkpt lat="42.920354" lon="-8.297507"><ele>388.692</ele><time>2025-06-07T12:07:20.338Z</time></trkpt><trkpt lat="42.920352" lon="-8.297575"><ele>387.414</ele><time>2025-06-07T12:07:23.338Z</time></trkpt><trkpt lat="42.920348" lon="-8.297640"><ele>386.296</ele><time>2025-06-07T12:07:26.338Z</time></trkpt><trkpt lat="42.920324" lon="-8.297695"><ele>385.331</ele><time>2025-06-07T12:07:29.338Z</time></trkpt><trkpt lat="42.920307" lon="-8.297753"><ele>384.324</ele><time>2025-06-07T12:07:32.338Z</time></trkpt><trkpt lat="42.920306" lon="-8.297826"><ele>383.409</ele><time>2025-06-07T12:07:35.337Z</time></trkpt><trkpt lat="42.920307" lon="-8.297890"><ele>382.731</ele><time>2025-06-07T12:07:38.338Z</time></trkpt><trkpt lat="42.920304" lon="-8.297962"><ele>381.980</ele><time>2025-06-07T12:07:41.338Z</time></trkpt><trkpt lat="42.920307" lon="-8.298027"><ele>381.226</ele><time>2025-06-07T12:07:44.338Z</time></trkpt><trkpt lat="42.920286" lon="-8.298102"><ele>380.579</ele><time>2025-06-07T12:07:48.338Z</time></trkpt><trkpt lat="42.920269" lon="-8.298177"><ele>379.779</ele><time>2025-06-07T12:07:52.338Z</time></trkpt><trkpt lat="42.920251" lon="-8.298239"><ele>379.150</ele><time>2025-06-07T12:07:56.338Z</time></trkpt><trkpt lat="42.920234" lon="-8.298304"><ele>378.529</ele><time>2025-06-07T12:08:00.337Z</time></trkpt><trkpt lat="42.920234" lon="-8.298368"><ele>378.098</ele><time>2025-06-07T12:08:03.338Z</time></trkpt><trkpt lat="42.920235" lon="-8.298431"><ele>377.730</ele><time>2025-06-07T12:08:06.338Z</time></trkpt><trkpt lat="42.920255" lon="-8.298493"><ele>377.435</ele><time>2025-06-07T12:08:10.338Z</time></trkpt><trkpt lat="42.920262" lon="-8.298566"><ele>377.186</ele><time>2025-06-07T12:08:14.338Z</time></trkpt><trkpt lat="42.920265" lon="-8.298647"><ele>376.814</ele><time>2025-06-07T12:08:18.337Z</time></trkpt><trkpt lat="42.920258" lon="-8.298708"><ele>376.609</ele><time>2025-06-07T12:08:21.337Z</time></trkpt><trkpt lat="42.920247" lon="-8.298775"><ele>376.385</ele><time>2025-06-07T12:08:24.338Z</time></trkpt><trkpt lat="42.920222" lon="-8.298847"><ele>376.094</ele><time>2025-06-07T12:08:28.338Z</time></trkpt><trkpt lat="42.920200" lon="-8.298909"><ele>375.710</ele><time>2025-06-07T12:08:31.338Z</time></trkpt><trkpt lat="42.920185" lon="-8.298980"><ele>375.633</ele><time>2025-06-07T12:08:35.338Z</time></trkpt><trkpt lat="42.920151" lon="-8.299042"><ele>375.353</ele><time>2025-06-07T12:08:40.338Z</time></trkpt><trkpt lat="42.920121" lon="-8.299098"><ele>375.074</ele><time>2025-06-07T12:08:43.338Z</time></trkpt><trkpt lat="42.920078" lon="-8.299153"><ele>374.653</ele><time>2025-06-07T12:08:47.337Z</time></trkpt><trkpt lat="42.920037" lon="-8.299188"><ele>374.392</ele><time>2025-06-07T12:08:50.338Z</time></trkpt><trkpt lat="42.919995" lon="-8.299219"><ele>374.224</ele><time>2025-06-07T12:08:53.338Z</time></trkpt><trkpt lat="42.919947" lon="-8.299254"><ele>374.111</ele><time>2025-06-07T12:08:58.338Z</time></trkpt><trkpt lat="42.919906" lon="-8.299292"><ele>374.021</ele><time>2025-06-07T12:09:02.338Z</time></trkpt><trkpt lat="42.919863" lon="-8.299340"><ele>373.803</ele><time>2025-06-07T12:09:06.338Z</time></trkpt><trkpt lat="42.919824" lon="-8.299389"><ele>373.709</ele><time>2025-06-07T12:09:10.338Z</time></trkpt><trkpt lat="42.919780" lon="-8.299437"><ele>373.413</ele><time>2025-06-07T12:09:14.338Z</time></trkpt><trkpt lat="42.919740" lon="-8.299475"><ele>373.242</ele><time>2025-06-07T12:09:18.338Z</time></trkpt><trkpt lat="42.919699" lon="-8.299517"><ele>373.278</ele><time>2025-06-07T12:09:22.338Z</time></trkpt><trkpt lat="42.919652" lon="-8.299557"><ele>373.311</ele><time>2025-06-07T12:09:26.337Z</time></trkpt><trkpt lat="42.919604" lon="-8.299594"><ele>373.391</ele><time>2025-06-07T12:09:30.338Z</time></trkpt><trkpt lat="42.919562" lon="-8.299655"><ele>373.372</ele><time>2025-06-07T12:09:34.338Z</time></trkpt><trkpt lat="42.919521" lon="-8.299697"><ele>373.361</ele><time>2025-06-07T12:09:37.338Z</time></trkpt><trkpt lat="42.919484" lon="-8.299740"><ele>373.210</ele><time>2025-06-07T12:09:40.337Z</time></trkpt><trkpt lat="42.919450" lon="-8.299781"><ele>373.262</ele><time>2025-06-07T12:09:43.338Z</time></trkpt><trkpt lat="42.919416" lon="-8.299823"><ele>373.353</ele><time>2025-06-07T12:09:46.338Z</time></trkpt><trkpt lat="42.919380" lon="-8.299881"><ele>373.404</ele><time>2025-06-07T12:09:50.338Z</time></trkpt><trkpt lat="42.919348" lon="-8.299936"><ele>373.514</ele><time>2025-06-07T12:09:54.338Z</time></trkpt><trkpt lat="42.919329" lon="-8.300006"><ele>373.609</ele><time>2025-06-07T12:09:58.338Z</time></trkpt><trkpt lat="42.919309" lon="-8.300080"><ele>373.887</ele><time>2025-06-07T12:10:02.338Z</time></trkpt><trkpt lat="42.919286" lon="-8.300149"><ele>374.016</ele><time>2025-06-07T12:10:06.338Z</time></trkpt><trkpt lat="42.919262" lon="-8.300218"><ele>374.192</ele><time>2025-06-07T12:10:10.337Z</time></trkpt><trkpt lat="42.919245" lon="-8.300289"><ele>374.365</ele><time>2025-06-07T12:10:14.338Z</time></trkpt><trkpt lat="42.919228" lon="-8.300359"><ele>374.515</ele><time>2025-06-07T12:10:18.338Z</time></trkpt><trkpt lat="42.919213" lon="-8.300430"><ele>374.736</ele><time>2025-06-07T12:10:22.337Z</time></trkpt><trkpt lat="42.919197" lon="-8.300502"><ele>374.985</ele><time>2025-06-07T12:10:26.338Z</time></trkpt><trkpt lat="42.919177" lon="-8.300575"><ele>375.144</ele><time>2025-06-07T12:10:30.338Z</time></trkpt><trkpt lat="42.919162" lon="-8.300647"><ele>375.346</ele><time>2025-06-07T12:10:34.338Z</time></trkpt><trkpt lat="42.919136" lon="-8.300719"><ele>375.584</ele><time>2025-06-07T12:10:38.338Z</time></trkpt><trkpt lat="42.919108" lon="-8.300769"><ele>375.607</ele><time>2025-06-07T12:10:41.337Z</time></trkpt><trkpt lat="42.919080" lon="-8.300820"><ele>375.617</ele><time>2025-06-07T12:10:44.338Z</time></trkpt><trkpt lat="42.919047" lon="-8.300862"><ele>375.609</ele><time>2025-06-07T12:10:47.338Z</time></trkpt><trkpt lat="42.919005" lon="-8.300914"><ele>375.660</ele><time>2025-06-07T12:10:51.338Z</time></trkpt><trkpt lat="42.918970" lon="-8.300960"><ele>375.699</ele><time>2025-06-07T12:10:55.338Z</time></trkpt><trkpt lat="42.918932" lon="-8.301006"><ele>375.745</ele><time>2025-06-07T12:10:59.338Z</time></trkpt><trkpt lat="42.918893" lon="-8.301050"><ele>375.858</ele><time>2025-06-07T12:11:03.337Z</time></trkpt><trkpt lat="42.918858" lon="-8.301101"><ele>375.718</ele><time>2025-06-07T12:11:07.338Z</time></trkpt><trkpt lat="42.918869" lon="-8.301173"><ele>376.199</ele><time>2025-06-07T12:11:11.338Z</time></trkpt><trkpt lat="42.918907" lon="-8.301229"><ele>376.478</ele><time>2025-06-07T12:11:15.337Z</time></trkpt><trkpt lat="42.918939" lon="-8.301288"><ele>376.627</ele><time>2025-06-07T12:11:19.338Z</time></trkpt><trkpt lat="42.918963" lon="-8.301359"><ele>376.969</ele><time>2025-06-07T12:11:23.338Z</time></trkpt><trkpt lat="42.918978" lon="-8.301433"><ele>377.158</ele><time>2025-06-07T12:11:27.338Z</time></trkpt><trkpt lat="42.918979" lon="-8.301500"><ele>377.152</ele><time>2025-06-07T12:11:31.338Z</time></trkpt><trkpt lat="42.918992" lon="-8.301570"><ele>377.217</ele><time>2025-06-07T12:11:35.338Z</time></trkpt><trkpt lat="42.919016" lon="-8.301640"><ele>377.409</ele><time>2025-06-07T12:11:39.338Z</time></trkpt><trkpt lat="42.919046" lon="-8.301698"><ele>377.657</ele><time>2025-06-07T12:11:43.338Z</time></trkpt><trkpt lat="42.919069" lon="-8.301766"><ele>377.616</ele><time>2025-06-07T12:11:47.338Z</time></trkpt><trkpt lat="42.919081" lon="-8.301826"><ele>377.782</ele><time>2025-06-07T12:11:50.338Z</time></trkpt><trkpt lat="42.919091" lon="-8.301887"><ele>377.725</ele><time>2025-06-07T12:11:53.338Z</time></trkpt><trkpt lat="42.919100" lon="-8.301961"><ele>377.895</ele><time>2025-06-07T12:11:57.338Z</time></trkpt><trkpt lat="42.919128" lon="-8.302031"><ele>377.926</ele><time>2025-06-07T12:12:01.338Z</time></trkpt><trkpt lat="42.919139" lon="-8.302094"><ele>377.995</ele><time>2025-06-07T12:12:04.339Z</time></trkpt><trkpt lat="42.919144" lon="-8.302167"><ele>377.994</ele><time>2025-06-07T12:12:08.338Z</time></trkpt><trkpt lat="42.919158" lon="-8.302232"><ele>378.066</ele><time>2025-06-07T12:12:12.339Z</time></trkpt><trkpt lat="42.919174" lon="-8.302307"><ele>378.159</ele><time>2025-06-07T12:12:16.338Z</time></trkpt><trkpt lat="42.919190" lon="-8.302378"><ele>378.203</ele><time>2025-06-07T12:12:20.338Z</time></trkpt><trkpt lat="42.919206" lon="-8.302448"><ele>378.323</ele><time>2025-06-07T12:12:24.339Z</time></trkpt><trkpt lat="42.919209" lon="-8.302524"><ele>378.309</ele><time>2025-06-07T12:12:28.338Z</time></trkpt><trkpt lat="42.919208" lon="-8.302589"><ele>378.387</ele><time>2025-06-07T12:12:31.339Z</time></trkpt><trkpt lat="42.919216" lon="-8.302666"><ele>378.436</ele><time>2025-06-07T12:12:35.339Z</time></trkpt><trkpt lat="42.919225" lon="-8.302738"><ele>378.482</ele><time>2025-06-07T12:12:39.339Z</time></trkpt><trkpt lat="42.919237" lon="-8.302809"><ele>378.655</ele><time>2025-06-07T12:12:43.339Z</time></trkpt><trkpt lat="42.919246" lon="-8.302880"><ele>378.925</ele><time>2025-06-07T12:12:47.339Z</time></trkpt><trkpt lat="42.919252" lon="-8.302953"><ele>379.246</ele><time>2025-06-07T12:12:51.339Z</time></trkpt><trkpt lat="42.919261" lon="-8.303029"><ele>379.665</ele><time>2025-06-07T12:12:55.339Z</time></trkpt><trkpt lat="42.919272" lon="-8.303100"><ele>379.884</ele><time>2025-06-07T12:12:59.339Z</time></trkpt><trkpt lat="42.919282" lon="-8.303172"><ele>379.896</ele><time>2025-06-07T12:13:03.338Z</time></trkpt><trkpt lat="42.919282" lon="-8.303249"><ele>379.863</ele><time>2025-06-07T12:13:07.339Z</time></trkpt><trkpt lat="42.919285" lon="-8.303329"><ele>379.944</ele><time>2025-06-07T12:13:11.339Z</time></trkpt><trkpt lat="42.919287" lon="-8.303393"><ele>379.918</ele><time>2025-06-07T12:13:14.339Z</time></trkpt><trkpt lat="42.919292" lon="-8.303470"><ele>380.009</ele><time>2025-06-07T12:13:18.338Z</time></trkpt><trkpt lat="42.919295" lon="-8.303533"><ele>380.068</ele><time>2025-06-07T12:13:21.339Z</time></trkpt><trkpt lat="42.919299" lon="-8.303610"><ele>380.067</ele><time>2025-06-07T12:13:25.339Z</time></trkpt><trkpt lat="42.919302" lon="-8.303686"><ele>380.193</ele><time>2025-06-07T12:13:29.339Z</time></trkpt><trkpt lat="42.919297" lon="-8.303763"><ele>380.396</ele><time>2025-06-07T12:13:33.339Z</time></trkpt><trkpt lat="42.919271" lon="-8.303825"><ele>380.386</ele><time>2025-06-07T12:13:37.339Z</time></trkpt><trkpt lat="42.919253" lon="-8.303895"><ele>380.347</ele><time>2025-06-07T12:13:41.339Z</time></trkpt><trkpt lat="42.919253" lon="-8.303957"><ele>380.646</ele><time>2025-06-07T12:13:44.339Z</time></trkpt><trkpt lat="42.919245" lon="-8.304036"><ele>380.865</ele><time>2025-06-07T12:13:48.339Z</time></trkpt><trkpt lat="42.919239" lon="-8.304110"><ele>381.177</ele><time>2025-06-07T12:13:52.339Z</time></trkpt><trkpt lat="42.919222" lon="-8.304182"><ele>381.212</ele><time>2025-06-07T12:13:56.338Z</time></trkpt><trkpt lat="42.919204" lon="-8.304257"><ele>381.132</ele><time>2025-06-07T12:14:00.338Z</time></trkpt><trkpt lat="42.919186" lon="-8.304321"><ele>381.105</ele><time>2025-06-07T12:14:04.339Z</time></trkpt><trkpt lat="42.919200" lon="-8.304392"><ele>381.109</ele><time>2025-06-07T12:14:08.338Z</time></trkpt><trkpt lat="42.919191" lon="-8.304473"><ele>381.053</ele><time>2025-06-07T12:14:12.339Z</time></trkpt><trkpt lat="42.919185" lon="-8.304551"><ele>380.792</ele><time>2025-06-07T12:14:16.338Z</time></trkpt><trkpt lat="42.919168" lon="-8.304625"><ele>380.448</ele><time>2025-06-07T12:14:20.339Z</time></trkpt><trkpt lat="42.919154" lon="-8.304698"><ele>380.011</ele><time>2025-06-07T12:14:24.339Z</time></trkpt><trkpt lat="42.919138" lon="-8.304769"><ele>379.531</ele><time>2025-06-07T12:14:28.339Z</time></trkpt><trkpt lat="42.919118" lon="-8.304837"><ele>378.992</ele><time>2025-06-07T12:14:32.339Z</time></trkpt><trkpt lat="42.919112" lon="-8.304906"><ele>378.431</ele><time>2025-06-07T12:14:36.338Z</time></trkpt><trkpt lat="42.919122" lon="-8.304970"><ele>378.060</ele><time>2025-06-07T12:14:39.339Z</time></trkpt><trkpt lat="42.919110" lon="-8.305040"><ele>377.592</ele><time>2025-06-07T12:14:42.339Z</time></trkpt><trkpt lat="42.919094" lon="-8.305104"><ele>377.135</ele><time>2025-06-07T12:14:46.338Z</time></trkpt><trkpt lat="42.919067" lon="-8.305175"><ele>376.686</ele><time>2025-06-07T12:14:50.339Z</time></trkpt><trkpt lat="42.919021" lon="-8.305178"><ele>376.514</ele><time>2025-06-07T12:14:54.338Z</time></trkpt><trkpt lat="42.918975" lon="-8.305207"><ele>376.309</ele><time>2025-06-07T12:14:58.339Z</time></trkpt><trkpt lat="42.918929" lon="-8.305245"><ele>376.185</ele><time>2025-06-07T12:15:02.338Z</time></trkpt><trkpt lat="42.918883" lon="-8.305285"><ele>375.954</ele><time>2025-06-07T12:15:06.339Z</time></trkpt><trkpt lat="42.918854" lon="-8.305333"><ele>375.690</ele><time>2025-06-07T12:15:09.339Z</time></trkpt><trkpt lat="42.918849" lon="-8.305408"><ele>375.183</ele><time>2025-06-07T12:15:13.339Z</time></trkpt><trkpt lat="42.918851" lon="-8.305484"><ele>374.573</ele><time>2025-06-07T12:15:17.339Z</time></trkpt><trkpt lat="42.918851" lon="-8.305547"><ele>374.134</ele><time>2025-06-07T12:15:20.338Z</time></trkpt><trkpt lat="42.918863" lon="-8.305606"><ele>373.873</ele><time>2025-06-07T12:15:23.339Z</time></trkpt><trkpt lat="42.918909" lon="-8.305658"><ele>373.752</ele><time>2025-06-07T12:15:27.339Z</time></trkpt><trkpt lat="42.918957" lon="-8.305703"><ele>373.674</ele><time>2025-06-07T12:15:31.339Z</time></trkpt><trkpt lat="42.918992" lon="-8.305768"><ele>373.351</ele><time>2025-06-07T12:15:35.339Z</time></trkpt><trkpt lat="42.919002" lon="-8.305830"><ele>373.001</ele><time>2025-06-07T12:15:38.339Z</time></trkpt><trkpt lat="42.919000" lon="-8.305892"><ele>372.511</ele><time>2025-06-07T12:15:41.339Z</time></trkpt><trkpt lat="42.919000" lon="-8.305954"><ele>372.009</ele><time>2025-06-07T12:15:44.339Z</time></trkpt><trkpt lat="42.918996" lon="-8.306036"><ele>371.447</ele><time>2025-06-07T12:15:48.339Z</time></trkpt><trkpt lat="42.918999" lon="-8.306099"><ele>370.986</ele><time>2025-06-07T12:15:51.339Z</time></trkpt><trkpt lat="42.918998" lon="-8.306163"><ele>370.572</ele><time>2025-06-07T12:15:54.339Z</time></trkpt><trkpt lat="42.919002" lon="-8.306224"><ele>370.285</ele><time>2025-06-07T12:15:57.338Z</time></trkpt><trkpt lat="42.919009" lon="-8.306301"><ele>369.935</ele><time>2025-06-07T12:16:01.339Z</time></trkpt><trkpt lat="42.919013" lon="-8.306365"><ele>369.696</ele><time>2025-06-07T12:16:04.339Z</time></trkpt><trkpt lat="42.919015" lon="-8.306427"><ele>369.345</ele><time>2025-06-07T12:16:07.339Z</time></trkpt><trkpt lat="42.919013" lon="-8.306492"><ele>369.134</ele><time>2025-06-07T12:16:10.339Z</time></trkpt><trkpt lat="42.919006" lon="-8.306560"><ele>368.846</ele><time>2025-06-07T12:16:14.339Z</time></trkpt><trkpt lat="42.919014" lon="-8.306622"><ele>368.642</ele><time>2025-06-07T12:16:18.338Z</time></trkpt><trkpt lat="42.919023" lon="-8.306684"><ele>368.522</ele><time>2025-06-07T12:16:22.339Z</time></trkpt><trkpt lat="42.919024" lon="-8.306762"><ele>368.314</ele><time>2025-06-07T12:16:26.339Z</time></trkpt><trkpt lat="42.919013" lon="-8.306837"><ele>368.109</ele><time>2025-06-07T12:16:30.338Z</time></trkpt><trkpt lat="42.918992" lon="-8.306910"><ele>367.896</ele><time>2025-06-07T12:16:34.339Z</time></trkpt><trkpt lat="42.918965" lon="-8.306979"><ele>367.745</ele><time>2025-06-07T12:16:38.339Z</time></trkpt><trkpt lat="42.918930" lon="-8.307042"><ele>367.621</ele><time>2025-06-07T12:16:42.339Z</time></trkpt><trkpt lat="42.918899" lon="-8.307104"><ele>367.694</ele><time>2025-06-07T12:16:46.339Z</time></trkpt><trkpt lat="42.918882" lon="-8.307166"><ele>367.784</ele><time>2025-06-07T12:16:50.339Z</time></trkpt><trkpt lat="42.918856" lon="-8.307227"><ele>367.625</ele><time>2025-06-07T12:16:54.339Z</time></trkpt><trkpt lat="42.918824" lon="-8.307281"><ele>367.334</ele><time>2025-06-07T12:16:58.339Z</time></trkpt><trkpt lat="42.918776" lon="-8.307320"><ele>366.943</ele><time>2025-06-07T12:17:02.338Z</time></trkpt><trkpt lat="42.918743" lon="-8.307377"><ele>366.785</ele><time>2025-06-07T12:17:06.339Z</time></trkpt><trkpt lat="42.918706" lon="-8.307436"><ele>366.522</ele><time>2025-06-07T12:17:10.339Z</time></trkpt><trkpt lat="42.918674" lon="-8.307505"><ele>366.562</ele><time>2025-06-07T12:17:14.339Z</time></trkpt><trkpt lat="42.918640" lon="-8.307554"><ele>366.208</ele><time>2025-06-07T12:17:17.339Z</time></trkpt><trkpt lat="42.918614" lon="-8.307608"><ele>366.009</ele><time>2025-06-07T12:17:20.339Z</time></trkpt><trkpt lat="42.918583" lon="-8.307668"><ele>365.834</ele><time>2025-06-07T12:17:24.338Z</time></trkpt><trkpt lat="42.918552" lon="-8.307719"><ele>365.523</ele><time>2025-06-07T12:17:27.339Z</time></trkpt><trkpt lat="42.918526" lon="-8.307782"><ele>365.489</ele><time>2025-06-07T12:17:31.339Z</time></trkpt><trkpt lat="42.918503" lon="-8.307851"><ele>365.262</ele><time>2025-06-07T12:17:35.339Z</time></trkpt><trkpt lat="42.918491" lon="-8.307912"><ele>365.112</ele><time>2025-06-07T12:17:38.339Z</time></trkpt><trkpt lat="42.918475" lon="-8.307974"><ele>365.083</ele><time>2025-06-07T12:17:41.339Z</time></trkpt><trkpt lat="42.918463" lon="-8.308033"><ele>364.932</ele><time>2025-06-07T12:17:44.339Z</time></trkpt><trkpt lat="42.918451" lon="-8.308106"><ele>365.041</ele><time>2025-06-07T12:17:48.338Z</time></trkpt><trkpt lat="42.918437" lon="-8.308183"><ele>365.293</ele><time>2025-06-07T12:17:52.339Z</time></trkpt><trkpt lat="42.918425" lon="-8.308264"><ele>365.435</ele><time>2025-06-07T12:17:56.339Z</time></trkpt><trkpt lat="42.918419" lon="-8.308344"><ele>365.686</ele><time>2025-06-07T12:18:00.339Z</time></trkpt><trkpt lat="42.918418" lon="-8.308406"><ele>365.814</ele><time>2025-06-07T12:18:03.339Z</time></trkpt><trkpt lat="42.918418" lon="-8.308486"><ele>366.009</ele><time>2025-06-07T12:18:07.338Z</time></trkpt><trkpt lat="42.918418" lon="-8.308559"><ele>366.265</ele><time>2025-06-07T12:18:11.339Z</time></trkpt><trkpt lat="42.918430" lon="-8.308633"><ele>366.364</ele><time>2025-06-07T12:18:15.338Z</time></trkpt><trkpt lat="42.918440" lon="-8.308694"><ele>366.440</ele><time>2025-06-07T12:18:18.339Z</time></trkpt><trkpt lat="42.918455" lon="-8.308768"><ele>366.443</ele><time>2025-06-07T12:18:22.339Z</time></trkpt><trkpt lat="42.918467" lon="-8.308843"><ele>366.513</ele><time>2025-06-07T12:18:26.339Z</time></trkpt><trkpt lat="42.918461" lon="-8.308919"><ele>366.664</ele><time>2025-06-07T12:18:30.339Z</time></trkpt><trkpt lat="42.918443" lon="-8.308984"><ele>366.733</ele><time>2025-06-07T12:18:34.338Z</time></trkpt><trkpt lat="42.918414" lon="-8.309049"><ele>366.932</ele><time>2025-06-07T12:18:38.339Z</time></trkpt><trkpt lat="42.918390" lon="-8.309118"><ele>367.064</ele><time>2025-06-07T12:18:42.339Z</time></trkpt><trkpt lat="42.918364" lon="-8.309186"><ele>367.247</ele><time>2025-06-07T12:18:46.339Z</time></trkpt><trkpt lat="42.918361" lon="-8.309260"><ele>367.729</ele><time>2025-06-07T12:18:50.339Z</time></trkpt><trkpt lat="42.918362" lon="-8.309338"><ele>368.321</ele><time>2025-06-07T12:18:54.340Z</time></trkpt><trkpt lat="42.918357" lon="-8.309403"><ele>368.709</ele><time>2025-06-07T12:18:57.340Z</time></trkpt><trkpt lat="42.918362" lon="-8.309479"><ele>369.076</ele><time>2025-06-07T12:19:01.340Z</time></trkpt><trkpt lat="42.918361" lon="-8.309553"><ele>369.065</ele><time>2025-06-07T12:19:05.340Z</time></trkpt><trkpt lat="42.918363" lon="-8.309628"><ele>369.131</ele><time>2025-06-07T12:19:09.340Z</time></trkpt><trkpt lat="42.918371" lon="-8.309703"><ele>369.124</ele><time>2025-06-07T12:19:13.340Z</time></trkpt><trkpt lat="42.918376" lon="-8.309784"><ele>369.424</ele><time>2025-06-07T12:19:17.340Z</time></trkpt><trkpt lat="42.918373" lon="-8.309860"><ele>369.675</ele><time>2025-06-07T12:19:21.340Z</time></trkpt><trkpt lat="42.918380" lon="-8.309933"><ele>369.934</ele><time>2025-06-07T12:19:25.340Z</time></trkpt><trkpt lat="42.918387" lon="-8.310006"><ele>370.263</ele><time>2025-06-07T12:19:29.340Z</time></trkpt><trkpt lat="42.918385" lon="-8.310082"><ele>370.585</ele><time>2025-06-07T12:19:33.340Z</time></trkpt><trkpt lat="42.918392" lon="-8.310152"><ele>370.819</ele><time>2025-06-07T12:19:37.340Z</time></trkpt><trkpt lat="42.918386" lon="-8.310232"><ele>371.009</ele><time>2025-06-07T12:19:41.339Z</time></trkpt><trkpt lat="42.918377" lon="-8.310295"><ele>371.219</ele><time>2025-06-07T12:19:44.340Z</time></trkpt><trkpt lat="42.918367" lon="-8.310355"><ele>371.409</ele><time>2025-06-07T12:19:47.340Z</time></trkpt><trkpt lat="42.918352" lon="-8.310415"><ele>371.663</ele><time>2025-06-07T12:19:50.340Z</time></trkpt><trkpt lat="42.918347" lon="-8.310495"><ele>371.822</ele><time>2025-06-07T12:19:54.340Z</time></trkpt><trkpt lat="42.918336" lon="-8.310573"><ele>372.188</ele><time>2025-06-07T12:19:58.340Z</time></trkpt><trkpt lat="42.918309" lon="-8.310643"><ele>372.121</ele><time>2025-06-07T12:20:02.340Z</time></trkpt><trkpt lat="42.918265" lon="-8.310690"><ele>372.061</ele><time>2025-06-07T12:20:06.340Z</time></trkpt><trkpt lat="42.918210" lon="-8.310692"><ele>371.652</ele><time>2025-06-07T12:20:10.339Z</time></trkpt><trkpt lat="42.918155" lon="-8.310688"><ele>371.241</ele><time>2025-06-07T12:20:14.340Z</time></trkpt><trkpt lat="42.918101" lon="-8.310680"><ele>370.860</ele><time>2025-06-07T12:20:18.340Z</time></trkpt><trkpt lat="42.918047" lon="-8.310666"><ele>370.352</ele><time>2025-06-07T12:20:22.340Z</time></trkpt><trkpt lat="42.918000" lon="-8.310645"><ele>370.059</ele><time>2025-06-07T12:20:25.340Z</time></trkpt><trkpt lat="42.917944" lon="-8.310622"><ele>369.603</ele><time>2025-06-07T12:20:29.340Z</time></trkpt><trkpt lat="42.917898" lon="-8.310610"><ele>369.423</ele><time>2025-06-07T12:20:32.340Z</time></trkpt><trkpt lat="42.917854" lon="-8.310597"><ele>369.209</ele><time>2025-06-07T12:20:35.339Z</time></trkpt><trkpt lat="42.917798" lon="-8.310580"><ele>369.017</ele><time>2025-06-07T12:20:39.340Z</time></trkpt><trkpt lat="42.917741" lon="-8.310568"><ele>369.016</ele><time>2025-06-07T12:20:43.340Z</time></trkpt><trkpt lat="42.917685" lon="-8.310565"><ele>369.022</ele><time>2025-06-07T12:20:47.340Z</time></trkpt><trkpt lat="42.917633" lon="-8.310541"><ele>369.115</ele><time>2025-06-07T12:20:51.339Z</time></trkpt><trkpt lat="42.917579" lon="-8.310528"><ele>369.115</ele><time>2025-06-07T12:20:55.339Z</time></trkpt><trkpt lat="42.917532" lon="-8.310517"><ele>369.136</ele><time>2025-06-07T12:20:59.340Z</time></trkpt><trkpt lat="42.917485" lon="-8.310548"><ele>369.035</ele><time>2025-06-07T12:21:03.339Z</time></trkpt><trkpt lat="42.917477" lon="-8.310613"><ele>368.854</ele><time>2025-06-07T12:21:06.340Z</time></trkpt><trkpt lat="42.917490" lon="-8.310693"><ele>368.556</ele><time>2025-06-07T12:21:10.340Z</time></trkpt><trkpt lat="42.917478" lon="-8.310753"><ele>368.492</ele><time>2025-06-07T12:21:13.339Z</time></trkpt><trkpt lat="42.917467" lon="-8.310830"><ele>368.273</ele><time>2025-06-07T12:21:17.340Z</time></trkpt><trkpt lat="42.917461" lon="-8.310901"><ele>368.520</ele><time>2025-06-07T12:21:21.339Z</time></trkpt><trkpt lat="42.917453" lon="-8.310973"><ele>368.809</ele><time>2025-06-07T12:21:25.340Z</time></trkpt><trkpt lat="42.917442" lon="-8.311046"><ele>369.231</ele><time>2025-06-07T12:21:29.340Z</time></trkpt><trkpt lat="42.917438" lon="-8.311122"><ele>369.510</ele><time>2025-06-07T12:21:33.339Z</time></trkpt><trkpt lat="42.917428" lon="-8.311195"><ele>370.266</ele><time>2025-06-07T12:21:37.340Z</time></trkpt><trkpt lat="42.917422" lon="-8.311270"><ele>370.859</ele><time>2025-06-07T12:21:41.340Z</time></trkpt><trkpt lat="42.917408" lon="-8.311345"><ele>371.469</ele><time>2025-06-07T12:21:45.340Z</time></trkpt><trkpt lat="42.917400" lon="-8.311423"><ele>371.850</ele><time>2025-06-07T12:21:49.340Z</time></trkpt><trkpt lat="42.917391" lon="-8.311502"><ele>372.069</ele><time>2025-06-07T12:21:53.340Z</time></trkpt><trkpt lat="42.917380" lon="-8.311581"><ele>372.388</ele><time>2025-06-07T12:21:57.340Z</time></trkpt><trkpt lat="42.917373" lon="-8.311657"><ele>372.510</ele><time>2025-06-07T12:22:01.340Z</time></trkpt><trkpt lat="42.917360" lon="-8.311732"><ele>373.072</ele><time>2025-06-07T12:22:05.340Z</time></trkpt><trkpt lat="42.917353" lon="-8.311808"><ele>373.513</ele><time>2025-06-07T12:22:09.340Z</time></trkpt><trkpt lat="42.917342" lon="-8.311884"><ele>374.014</ele><time>2025-06-07T12:22:13.340Z</time></trkpt><trkpt lat="42.917331" lon="-8.311961"><ele>374.609</ele><time>2025-06-07T12:22:17.340Z</time></trkpt><trkpt lat="42.917316" lon="-8.312039"><ele>375.479</ele><time>2025-06-07T12:22:21.340Z</time></trkpt><trkpt lat="42.917309" lon="-8.312114"><ele>376.118</ele><time>2025-06-07T12:22:25.340Z</time></trkpt><trkpt lat="42.917291" lon="-8.312189"><ele>376.964</ele><time>2025-06-07T12:22:29.340Z</time></trkpt><trkpt lat="42.917279" lon="-8.312267"><ele>377.457</ele><time>2025-06-07T12:22:33.340Z</time></trkpt><trkpt lat="42.917271" lon="-8.312328"><ele>377.687</ele><time>2025-06-07T12:22:36.340Z</time></trkpt><trkpt lat="42.917268" lon="-8.312407"><ele>377.828</ele><time>2025-06-07T12:22:40.340Z</time></trkpt><trkpt lat="42.917268" lon="-8.312488"><ele>378.127</ele><time>2025-06-07T12:22:44.340Z</time></trkpt><trkpt lat="42.917266" lon="-8.312565"><ele>378.266</ele><time>2025-06-07T12:22:48.340Z</time></trkpt><trkpt lat="42.917265" lon="-8.312644"><ele>378.268</ele><time>2025-06-07T12:22:52.340Z</time></trkpt><trkpt lat="42.917255" lon="-8.312714"><ele>378.121</ele><time>2025-06-07T12:22:56.339Z</time></trkpt><trkpt lat="42.917245" lon="-8.312787"><ele>378.141</ele><time>2025-06-07T12:23:00.340Z</time></trkpt><trkpt lat="42.917241" lon="-8.312861"><ele>378.105</ele><time>2025-06-07T12:23:04.340Z</time></trkpt><trkpt lat="42.917237" lon="-8.312930"><ele>378.109</ele><time>2025-06-07T12:23:08.340Z</time></trkpt><trkpt lat="42.917192" lon="-8.312959"><ele>377.814</ele><time>2025-06-07T12:23:12.340Z</time></trkpt><trkpt lat="42.917186" lon="-8.313022"><ele>377.773</ele><time>2025-06-07T12:23:17.340Z</time></trkpt><trkpt lat="42.917220" lon="-8.313089"><ele>378.019</ele><time>2025-06-07T12:23:19.340Z</time></trkpt><trkpt lat="42.917208" lon="-8.313153"><ele>377.992</ele><time>2025-06-07T12:23:23.340Z</time></trkpt><trkpt lat="42.917200" lon="-8.313229"><ele>377.852</ele><time>2025-06-07T12:23:28.340Z</time></trkpt><trkpt lat="42.917193" lon="-8.313299"><ele>377.883</ele><time>2025-06-07T12:23:32.340Z</time></trkpt><trkpt lat="42.917186" lon="-8.313372"><ele>377.692</ele><time>2025-06-07T12:23:36.340Z</time></trkpt><trkpt lat="42.917177" lon="-8.313451"><ele>377.321</ele><time>2025-06-07T12:23:40.340Z</time></trkpt><trkpt lat="42.917169" lon="-8.313529"><ele>377.013</ele><time>2025-06-07T12:23:44.340Z</time></trkpt><trkpt lat="42.917169" lon="-8.313607"><ele>376.862</ele><time>2025-06-07T12:23:48.340Z</time></trkpt><trkpt lat="42.917161" lon="-8.313682"><ele>376.783</ele><time>2025-06-07T12:23:52.339Z</time></trkpt><trkpt lat="42.917156" lon="-8.313757"><ele>376.611</ele><time>2025-06-07T12:23:56.340Z</time></trkpt><trkpt lat="42.917150" lon="-8.313836"><ele>376.509</ele><time>2025-06-07T12:24:00.340Z</time></trkpt><trkpt lat="42.917143" lon="-8.313905"><ele>376.448</ele><time>2025-06-07T12:24:04.339Z</time></trkpt><trkpt lat="42.917132" lon="-8.313976"><ele>376.577</ele><time>2025-06-07T12:24:08.340Z</time></trkpt><trkpt lat="42.917128" lon="-8.314054"><ele>376.533</ele><time>2025-06-07T12:24:12.340Z</time></trkpt><trkpt lat="42.917118" lon="-8.314129"><ele>376.676</ele><time>2025-06-07T12:24:16.339Z</time></trkpt><trkpt lat="42.917115" lon="-8.314204"><ele>376.736</ele><time>2025-06-07T12:24:20.340Z</time></trkpt><trkpt lat="42.917107" lon="-8.314281"><ele>377.067</ele><time>2025-06-07T12:24:24.340Z</time></trkpt><trkpt lat="42.917100" lon="-8.314361"><ele>377.366</ele><time>2025-06-07T12:24:28.340Z</time></trkpt><trkpt lat="42.917094" lon="-8.314438"><ele>377.575</ele><time>2025-06-07T12:24:32.340Z</time></trkpt><trkpt lat="42.917089" lon="-8.314513"><ele>377.817</ele><time>2025-06-07T12:24:36.340Z</time></trkpt><trkpt lat="42.917077" lon="-8.314587"><ele>378.039</ele><time>2025-06-07T12:24:40.340Z</time></trkpt><trkpt lat="42.917071" lon="-8.314662"><ele>378.201</ele><time>2025-06-07T12:24:44.340Z</time></trkpt><trkpt lat="42.917062" lon="-8.314736"><ele>378.521</ele><time>2025-06-07T12:24:48.340Z</time></trkpt><trkpt lat="42.917053" lon="-8.314797"><ele>378.709</ele><time>2025-06-07T12:24:51.340Z</time></trkpt><trkpt lat="42.917052" lon="-8.314876"><ele>378.935</ele><time>2025-06-07T12:24:55.340Z</time></trkpt><trkpt lat="42.917042" lon="-8.314955"><ele>379.254</ele><time>2025-06-07T12:24:59.340Z</time></trkpt><trkpt lat="42.917035" lon="-8.315030"><ele>379.510</ele><time>2025-06-07T12:25:03.339Z</time></trkpt><trkpt lat="42.917025" lon="-8.315102"><ele>379.853</ele><time>2025-06-07T12:25:07.339Z</time></trkpt><trkpt lat="42.917015" lon="-8.315180"><ele>380.113</ele><time>2025-06-07T12:25:11.340Z</time></trkpt><trkpt lat="42.917006" lon="-8.315257"><ele>380.484</ele><time>2025-06-07T12:25:15.340Z</time></trkpt><trkpt lat="42.917005" lon="-8.315333"><ele>380.613</ele><time>2025-06-07T12:25:19.340Z</time></trkpt><trkpt lat="42.916996" lon="-8.315410"><ele>380.852</ele><time>2025-06-07T12:25:23.339Z</time></trkpt><trkpt lat="42.916985" lon="-8.315478"><ele>381.084</ele><time>2025-06-07T12:25:27.339Z</time></trkpt><trkpt lat="42.916953" lon="-8.315536"><ele>381.019</ele><time>2025-06-07T12:25:31.340Z</time></trkpt><trkpt lat="42.916901" lon="-8.315562"><ele>381.009</ele><time>2025-06-07T12:25:35.340Z</time></trkpt><trkpt lat="42.916862" lon="-8.315595"><ele>380.919</ele><time>2025-06-07T12:25:38.340Z</time></trkpt><trkpt lat="42.916823" lon="-8.315652"><ele>380.709</ele><time>2025-06-07T12:25:42.339Z</time></trkpt><trkpt lat="42.916792" lon="-8.315719"><ele>380.423</ele><time>2025-06-07T12:25:46.340Z</time></trkpt><trkpt lat="42.916774" lon="-8.315794"><ele>379.952</ele><time>2025-06-07T12:25:50.340Z</time></trkpt><trkpt lat="42.916766" lon="-8.315866"><ele>379.848</ele><time>2025-06-07T12:25:54.340Z</time></trkpt><trkpt lat="42.916755" lon="-8.315940"><ele>379.981</ele><time>2025-06-07T12:25:58.341Z</time></trkpt><trkpt lat="42.916740" lon="-8.316016"><ele>380.021</ele><time>2025-06-07T12:26:02.341Z</time></trkpt><trkpt lat="42.916724" lon="-8.316091"><ele>380.142</ele><time>2025-06-07T12:26:06.341Z</time></trkpt><trkpt lat="42.916711" lon="-8.316166"><ele>380.261</ele><time>2025-06-07T12:26:10.341Z</time></trkpt><trkpt lat="42.916695" lon="-8.316242"><ele>380.250</ele><time>2025-06-07T12:26:14.341Z</time></trkpt><trkpt lat="42.916692" lon="-8.316322"><ele>380.252</ele><time>2025-06-07T12:26:18.341Z</time></trkpt><trkpt lat="42.916679" lon="-8.316396"><ele>380.168</ele><time>2025-06-07T12:26:22.340Z</time></trkpt><trkpt lat="42.916668" lon="-8.316471"><ele>380.342</ele><time>2025-06-07T12:26:26.341Z</time></trkpt><trkpt lat="42.916655" lon="-8.316541"><ele>380.526</ele><time>2025-06-07T12:26:30.341Z</time></trkpt><trkpt lat="42.916644" lon="-8.316616"><ele>380.809</ele><time>2025-06-07T12:26:34.341Z</time></trkpt><trkpt lat="42.916633" lon="-8.316691"><ele>381.058</ele><time>2025-06-07T12:26:38.341Z</time></trkpt><trkpt lat="42.916619" lon="-8.316765"><ele>381.267</ele><time>2025-06-07T12:26:42.341Z</time></trkpt><trkpt lat="42.916606" lon="-8.316840"><ele>381.423</ele><time>2025-06-07T12:26:46.341Z</time></trkpt><trkpt lat="42.916590" lon="-8.316912"><ele>381.636</ele><time>2025-06-07T12:26:50.341Z</time></trkpt><trkpt lat="42.916582" lon="-8.316988"><ele>381.946</ele><time>2025-06-07T12:26:54.341Z</time></trkpt><trkpt lat="42.916572" lon="-8.317062"><ele>382.257</ele><time>2025-06-07T12:26:58.341Z</time></trkpt><trkpt lat="42.916559" lon="-8.317132"><ele>382.556</ele><time>2025-06-07T12:27:02.341Z</time></trkpt><trkpt lat="42.916539" lon="-8.317202"><ele>382.935</ele><time>2025-06-07T12:27:06.341Z</time></trkpt><trkpt lat="42.916522" lon="-8.317271"><ele>383.367</ele><time>2025-06-07T12:27:10.341Z</time></trkpt><trkpt lat="42.916506" lon="-8.317344"><ele>383.635</ele><time>2025-06-07T12:27:14.341Z</time></trkpt><trkpt lat="42.916499" lon="-8.317418"><ele>384.086</ele><time>2025-06-07T12:27:18.341Z</time></trkpt><trkpt lat="42.916484" lon="-8.317489"><ele>384.314</ele><time>2025-06-07T12:27:22.341Z</time></trkpt><trkpt lat="42.916473" lon="-8.317563"><ele>384.509</ele><time>2025-06-07T12:27:26.341Z</time></trkpt><trkpt lat="42.916461" lon="-8.317639"><ele>384.865</ele><time>2025-06-07T12:27:30.341Z</time></trkpt><trkpt lat="42.916447" lon="-8.317713"><ele>385.014</ele><time>2025-06-07T12:27:34.341Z</time></trkpt><trkpt lat="42.916433" lon="-8.317791"><ele>385.270</ele><time>2025-06-07T12:27:38.341Z</time></trkpt><trkpt lat="42.916421" lon="-8.317864"><ele>385.453</ele><time>2025-06-07T12:27:42.341Z</time></trkpt><trkpt lat="42.916412" lon="-8.317939"><ele>385.723</ele><time>2025-06-07T12:27:46.341Z</time></trkpt><trkpt lat="42.916399" lon="-8.318011"><ele>385.974</ele><time>2025-06-07T12:27:50.341Z</time></trkpt><trkpt lat="42.916383" lon="-8.318084"><ele>386.273</ele><time>2025-06-07T12:27:54.341Z</time></trkpt><trkpt lat="42.916374" lon="-8.318159"><ele>386.782</ele><time>2025-06-07T12:27:58.341Z</time></trkpt><trkpt lat="42.916364" lon="-8.318231"><ele>387.214</ele><time>2025-06-07T12:28:02.341Z</time></trkpt><trkpt lat="42.916341" lon="-8.318301"><ele>387.691</ele><time>2025-06-07T12:28:06.341Z</time></trkpt><trkpt lat="42.916330" lon="-8.318371"><ele>388.181</ele><time>2025-06-07T12:28:10.341Z</time></trkpt><trkpt lat="42.916324" lon="-8.318443"><ele>388.619</ele><time>2025-06-07T12:28:14.341Z</time></trkpt><trkpt lat="42.916306" lon="-8.318502"><ele>388.909</ele><time>2025-06-07T12:28:18.341Z</time></trkpt><trkpt lat="42.916287" lon="-8.318566"><ele>389.361</ele><time>2025-06-07T12:28:22.340Z</time></trkpt><trkpt lat="42.916262" lon="-8.318635"><ele>389.740</ele><time>2025-06-07T12:28:26.341Z</time></trkpt><trkpt lat="42.916241" lon="-8.318706"><ele>390.246</ele><time>2025-06-07T12:28:30.340Z</time></trkpt><trkpt lat="42.916218" lon="-8.318773"><ele>390.629</ele><time>2025-06-07T12:28:34.340Z</time></trkpt><trkpt lat="42.916190" lon="-8.318830"><ele>390.969</ele><time>2025-06-07T12:28:38.341Z</time></trkpt><trkpt lat="42.916164" lon="-8.318903"><ele>391.380</ele><time>2025-06-07T12:28:42.341Z</time></trkpt><trkpt lat="42.916139" lon="-8.318966"><ele>391.679</ele><time>2025-06-07T12:28:46.341Z</time></trkpt><trkpt lat="42.916115" lon="-8.319033"><ele>392.018</ele><time>2025-06-07T12:28:50.340Z</time></trkpt><trkpt lat="42.916084" lon="-8.319101"><ele>392.540</ele><time>2025-06-07T12:28:54.341Z</time></trkpt><trkpt lat="42.916060" lon="-8.319176"><ele>393.185</ele><time>2025-06-07T12:28:58.340Z</time></trkpt><trkpt lat="42.916030" lon="-8.319222"><ele>393.589</ele><time>2025-06-07T12:29:01.341Z</time></trkpt><trkpt lat="42.916008" lon="-8.319278"><ele>394.017</ele><time>2025-06-07T12:29:04.341Z</time></trkpt><trkpt lat="42.915983" lon="-8.319351"><ele>394.609</ele><time>2025-06-07T12:29:08.341Z</time></trkpt><trkpt lat="42.915955" lon="-8.319403"><ele>395.260</ele><time>2025-06-07T12:29:11.341Z</time></trkpt><trkpt lat="42.915932" lon="-8.319476"><ele>395.899</ele><time>2025-06-07T12:29:15.341Z</time></trkpt><trkpt lat="42.915907" lon="-8.319528"><ele>396.325</ele><time>2025-06-07T12:29:18.341Z</time></trkpt><trkpt lat="42.915877" lon="-8.319597"><ele>396.978</ele><time>2025-06-07T12:29:22.341Z</time></trkpt><trkpt lat="42.915852" lon="-8.319648"><ele>397.338</ele><time>2025-06-07T12:29:25.341Z</time></trkpt><trkpt lat="42.915819" lon="-8.319716"><ele>397.969</ele><time>2025-06-07T12:29:29.341Z</time></trkpt><trkpt lat="42.915800" lon="-8.319773"><ele>398.658</ele><time>2025-06-07T12:29:32.341Z</time></trkpt><trkpt lat="42.915779" lon="-8.319847"><ele>399.677</ele><time>2025-06-07T12:29:36.341Z</time></trkpt><trkpt lat="42.915751" lon="-8.319918"><ele>400.559</ele><time>2025-06-07T12:29:40.341Z</time></trkpt><trkpt lat="42.915729" lon="-8.319984"><ele>401.446</ele><time>2025-06-07T12:29:44.341Z</time></trkpt><trkpt lat="42.915705" lon="-8.320056"><ele>402.388</ele><time>2025-06-07T12:29:48.340Z</time></trkpt><trkpt lat="42.915682" lon="-8.320127"><ele>403.016</ele><time>2025-06-07T12:29:52.341Z</time></trkpt><trkpt lat="42.915661" lon="-8.320200"><ele>403.809</ele><time>2025-06-07T12:29:56.340Z</time></trkpt><trkpt lat="42.915641" lon="-8.320273"><ele>404.626</ele><time>2025-06-07T12:30:00.341Z</time></trkpt><trkpt lat="42.915611" lon="-8.320339"><ele>404.855</ele><time>2025-06-07T12:30:04.340Z</time></trkpt><trkpt lat="42.915585" lon="-8.320406"><ele>405.131</ele><time>2025-06-07T12:30:08.341Z</time></trkpt><trkpt lat="42.915561" lon="-8.320478"><ele>405.534</ele><time>2025-06-07T12:30:12.341Z</time></trkpt><trkpt lat="42.915546" lon="-8.320549"><ele>405.844</ele><time>2025-06-07T12:30:16.341Z</time></trkpt><trkpt lat="42.915532" lon="-8.320623"><ele>405.765</ele><time>2025-06-07T12:30:20.341Z</time></trkpt><trkpt lat="42.915513" lon="-8.320695"><ele>405.564</ele><time>2025-06-07T12:30:24.341Z</time></trkpt><trkpt lat="42.915495" lon="-8.320769"><ele>405.323</ele><time>2025-06-07T12:30:28.341Z</time></trkpt><trkpt lat="42.915486" lon="-8.320829"><ele>405.225</ele><time>2025-06-07T12:30:31.341Z</time></trkpt><trkpt lat="42.915468" lon="-8.320886"><ele>404.939</ele><time>2025-06-07T12:30:34.341Z</time></trkpt><trkpt lat="42.915454" lon="-8.320963"><ele>404.401</ele><time>2025-06-07T12:30:38.341Z</time></trkpt><trkpt lat="42.915436" lon="-8.321041"><ele>404.021</ele><time>2025-06-07T12:30:42.341Z</time></trkpt><trkpt lat="42.915422" lon="-8.321121"><ele>403.509</ele><time>2025-06-07T12:30:46.341Z</time></trkpt><trkpt lat="42.915404" lon="-8.321200"><ele>403.095</ele><time>2025-06-07T12:30:50.341Z</time></trkpt><trkpt lat="42.915385" lon="-8.321272"><ele>402.684</ele><time>2025-06-07T12:30:54.341Z</time></trkpt><trkpt lat="42.915368" lon="-8.321345"><ele>402.110</ele><time>2025-06-07T12:30:58.341Z</time></trkpt><trkpt lat="42.915354" lon="-8.321422"><ele>401.823</ele><time>2025-06-07T12:31:02.341Z</time></trkpt><trkpt lat="42.915341" lon="-8.321494"><ele>401.623</ele><time>2025-06-07T12:31:06.341Z</time></trkpt><trkpt lat="42.915328" lon="-8.321566"><ele>401.464</ele><time>2025-06-07T12:31:10.341Z</time></trkpt><trkpt lat="42.915319" lon="-8.321639"><ele>401.353</ele><time>2025-06-07T12:31:14.341Z</time></trkpt><trkpt lat="42.915313" lon="-8.321714"><ele>401.312</ele><time>2025-06-07T12:31:18.341Z</time></trkpt><trkpt lat="42.915302" lon="-8.321786"><ele>401.254</ele><time>2025-06-07T12:31:22.341Z</time></trkpt><trkpt lat="42.915299" lon="-8.321863"><ele>401.224</ele><time>2025-06-07T12:31:26.340Z</time></trkpt><trkpt lat="42.915299" lon="-8.321939"><ele>401.204</ele><time>2025-06-07T12:31:30.340Z</time></trkpt><trkpt lat="42.915295" lon="-8.322016"><ele>401.114</ele><time>2025-06-07T12:31:34.341Z</time></trkpt><trkpt lat="42.915286" lon="-8.322093"><ele>401.109</ele><time>2025-06-07T12:31:38.341Z</time></trkpt><trkpt lat="42.915281" lon="-8.322163"><ele>401.064</ele><time>2025-06-07T12:31:42.341Z</time></trkpt><trkpt lat="42.915273" lon="-8.322237"><ele>401.153</ele><time>2025-06-07T12:31:46.341Z</time></trkpt><trkpt lat="42.915274" lon="-8.322314"><ele>401.359</ele><time>2025-06-07T12:31:50.341Z</time></trkpt><trkpt lat="42.915277" lon="-8.322384"><ele>401.632</ele><time>2025-06-07T12:31:54.340Z</time></trkpt><trkpt lat="42.915275" lon="-8.322449"><ele>401.862</ele><time>2025-06-07T12:31:58.341Z</time></trkpt><trkpt lat="42.915275" lon="-8.322517"><ele>402.133</ele><time>2025-06-07T12:32:02.340Z</time></trkpt><trkpt lat="42.915281" lon="-8.322578"><ele>402.612</ele><time>2025-06-07T12:32:05.340Z</time></trkpt><trkpt lat="42.915287" lon="-8.322642"><ele>403.091</ele><time>2025-06-07T12:32:11.341Z</time></trkpt><trkpt lat="42.915303" lon="-8.322705"><ele>403.563</ele><time>2025-06-07T12:32:16.341Z</time></trkpt><trkpt lat="42.915339" lon="-8.322749"><ele>403.881</ele><time>2025-06-07T12:32:19.341Z</time></trkpt><trkpt lat="42.915373" lon="-8.322790"><ele>404.161</ele><time>2025-06-07T12:32:22.341Z</time></trkpt><trkpt lat="42.915386" lon="-8.322859"><ele>404.617</ele><time>2025-06-07T12:32:26.341Z</time></trkpt><trkpt lat="42.915377" lon="-8.322938"><ele>405.209</ele><time>2025-06-07T12:32:30.341Z</time></trkpt><trkpt lat="42.915374" lon="-8.323001"><ele>405.640</ele><time>2025-06-07T12:32:33.340Z</time></trkpt><trkpt lat="42.915381" lon="-8.323066"><ele>406.179</ele><time>2025-06-07T12:32:36.341Z</time></trkpt><trkpt lat="42.915386" lon="-8.323133"><ele>406.475</ele><time>2025-06-07T12:32:40.341Z</time></trkpt><trkpt lat="42.915390" lon="-8.323203"><ele>406.818</ele><time>2025-06-07T12:32:44.340Z</time></trkpt><trkpt lat="42.915394" lon="-8.323278"><ele>407.398</ele><time>2025-06-07T12:32:48.341Z</time></trkpt><trkpt lat="42.915407" lon="-8.323354"><ele>407.679</ele><time>2025-06-07T12:32:52.341Z</time></trkpt><trkpt lat="42.915421" lon="-8.323424"><ele>407.778</ele><time>2025-06-07T12:32:56.341Z</time></trkpt><trkpt lat="42.915420" lon="-8.323498"><ele>407.877</ele><time>2025-06-07T12:33:00.341Z</time></trkpt><trkpt lat="42.915428" lon="-8.323573"><ele>407.989</ele><time>2025-06-07T12:33:04.341Z</time></trkpt><trkpt lat="42.915458" lon="-8.323640"><ele>408.077</ele><time>2025-06-07T12:33:08.341Z</time></trkpt><trkpt lat="42.915511" lon="-8.323651"><ele>408.061</ele><time>2025-06-07T12:33:12.341Z</time></trkpt><trkpt lat="42.915561" lon="-8.323642"><ele>408.027</ele><time>2025-06-07T12:33:15.341Z</time></trkpt><trkpt lat="42.915620" lon="-8.323647"><ele>407.809</ele><time>2025-06-07T12:33:19.341Z</time></trkpt><trkpt lat="42.915676" lon="-8.323633"><ele>407.659</ele><time>2025-06-07T12:33:23.341Z</time></trkpt><trkpt lat="42.915730" lon="-8.323604"><ele>407.368</ele><time>2025-06-07T12:33:27.341Z</time></trkpt><trkpt lat="42.915783" lon="-8.323569"><ele>407.054</ele><time>2025-06-07T12:33:31.341Z</time></trkpt><trkpt lat="42.915824" lon="-8.323537"><ele>406.887</ele><time>2025-06-07T12:33:34.342Z</time></trkpt><trkpt lat="42.915864" lon="-8.323508"><ele>406.997</ele><time>2025-06-07T12:33:37.342Z</time></trkpt><trkpt lat="42.915919" lon="-8.323479"><ele>407.178</ele><time>2025-06-07T12:33:41.342Z</time></trkpt><trkpt lat="42.915974" lon="-8.323457"><ele>407.527</ele><time>2025-06-07T12:33:45.342Z</time></trkpt><trkpt lat="42.916018" lon="-8.323443"><ele>407.786</ele><time>2025-06-07T12:33:48.342Z</time></trkpt><trkpt lat="42.916078" lon="-8.323451"><ele>408.268</ele><time>2025-06-07T12:33:52.342Z</time></trkpt><trkpt lat="42.916125" lon="-8.323452"><ele>408.744</ele><time>2025-06-07T12:33:55.342Z</time></trkpt><trkpt lat="42.916182" lon="-8.323453"><ele>409.905</ele><time>2025-06-07T12:33:59.342Z</time></trkpt><trkpt lat="42.916232" lon="-8.323456"><ele>410.915</ele><time>2025-06-07T12:34:03.342Z</time></trkpt><trkpt lat="42.916291" lon="-8.323453"><ele>412.009</ele><time>2025-06-07T12:34:07.342Z</time></trkpt><trkpt lat="42.916346" lon="-8.323446"><ele>413.156</ele><time>2025-06-07T12:34:11.342Z</time></trkpt><trkpt lat="42.916404" lon="-8.323440"><ele>414.465</ele><time>2025-06-07T12:34:15.342Z</time></trkpt><trkpt lat="42.916457" lon="-8.323445"><ele>415.811</ele><time>2025-06-07T12:34:19.342Z</time></trkpt><trkpt lat="42.916507" lon="-8.323452"><ele>417.154</ele><time>2025-06-07T12:34:23.342Z</time></trkpt><trkpt lat="42.916553" lon="-8.323491"><ele>418.674</ele><time>2025-06-07T12:34:27.342Z</time></trkpt><trkpt lat="42.916549" lon="-8.323568"><ele>418.975</ele><time>2025-06-07T12:34:31.342Z</time></trkpt><trkpt lat="42.916525" lon="-8.323637"><ele>418.524</ele><time>2025-06-07T12:34:35.342Z</time></trkpt><trkpt lat="42.916511" lon="-8.323706"><ele>418.323</ele><time>2025-06-07T12:34:39.341Z</time></trkpt><trkpt lat="42.916500" lon="-8.323784"><ele>418.395</ele><time>2025-06-07T12:34:43.341Z</time></trkpt><trkpt lat="42.916488" lon="-8.323850"><ele>418.362</ele><time>2025-06-07T12:34:47.342Z</time></trkpt><trkpt lat="42.916500" lon="-8.323922"><ele>418.883</ele><time>2025-06-07T12:34:51.342Z</time></trkpt><trkpt lat="42.916494" lon="-8.324000"><ele>418.811</ele><time>2025-06-07T12:34:55.342Z</time></trkpt><trkpt lat="42.916472" lon="-8.324064"><ele>418.309</ele><time>2025-06-07T12:34:59.342Z</time></trkpt><trkpt lat="42.916456" lon="-8.324127"><ele>417.948</ele><time>2025-06-07T12:35:02.342Z</time></trkpt><trkpt lat="42.916439" lon="-8.324185"><ele>417.487</ele><time>2025-06-07T12:35:05.341Z</time></trkpt><trkpt lat="42.916440" lon="-8.324264"><ele>417.553</ele><time>2025-06-07T12:35:09.342Z</time></trkpt><trkpt lat="42.916425" lon="-8.324334"><ele>417.026</ele><time>2025-06-07T12:35:13.342Z</time></trkpt><trkpt lat="42.916412" lon="-8.324409"><ele>416.756</ele><time>2025-06-07T12:35:17.342Z</time></trkpt><trkpt lat="42.916401" lon="-8.324488"><ele>416.757</ele><time>2025-06-07T12:35:21.342Z</time></trkpt><trkpt lat="42.916390" lon="-8.324569"><ele>416.976</ele><time>2025-06-07T12:35:25.342Z</time></trkpt><trkpt lat="42.916378" lon="-8.324637"><ele>417.295</ele><time>2025-06-07T12:35:28.342Z</time></trkpt><trkpt lat="42.916369" lon="-8.324700"><ele>417.427</ele><time>2025-06-07T12:35:31.342Z</time></trkpt><trkpt lat="42.916363" lon="-8.324766"><ele>417.984</ele><time>2025-06-07T12:35:34.342Z</time></trkpt><trkpt lat="42.916367" lon="-8.324831"><ele>418.707</ele><time>2025-06-07T12:35:37.342Z</time></trkpt><trkpt lat="42.916367" lon="-8.324894"><ele>419.317</ele><time>2025-06-07T12:35:40.342Z</time></trkpt><trkpt lat="42.916368" lon="-8.324957"><ele>420.009</ele><time>2025-06-07T12:35:43.342Z</time></trkpt><trkpt lat="42.916372" lon="-8.325018"><ele>420.680</ele><time>2025-06-07T12:35:46.342Z</time></trkpt><trkpt lat="42.916373" lon="-8.325080"><ele>420.699</ele><time>2025-06-07T12:35:49.342Z</time></trkpt><trkpt lat="42.916371" lon="-8.325158"><ele>420.565</ele><time>2025-06-07T12:35:53.342Z</time></trkpt><trkpt lat="42.916372" lon="-8.325236"><ele>420.578</ele><time>2025-06-07T12:35:57.342Z</time></trkpt><trkpt lat="42.916370" lon="-8.325311"><ele>420.028</ele><time>2025-06-07T12:36:01.342Z</time></trkpt><trkpt lat="42.916360" lon="-8.325373"><ele>419.129</ele><time>2025-06-07T12:36:04.342Z</time></trkpt><trkpt lat="42.916361" lon="-8.325438"><ele>418.528</ele><time>2025-06-07T12:36:07.342Z</time></trkpt><trkpt lat="42.916364" lon="-8.325502"><ele>417.967</ele><time>2025-06-07T12:36:10.342Z</time></trkpt><trkpt lat="42.916361" lon="-8.325568"><ele>417.359</ele><time>2025-06-07T12:36:13.342Z</time></trkpt><trkpt lat="42.916373" lon="-8.325643"><ele>417.357</ele><time>2025-06-07T12:36:17.342Z</time></trkpt><trkpt lat="42.916396" lon="-8.325708"><ele>417.600</ele><time>2025-06-07T12:36:21.342Z</time></trkpt><trkpt lat="42.916410" lon="-8.325781"><ele>417.720</ele><time>2025-06-07T12:36:25.342Z</time></trkpt><trkpt lat="42.916417" lon="-8.325852"><ele>417.709</ele><time>2025-06-07T12:36:29.342Z</time></trkpt><trkpt lat="42.916439" lon="-8.325924"><ele>418.387</ele><time>2025-06-07T12:36:33.342Z</time></trkpt><trkpt lat="42.916457" lon="-8.325998"><ele>418.896</ele><time>2025-06-07T12:36:37.342Z</time></trkpt><trkpt lat="42.916462" lon="-8.326079"><ele>419.082</ele><time>2025-06-07T12:36:41.342Z</time></trkpt><trkpt lat="42.916471" lon="-8.326155"><ele>418.795</ele><time>2025-06-07T12:36:45.342Z</time></trkpt><trkpt lat="42.916472" lon="-8.326230"><ele>417.875</ele><time>2025-06-07T12:36:49.342Z</time></trkpt><trkpt lat="42.916483" lon="-8.326300"><ele>417.196</ele><time>2025-06-07T12:36:53.342Z</time></trkpt><trkpt lat="42.916484" lon="-8.326377"><ele>416.285</ele><time>2025-06-07T12:36:57.342Z</time></trkpt><trkpt lat="42.916477" lon="-8.326456"><ele>414.794</ele><time>2025-06-07T12:37:01.341Z</time></trkpt><trkpt lat="42.916495" lon="-8.326533"><ele>413.426</ele><time>2025-06-07T12:37:05.342Z</time></trkpt><trkpt lat="42.916508" lon="-8.326595"><ele>412.565</ele><time>2025-06-07T12:37:08.341Z</time></trkpt><trkpt lat="42.916516" lon="-8.326656"><ele>411.568</ele><time>2025-06-07T12:37:11.342Z</time></trkpt><trkpt lat="42.916519" lon="-8.326718"><ele>410.614</ele><time>2025-06-07T12:37:14.342Z</time></trkpt><trkpt lat="42.916533" lon="-8.326796"><ele>409.709</ele><time>2025-06-07T12:37:18.341Z</time></trkpt><trkpt lat="42.916538" lon="-8.326858"><ele>408.918</ele><time>2025-06-07T12:37:21.341Z</time></trkpt><trkpt lat="42.916554" lon="-8.326916"><ele>408.257</ele><time>2025-06-07T12:37:24.341Z</time></trkpt><trkpt lat="42.916572" lon="-8.326986"><ele>407.553</ele><time>2025-06-07T12:37:28.342Z</time></trkpt><trkpt lat="42.916577" lon="-8.327061"><ele>406.866</ele><time>2025-06-07T12:37:32.342Z</time></trkpt><trkpt lat="42.916574" lon="-8.327123"><ele>406.176</ele><time>2025-06-07T12:37:35.342Z</time></trkpt><trkpt lat="42.916589" lon="-8.327184"><ele>405.697</ele><time>2025-06-07T12:37:38.341Z</time></trkpt><trkpt lat="42.916609" lon="-8.327259"><ele>404.716</ele><time>2025-06-07T12:37:42.342Z</time></trkpt><trkpt lat="42.916630" lon="-8.327333"><ele>403.725</ele><time>2025-06-07T12:37:46.342Z</time></trkpt><trkpt lat="42.916646" lon="-8.327407"><ele>402.557</ele><time>2025-06-07T12:37:50.342Z</time></trkpt><trkpt lat="42.916668" lon="-8.327478"><ele>401.422</ele><time>2025-06-07T12:37:54.342Z</time></trkpt><trkpt lat="42.916691" lon="-8.327552"><ele>400.362</ele><time>2025-06-07T12:37:58.341Z</time></trkpt><trkpt lat="42.916712" lon="-8.327627"><ele>399.208</ele><time>2025-06-07T12:38:02.342Z</time></trkpt><trkpt lat="42.916738" lon="-8.327700"><ele>398.309</ele><time>2025-06-07T12:38:06.342Z</time></trkpt><trkpt lat="42.916762" lon="-8.327768"><ele>397.514</ele><time>2025-06-07T12:38:10.342Z</time></trkpt><trkpt lat="42.916799" lon="-8.327831"><ele>396.723</ele><time>2025-06-07T12:38:14.342Z</time></trkpt><trkpt lat="42.916828" lon="-8.327890"><ele>396.189</ele><time>2025-06-07T12:38:18.342Z</time></trkpt><trkpt lat="42.916858" lon="-8.327955"><ele>395.652</ele><time>2025-06-07T12:38:22.342Z</time></trkpt><trkpt lat="42.916878" lon="-8.328011"><ele>395.322</ele><time>2025-06-07T12:38:25.342Z</time></trkpt><trkpt lat="42.916904" lon="-8.328083"><ele>394.913</ele><time>2025-06-07T12:38:29.341Z</time></trkpt><trkpt lat="42.916940" lon="-8.328141"><ele>394.732</ele><time>2025-06-07T12:38:33.341Z</time></trkpt><trkpt lat="42.916966" lon="-8.328192"><ele>394.391</ele><time>2025-06-07T12:38:36.342Z</time></trkpt><trkpt lat="42.916981" lon="-8.328252"><ele>393.763</ele><time>2025-06-07T12:38:39.341Z</time></trkpt><trkpt lat="42.916992" lon="-8.328319"><ele>392.994</ele><time>2025-06-07T12:38:42.342Z</time></trkpt><trkpt lat="42.916993" lon="-8.328383"><ele>391.857</ele><time>2025-06-07T12:38:45.342Z</time></trkpt><trkpt lat="42.916996" lon="-8.328447"><ele>390.722</ele><time>2025-06-07T12:38:48.342Z</time></trkpt><trkpt lat="42.917003" lon="-8.328510"><ele>389.709</ele><time>2025-06-07T12:38:51.342Z</time></trkpt><trkpt lat="42.917000" lon="-8.328572"><ele>388.571</ele><time>2025-06-07T12:38:54.342Z</time></trkpt><trkpt lat="42.917016" lon="-8.328647"><ele>387.630</ele><time>2025-06-07T12:38:58.341Z</time></trkpt><trkpt lat="42.917039" lon="-8.328716"><ele>387.126</ele><time>2025-06-07T12:39:02.342Z</time></trkpt><trkpt lat="42.917061" lon="-8.328782"><ele>386.699</ele><time>2025-06-07T12:39:06.342Z</time></trkpt><trkpt lat="42.917081" lon="-8.328846"><ele>386.049</ele><time>2025-06-07T12:39:10.342Z</time></trkpt><trkpt lat="42.917097" lon="-8.328917"><ele>385.290</ele><time>2025-06-07T12:39:14.342Z</time></trkpt><trkpt lat="42.917125" lon="-8.328983"><ele>384.579</ele><time>2025-06-07T12:39:18.342Z</time></trkpt><trkpt lat="42.917149" lon="-8.329052"><ele>383.658</ele><time>2025-06-07T12:39:22.342Z</time></trkpt><trkpt lat="42.917182" lon="-8.329119"><ele>382.750</ele><time>2025-06-07T12:39:26.341Z</time></trkpt><trkpt lat="42.917200" lon="-8.329183"><ele>381.776</ele><time>2025-06-07T12:39:29.342Z</time></trkpt><trkpt lat="42.917222" lon="-8.329258"><ele>381.090</ele><time>2025-06-07T12:39:33.342Z</time></trkpt><trkpt lat="42.917240" lon="-8.329316"><ele>380.619</ele><time>2025-06-07T12:39:36.341Z</time></trkpt><trkpt lat="42.917251" lon="-8.329380"><ele>380.109</ele><time>2025-06-07T12:39:39.342Z</time></trkpt><trkpt lat="42.917278" lon="-8.329431"><ele>379.939</ele><time>2025-06-07T12:39:42.342Z</time></trkpt><trkpt lat="42.917294" lon="-8.329504"><ele>379.558</ele><time>2025-06-07T12:39:46.341Z</time></trkpt><trkpt lat="42.917317" lon="-8.329574"><ele>379.124</ele><time>2025-06-07T12:39:50.342Z</time></trkpt><trkpt lat="42.917348" lon="-8.329639"><ele>378.837</ele><time>2025-06-07T12:39:54.342Z</time></trkpt><trkpt lat="42.917356" lon="-8.329711"><ele>378.137</ele><time>2025-06-07T12:39:57.342Z</time></trkpt><trkpt lat="42.917359" lon="-8.329786"><ele>377.318</ele><time>2025-06-07T12:40:01.342Z</time></trkpt><trkpt lat="42.917373" lon="-8.329848"><ele>376.727</ele><time>2025-06-07T12:40:04.342Z</time></trkpt><trkpt lat="42.917390" lon="-8.329915"><ele>376.096</ele><time>2025-06-07T12:40:08.342Z</time></trkpt><trkpt lat="42.917420" lon="-8.329976"><ele>375.388</ele><time>2025-06-07T12:40:12.342Z</time></trkpt><trkpt lat="42.917439" lon="-8.330045"><ele>374.893</ele><time>2025-06-07T12:40:16.342Z</time></trkpt><trkpt lat="42.917435" lon="-8.330109"><ele>374.665</ele><time>2025-06-07T12:40:19.342Z</time></trkpt><trkpt lat="42.917437" lon="-8.330181"><ele>374.321</ele><time>2025-06-07T12:40:23.342Z</time></trkpt><trkpt lat="42.917435" lon="-8.330243"><ele>374.109</ele><time>2025-06-07T12:40:26.342Z</time></trkpt><trkpt lat="42.917447" lon="-8.330320"><ele>373.681</ele><time>2025-06-07T12:40:30.342Z</time></trkpt><trkpt lat="42.917454" lon="-8.330382"><ele>373.080</ele><time>2025-06-07T12:40:33.342Z</time></trkpt><trkpt lat="42.917466" lon="-8.330442"><ele>372.456</ele><time>2025-06-07T12:40:36.342Z</time></trkpt><trkpt lat="42.917472" lon="-8.330505"><ele>371.719</ele><time>2025-06-07T12:40:39.342Z</time></trkpt><trkpt lat="42.917479" lon="-8.330573"><ele>371.089</ele><time>2025-06-07T12:40:42.341Z</time></trkpt><trkpt lat="42.917481" lon="-8.330651"><ele>370.270</ele><time>2025-06-07T12:40:46.343Z</time></trkpt><trkpt lat="42.917487" lon="-8.330725"><ele>369.329</ele><time>2025-06-07T12:40:50.343Z</time></trkpt><trkpt lat="42.917487" lon="-8.330798"><ele>368.618</ele><time>2025-06-07T12:40:54.343Z</time></trkpt><trkpt lat="42.917502" lon="-8.330872"><ele>367.720</ele><time>2025-06-07T12:40:58.343Z</time></trkpt><trkpt lat="42.917512" lon="-8.330943"><ele>367.211</ele><time>2025-06-07T12:41:02.343Z</time></trkpt><trkpt lat="42.917518" lon="-8.331019"><ele>366.621</ele><time>2025-06-07T12:41:06.343Z</time></trkpt><trkpt lat="42.917516" lon="-8.331099"><ele>366.003</ele><time>2025-06-07T12:41:10.343Z</time></trkpt><trkpt lat="42.917519" lon="-8.331177"><ele>365.709</ele><time>2025-06-07T12:41:14.343Z</time></trkpt><trkpt lat="42.917524" lon="-8.331260"><ele>365.443</ele><time>2025-06-07T12:41:18.343Z</time></trkpt><trkpt lat="42.917532" lon="-8.331321"><ele>365.122</ele><time>2025-06-07T12:41:21.343Z</time></trkpt><trkpt lat="42.917548" lon="-8.331384"><ele>364.838</ele><time>2025-06-07T12:41:24.343Z</time></trkpt><trkpt lat="42.917556" lon="-8.331449"><ele>364.811</ele><time>2025-06-07T12:41:27.342Z</time></trkpt><trkpt lat="42.917570" lon="-8.331509"><ele>364.781</ele><time>2025-06-07T12:41:30.343Z</time></trkpt><trkpt lat="42.917598" lon="-8.331568"><ele>364.622</ele><time>2025-06-07T12:41:33.343Z</time></trkpt><trkpt lat="42.917610" lon="-8.331646"><ele>364.641</ele><time>2025-06-07T12:41:37.343Z</time></trkpt><trkpt lat="42.917624" lon="-8.331723"><ele>364.620</ele><time>2025-06-07T12:41:41.342Z</time></trkpt><trkpt lat="42.917624" lon="-8.331786"><ele>364.752</ele><time>2025-06-07T12:41:44.343Z</time></trkpt><trkpt lat="42.917631" lon="-8.331862"><ele>364.923</ele><time>2025-06-07T12:41:48.342Z</time></trkpt><trkpt lat="42.917636" lon="-8.331925"><ele>365.083</ele><time>2025-06-07T12:41:51.342Z</time></trkpt><trkpt lat="42.917641" lon="-8.331986"><ele>365.011</ele><time>2025-06-07T12:41:54.343Z</time></trkpt><trkpt lat="42.917641" lon="-8.332048"><ele>365.009</ele><time>2025-06-07T12:41:57.343Z</time></trkpt><trkpt lat="42.917640" lon="-8.332129"><ele>365.044</ele><time>2025-06-07T12:42:01.343Z</time></trkpt><trkpt lat="42.917644" lon="-8.332191"><ele>365.033</ele><time>2025-06-07T12:42:04.343Z</time></trkpt><trkpt lat="42.917644" lon="-8.332256"><ele>365.079</ele><time>2025-06-07T12:42:08.343Z</time></trkpt><trkpt lat="42.917643" lon="-8.332332"><ele>365.022</ele><time>2025-06-07T12:42:12.343Z</time></trkpt><trkpt lat="42.917659" lon="-8.332405"><ele>365.022</ele><time>2025-06-07T12:42:16.342Z</time></trkpt><trkpt lat="42.917671" lon="-8.332480"><ele>365.073</ele><time>2025-06-07T12:42:20.343Z</time></trkpt><trkpt lat="42.917683" lon="-8.332559"><ele>365.182</ele><time>2025-06-07T12:42:24.343Z</time></trkpt><trkpt lat="42.917692" lon="-8.332636"><ele>365.271</ele><time>2025-06-07T12:42:28.343Z</time></trkpt><trkpt lat="42.917704" lon="-8.332710"><ele>365.483</ele><time>2025-06-07T12:42:32.343Z</time></trkpt><trkpt lat="42.917701" lon="-8.332774"><ele>365.449</ele><time>2025-06-07T12:42:35.343Z</time></trkpt><trkpt lat="42.917701" lon="-8.332836"><ele>365.802</ele><time>2025-06-07T12:42:38.343Z</time></trkpt><trkpt lat="42.917706" lon="-8.332914"><ele>366.222</ele><time>2025-06-07T12:42:42.342Z</time></trkpt><trkpt lat="42.917721" lon="-8.332985"><ele>366.809</ele><time>2025-06-07T12:42:46.343Z</time></trkpt><trkpt lat="42.917739" lon="-8.333057"><ele>367.416</ele><time>2025-06-07T12:42:50.343Z</time></trkpt><trkpt lat="42.917767" lon="-8.333127"><ele>367.615</ele><time>2025-06-07T12:42:54.343Z</time></trkpt><trkpt lat="42.917789" lon="-8.333202"><ele>367.651</ele><time>2025-06-07T12:42:58.343Z</time></trkpt><trkpt lat="42.917803" lon="-8.333282"><ele>367.654</ele><time>2025-06-07T12:43:02.343Z</time></trkpt><trkpt lat="42.917813" lon="-8.333360"><ele>367.614</ele><time>2025-06-07T12:43:06.343Z</time></trkpt><trkpt lat="42.917819" lon="-8.333431"><ele>367.545</ele><time>2025-06-07T12:43:10.343Z</time></trkpt><trkpt lat="42.917827" lon="-8.333506"><ele>367.584</ele><time>2025-06-07T12:43:14.343Z</time></trkpt><trkpt lat="42.917844" lon="-8.333579"><ele>367.763</ele><time>2025-06-07T12:43:18.343Z</time></trkpt><trkpt lat="42.917864" lon="-8.333636"><ele>368.035</ele><time>2025-06-07T12:43:21.342Z</time></trkpt><trkpt lat="42.917894" lon="-8.333685"><ele>368.398</ele><time>2025-06-07T12:43:24.343Z</time></trkpt><trkpt lat="42.917921" lon="-8.333755"><ele>368.315</ele><time>2025-06-07T12:43:28.343Z</time></trkpt><trkpt lat="42.917945" lon="-8.333825"><ele>368.226</ele><time>2025-06-07T12:43:32.343Z</time></trkpt><trkpt lat="42.917977" lon="-8.333893"><ele>368.209</ele><time>2025-06-07T12:43:36.343Z</time></trkpt><trkpt lat="42.917999" lon="-8.333964"><ele>367.881</ele><time>2025-06-07T12:43:40.343Z</time></trkpt><trkpt lat="42.918016" lon="-8.334032"><ele>367.280</ele><time>2025-06-07T12:43:43.343Z</time></trkpt><trkpt lat="42.918037" lon="-8.334091"><ele>366.766</ele><time>2025-06-07T12:43:46.343Z</time></trkpt><trkpt lat="42.918053" lon="-8.334160"><ele>366.129</ele><time>2025-06-07T12:43:49.343Z</time></trkpt><trkpt lat="42.918073" lon="-8.334237"><ele>365.059</ele><time>2025-06-07T12:43:53.343Z</time></trkpt><trkpt lat="42.918098" lon="-8.334293"><ele>364.560</ele><time>2025-06-07T12:43:56.343Z</time></trkpt><trkpt lat="42.918112" lon="-8.334352"><ele>363.799</ele><time>2025-06-07T12:43:59.343Z</time></trkpt><trkpt lat="42.918123" lon="-8.334416"><ele>362.978</ele><time>2025-06-07T12:44:02.343Z</time></trkpt><trkpt lat="42.918136" lon="-8.334476"><ele>362.450</ele><time>2025-06-07T12:44:05.342Z</time></trkpt><trkpt lat="42.918146" lon="-8.334552"><ele>361.713</ele><time>2025-06-07T12:44:09.343Z</time></trkpt><trkpt lat="42.918154" lon="-8.334628"><ele>360.943</ele><time>2025-06-07T12:44:13.343Z</time></trkpt><trkpt lat="42.918156" lon="-8.334692"><ele>360.207</ele><time>2025-06-07T12:44:16.343Z</time></trkpt><trkpt lat="42.918155" lon="-8.334770"><ele>359.509</ele><time>2025-06-07T12:44:20.343Z</time></trkpt><trkpt lat="42.918164" lon="-8.334842"><ele>359.233</ele><time>2025-06-07T12:44:24.343Z</time></trkpt><trkpt lat="42.918178" lon="-8.334916"><ele>358.972</ele><time>2025-06-07T12:44:28.343Z</time></trkpt><trkpt lat="42.918189" lon="-8.334996"><ele>358.578</ele><time>2025-06-07T12:44:32.343Z</time></trkpt><trkpt lat="42.918206" lon="-8.335065"><ele>358.591</ele><time>2025-06-07T12:44:36.343Z</time></trkpt><trkpt lat="42.918212" lon="-8.335143"><ele>358.371</ele><time>2025-06-07T12:44:40.343Z</time></trkpt><trkpt lat="42.918220" lon="-8.335220"><ele>358.232</ele><time>2025-06-07T12:44:44.343Z</time></trkpt><trkpt lat="42.918224" lon="-8.335295"><ele>357.961</ele><time>2025-06-07T12:44:48.343Z</time></trkpt><trkpt lat="42.918235" lon="-8.335374"><ele>357.750</ele><time>2025-06-07T12:44:52.343Z</time></trkpt><trkpt lat="42.918242" lon="-8.335452"><ele>357.492</ele><time>2025-06-07T12:44:56.342Z</time></trkpt><trkpt lat="42.918240" lon="-8.335514"><ele>357.294</ele><time>2025-06-07T12:44:59.343Z</time></trkpt><trkpt lat="42.918260" lon="-8.335586"><ele>356.857</ele><time>2025-06-07T12:45:03.343Z</time></trkpt><trkpt lat="42.918268" lon="-8.335663"><ele>356.722</ele><time>2025-06-07T12:45:07.343Z</time></trkpt><trkpt lat="42.918274" lon="-8.335742"><ele>356.609</ele><time>2025-06-07T12:45:11.343Z</time></trkpt><trkpt lat="42.918268" lon="-8.335821"><ele>356.771</ele><time>2025-06-07T12:45:15.343Z</time></trkpt><trkpt lat="42.918268" lon="-8.335901"><ele>356.890</ele><time>2025-06-07T12:45:19.342Z</time></trkpt><trkpt lat="42.918284" lon="-8.335977"><ele>356.726</ele><time>2025-06-07T12:45:23.343Z</time></trkpt><trkpt lat="42.918298" lon="-8.336053"><ele>356.639</ele><time>2025-06-07T12:45:27.342Z</time></trkpt><trkpt lat="42.918306" lon="-8.336114"><ele>356.549</ele><time>2025-06-07T12:45:30.343Z</time></trkpt><trkpt lat="42.918314" lon="-8.336196"><ele>356.020</ele><time>2025-06-07T12:45:34.343Z</time></trkpt><trkpt lat="42.918320" lon="-8.336257"><ele>355.749</ele><time>2025-06-07T12:45:37.343Z</time></trkpt><trkpt lat="42.918325" lon="-8.336339"><ele>355.348</ele><time>2025-06-07T12:45:41.343Z</time></trkpt><trkpt lat="42.918329" lon="-8.336402"><ele>355.040</ele><time>2025-06-07T12:45:44.343Z</time></trkpt><trkpt lat="42.918340" lon="-8.336480"><ele>354.637</ele><time>2025-06-07T12:45:48.343Z</time></trkpt><trkpt lat="42.918347" lon="-8.336556"><ele>354.249</ele><time>2025-06-07T12:45:52.343Z</time></trkpt><trkpt lat="42.918351" lon="-8.336636"><ele>353.913</ele><time>2025-06-07T12:45:56.343Z</time></trkpt><trkpt lat="42.918361" lon="-8.336715"><ele>353.409</ele><time>2025-06-07T12:46:00.343Z</time></trkpt><trkpt lat="42.918374" lon="-8.336788"><ele>353.065</ele><time>2025-06-07T12:46:04.342Z</time></trkpt><trkpt lat="42.918383" lon="-8.336860"><ele>352.714</ele><time>2025-06-07T12:46:08.343Z</time></trkpt><trkpt lat="42.918392" lon="-8.336934"><ele>352.490</ele><time>2025-06-07T12:46:12.343Z</time></trkpt><trkpt lat="42.918396" lon="-8.337008"><ele>351.783</ele><time>2025-06-07T12:46:16.343Z</time></trkpt><trkpt lat="42.918403" lon="-8.337085"><ele>351.053</ele><time>2025-06-07T12:46:20.343Z</time></trkpt><trkpt lat="42.918410" lon="-8.337146"><ele>350.424</ele><time>2025-06-07T12:46:23.343Z</time></trkpt><trkpt lat="42.918423" lon="-8.337220"><ele>349.773</ele><time>2025-06-07T12:46:27.342Z</time></trkpt><trkpt lat="42.918432" lon="-8.337296"><ele>349.572</ele><time>2025-06-07T12:46:31.343Z</time></trkpt><trkpt lat="42.918431" lon="-8.337358"><ele>349.354</ele><time>2025-06-07T12:46:34.343Z</time></trkpt><trkpt lat="42.918437" lon="-8.337422"><ele>349.237</ele><time>2025-06-07T12:46:37.343Z</time></trkpt><trkpt lat="42.918439" lon="-8.337498"><ele>349.049</ele><time>2025-06-07T12:46:41.343Z</time></trkpt><trkpt lat="42.918445" lon="-8.337576"><ele>348.613</ele><time>2025-06-07T12:46:45.343Z</time></trkpt><trkpt lat="42.918449" lon="-8.337641"><ele>348.209</ele><time>2025-06-07T12:46:48.343Z</time></trkpt><trkpt lat="42.918450" lon="-8.337704"><ele>347.865</ele><time>2025-06-07T12:46:51.343Z</time></trkpt><trkpt lat="42.918451" lon="-8.337785"><ele>347.484</ele><time>2025-06-07T12:46:55.343Z</time></trkpt><trkpt lat="42.918455" lon="-8.337866"><ele>347.130</ele><time>2025-06-07T12:46:59.343Z</time></trkpt><trkpt lat="42.918459" lon="-8.337928"><ele>346.933</ele><time>2025-06-07T12:47:02.343Z</time></trkpt><trkpt lat="42.918466" lon="-8.338009"><ele>346.653</ele><time>2025-06-07T12:47:06.343Z</time></trkpt><trkpt lat="42.918467" lon="-8.338073"><ele>346.484</ele><time>2025-06-07T12:47:09.343Z</time></trkpt><trkpt lat="42.918470" lon="-8.338138"><ele>346.013</ele><time>2025-06-07T12:47:12.343Z</time></trkpt><trkpt lat="42.918472" lon="-8.338201"><ele>345.732</ele><time>2025-06-07T12:47:15.343Z</time></trkpt><trkpt lat="42.918476" lon="-8.338264"><ele>345.424</ele><time>2025-06-07T12:47:18.343Z</time></trkpt><trkpt lat="42.918479" lon="-8.338328"><ele>345.041</ele><time>2025-06-07T12:47:21.342Z</time></trkpt><trkpt lat="42.918480" lon="-8.338392"><ele>344.681</ele><time>2025-06-07T12:47:24.343Z</time></trkpt><trkpt lat="42.918473" lon="-8.338473"><ele>344.009</ele><time>2025-06-07T12:47:28.343Z</time></trkpt><trkpt lat="42.918465" lon="-8.338537"><ele>343.509</ele><time>2025-06-07T12:47:31.343Z</time></trkpt><trkpt lat="42.918453" lon="-8.338600"><ele>343.126</ele><time>2025-06-07T12:47:34.343Z</time></trkpt><trkpt lat="42.918441" lon="-8.338679"><ele>342.985</ele><time>2025-06-07T12:47:38.342Z</time></trkpt><trkpt lat="42.918432" lon="-8.338758"><ele>342.821</ele><time>2025-06-07T12:47:42.343Z</time></trkpt><trkpt lat="42.918420" lon="-8.338817"><ele>342.864</ele><time>2025-06-07T12:47:45.342Z</time></trkpt><trkpt lat="42.918419" lon="-8.338896"><ele>342.714</ele><time>2025-06-07T12:47:49.343Z</time></trkpt><trkpt lat="42.918401" lon="-8.338953"><ele>343.145</ele><time>2025-06-07T12:47:52.343Z</time></trkpt><trkpt lat="42.918383" lon="-8.339028"><ele>343.614</ele><time>2025-06-07T12:47:56.343Z</time></trkpt><trkpt lat="42.918369" lon="-8.339104"><ele>344.223</ele><time>2025-06-07T12:48:00.343Z</time></trkpt><trkpt lat="42.918352" lon="-8.339180"><ele>344.915</ele><time>2025-06-07T12:48:04.343Z</time></trkpt><trkpt lat="42.918325" lon="-8.339251"><ele>346.071</ele><time>2025-06-07T12:48:08.343Z</time></trkpt><trkpt lat="42.918311" lon="-8.339311"><ele>346.741</ele><time>2025-06-07T12:48:11.343Z</time></trkpt><trkpt lat="42.918289" lon="-8.339386"><ele>347.715</ele><time>2025-06-07T12:48:15.343Z</time></trkpt><trkpt lat="42.918274" lon="-8.339445"><ele>348.409</ele><time>2025-06-07T12:48:18.344Z</time></trkpt><trkpt lat="42.918247" lon="-8.339515"><ele>349.259</ele><time>2025-06-07T12:48:22.343Z</time></trkpt><trkpt lat="42.918228" lon="-8.339585"><ele>350.018</ele><time>2025-06-07T12:48:26.344Z</time></trkpt><trkpt lat="42.918207" lon="-8.339659"><ele>350.824</ele><time>2025-06-07T12:48:30.344Z</time></trkpt><trkpt lat="42.918187" lon="-8.339733"><ele>351.717</ele><time>2025-06-07T12:48:34.343Z</time></trkpt><trkpt lat="42.918166" lon="-8.339807"><ele>352.497</ele><time>2025-06-07T12:48:38.343Z</time></trkpt><trkpt lat="42.918139" lon="-8.339878"><ele>353.218</ele><time>2025-06-07T12:48:42.344Z</time></trkpt><trkpt lat="42.918115" lon="-8.339950"><ele>354.077</ele><time>2025-06-07T12:48:46.344Z</time></trkpt><trkpt lat="42.918092" lon="-8.340023"><ele>354.636</ele><time>2025-06-07T12:48:50.344Z</time></trkpt><trkpt lat="42.918087" lon="-8.340100"><ele>354.718</ele><time>2025-06-07T12:48:54.344Z</time></trkpt><trkpt lat="42.918065" lon="-8.340172"><ele>354.953</ele><time>2025-06-07T12:48:58.344Z</time></trkpt><trkpt lat="42.918048" lon="-8.340250"><ele>355.004</ele><time>2025-06-07T12:49:02.344Z</time></trkpt><trkpt lat="42.918047" lon="-8.340330"><ele>355.014</ele><time>2025-06-07T12:49:06.344Z</time></trkpt><trkpt lat="42.918033" lon="-8.340404"><ele>355.009</ele><time>2025-06-07T12:49:10.344Z</time></trkpt><trkpt lat="42.918003" lon="-8.340471"><ele>355.097</ele><time>2025-06-07T12:49:14.344Z</time></trkpt><trkpt lat="42.917975" lon="-8.340535"><ele>355.096</ele><time>2025-06-07T12:49:18.343Z</time></trkpt><trkpt lat="42.917952" lon="-8.340601"><ele>354.852</ele><time>2025-06-07T12:49:22.344Z</time></trkpt><trkpt lat="42.917930" lon="-8.340674"><ele>354.645</ele><time>2025-06-07T12:49:26.344Z</time></trkpt><trkpt lat="42.917914" lon="-8.340734"><ele>354.485</ele><time>2025-06-07T12:49:29.344Z</time></trkpt><trkpt lat="42.917888" lon="-8.340806"><ele>354.116</ele><time>2025-06-07T12:49:33.344Z</time></trkpt><trkpt lat="42.917870" lon="-8.340881"><ele>353.755</ele><time>2025-06-07T12:49:37.343Z</time></trkpt><trkpt lat="42.917852" lon="-8.340958"><ele>353.154</ele><time>2025-06-07T12:49:41.343Z</time></trkpt><trkpt lat="42.917846" lon="-8.341020"><ele>352.746</ele><time>2025-06-07T12:49:44.343Z</time></trkpt><trkpt lat="42.917828" lon="-8.341077"><ele>352.279</ele><time>2025-06-07T12:49:47.344Z</time></trkpt><trkpt lat="42.917805" lon="-8.341154"><ele>352.005</ele><time>2025-06-07T12:49:51.344Z</time></trkpt><trkpt lat="42.917780" lon="-8.341207"><ele>352.025</ele><time>2025-06-07T12:49:54.344Z</time></trkpt><trkpt lat="42.917765" lon="-8.341281"><ele>351.909</ele><time>2025-06-07T12:49:58.344Z</time></trkpt><trkpt lat="42.917743" lon="-8.341351"><ele>351.899</ele><time>2025-06-07T12:50:02.344Z</time></trkpt><trkpt lat="42.917726" lon="-8.341425"><ele>351.538</ele><time>2025-06-07T12:50:06.344Z</time></trkpt><trkpt lat="42.917706" lon="-8.341492"><ele>351.284</ele><time>2025-06-07T12:50:10.344Z</time></trkpt><trkpt lat="42.917681" lon="-8.341555"><ele>350.917</ele><time>2025-06-07T12:50:14.344Z</time></trkpt><trkpt lat="42.917656" lon="-8.341621"><ele>350.737</ele><time>2025-06-07T12:50:18.344Z</time></trkpt><trkpt lat="42.917636" lon="-8.341698"><ele>350.528</ele><time>2025-06-07T12:50:22.344Z</time></trkpt><trkpt lat="42.917610" lon="-8.341749"><ele>350.427</ele><time>2025-06-07T12:50:25.344Z</time></trkpt><trkpt lat="42.917590" lon="-8.341822"><ele>350.386</ele><time>2025-06-07T12:50:29.344Z</time></trkpt><trkpt lat="42.917568" lon="-8.341893"><ele>350.258</ele><time>2025-06-07T12:50:33.344Z</time></trkpt><trkpt lat="42.917545" lon="-8.341960"><ele>350.023</ele><time>2025-06-07T12:50:37.344Z</time></trkpt><trkpt lat="42.917516" lon="-8.342023"><ele>349.583</ele><time>2025-06-07T12:50:41.344Z</time></trkpt><trkpt lat="42.917492" lon="-8.342094"><ele>348.911</ele><time>2025-06-07T12:50:45.344Z</time></trkpt><trkpt lat="42.917473" lon="-8.342150"><ele>348.409</ele><time>2025-06-07T12:50:48.344Z</time></trkpt><trkpt lat="42.917449" lon="-8.342222"><ele>347.884</ele><time>2025-06-07T12:50:52.344Z</time></trkpt><trkpt lat="42.917422" lon="-8.342273"><ele>347.063</ele><time>2025-06-07T12:50:55.344Z</time></trkpt><trkpt lat="42.917396" lon="-8.342339"><ele>346.019</ele><time>2025-06-07T12:50:59.344Z</time></trkpt><trkpt lat="42.917365" lon="-8.342402"><ele>345.292</ele><time>2025-06-07T12:51:03.344Z</time></trkpt><trkpt lat="42.917339" lon="-8.342470"><ele>344.532</ele><time>2025-06-07T12:51:07.343Z</time></trkpt><trkpt lat="42.917320" lon="-8.342531"><ele>343.823</ele><time>2025-06-07T12:51:10.344Z</time></trkpt><trkpt lat="42.917300" lon="-8.342605"><ele>342.832</ele><time>2025-06-07T12:51:14.343Z</time></trkpt><trkpt lat="42.917287" lon="-8.342665"><ele>342.021</ele><time>2025-06-07T12:51:17.344Z</time></trkpt><trkpt lat="42.917264" lon="-8.342736"><ele>341.283</ele><time>2025-06-07T12:51:21.344Z</time></trkpt><trkpt lat="42.917228" lon="-8.342796"><ele>340.623</ele><time>2025-06-07T12:51:25.344Z</time></trkpt><trkpt lat="42.917199" lon="-8.342863"><ele>339.583</ele><time>2025-06-07T12:51:29.344Z</time></trkpt><trkpt lat="42.917171" lon="-8.342925"><ele>338.511</ele><time>2025-06-07T12:51:33.344Z</time></trkpt><trkpt lat="42.917148" lon="-8.343000"><ele>337.409</ele><time>2025-06-07T12:51:37.344Z</time></trkpt><trkpt lat="42.917122" lon="-8.343060"><ele>336.734</ele><time>2025-06-07T12:51:41.344Z</time></trkpt><trkpt lat="42.917099" lon="-8.343123"><ele>335.983</ele><time>2025-06-07T12:51:45.343Z</time></trkpt><trkpt lat="42.917082" lon="-8.343194"><ele>335.089</ele><time>2025-06-07T12:51:49.343Z</time></trkpt><trkpt lat="42.917048" lon="-8.343249"><ele>334.512</ele><time>2025-06-07T12:51:53.344Z</time></trkpt><trkpt lat="42.917011" lon="-8.343304"><ele>333.982</ele><time>2025-06-07T12:51:57.344Z</time></trkpt><trkpt lat="42.916959" lon="-8.343336"><ele>333.943</ele><time>2025-06-07T12:52:01.344Z</time></trkpt><trkpt lat="42.916900" lon="-8.343348"><ele>334.272</ele><time>2025-06-07T12:52:05.343Z</time></trkpt><trkpt lat="42.916846" lon="-8.343353"><ele>334.541</ele><time>2025-06-07T12:52:09.344Z</time></trkpt><trkpt lat="42.916790" lon="-8.343353"><ele>334.923</ele><time>2025-06-07T12:52:13.344Z</time></trkpt><trkpt lat="42.916744" lon="-8.343349"><ele>335.269</ele><time>2025-06-07T12:52:16.344Z</time></trkpt><trkpt lat="42.916698" lon="-8.343338"><ele>335.704</ele><time>2025-06-07T12:52:19.344Z</time></trkpt><trkpt lat="42.916645" lon="-8.343315"><ele>335.924</ele><time>2025-06-07T12:52:23.343Z</time></trkpt><trkpt lat="42.916603" lon="-8.343293"><ele>335.709</ele><time>2025-06-07T12:52:26.344Z</time></trkpt><trkpt lat="42.916550" lon="-8.343289"><ele>335.398</ele><time>2025-06-07T12:52:30.343Z</time></trkpt><trkpt lat="42.916506" lon="-8.343325"><ele>334.487</ele><time>2025-06-07T12:52:34.343Z</time></trkpt><trkpt lat="42.916498" lon="-8.343396"><ele>333.343</ele><time>2025-06-07T12:52:38.343Z</time></trkpt><trkpt lat="42.916501" lon="-8.343473"><ele>332.216</ele><time>2025-06-07T12:52:42.343Z</time></trkpt><trkpt lat="42.916507" lon="-8.343547"><ele>331.276</ele><time>2025-06-07T12:52:46.343Z</time></trkpt><trkpt lat="42.916515" lon="-8.343622"><ele>330.297</ele><time>2025-06-07T12:52:50.344Z</time></trkpt><trkpt lat="42.916520" lon="-8.343684"><ele>329.136</ele><time>2025-06-07T12:52:53.344Z</time></trkpt><trkpt lat="42.916535" lon="-8.343761"><ele>327.925</ele><time>2025-06-07T12:52:57.344Z</time></trkpt><trkpt lat="42.916537" lon="-8.343842"><ele>326.467</ele><time>2025-06-07T12:53:01.343Z</time></trkpt><trkpt lat="42.916521" lon="-8.343901"><ele>325.314</ele><time>2025-06-07T12:53:04.344Z</time></trkpt><trkpt lat="42.916481" lon="-8.343935"><ele>324.454</ele><time>2025-06-07T12:53:07.344Z</time></trkpt><trkpt lat="42.916434" lon="-8.343943"><ele>324.009</ele><time>2025-06-07T12:53:10.344Z</time></trkpt><trkpt lat="42.916368" lon="-8.343963"><ele>323.609</ele><time>2025-06-07T12:53:15.344Z</time></trkpt><trkpt lat="42.916320" lon="-8.343988"><ele>323.983</ele><time>2025-06-07T12:53:18.343Z</time></trkpt><trkpt lat="42.916307" lon="-8.344065"><ele>323.552</ele><time>2025-06-07T12:53:22.344Z</time></trkpt><trkpt lat="42.916294" lon="-8.344141"><ele>323.238</ele><time>2025-06-07T12:53:26.344Z</time></trkpt><trkpt lat="42.916287" lon="-8.344215"><ele>322.811</ele><time>2025-06-07T12:53:30.343Z</time></trkpt><trkpt lat="42.916285" lon="-8.344289"><ele>322.351</ele><time>2025-06-07T12:53:34.343Z</time></trkpt><trkpt lat="42.916284" lon="-8.344359"><ele>321.892</ele><time>2025-06-07T12:53:38.343Z</time></trkpt><trkpt lat="42.916275" lon="-8.344430"><ele>321.641</ele><time>2025-06-07T12:53:42.343Z</time></trkpt><trkpt lat="42.916263" lon="-8.344490"><ele>321.570</ele><time>2025-06-07T12:53:45.344Z</time></trkpt><trkpt lat="42.916247" lon="-8.344549"><ele>321.532</ele><time>2025-06-07T12:53:48.344Z</time></trkpt><trkpt lat="42.916230" lon="-8.344609"><ele>321.514</ele><time>2025-06-07T12:53:51.344Z</time></trkpt><trkpt lat="42.916213" lon="-8.344672"><ele>321.554</ele><time>2025-06-07T12:53:55.344Z</time></trkpt><trkpt lat="42.916185" lon="-8.344733"><ele>321.509</ele><time>2025-06-07T12:53:59.343Z</time></trkpt><trkpt lat="42.916166" lon="-8.344801"><ele>320.509</ele><time>2025-06-07T12:54:03.344Z</time></trkpt><trkpt lat="42.916149" lon="-8.344868"><ele>319.423</ele><time>2025-06-07T12:54:07.344Z</time></trkpt><trkpt lat="42.916131" lon="-8.344936"><ele>318.222</ele><time>2025-06-07T12:54:11.344Z</time></trkpt><trkpt lat="42.916100" lon="-8.345000"><ele>317.178</ele><time>2025-06-07T12:54:15.344Z</time></trkpt><trkpt lat="42.916080" lon="-8.345067"><ele>316.051</ele><time>2025-06-07T12:54:19.344Z</time></trkpt><trkpt lat="42.916062" lon="-8.345136"><ele>314.781</ele><time>2025-06-07T12:54:23.344Z</time></trkpt><trkpt lat="42.916052" lon="-8.345209"><ele>313.322</ele><time>2025-06-07T12:54:27.344Z</time></trkpt><trkpt lat="42.916039" lon="-8.345284"><ele>311.971</ele><time>2025-06-07T12:54:31.343Z</time></trkpt><trkpt lat="42.916029" lon="-8.345356"><ele>311.060</ele><time>2025-06-07T12:54:35.344Z</time></trkpt><trkpt lat="42.916009" lon="-8.345428"><ele>310.062</ele><time>2025-06-07T12:54:39.344Z</time></trkpt><trkpt lat="42.915977" lon="-8.345494"><ele>308.982</ele><time>2025-06-07T12:54:43.344Z</time></trkpt><trkpt lat="42.915945" lon="-8.345545"><ele>308.043</ele><time>2025-06-07T12:54:46.344Z</time></trkpt><trkpt lat="42.915911" lon="-8.345589"><ele>307.717</ele><time>2025-06-07T12:54:49.344Z</time></trkpt><trkpt lat="42.915871" lon="-8.345649"><ele>307.609</ele><time>2025-06-07T12:54:53.344Z</time></trkpt><trkpt lat="42.915845" lon="-8.345700"><ele>307.640</ele><time>2025-06-07T12:54:56.344Z</time></trkpt><trkpt lat="42.915814" lon="-8.345763"><ele>307.639</ele><time>2025-06-07T12:55:00.344Z</time></trkpt><trkpt lat="42.915777" lon="-8.345821"><ele>307.645</ele><time>2025-06-07T12:55:04.344Z</time></trkpt><trkpt lat="42.915742" lon="-8.345880"><ele>307.628</ele><time>2025-06-07T12:55:08.344Z</time></trkpt><trkpt lat="42.915704" lon="-8.345943"><ele>307.638</ele><time>2025-06-07T12:55:12.344Z</time></trkpt><trkpt lat="42.915677" lon="-8.345995"><ele>307.889</ele><time>2025-06-07T12:55:15.344Z</time></trkpt><trkpt lat="42.915654" lon="-8.346066"><ele>308.128</ele><time>2025-06-07T12:55:19.344Z</time></trkpt><trkpt lat="42.915635" lon="-8.346140"><ele>308.797</ele><time>2025-06-07T12:55:23.344Z</time></trkpt><trkpt lat="42.915611" lon="-8.346195"><ele>309.589</ele><time>2025-06-07T12:55:26.344Z</time></trkpt><trkpt lat="42.915590" lon="-8.346269"><ele>310.885</ele><time>2025-06-07T12:55:30.344Z</time></trkpt><trkpt lat="42.915560" lon="-8.346328"><ele>311.989</ele><time>2025-06-07T12:55:34.344Z</time></trkpt><trkpt lat="42.915527" lon="-8.346389"><ele>312.917</ele><time>2025-06-07T12:55:38.344Z</time></trkpt><trkpt lat="42.915492" lon="-8.346452"><ele>313.309</ele><time>2025-06-07T12:55:42.344Z</time></trkpt><trkpt lat="42.915461" lon="-8.346509"><ele>313.710</ele><time>2025-06-07T12:55:46.344Z</time></trkpt><trkpt lat="42.915425" lon="-8.346563"><ele>314.149</ele><time>2025-06-07T12:55:50.344Z</time></trkpt><trkpt lat="42.915385" lon="-8.346616"><ele>314.595</ele><time>2025-06-07T12:55:54.343Z</time></trkpt><trkpt lat="42.915351" lon="-8.346672"><ele>315.018</ele><time>2025-06-07T12:55:58.344Z</time></trkpt><trkpt lat="42.915317" lon="-8.346735"><ele>315.548</ele><time>2025-06-07T12:56:02.343Z</time></trkpt><trkpt lat="42.915290" lon="-8.346785"><ele>315.959</ele><time>2025-06-07T12:56:05.345Z</time></trkpt><trkpt lat="42.915252" lon="-8.346840"><ele>315.848</ele><time>2025-06-07T12:56:09.344Z</time></trkpt><trkpt lat="42.915212" lon="-8.346887"><ele>315.527</ele><time>2025-06-07T12:56:13.345Z</time></trkpt><trkpt lat="42.915178" lon="-8.346947"><ele>315.619</ele><time>2025-06-07T12:56:17.345Z</time></trkpt><trkpt lat="42.915142" lon="-8.347002"><ele>315.937</ele><time>2025-06-07T12:56:21.344Z</time></trkpt><trkpt lat="42.915108" lon="-8.347060"><ele>316.449</ele><time>2025-06-07T12:56:25.345Z</time></trkpt><trkpt lat="42.915077" lon="-8.347120"><ele>317.213</ele><time>2025-06-07T12:56:29.345Z</time></trkpt><trkpt lat="42.915044" lon="-8.347177"><ele>318.109</ele><time>2025-06-07T12:56:33.345Z</time></trkpt><trkpt lat="42.915009" lon="-8.347237"><ele>318.915</ele><time>2025-06-07T12:56:37.344Z</time></trkpt><trkpt lat="42.914970" lon="-8.347293"><ele>318.054</ele><time>2025-06-07T12:56:41.345Z</time></trkpt><trkpt lat="42.914926" lon="-8.347346"><ele>316.920</ele><time>2025-06-07T12:56:45.345Z</time></trkpt><trkpt lat="42.914881" lon="-8.347398"><ele>316.063</ele><time>2025-06-07T12:56:49.345Z</time></trkpt><trkpt lat="42.914847" lon="-8.347439"><ele>315.583</ele><time>2025-06-07T12:56:52.345Z</time></trkpt><trkpt lat="42.914815" lon="-8.347489"><ele>315.374</ele><time>2025-06-07T12:56:55.345Z</time></trkpt><trkpt lat="42.914782" lon="-8.347532"><ele>314.633</ele><time>2025-06-07T12:56:58.345Z</time></trkpt><trkpt lat="42.914751" lon="-8.347582"><ele>313.812</ele><time>2025-06-07T12:57:01.344Z</time></trkpt><trkpt lat="42.914719" lon="-8.347648"><ele>312.894</ele><time>2025-06-07T12:57:05.345Z</time></trkpt><trkpt lat="42.914697" lon="-8.347720"><ele>311.864</ele><time>2025-06-07T12:57:09.345Z</time></trkpt><trkpt lat="42.914668" lon="-8.347769"><ele>310.906</ele><time>2025-06-07T12:57:12.345Z</time></trkpt><trkpt lat="42.914649" lon="-8.347827"><ele>310.116</ele><time>2025-06-07T12:57:15.344Z</time></trkpt><trkpt lat="42.914640" lon="-8.347891"><ele>309.509</ele><time>2025-06-07T12:57:18.345Z</time></trkpt><trkpt lat="42.914626" lon="-8.347951"><ele>308.938</ele><time>2025-06-07T12:57:21.345Z</time></trkpt><trkpt lat="42.914610" lon="-8.348024"><ele>308.297</ele><time>2025-06-07T12:57:25.344Z</time></trkpt><trkpt lat="42.914591" lon="-8.348096"><ele>307.343</ele><time>2025-06-07T12:57:29.345Z</time></trkpt><trkpt lat="42.914577" lon="-8.348175"><ele>306.376</ele><time>2025-06-07T12:57:33.345Z</time></trkpt><trkpt lat="42.914565" lon="-8.348236"><ele>305.596</ele><time>2025-06-07T12:57:36.345Z</time></trkpt><trkpt lat="42.914549" lon="-8.348310"><ele>304.537</ele><time>2025-06-07T12:57:40.345Z</time></trkpt><trkpt lat="42.914535" lon="-8.348387"><ele>303.616</ele><time>2025-06-07T12:57:44.345Z</time></trkpt><trkpt lat="42.914515" lon="-8.348461"><ele>302.735</ele><time>2025-06-07T12:57:48.345Z</time></trkpt><trkpt lat="42.914487" lon="-8.348527"><ele>301.667</ele><time>2025-06-07T12:57:52.344Z</time></trkpt><trkpt lat="42.914452" lon="-8.348588"><ele>300.465</ele><time>2025-06-07T12:57:56.345Z</time></trkpt><trkpt lat="42.914423" lon="-8.348649"><ele>299.568</ele><time>2025-06-07T12:58:00.345Z</time></trkpt><trkpt lat="42.914408" lon="-8.348718"><ele>299.314</ele><time>2025-06-07T12:58:04.345Z</time></trkpt><trkpt lat="42.914386" lon="-8.348785"><ele>298.909</ele><time>2025-06-07T12:58:09.344Z</time></trkpt><trkpt lat="42.914370" lon="-8.348847"><ele>298.628</ele><time>2025-06-07T12:58:13.344Z</time></trkpt><trkpt lat="42.914355" lon="-8.348923"><ele>298.167</ele><time>2025-06-07T12:58:17.345Z</time></trkpt><trkpt lat="42.914343" lon="-8.348996"><ele>297.373</ele><time>2025-06-07T12:58:21.345Z</time></trkpt><trkpt lat="42.914350" lon="-8.349073"><ele>296.876</ele><time>2025-06-07T12:58:25.345Z</time></trkpt><trkpt lat="42.914373" lon="-8.349126"><ele>296.656</ele><time>2025-06-07T12:58:28.345Z</time></trkpt><trkpt lat="42.914414" lon="-8.349187"><ele>296.387</ele><time>2025-06-07T12:58:32.344Z</time></trkpt><trkpt lat="42.914446" lon="-8.349231"><ele>295.856</ele><time>2025-06-07T12:58:35.345Z</time></trkpt><trkpt lat="42.914492" lon="-8.349273"><ele>295.275</ele><time>2025-06-07T12:58:39.345Z</time></trkpt><trkpt lat="42.914531" lon="-8.349306"><ele>294.697</ele><time>2025-06-07T12:58:42.345Z</time></trkpt><trkpt lat="42.914580" lon="-8.349352"><ele>293.893</ele><time>2025-06-07T12:58:46.345Z</time></trkpt><trkpt lat="42.914621" lon="-8.349398"><ele>292.965</ele><time>2025-06-07T12:58:49.345Z</time></trkpt><trkpt lat="42.914659" lon="-8.349447"><ele>292.021</ele><time>2025-06-07T12:58:53.344Z</time></trkpt><trkpt lat="42.914691" lon="-8.349504"><ele>290.909</ele><time>2025-06-07T12:58:57.345Z</time></trkpt><trkpt lat="42.914722" lon="-8.349566"><ele>289.821</ele><time>2025-06-07T12:59:01.345Z</time></trkpt><trkpt lat="42.914724" lon="-8.349628"><ele>288.770</ele><time>2025-06-07T12:59:04.344Z</time></trkpt><trkpt lat="42.914726" lon="-8.349693"><ele>287.536</ele><time>2025-06-07T12:59:07.345Z</time></trkpt><trkpt lat="42.914722" lon="-8.349713"><ele>287.299</ele><time>2025-06-07T12:59:08.345Z</time></trkpt><trkpt lat="42.914720" lon="-8.349791"><ele>285.599</ele><time>2025-06-07T12:59:12.345Z</time></trkpt><trkpt lat="42.914722" lon="-8.349867"><ele>283.950</ele><time>2025-06-07T12:59:16.344Z</time></trkpt><trkpt lat="42.914716" lon="-8.349889"><ele>283.449</ele><time>2025-06-07T12:59:17.345Z</time></trkpt><trkpt lat="42.914697" lon="-8.349965"><ele>281.818</ele><time>2025-06-07T12:59:21.345Z</time></trkpt><trkpt lat="42.914691" lon="-8.350041"><ele>280.880</ele><time>2025-06-07T12:59:25.345Z</time></trkpt><trkpt lat="42.914678" lon="-8.350110"><ele>280.346</ele><time>2025-06-07T12:59:29.344Z</time></trkpt><trkpt lat="42.914644" lon="-8.350165"><ele>279.988</ele><time>2025-06-07T12:59:33.344Z</time></trkpt><trkpt lat="42.914610" lon="-8.350222"><ele>279.516</ele><time>2025-06-07T12:59:37.345Z</time></trkpt><trkpt lat="42.914593" lon="-8.350281"><ele>279.009</ele><time>2025-06-07T12:59:41.345Z</time></trkpt><trkpt lat="42.914574" lon="-8.350347"><ele>278.856</ele><time>2025-06-07T12:59:45.345Z</time></trkpt><trkpt lat="42.914558" lon="-8.350414"><ele>278.615</ele><time>2025-06-07T12:59:49.345Z</time></trkpt><trkpt lat="42.914535" lon="-8.350480"><ele>278.591</ele><time>2025-06-07T12:59:53.344Z</time></trkpt><trkpt lat="42.914513" lon="-8.350551"><ele>278.544</ele><time>2025-06-07T12:59:57.345Z</time></trkpt><trkpt lat="42.914494" lon="-8.350620"><ele>278.524</ele><time>2025-06-07T13:00:01.345Z</time></trkpt><trkpt lat="42.914467" lon="-8.350687"><ele>278.495</ele><time>2025-06-07T13:00:05.345Z</time></trkpt><trkpt lat="42.914446" lon="-8.350760"><ele>278.364</ele><time>2025-06-07T13:00:09.345Z</time></trkpt><trkpt lat="42.914436" lon="-8.350836"><ele>277.983</ele><time>2025-06-07T13:00:13.344Z</time></trkpt><trkpt lat="42.914416" lon="-8.350891"><ele>277.695</ele><time>2025-06-07T13:00:16.345Z</time></trkpt><trkpt lat="42.914388" lon="-8.350961"><ele>277.242</ele><time>2025-06-07T13:00:20.344Z</time></trkpt><trkpt lat="42.914369" lon="-8.351018"><ele>277.022</ele><time>2025-06-07T13:00:23.345Z</time></trkpt><trkpt lat="42.914347" lon="-8.351075"><ele>276.714</ele><time>2025-06-07T13:00:26.344Z</time></trkpt><trkpt lat="42.914331" lon="-8.351149"><ele>276.509</ele><time>2025-06-07T13:00:30.345Z</time></trkpt><trkpt lat="42.914311" lon="-8.351219"><ele>276.396</ele><time>2025-06-07T13:00:34.345Z</time></trkpt><trkpt lat="42.914286" lon="-8.351290"><ele>276.165</ele><time>2025-06-07T13:00:38.345Z</time></trkpt><trkpt lat="42.914261" lon="-8.351361"><ele>275.751</ele><time>2025-06-07T13:00:42.345Z</time></trkpt><trkpt lat="42.914234" lon="-8.351429"><ele>275.554</ele><time>2025-06-07T13:00:46.345Z</time></trkpt><trkpt lat="42.914204" lon="-8.351495"><ele>275.284</ele><time>2025-06-07T13:00:50.345Z</time></trkpt><trkpt lat="42.914182" lon="-8.351550"><ele>275.195</ele><time>2025-06-07T13:00:53.345Z</time></trkpt><trkpt lat="42.914164" lon="-8.351608"><ele>275.054</ele><time>2025-06-07T13:00:56.345Z</time></trkpt><trkpt lat="42.914133" lon="-8.351673"><ele>275.023</ele><time>2025-06-07T13:01:00.345Z</time></trkpt><trkpt lat="42.914106" lon="-8.351742"><ele>275.055</ele><time>2025-06-07T13:01:04.345Z</time></trkpt><trkpt lat="42.914086" lon="-8.351800"><ele>275.085</ele><time>2025-06-07T13:01:08.345Z</time></trkpt><trkpt lat="42.914067" lon="-8.351857"><ele>275.089</ele><time>2025-06-07T13:01:11.345Z</time></trkpt><trkpt lat="42.914046" lon="-8.351934"><ele>275.017</ele><time>2025-06-07T13:01:15.345Z</time></trkpt><trkpt lat="42.914031" lon="-8.351994"><ele>274.909</ele><time>2025-06-07T13:01:18.345Z</time></trkpt><trkpt lat="42.914009" lon="-8.352069"><ele>274.740</ele><time>2025-06-07T13:01:22.345Z</time></trkpt><trkpt lat="42.913994" lon="-8.352146"><ele>274.519</ele><time>2025-06-07T13:01:26.345Z</time></trkpt><trkpt lat="42.913973" lon="-8.352218"><ele>274.355</ele><time>2025-06-07T13:01:30.345Z</time></trkpt><trkpt lat="42.913950" lon="-8.352281"><ele>273.828</ele><time>2025-06-07T13:01:34.345Z</time></trkpt><trkpt lat="42.913917" lon="-8.352349"><ele>273.298</ele><time>2025-06-07T13:01:38.345Z</time></trkpt><trkpt lat="42.913886" lon="-8.352415"><ele>272.619</ele><time>2025-06-07T13:01:42.345Z</time></trkpt><trkpt lat="42.913864" lon="-8.352484"><ele>272.268</ele><time>2025-06-07T13:01:46.344Z</time></trkpt><trkpt lat="42.913835" lon="-8.352553"><ele>272.167</ele><time>2025-06-07T13:01:50.345Z</time></trkpt><trkpt lat="42.913807" lon="-8.352620"><ele>272.029</ele><time>2025-06-07T13:01:54.345Z</time></trkpt><trkpt lat="42.913777" lon="-8.352689"><ele>271.945</ele><time>2025-06-07T13:01:58.345Z</time></trkpt><trkpt lat="42.913746" lon="-8.352753"><ele>271.647</ele><time>2025-06-07T13:02:02.345Z</time></trkpt><trkpt lat="42.913714" lon="-8.352814"><ele>271.411</ele><time>2025-06-07T13:02:06.345Z</time></trkpt><trkpt lat="42.913679" lon="-8.352872"><ele>271.209</ele><time>2025-06-07T13:02:10.345Z</time></trkpt><trkpt lat="42.913643" lon="-8.352931"><ele>271.186</ele><time>2025-06-07T13:02:14.345Z</time></trkpt><trkpt lat="42.913611" lon="-8.352985"><ele>271.075</ele><time>2025-06-07T13:02:18.345Z</time></trkpt><trkpt lat="42.913574" lon="-8.353037"><ele>270.961</ele><time>2025-06-07T13:02:22.345Z</time></trkpt><trkpt lat="42.913537" lon="-8.353091"><ele>270.714</ele><time>2025-06-07T13:02:26.345Z</time></trkpt><trkpt lat="42.913491" lon="-8.353133"><ele>270.694</ele><time>2025-06-07T13:02:30.345Z</time></trkpt><trkpt lat="42.913446" lon="-8.353185"><ele>270.435</ele><time>2025-06-07T13:02:34.345Z</time></trkpt><trkpt lat="42.913409" lon="-8.353220"><ele>270.354</ele><time>2025-06-07T13:02:37.344Z</time></trkpt><trkpt lat="42.913369" lon="-8.353265"><ele>270.173</ele><time>2025-06-07T13:02:41.344Z</time></trkpt><trkpt lat="42.913332" lon="-8.353322"><ele>270.065</ele><time>2025-06-07T13:02:45.345Z</time></trkpt><trkpt lat="42.913292" lon="-8.353368"><ele>270.093</ele><time>2025-06-07T13:02:49.345Z</time></trkpt><trkpt lat="42.913240" lon="-8.353383"><ele>270.065</ele><time>2025-06-07T13:02:53.345Z</time></trkpt><trkpt lat="42.913199" lon="-8.353422"><ele>270.021</ele><time>2025-06-07T13:02:57.345Z</time></trkpt><trkpt lat="42.913155" lon="-8.353448"><ele>270.009</ele><time>2025-06-07T13:03:07.344Z</time></trkpt><trkpt lat="42.913121" lon="-8.353494"><ele>270.091</ele><time>2025-06-07T13:03:11.345Z</time></trkpt><trkpt lat="42.913087" lon="-8.353545"><ele>270.080</ele><time>2025-06-07T13:03:15.345Z</time></trkpt><trkpt lat="42.913052" lon="-8.353595"><ele>270.056</ele><time>2025-06-07T13:03:19.344Z</time></trkpt><trkpt lat="42.913012" lon="-8.353651"><ele>270.389</ele><time>2025-06-07T13:03:23.345Z</time></trkpt><trkpt lat="42.912980" lon="-8.353705"><ele>270.579</ele><time>2025-06-07T13:03:27.345Z</time></trkpt><trkpt lat="42.912950" lon="-8.353769"><ele>270.810</ele><time>2025-06-07T13:03:31.345Z</time></trkpt><trkpt lat="42.912919" lon="-8.353831"><ele>271.069</ele><time>2025-06-07T13:03:35.345Z</time></trkpt><trkpt lat="42.912897" lon="-8.353901"><ele>271.188</ele><time>2025-06-07T13:03:39.345Z</time></trkpt><trkpt lat="42.912875" lon="-8.353976"><ele>270.720</ele><time>2025-06-07T13:03:43.345Z</time></trkpt><trkpt lat="42.912846" lon="-8.354044"><ele>270.495</ele><time>2025-06-07T13:03:47.345Z</time></trkpt><trkpt lat="42.912823" lon="-8.354117"><ele>270.049</ele><time>2025-06-07T13:03:51.345Z</time></trkpt><trkpt lat="42.912800" lon="-8.354191"><ele>269.623</ele><time>2025-06-07T13:03:55.344Z</time></trkpt><trkpt lat="42.912783" lon="-8.354263"><ele>268.909</ele><time>2025-06-07T13:03:59.345Z</time></trkpt><trkpt lat="42.912764" lon="-8.354338"><ele>268.221</ele><time>2025-06-07T13:04:03.344Z</time></trkpt><trkpt lat="42.912742" lon="-8.354410"><ele>267.510</ele><time>2025-06-07T13:04:07.344Z</time></trkpt><trkpt lat="42.912726" lon="-8.354487"><ele>266.986</ele><time>2025-06-07T13:04:11.345Z</time></trkpt><trkpt lat="42.912708" lon="-8.354562"><ele>266.459</ele><time>2025-06-07T13:04:15.345Z</time></trkpt><trkpt lat="42.912692" lon="-8.354621"><ele>266.049</ele><time>2025-06-07T13:04:18.345Z</time></trkpt><trkpt lat="42.912673" lon="-8.354679"><ele>265.760</ele><time>2025-06-07T13:04:21.344Z</time></trkpt><trkpt lat="42.912657" lon="-8.354756"><ele>265.369</ele><time>2025-06-07T13:04:25.345Z</time></trkpt><trkpt lat="42.912636" lon="-8.354830"><ele>265.188</ele><time>2025-06-07T13:04:29.344Z</time></trkpt><trkpt lat="42.912610" lon="-8.354903"><ele>265.040</ele><time>2025-06-07T13:04:33.345Z</time></trkpt><trkpt lat="42.912594" lon="-8.354961"><ele>264.846</ele><time>2025-06-07T13:04:36.345Z</time></trkpt><trkpt lat="42.912578" lon="-8.355039"><ele>264.588</ele><time>2025-06-07T13:04:40.344Z</time></trkpt><trkpt lat="42.912568" lon="-8.355122"><ele>264.216</ele><time>2025-06-07T13:04:44.345Z</time></trkpt><trkpt lat="42.912556" lon="-8.355185"><ele>264.009</ele><time>2025-06-07T13:04:47.345Z</time></trkpt><trkpt lat="42.912541" lon="-8.355260"><ele>263.896</ele><time>2025-06-07T13:04:51.345Z</time></trkpt><trkpt lat="42.912521" lon="-8.355336"><ele>263.415</ele><time>2025-06-07T13:04:55.345Z</time></trkpt><trkpt lat="42.912506" lon="-8.355395"><ele>263.181</ele><time>2025-06-07T13:04:58.345Z</time></trkpt><trkpt lat="42.912500" lon="-8.355460"><ele>262.764</ele><time>2025-06-07T13:05:01.345Z</time></trkpt><trkpt lat="42.912488" lon="-8.355520"><ele>262.274</ele><time>2025-06-07T13:05:04.345Z</time></trkpt><trkpt lat="42.912475" lon="-8.355602"><ele>261.615</ele><time>2025-06-07T13:05:08.345Z</time></trkpt><trkpt lat="42.912473" lon="-8.355665"><ele>261.114</ele><time>2025-06-07T13:05:11.345Z</time></trkpt><trkpt lat="42.912476" lon="-8.355728"><ele>260.783</ele><time>2025-06-07T13:05:14.345Z</time></trkpt><trkpt lat="42.912477" lon="-8.355790"><ele>260.295</ele><time>2025-06-07T13:05:17.345Z</time></trkpt><trkpt lat="42.912476" lon="-8.355867"><ele>259.877</ele><time>2025-06-07T13:05:20.345Z</time></trkpt><trkpt lat="42.912477" lon="-8.355941"><ele>259.561</ele><time>2025-06-07T13:05:23.345Z</time></trkpt><trkpt lat="42.912478" lon="-8.356011"><ele>259.227</ele><time>2025-06-07T13:05:26.345Z</time></trkpt><trkpt lat="42.912479" lon="-8.356074"><ele>259.009</ele><time>2025-06-07T13:05:29.344Z</time></trkpt><trkpt lat="42.912479" lon="-8.356141"><ele>258.759</ele><time>2025-06-07T13:05:32.345Z</time></trkpt><trkpt lat="42.912487" lon="-8.356206"><ele>258.638</ele><time>2025-06-07T13:05:35.345Z</time></trkpt><trkpt lat="42.912490" lon="-8.356268"><ele>258.424</ele><time>2025-06-07T13:05:38.345Z</time></trkpt><trkpt lat="42.912491" lon="-8.356337"><ele>258.137</ele><time>2025-06-07T13:05:41.345Z</time></trkpt><trkpt lat="42.912491" lon="-8.356404"><ele>258.047</ele><time>2025-06-07T13:05:44.345Z</time></trkpt><trkpt lat="42.912498" lon="-8.356471"><ele>258.098</ele><time>2025-06-07T13:05:47.345Z</time></trkpt><trkpt lat="42.912508" lon="-8.356539"><ele>258.087</ele><time>2025-06-07T13:05:50.345Z</time></trkpt><trkpt lat="42.912511" lon="-8.356608"><ele>258.086</ele><time>2025-06-07T13:05:53.345Z</time></trkpt><trkpt lat="42.912506" lon="-8.356671"><ele>258.058</ele><time>2025-06-07T13:05:56.345Z</time></trkpt><trkpt lat="42.912496" lon="-8.356732"><ele>258.091</ele><time>2025-06-07T13:05:59.345Z</time></trkpt><trkpt lat="42.912488" lon="-8.356794"><ele>258.081</ele><time>2025-06-07T13:06:02.345Z</time></trkpt><trkpt lat="42.912472" lon="-8.356871"><ele>257.919</ele><time>2025-06-07T13:06:06.344Z</time></trkpt><trkpt lat="42.912455" lon="-8.356950"><ele>257.809</ele><time>2025-06-07T13:06:10.345Z</time></trkpt><trkpt lat="42.912442" lon="-8.357028"><ele>257.971</ele><time>2025-06-07T13:06:14.345Z</time></trkpt><trkpt lat="42.912420" lon="-8.357101"><ele>258.090</ele><time>2025-06-07T13:06:18.345Z</time></trkpt><trkpt lat="42.912395" lon="-8.357153"><ele>258.216</ele><time>2025-06-07T13:06:21.345Z</time></trkpt><trkpt lat="42.912363" lon="-8.357200"><ele>258.429</ele><time>2025-06-07T13:06:24.345Z</time></trkpt><trkpt lat="42.912346" lon="-8.357275"><ele>258.689</ele><time>2025-06-07T13:06:28.345Z</time></trkpt><trkpt lat="42.912325" lon="-8.357340"><ele>258.890</ele><time>2025-06-07T13:06:32.345Z</time></trkpt><trkpt lat="42.912298" lon="-8.357400"><ele>258.979</ele><time>2025-06-07T13:06:36.345Z</time></trkpt><trkpt lat="42.912259" lon="-8.357439"><ele>259.098</ele><time>2025-06-07T13:06:41.345Z</time></trkpt><trkpt lat="42.912202" lon="-8.357428"><ele>259.180</ele><time>2025-06-07T13:06:46.345Z</time></trkpt><trkpt lat="42.912148" lon="-8.357425"><ele>259.428</ele><time>2025-06-07T13:06:50.344Z</time></trkpt><trkpt lat="42.912092" lon="-8.357440"><ele>259.789</ele><time>2025-06-07T13:06:54.345Z</time></trkpt><trkpt lat="42.912037" lon="-8.357453"><ele>260.117</ele><time>2025-06-07T13:06:58.345Z</time></trkpt><trkpt lat="42.911984" lon="-8.357460"><ele>260.509</ele><time>2025-06-07T13:07:02.344Z</time></trkpt><trkpt lat="42.911931" lon="-8.357473"><ele>260.974</ele><time>2025-06-07T13:07:06.345Z</time></trkpt><trkpt lat="42.911878" lon="-8.357489"><ele>261.473</ele><time>2025-06-07T13:07:10.344Z</time></trkpt><trkpt lat="42.911821" lon="-8.357504"><ele>261.949</ele><time>2025-06-07T13:07:14.345Z</time></trkpt><trkpt lat="42.911777" lon="-8.357521"><ele>262.532</ele><time>2025-06-07T13:07:17.344Z</time></trkpt><trkpt lat="42.911721" lon="-8.357534"><ele>263.122</ele><time>2025-06-07T13:07:21.345Z</time></trkpt><trkpt lat="42.911677" lon="-8.357552"><ele>263.863</ele><time>2025-06-07T13:07:24.345Z</time></trkpt><trkpt lat="42.911621" lon="-8.357578"><ele>264.562</ele><time>2025-06-07T13:07:28.345Z</time></trkpt><trkpt lat="42.911563" lon="-8.357599"><ele>265.041</ele><time>2025-06-07T13:07:32.344Z</time></trkpt><trkpt lat="42.911510" lon="-8.357629"><ele>265.643</ele><time>2025-06-07T13:07:36.344Z</time></trkpt><trkpt lat="42.911457" lon="-8.357654"><ele>266.124</ele><time>2025-06-07T13:07:40.345Z</time></trkpt><trkpt lat="42.911402" lon="-8.357675"><ele>266.504</ele><time>2025-06-07T13:07:44.345Z</time></trkpt><trkpt lat="42.911346" lon="-8.357699"><ele>266.614</ele><time>2025-06-07T13:07:48.345Z</time></trkpt><trkpt lat="42.911297" lon="-8.357737"><ele>266.809</ele><time>2025-06-07T13:07:52.344Z</time></trkpt><trkpt lat="42.911243" lon="-8.357773"><ele>266.974</ele><time>2025-06-07T13:07:56.345Z</time></trkpt><trkpt lat="42.911199" lon="-8.357799"><ele>266.993</ele><time>2025-06-07T13:07:59.345Z</time></trkpt><trkpt lat="42.911158" lon="-8.357828"><ele>266.929</ele><time>2025-06-07T13:08:02.345Z</time></trkpt><trkpt lat="42.911115" lon="-8.357849"><ele>266.822</ele><time>2025-06-07T13:08:05.345Z</time></trkpt><trkpt lat="42.911069" lon="-8.357831"><ele>266.132</ele><time>2025-06-07T13:08:08.345Z</time></trkpt><trkpt lat="42.911012" lon="-8.357849"><ele>265.633</ele><time>2025-06-07T13:08:12.345Z</time></trkpt><trkpt lat="42.910963" lon="-8.357880"><ele>265.372</ele><time>2025-06-07T13:08:16.345Z</time></trkpt><trkpt lat="42.910913" lon="-8.357898"><ele>264.921</ele><time>2025-06-07T13:08:20.344Z</time></trkpt><trkpt lat="42.910863" lon="-8.357922"><ele>264.493</ele><time>2025-06-07T13:08:24.345Z</time></trkpt><trkpt lat="42.910815" lon="-8.357951"><ele>264.054</ele><time>2025-06-07T13:08:28.344Z</time></trkpt><trkpt lat="42.910766" lon="-8.357981"><ele>263.456</ele><time>2025-06-07T13:08:32.345Z</time></trkpt><trkpt lat="42.910716" lon="-8.358004"><ele>262.911</ele><time>2025-06-07T13:08:36.344Z</time></trkpt><trkpt lat="42.910667" lon="-8.358028"><ele>262.309</ele><time>2025-06-07T13:08:40.345Z</time></trkpt><trkpt lat="42.910620" lon="-8.358049"><ele>261.917</ele><time>2025-06-07T13:08:44.345Z</time></trkpt><trkpt lat="42.910571" lon="-8.358068"><ele>261.426</ele><time>2025-06-07T13:08:48.344Z</time></trkpt><trkpt lat="42.910514" lon="-8.358096"><ele>261.652</ele><time>2025-06-07T13:08:52.345Z</time></trkpt><trkpt lat="42.910457" lon="-8.358117"><ele>261.785</ele><time>2025-06-07T13:08:56.345Z</time></trkpt><trkpt lat="42.910400" lon="-8.358135"><ele>261.745</ele><time>2025-06-07T13:09:00.345Z</time></trkpt><trkpt lat="42.910346" lon="-8.358149"><ele>261.736</ele><time>2025-06-07T13:09:04.344Z</time></trkpt><trkpt lat="42.910290" lon="-8.358164"><ele>261.685</ele><time>2025-06-07T13:09:08.345Z</time></trkpt><trkpt lat="42.910237" lon="-8.358185"><ele>261.674</ele><time>2025-06-07T13:09:12.345Z</time></trkpt><trkpt lat="42.910186" lon="-8.358202"><ele>261.486</ele><time>2025-06-07T13:09:16.345Z</time></trkpt><trkpt lat="42.910133" lon="-8.358230"><ele>261.573</ele><time>2025-06-07T13:09:20.345Z</time></trkpt><trkpt lat="42.910090" lon="-8.358251"><ele>261.585</ele><time>2025-06-07T13:09:23.345Z</time></trkpt><trkpt lat="42.910036" lon="-8.358263"><ele>261.213</ele><time>2025-06-07T13:09:27.345Z</time></trkpt><trkpt lat="42.909991" lon="-8.358275"><ele>261.209</ele><time>2025-06-07T13:09:30.345Z</time></trkpt><trkpt lat="42.909933" lon="-8.358289"><ele>261.499</ele><time>2025-06-07T13:09:34.345Z</time></trkpt><trkpt lat="42.909878" lon="-8.358314"><ele>261.788</ele><time>2025-06-07T13:09:38.345Z</time></trkpt><trkpt lat="42.909822" lon="-8.358330"><ele>262.044</ele><time>2025-06-07T13:09:42.345Z</time></trkpt><trkpt lat="42.909767" lon="-8.358356"><ele>262.277</ele><time>2025-06-07T13:09:46.344Z</time></trkpt><trkpt lat="42.909710" lon="-8.358376"><ele>262.497</ele><time>2025-06-07T13:09:50.345Z</time></trkpt><trkpt lat="42.909657" lon="-8.358399"><ele>263.058</ele><time>2025-06-07T13:09:54.344Z</time></trkpt><trkpt lat="42.909603" lon="-8.358401"><ele>263.517</ele><time>2025-06-07T13:09:58.344Z</time></trkpt><trkpt lat="42.909551" lon="-8.358409"><ele>263.956</ele><time>2025-06-07T13:10:02.345Z</time></trkpt><trkpt lat="42.909497" lon="-8.358413"><ele>264.488</ele><time>2025-06-07T13:10:06.345Z</time></trkpt><trkpt lat="42.909445" lon="-8.358428"><ele>265.067</ele><time>2025-06-07T13:10:10.345Z</time></trkpt><trkpt lat="42.909394" lon="-8.358436"><ele>265.481</ele><time>2025-06-07T13:10:14.345Z</time></trkpt><trkpt lat="42.909340" lon="-8.358433"><ele>265.619</ele><time>2025-06-07T13:10:18.345Z</time></trkpt><trkpt lat="42.909291" lon="-8.358402"><ele>265.409</ele><time>2025-06-07T13:10:22.345Z</time></trkpt><trkpt lat="42.909243" lon="-8.358367"><ele>265.228</ele><time>2025-06-07T13:10:26.345Z</time></trkpt><trkpt lat="42.909195" lon="-8.358355"><ele>265.247</ele><time>2025-06-07T13:10:30.344Z</time></trkpt><trkpt lat="42.909139" lon="-8.358370"><ele>265.623</ele><time>2025-06-07T13:10:34.345Z</time></trkpt><trkpt lat="42.909095" lon="-8.358412"><ele>266.346</ele><time>2025-06-07T13:10:38.345Z</time></trkpt><trkpt lat="42.909059" lon="-8.358461"><ele>267.056</ele><time>2025-06-07T13:10:42.345Z</time></trkpt><trkpt lat="42.909010" lon="-8.358490"><ele>267.567</ele><time>2025-06-07T13:10:46.346Z</time></trkpt><trkpt lat="42.908962" lon="-8.358507"><ele>267.876</ele><time>2025-06-07T13:10:50.346Z</time></trkpt><trkpt lat="42.908911" lon="-8.358517"><ele>268.025</ele><time>2025-06-07T13:10:54.346Z</time></trkpt><trkpt lat="42.908863" lon="-8.358526"><ele>268.277</ele><time>2025-06-07T13:10:58.346Z</time></trkpt><trkpt lat="42.908817" lon="-8.358536"><ele>268.474</ele><time>2025-06-07T13:11:02.346Z</time></trkpt><trkpt lat="42.908770" lon="-8.358544"><ele>268.756</ele><time>2025-06-07T13:11:06.346Z</time></trkpt><trkpt lat="42.908717" lon="-8.358556"><ele>269.021</ele><time>2025-06-07T13:11:10.346Z</time></trkpt><trkpt lat="42.908675" lon="-8.358582"><ele>269.509</ele><time>2025-06-07T13:11:14.346Z</time></trkpt><trkpt lat="42.908628" lon="-8.358611"><ele>269.969</ele><time>2025-06-07T13:11:18.346Z</time></trkpt><trkpt lat="42.908577" lon="-8.358635"><ele>270.528</ele><time>2025-06-07T13:11:22.346Z</time></trkpt><trkpt lat="42.908527" lon="-8.358653"><ele>270.994</ele><time>2025-06-07T13:11:26.346Z</time></trkpt><trkpt lat="42.908474" lon="-8.358671"><ele>271.417</ele><time>2025-06-07T13:11:30.346Z</time></trkpt><trkpt lat="42.908423" lon="-8.358690"><ele>271.887</ele><time>2025-06-07T13:11:34.346Z</time></trkpt><trkpt lat="42.908371" lon="-8.358705"><ele>272.228</ele><time>2025-06-07T13:11:38.346Z</time></trkpt><trkpt lat="42.908318" lon="-8.358714"><ele>272.517</ele><time>2025-06-07T13:11:42.346Z</time></trkpt><trkpt lat="42.908270" lon="-8.358735"><ele>272.976</ele><time>2025-06-07T13:11:46.346Z</time></trkpt><trkpt lat="42.908222" lon="-8.358745"><ele>273.158</ele><time>2025-06-07T13:11:50.346Z</time></trkpt><trkpt lat="42.908173" lon="-8.358759"><ele>273.421</ele><time>2025-06-07T13:11:54.346Z</time></trkpt><trkpt lat="42.908125" lon="-8.358768"><ele>273.741</ele><time>2025-06-07T13:11:58.346Z</time></trkpt><trkpt lat="42.908075" lon="-8.358780"><ele>274.005</ele><time>2025-06-07T13:12:02.346Z</time></trkpt><trkpt lat="42.908023" lon="-8.358800"><ele>274.409</ele><time>2025-06-07T13:12:06.346Z</time></trkpt><trkpt lat="42.907972" lon="-8.358826"><ele>274.964</ele><time>2025-06-07T13:12:10.346Z</time></trkpt><trkpt lat="42.907920" lon="-8.358842"><ele>275.213</ele><time>2025-06-07T13:12:14.346Z</time></trkpt><trkpt lat="42.907871" lon="-8.358858"><ele>275.449</ele><time>2025-06-07T13:12:18.346Z</time></trkpt><trkpt lat="42.907822" lon="-8.358864"><ele>275.622</ele><time>2025-06-07T13:12:22.345Z</time></trkpt><trkpt lat="42.907774" lon="-8.358876"><ele>275.892</ele><time>2025-06-07T13:12:26.346Z</time></trkpt><trkpt lat="42.907724" lon="-8.358888"><ele>275.813</ele><time>2025-06-07T13:12:30.346Z</time></trkpt><trkpt lat="42.907674" lon="-8.358906"><ele>276.042</ele><time>2025-06-07T13:12:34.345Z</time></trkpt><trkpt lat="42.907628" lon="-8.358931"><ele>276.311</ele><time>2025-06-07T13:12:38.346Z</time></trkpt><trkpt lat="42.907579" lon="-8.358958"><ele>276.633</ele><time>2025-06-07T13:12:42.345Z</time></trkpt><trkpt lat="42.907525" lon="-8.358989"><ele>276.971</ele><time>2025-06-07T13:12:46.345Z</time></trkpt><trkpt lat="42.907474" lon="-8.359026"><ele>277.241</ele><time>2025-06-07T13:12:50.346Z</time></trkpt><trkpt lat="42.907436" lon="-8.359060"><ele>277.315</ele><time>2025-06-07T13:12:53.346Z</time></trkpt><trkpt lat="42.907386" lon="-8.359085"><ele>277.109</ele><time>2025-06-07T13:12:57.345Z</time></trkpt><trkpt lat="42.907333" lon="-8.359110"><ele>276.819</ele><time>2025-06-07T13:13:01.345Z</time></trkpt><trkpt lat="42.907288" lon="-8.359125"><ele>276.498</ele><time>2025-06-07T13:13:05.346Z</time></trkpt><trkpt lat="42.907242" lon="-8.359167"><ele>276.384</ele><time>2025-06-07T13:13:10.346Z</time></trkpt><trkpt lat="42.907201" lon="-8.359194"><ele>276.237</ele><time>2025-06-07T13:13:14.346Z</time></trkpt><trkpt lat="42.907157" lon="-8.359223"><ele>276.147</ele><time>2025-06-07T13:13:18.346Z</time></trkpt><trkpt lat="42.907114" lon="-8.359250"><ele>275.978</ele><time>2025-06-07T13:13:22.346Z</time></trkpt><trkpt lat="42.907073" lon="-8.359292"><ele>276.137</ele><time>2025-06-07T13:13:26.346Z</time></trkpt><trkpt lat="42.907024" lon="-8.359326"><ele>276.056</ele><time>2025-06-07T13:13:30.346Z</time></trkpt><trkpt lat="42.906984" lon="-8.359368"><ele>276.298</ele><time>2025-06-07T13:13:34.346Z</time></trkpt><trkpt lat="42.906937" lon="-8.359398"><ele>276.123</ele><time>2025-06-07T13:13:38.345Z</time></trkpt><trkpt lat="42.906895" lon="-8.359430"><ele>276.283</ele><time>2025-06-07T13:13:42.345Z</time></trkpt><trkpt lat="42.906847" lon="-8.359450"><ele>276.111</ele><time>2025-06-07T13:13:46.346Z</time></trkpt><trkpt lat="42.906794" lon="-8.359454"><ele>275.609</ele><time>2025-06-07T13:13:50.345Z</time></trkpt><trkpt lat="42.906741" lon="-8.359469"><ele>275.324</ele><time>2025-06-07T13:13:54.345Z</time></trkpt><trkpt lat="42.906687" lon="-8.359470"><ele>274.873</ele><time>2025-06-07T13:13:58.346Z</time></trkpt><trkpt lat="42.906644" lon="-8.359512"><ele>275.349</ele><time>2025-06-07T13:14:02.346Z</time></trkpt><trkpt lat="42.906601" lon="-8.359558"><ele>275.922</ele><time>2025-06-07T13:14:06.346Z</time></trkpt><trkpt lat="42.906563" lon="-8.359609"><ele>276.652</ele><time>2025-06-07T13:14:10.346Z</time></trkpt><trkpt lat="42.906514" lon="-8.359648"><ele>276.983</ele><time>2025-06-07T13:14:14.346Z</time></trkpt><trkpt lat="42.906464" lon="-8.359680"><ele>277.072</ele><time>2025-06-07T13:14:18.346Z</time></trkpt><trkpt lat="42.906414" lon="-8.359720"><ele>277.291</ele><time>2025-06-07T13:14:22.346Z</time></trkpt><trkpt lat="42.906366" lon="-8.359755"><ele>277.193</ele><time>2025-06-07T13:14:26.346Z</time></trkpt><trkpt lat="42.906313" lon="-8.359784"><ele>277.089</ele><time>2025-06-07T13:14:30.346Z</time></trkpt><trkpt lat="42.906268" lon="-8.359828"><ele>277.206</ele><time>2025-06-07T13:14:34.346Z</time></trkpt><trkpt lat="42.906226" lon="-8.359866"><ele>277.426</ele><time>2025-06-07T13:14:38.346Z</time></trkpt><trkpt lat="42.906185" lon="-8.359918"><ele>277.909</ele><time>2025-06-07T13:14:42.345Z</time></trkpt><trkpt lat="42.906158" lon="-8.359969"><ele>278.690</ele><time>2025-06-07T13:14:45.346Z</time></trkpt><trkpt lat="42.906114" lon="-8.360007"><ele>279.119</ele><time>2025-06-07T13:14:49.345Z</time></trkpt><trkpt lat="42.906073" lon="-8.360054"><ele>279.595</ele><time>2025-06-07T13:14:53.346Z</time></trkpt><trkpt lat="42.906040" lon="-8.360118"><ele>280.168</ele><time>2025-06-07T13:14:57.346Z</time></trkpt><trkpt lat="42.906004" lon="-8.360175"><ele>280.778</ele><time>2025-06-07T13:15:01.346Z</time></trkpt><trkpt lat="42.905962" lon="-8.360225"><ele>281.319</ele><time>2025-06-07T13:15:06.346Z</time></trkpt><trkpt lat="42.905920" lon="-8.360269"><ele>281.938</ele><time>2025-06-07T13:15:10.345Z</time></trkpt><trkpt lat="42.905878" lon="-8.360313"><ele>282.177</ele><time>2025-06-07T13:15:14.346Z</time></trkpt><trkpt lat="42.905837" lon="-8.360355"><ele>282.349</ele><time>2025-06-07T13:15:18.346Z</time></trkpt><trkpt lat="42.905805" lon="-8.360414"><ele>282.636</ele><time>2025-06-07T13:15:22.346Z</time></trkpt><trkpt lat="42.905772" lon="-8.360458"><ele>282.917</ele><time>2025-06-07T13:15:26.346Z</time></trkpt><trkpt lat="42.905731" lon="-8.360489"><ele>283.118</ele><time>2025-06-07T13:15:32.346Z</time></trkpt><trkpt lat="42.905692" lon="-8.360523"><ele>283.409</ele><time>2025-06-07T13:15:37.346Z</time></trkpt><trkpt lat="42.905646" lon="-8.360570"><ele>283.785</ele><time>2025-06-07T13:15:42.345Z</time></trkpt><trkpt lat="42.905613" lon="-8.360633"><ele>283.954</ele><time>2025-06-07T13:15:46.346Z</time></trkpt><trkpt lat="42.905581" lon="-8.360691"><ele>284.010</ele><time>2025-06-07T13:15:50.346Z</time></trkpt><trkpt lat="42.905543" lon="-8.360742"><ele>284.023</ele><time>2025-06-07T13:15:54.346Z</time></trkpt><trkpt lat="42.905504" lon="-8.360787"><ele>283.853</ele><time>2025-06-07T13:15:58.346Z</time></trkpt><trkpt lat="42.905472" lon="-8.360848"><ele>283.834</ele><time>2025-06-07T13:16:02.345Z</time></trkpt><trkpt lat="42.905439" lon="-8.360903"><ele>283.883</ele><time>2025-06-07T13:16:06.345Z</time></trkpt><trkpt lat="42.905404" lon="-8.360941"><ele>283.852</ele><time>2025-06-07T13:16:10.346Z</time></trkpt><trkpt lat="42.905367" lon="-8.360992"><ele>283.954</ele><time>2025-06-07T13:16:15.346Z</time></trkpt><trkpt lat="42.905333" lon="-8.361044"><ele>284.063</ele><time>2025-06-07T13:16:19.346Z</time></trkpt><trkpt lat="42.905291" lon="-8.361097"><ele>284.044</ele><time>2025-06-07T13:16:23.346Z</time></trkpt><trkpt lat="42.905257" lon="-8.361140"><ele>283.718</ele><time>2025-06-07T13:16:26.346Z</time></trkpt><trkpt lat="42.905218" lon="-8.361186"><ele>283.309</ele><time>2025-06-07T13:16:30.345Z</time></trkpt><trkpt lat="42.905183" lon="-8.361245"><ele>283.058</ele><time>2025-06-07T13:16:34.345Z</time></trkpt><trkpt lat="42.905148" lon="-8.361304"><ele>282.887</ele><time>2025-06-07T13:16:38.346Z</time></trkpt><trkpt lat="42.905130" lon="-8.361361"><ele>282.893</ele><time>2025-06-07T13:16:41.346Z</time></trkpt><trkpt lat="42.905103" lon="-8.361421"><ele>282.946</ele><time>2025-06-07T13:16:45.345Z</time></trkpt><trkpt lat="42.905086" lon="-8.361490"><ele>283.276</ele><time>2025-06-07T13:16:51.345Z</time></trkpt><trkpt lat="42.905056" lon="-8.361541"><ele>283.417</ele><time>2025-06-07T13:16:55.346Z</time></trkpt><trkpt lat="42.905012" lon="-8.361577"><ele>283.496</ele><time>2025-06-07T13:16:59.346Z</time></trkpt><trkpt lat="42.904983" lon="-8.361629"><ele>283.665</ele><time>2025-06-07T13:17:02.345Z</time></trkpt><trkpt lat="42.904982" lon="-8.361698"><ele>284.017</ele><time>2025-06-07T13:17:06.346Z</time></trkpt><trkpt lat="42.904969" lon="-8.361770"><ele>284.184</ele><time>2025-06-07T13:17:10.346Z</time></trkpt><trkpt lat="42.904944" lon="-8.361832"><ele>284.207</ele><time>2025-06-07T13:17:15.345Z</time></trkpt><trkpt lat="42.904928" lon="-8.361894"><ele>284.317</ele><time>2025-06-07T13:17:19.346Z</time></trkpt><trkpt lat="42.904874" lon="-8.361929"><ele>284.009</ele><time>2025-06-07T13:17:23.346Z</time></trkpt><trkpt lat="42.904840" lon="-8.361997"><ele>284.040</ele><time>2025-06-07T13:17:27.346Z</time></trkpt><trkpt lat="42.904811" lon="-8.362052"><ele>284.049</ele><time>2025-06-07T13:17:31.346Z</time></trkpt><trkpt lat="42.904773" lon="-8.362099"><ele>283.965</ele><time>2025-06-07T13:17:35.346Z</time></trkpt><trkpt lat="42.904732" lon="-8.362142"><ele>283.838</ele><time>2025-06-07T13:17:39.345Z</time></trkpt><trkpt lat="42.904696" lon="-8.362190"><ele>283.778</ele><time>2025-06-07T13:17:43.346Z</time></trkpt><trkpt lat="42.904661" lon="-8.362239"><ele>283.769</ele><time>2025-06-07T13:17:47.346Z</time></trkpt><trkpt lat="42.904623" lon="-8.362302"><ele>283.938</ele><time>2025-06-07T13:17:51.346Z</time></trkpt><trkpt lat="42.904581" lon="-8.362356"><ele>283.937</ele><time>2025-06-07T13:17:55.346Z</time></trkpt><trkpt lat="42.904545" lon="-8.362416"><ele>284.159</ele><time>2025-06-07T13:17:59.345Z</time></trkpt><trkpt lat="42.904519" lon="-8.362474"><ele>284.486</ele><time>2025-06-07T13:18:03.345Z</time></trkpt><trkpt lat="42.904490" lon="-8.362533"><ele>284.460</ele><time>2025-06-07T13:18:07.346Z</time></trkpt><trkpt lat="42.904459" lon="-8.362584"><ele>284.426</ele><time>2025-06-07T13:18:11.346Z</time></trkpt><trkpt lat="42.904425" lon="-8.362634"><ele>284.309</ele><time>2025-06-07T13:18:15.346Z</time></trkpt><trkpt lat="42.904385" lon="-8.362691"><ele>284.280</ele><time>2025-06-07T13:18:19.346Z</time></trkpt><trkpt lat="42.904352" lon="-8.362743"><ele>284.249</ele><time>2025-06-07T13:18:23.346Z</time></trkpt><trkpt lat="42.904336" lon="-8.362806"><ele>284.255</ele><time>2025-06-07T13:18:27.346Z</time></trkpt><trkpt lat="42.904306" lon="-8.362863"><ele>284.088</ele><time>2025-06-07T13:18:31.346Z</time></trkpt><trkpt lat="42.904295" lon="-8.362923"><ele>283.968</ele><time>2025-06-07T13:18:34.346Z</time></trkpt><trkpt lat="42.904277" lon="-8.362989"><ele>283.899</ele><time>2025-06-07T13:18:38.346Z</time></trkpt><trkpt lat="42.904260" lon="-8.363054"><ele>283.798</ele><time>2025-06-07T13:18:42.346Z</time></trkpt><trkpt lat="42.904248" lon="-8.363124"><ele>283.387</ele><time>2025-06-07T13:18:46.346Z</time></trkpt><trkpt lat="42.904242" lon="-8.363203"><ele>283.069</ele><time>2025-06-07T13:18:50.346Z</time></trkpt><trkpt lat="42.904235" lon="-8.363281"><ele>282.763</ele><time>2025-06-07T13:18:54.346Z</time></trkpt><trkpt lat="42.904225" lon="-8.363351"><ele>282.344</ele><time>2025-06-07T13:18:58.345Z</time></trkpt><trkpt lat="42.904219" lon="-8.363417"><ele>282.018</ele><time>2025-06-07T13:19:02.346Z</time></trkpt><trkpt lat="42.904209" lon="-8.363480"><ele>281.709</ele><time>2025-06-07T13:19:06.346Z</time></trkpt><trkpt lat="42.904158" lon="-8.363490"><ele>281.498</ele><time>2025-06-07T13:19:11.346Z</time></trkpt></trkseg></trk></gpx>