<?xml version="1.0" encoding="UTF-8"?><gpx creator="Wikiloc - https://www.wikiloc.com" version="1.1" xmlns="http://www.topografix.com/GPX/1/1" xmlns:xsi="http://www.w3.org/2001/XMLSchema-instance" xsi:schemaLocation="http://www.topografix.com/GPX/1/1 http://www.topografix.com/GPX/1/1/gpx.xsd"><metadata><name>Wikiloc - Pedrouzo - Santiago de Compostela etapa 12 Camino Primitivo</name><author><name>Alvarolazaga</name><link href="https://www.wikiloc.com/wikiloc/user.do?id=11520766"><text>Alvarolazaga on Wikiloc</text></link></author><link href="https://www.wikiloc.com/hiking-trails/pedrouzo-santiago-de-compostela-etapa-12-camino-primitivo-219212950"><text>Pedrouzo - Santiago de Compostela etapa 12 Camino Primitivo on Wikiloc</text></link><time>2025-06-23T09:02:27.991Z</time></metadata><trk><name>Pedrouzo - Santiago de Compostela etapa 12 Camino Primitivo ...</name><cmt></cmt><desc></desc><trkseg><trkpt lat="42.905035" lon="-8.361662"><ele>290.168</ele><time>2025-06-23T04:04:47Z</time></trkpt><trkpt lat="42.904988" lon="-8.361678"><ele>288.542</ele><time>2025-06-23T04:04:52Z</time></trkpt><trkpt lat="42.905003" lon="-8.361748"><ele>286.926</ele><time>2025-06-23T04:04:56Z</time></trkpt><trkpt lat="42.904993" lon="-8.361819"><ele>286.909</ele><time>2025-06-23T04:05:00Z</time></trkpt><trkpt lat="42.904955" lon="-8.361859"><ele>286.938</ele><time>2025-06-23T04:05:06Z</time></trkpt><trkpt lat="42.904945" lon="-8.361928"><ele>286.927</ele><time>2025-06-23T04:05:10Z</time></trkpt><trkpt lat="42.904920" lon="-8.361988"><ele>286.975</ele><time>2025-06-23T04:05:15Z</time></trkpt><trkpt lat="42.904885" lon="-8.361925"><ele>286.978</ele><time>2025-06-23T04:05:18Z</time></trkpt><trkpt lat="42.904860" lon="-8.361980"><ele>286.927</ele><time>2025-06-23T04:05:20Z</time></trkpt><trkpt lat="42.904808" lon="-8.361995"><ele>287.078</ele><time>2025-06-23T04:05:26Z</time></trkpt><trkpt lat="42.904762" lon="-8.362039"><ele>287.125</ele><time>2025-06-23T04:05:29Z</time></trkpt><trkpt lat="42.904736" lon="-8.362096"><ele>287.241</ele><time>2025-06-23T04:05:33Z</time></trkpt><trkpt lat="42.904690" lon="-8.362142"><ele>287.356</ele><time>2025-06-23T04:05:39Z</time></trkpt><trkpt lat="42.904681" lon="-8.362203"><ele>287.312</ele><time>2025-06-23T04:05:43Z</time></trkpt><trkpt lat="42.904644" lon="-8.362259"><ele>287.432</ele><time>2025-06-23T04:05:47Z</time></trkpt><trkpt lat="42.904605" lon="-8.362319"><ele>287.505</ele><time>2025-06-23T04:05:52Z</time></trkpt><trkpt lat="42.904629" lon="-8.362408"><ele>287.609</ele><time>2025-06-23T04:05:56Z</time></trkpt><trkpt lat="42.904665" lon="-8.362451"><ele>287.713</ele><time>2025-06-23T04:06:01Z</time></trkpt><trkpt lat="42.904709" lon="-8.362500"><ele>287.862</ele><time>2025-06-23T04:06:04Z</time></trkpt><trkpt lat="42.904737" lon="-8.362558"><ele>287.810</ele><time>2025-06-23T04:06:08Z</time></trkpt><trkpt lat="42.904775" lon="-8.362609"><ele>288.133</ele><time>2025-06-23T04:06:12Z</time></trkpt><trkpt lat="42.904822" lon="-8.362653"><ele>288.382</ele><time>2025-06-23T04:06:17Z</time></trkpt><trkpt lat="42.904867" lon="-8.362701"><ele>288.893</ele><time>2025-06-23T04:06:21Z</time></trkpt><trkpt lat="42.904887" lon="-8.362759"><ele>289.240</ele><time>2025-06-23T04:06:25Z</time></trkpt><trkpt lat="42.904922" lon="-8.362802"><ele>289.726</ele><time>2025-06-23T04:06:29Z</time></trkpt><trkpt lat="42.904958" lon="-8.362847"><ele>290.141</ele><time>2025-06-23T04:06:33Z</time></trkpt><trkpt lat="42.905005" lon="-8.362869"><ele>290.541</ele><time>2025-06-23T04:06:36Z</time></trkpt><trkpt lat="42.905055" lon="-8.362907"><ele>290.981</ele><time>2025-06-23T04:06:41Z</time></trkpt><trkpt lat="42.905100" lon="-8.362926"><ele>291.209</ele><time>2025-06-23T04:06:45Z</time></trkpt><trkpt lat="42.905146" lon="-8.362968"><ele>291.609</ele><time>2025-06-23T04:06:52Z</time></trkpt><trkpt lat="42.905183" lon="-8.363008"><ele>292.236</ele><time>2025-06-23T04:06:57.999Z</time></trkpt><trkpt lat="42.905237" lon="-8.363029"><ele>292.885</ele><time>2025-06-23T04:07:02.999Z</time></trkpt><trkpt lat="42.905300" lon="-8.363070"><ele>293.773</ele><time>2025-06-23T04:07:11.999Z</time></trkpt><trkpt lat="42.905329" lon="-8.363119"><ele>294.276</ele><time>2025-06-23T04:07:18.999Z</time></trkpt><trkpt lat="42.905374" lon="-8.363150"><ele>294.465</ele><time>2025-06-23T04:07:22.999Z</time></trkpt><trkpt lat="42.905420" lon="-8.363183"><ele>295.336</ele><time>2025-06-23T04:07:25.999Z</time></trkpt><trkpt lat="42.905472" lon="-8.363179"><ele>295.463</ele><time>2025-06-23T04:07:30.999Z</time></trkpt><trkpt lat="42.905529" lon="-8.363211"><ele>295.679</ele><time>2025-06-23T04:07:33.999Z</time></trkpt><trkpt lat="42.905587" lon="-8.363204"><ele>295.724</ele><time>2025-06-23T04:07:37.999Z</time></trkpt><trkpt lat="42.905632" lon="-8.363206"><ele>295.825</ele><time>2025-06-23T04:07:41.999Z</time></trkpt><trkpt lat="42.905678" lon="-8.363259"><ele>296.026</ele><time>2025-06-23T04:07:47.999Z</time></trkpt><trkpt lat="42.905703" lon="-8.363329"><ele>296.108</ele><time>2025-06-23T04:07:50.999Z</time></trkpt><trkpt lat="42.905750" lon="-8.363352"><ele>296.209</ele><time>2025-06-23T04:07:56.999Z</time></trkpt><trkpt lat="42.905796" lon="-8.363366"><ele>296.294</ele><time>2025-06-23T04:08:00.999Z</time></trkpt><trkpt lat="42.905847" lon="-8.363371"><ele>296.223</ele><time>2025-06-23T04:08:05.999Z</time></trkpt><trkpt lat="42.905900" lon="-8.363402"><ele>296.351</ele><time>2025-06-23T04:08:10.999Z</time></trkpt><trkpt lat="42.905954" lon="-8.363428"><ele>296.244</ele><time>2025-06-23T04:08:15.999Z</time></trkpt><trkpt lat="42.906008" lon="-8.363454"><ele>296.163</ele><time>2025-06-23T04:08:20.999Z</time></trkpt><trkpt lat="42.906060" lon="-8.363462"><ele>296.174</ele><time>2025-06-23T04:08:26.999Z</time></trkpt><trkpt lat="42.906097" lon="-8.363521"><ele>295.871</ele><time>2025-06-23T04:08:32.999Z</time></trkpt><trkpt lat="42.906146" lon="-8.363535"><ele>295.727</ele><time>2025-06-23T04:08:37.999Z</time></trkpt><trkpt lat="42.906201" lon="-8.363534"><ele>295.762</ele><time>2025-06-23T04:08:43.999Z</time></trkpt><trkpt lat="42.906250" lon="-8.363549"><ele>295.724</ele><time>2025-06-23T04:08:46.999Z</time></trkpt><trkpt lat="42.906309" lon="-8.363560"><ele>295.804</ele><time>2025-06-23T04:08:51.999Z</time></trkpt><trkpt lat="42.906365" lon="-8.363556"><ele>296.014</ele><time>2025-06-23T04:08:57.999Z</time></trkpt><trkpt lat="42.906422" lon="-8.363580"><ele>296.009</ele><time>2025-06-23T04:09:02.998Z</time></trkpt><trkpt lat="42.906471" lon="-8.363613"><ele>295.984</ele><time>2025-06-23T04:09:07.998Z</time></trkpt><trkpt lat="42.906499" lon="-8.363664"><ele>295.773</ele><time>2025-06-23T04:09:10.998Z</time></trkpt><trkpt lat="42.906548" lon="-8.363700"><ele>295.471</ele><time>2025-06-23T04:09:14.998Z</time></trkpt><trkpt lat="42.906610" lon="-8.363724"><ele>295.124</ele><time>2025-06-23T04:09:19.998Z</time></trkpt><trkpt lat="42.906669" lon="-8.363739"><ele>294.863</ele><time>2025-06-23T04:09:23.998Z</time></trkpt><trkpt lat="42.906721" lon="-8.363765"><ele>294.734</ele><time>2025-06-23T04:09:27.998Z</time></trkpt><trkpt lat="42.906775" lon="-8.363798"><ele>294.631</ele><time>2025-06-23T04:09:31.998Z</time></trkpt><trkpt lat="42.906822" lon="-8.363796"><ele>294.447</ele><time>2025-06-23T04:09:34.998Z</time></trkpt><trkpt lat="42.906868" lon="-8.363829"><ele>294.242</ele><time>2025-06-23T04:09:38.998Z</time></trkpt><trkpt lat="42.906922" lon="-8.363829"><ele>294.277</ele><time>2025-06-23T04:09:41.998Z</time></trkpt><trkpt lat="42.906961" lon="-8.363871"><ele>294.161</ele><time>2025-06-23T04:09:45.998Z</time></trkpt><trkpt lat="42.907016" lon="-8.363897"><ele>294.027</ele><time>2025-06-23T04:09:49.998Z</time></trkpt><trkpt lat="42.907052" lon="-8.363945"><ele>293.909</ele><time>2025-06-23T04:09:53.998Z</time></trkpt><trkpt lat="42.907087" lon="-8.363993"><ele>293.859</ele><time>2025-06-23T04:09:57.998Z</time></trkpt><trkpt lat="42.907136" lon="-8.364009"><ele>293.898</ele><time>2025-06-23T04:10:01.998Z</time></trkpt><trkpt lat="42.907189" lon="-8.364052"><ele>293.566</ele><time>2025-06-23T04:10:06.998Z</time></trkpt><trkpt lat="42.907225" lon="-8.364095"><ele>293.469</ele><time>2025-06-23T04:10:10.998Z</time></trkpt><trkpt lat="42.907263" lon="-8.364135"><ele>293.268</ele><time>2025-06-23T04:10:14.998Z</time></trkpt><trkpt lat="42.907305" lon="-8.364166"><ele>293.039</ele><time>2025-06-23T04:10:18.998Z</time></trkpt><trkpt lat="42.907352" lon="-8.364207"><ele>292.886</ele><time>2025-06-23T04:10:24.998Z</time></trkpt><trkpt lat="42.907398" lon="-8.364254"><ele>292.642</ele><time>2025-06-23T04:10:28.998Z</time></trkpt><trkpt lat="42.907423" lon="-8.364310"><ele>292.517</ele><time>2025-06-23T04:10:32.998Z</time></trkpt><trkpt lat="42.907452" lon="-8.364358"><ele>292.541</ele><time>2025-06-23T04:10:36.998Z</time></trkpt><trkpt lat="42.907484" lon="-8.364422"><ele>292.581</ele><time>2025-06-23T04:10:42.998Z</time></trkpt><trkpt lat="42.907533" lon="-8.364453"><ele>292.509</ele><time>2025-06-23T04:10:45.998Z</time></trkpt><trkpt lat="42.907577" lon="-8.364496"><ele>292.509</ele><time>2025-06-23T04:10:49.998Z</time></trkpt><trkpt lat="42.907613" lon="-8.364545"><ele>292.556</ele><time>2025-06-23T04:10:53.998Z</time></trkpt><trkpt lat="42.907648" lon="-8.364598"><ele>292.485</ele><time>2025-06-23T04:10:57.998Z</time></trkpt><trkpt lat="42.907695" lon="-8.364642"><ele>292.323</ele><time>2025-06-23T04:11:02.998Z</time></trkpt><trkpt lat="42.907745" lon="-8.364668"><ele>292.376</ele><time>2025-06-23T04:11:06.998Z</time></trkpt><trkpt lat="42.907783" lon="-8.364720"><ele>292.385</ele><time>2025-06-23T04:11:09.998Z</time></trkpt><trkpt lat="42.907819" lon="-8.364761"><ele>292.376</ele><time>2025-06-23T04:11:13.998Z</time></trkpt><trkpt lat="42.907854" lon="-8.364803"><ele>292.363</ele><time>2025-06-23T04:11:18.998Z</time></trkpt><trkpt lat="42.907894" lon="-8.364841"><ele>292.329</ele><time>2025-06-23T04:11:22.998Z</time></trkpt><trkpt lat="42.907925" lon="-8.364887"><ele>292.354</ele><time>2025-06-23T04:11:26.998Z</time></trkpt><trkpt lat="42.907946" lon="-8.364944"><ele>292.315</ele><time>2025-06-23T04:11:30.998Z</time></trkpt><trkpt lat="42.907977" lon="-8.364988"><ele>292.365</ele><time>2025-06-23T04:11:35.998Z</time></trkpt><trkpt lat="42.908012" lon="-8.365032"><ele>292.311</ele><time>2025-06-23T04:11:39.998Z</time></trkpt><trkpt lat="42.908048" lon="-8.365076"><ele>292.309</ele><time>2025-06-23T04:11:43.998Z</time></trkpt><trkpt lat="42.908089" lon="-8.365110"><ele>292.343</ele><time>2025-06-23T04:11:47.998Z</time></trkpt><trkpt lat="42.908111" lon="-8.365170"><ele>292.312</ele><time>2025-06-23T04:11:51.998Z</time></trkpt><trkpt lat="42.908152" lon="-8.365217"><ele>292.360</ele><time>2025-06-23T04:11:56.998Z</time></trkpt><trkpt lat="42.908177" lon="-8.365276"><ele>292.473</ele><time>2025-06-23T04:12:00.998Z</time></trkpt><trkpt lat="42.908222" lon="-8.365312"><ele>292.552</ele><time>2025-06-23T04:12:06.998Z</time></trkpt><trkpt lat="42.908247" lon="-8.365368"><ele>292.683</ele><time>2025-06-23T04:12:10.998Z</time></trkpt><trkpt lat="42.908294" lon="-8.365409"><ele>292.760</ele><time>2025-06-23T04:12:14.998Z</time></trkpt><trkpt lat="42.908330" lon="-8.365453"><ele>292.916</ele><time>2025-06-23T04:12:18.998Z</time></trkpt><trkpt lat="42.908360" lon="-8.365517"><ele>293.171</ele><time>2025-06-23T04:12:22.998Z</time></trkpt><trkpt lat="42.908375" lon="-8.365575"><ele>293.387</ele><time>2025-06-23T04:12:25.998Z</time></trkpt><trkpt lat="42.908375" lon="-8.365641"><ele>293.542</ele><time>2025-06-23T04:12:32.998Z</time></trkpt><trkpt lat="42.908343" lon="-8.365699"><ele>293.626</ele><time>2025-06-23T04:12:38.998Z</time></trkpt><trkpt lat="42.908306" lon="-8.365789"><ele>294.209</ele><time>2025-06-23T04:12:42.998Z</time></trkpt><trkpt lat="42.908296" lon="-8.365852"><ele>294.250</ele><time>2025-06-23T04:12:46.998Z</time></trkpt><trkpt lat="42.908285" lon="-8.365912"><ele>294.229</ele><time>2025-06-23T04:12:50.998Z</time></trkpt><trkpt lat="42.908268" lon="-8.365969"><ele>294.177</ele><time>2025-06-23T04:12:55.998Z</time></trkpt><trkpt lat="42.908243" lon="-8.366036"><ele>293.990</ele><time>2025-06-23T04:12:59.998Z</time></trkpt><trkpt lat="42.908222" lon="-8.366103"><ele>293.729</ele><time>2025-06-23T04:13:04.998Z</time></trkpt><trkpt lat="42.908191" lon="-8.366163"><ele>293.630</ele><time>2025-06-23T04:13:08.998Z</time></trkpt><trkpt lat="42.908154" lon="-8.366217"><ele>293.667</ele><time>2025-06-23T04:13:13.998Z</time></trkpt><trkpt lat="42.908141" lon="-8.366280"><ele>293.653</ele><time>2025-06-23T04:13:17.998Z</time></trkpt><trkpt lat="42.908136" lon="-8.366349"><ele>293.688</ele><time>2025-06-23T04:13:21.998Z</time></trkpt><trkpt lat="42.908111" lon="-8.366410"><ele>293.648</ele><time>2025-06-23T04:13:25.998Z</time></trkpt><trkpt lat="42.908084" lon="-8.366464"><ele>293.661</ele><time>2025-06-23T04:13:29.998Z</time></trkpt><trkpt lat="42.908061" lon="-8.366519"><ele>293.617</ele><time>2025-06-23T04:13:33.998Z</time></trkpt><trkpt lat="42.908031" lon="-8.366575"><ele>293.809</ele><time>2025-06-23T04:13:37.998Z</time></trkpt><trkpt lat="42.908023" lon="-8.366644"><ele>293.866</ele><time>2025-06-23T04:13:42.998Z</time></trkpt><trkpt lat="42.908005" lon="-8.366719"><ele>293.885</ele><time>2025-06-23T04:13:47.998Z</time></trkpt><trkpt lat="42.907993" lon="-8.366780"><ele>293.823</ele><time>2025-06-23T04:13:51.998Z</time></trkpt><trkpt lat="42.907970" lon="-8.366859"><ele>293.426</ele><time>2025-06-23T04:13:56.998Z</time></trkpt><trkpt lat="42.907949" lon="-8.366925"><ele>293.255</ele><time>2025-06-23T04:14:00.998Z</time></trkpt><trkpt lat="42.907917" lon="-8.366981"><ele>293.266</ele><time>2025-06-23T04:14:05.998Z</time></trkpt><trkpt lat="42.907892" lon="-8.367040"><ele>293.293</ele><time>2025-06-23T04:14:10.998Z</time></trkpt><trkpt lat="42.907859" lon="-8.367109"><ele>293.049</ele><time>2025-06-23T04:14:14.998Z</time></trkpt><trkpt lat="42.907839" lon="-8.367165"><ele>292.954</ele><time>2025-06-23T04:14:18.998Z</time></trkpt><trkpt lat="42.907817" lon="-8.367223"><ele>292.783</ele><time>2025-06-23T04:14:22.998Z</time></trkpt><trkpt lat="42.907785" lon="-8.367273"><ele>292.625</ele><time>2025-06-23T04:14:27.998Z</time></trkpt><trkpt lat="42.907758" lon="-8.367334"><ele>292.517</ele><time>2025-06-23T04:14:31.998Z</time></trkpt><trkpt lat="42.907721" lon="-8.367389"><ele>292.409</ele><time>2025-06-23T04:14:35.998Z</time></trkpt><trkpt lat="42.907713" lon="-8.367459"><ele>292.320</ele><time>2025-06-23T04:14:39.998Z</time></trkpt><trkpt lat="42.907680" lon="-8.367502"><ele>292.239</ele><time>2025-06-23T04:14:42.998Z</time></trkpt><trkpt lat="42.907668" lon="-8.367575"><ele>292.197</ele><time>2025-06-23T04:14:46.998Z</time></trkpt><trkpt lat="42.907638" lon="-8.367626"><ele>292.040</ele><time>2025-06-23T04:14:50.998Z</time></trkpt><trkpt lat="42.907621" lon="-8.367693"><ele>291.939</ele><time>2025-06-23T04:14:54.998Z</time></trkpt><trkpt lat="42.907566" lon="-8.367741"><ele>291.890</ele><time>2025-06-23T04:14:59.998Z</time></trkpt><trkpt lat="42.907542" lon="-8.367813"><ele>291.737</ele><time>2025-06-23T04:15:05.998Z</time></trkpt><trkpt lat="42.907544" lon="-8.367880"><ele>291.553</ele><time>2025-06-23T04:15:08.998Z</time></trkpt><trkpt lat="42.907530" lon="-8.367941"><ele>291.448</ele><time>2025-06-23T04:15:12.998Z</time></trkpt><trkpt lat="42.907500" lon="-8.367987"><ele>291.461</ele><time>2025-06-23T04:15:16.998Z</time></trkpt><trkpt lat="42.907482" lon="-8.368056"><ele>291.321</ele><time>2025-06-23T04:15:21.998Z</time></trkpt><trkpt lat="42.907466" lon="-8.368120"><ele>291.113</ele><time>2025-06-23T04:15:25.998Z</time></trkpt><trkpt lat="42.907449" lon="-8.368182"><ele>290.809</ele><time>2025-06-23T04:15:29.998Z</time></trkpt><trkpt lat="42.907432" lon="-8.368254"><ele>290.528</ele><time>2025-06-23T04:15:33.998Z</time></trkpt><trkpt lat="42.907417" lon="-8.368320"><ele>290.287</ele><time>2025-06-23T04:15:38.998Z</time></trkpt><trkpt lat="42.907390" lon="-8.368375"><ele>289.965</ele><time>2025-06-23T04:15:41.998Z</time></trkpt><trkpt lat="42.907389" lon="-8.368449"><ele>289.778</ele><time>2025-06-23T04:15:45.998Z</time></trkpt><trkpt lat="42.907362" lon="-8.368501"><ele>289.647</ele><time>2025-06-23T04:15:49.998Z</time></trkpt><trkpt lat="42.907346" lon="-8.368575"><ele>289.598</ele><time>2025-06-23T04:15:53.998Z</time></trkpt><trkpt lat="42.907334" lon="-8.368650"><ele>289.435</ele><time>2025-06-23T04:15:58.998Z</time></trkpt><trkpt lat="42.907313" lon="-8.368708"><ele>289.321</ele><time>2025-06-23T04:16:04.998Z</time></trkpt><trkpt lat="42.907305" lon="-8.368785"><ele>289.256</ele><time>2025-06-23T04:16:09.998Z</time></trkpt><trkpt lat="42.907284" lon="-8.368852"><ele>289.194</ele><time>2025-06-23T04:16:14.998Z</time></trkpt><trkpt lat="42.907273" lon="-8.368919"><ele>289.157</ele><time>2025-06-23T04:16:18.998Z</time></trkpt><trkpt lat="42.907241" lon="-8.368985"><ele>289.122</ele><time>2025-06-23T04:16:22.998Z</time></trkpt><trkpt lat="42.907219" lon="-8.369044"><ele>289.109</ele><time>2025-06-23T04:16:26.998Z</time></trkpt><trkpt lat="42.907184" lon="-8.369108"><ele>289.131</ele><time>2025-06-23T04:16:28.998Z</time></trkpt><trkpt lat="42.907161" lon="-8.369168"><ele>289.110</ele><time>2025-06-23T04:16:31.998Z</time></trkpt><trkpt lat="42.907149" lon="-8.369246"><ele>289.168</ele><time>2025-06-23T04:16:36.998Z</time></trkpt><trkpt lat="42.907124" lon="-8.369298"><ele>289.191</ele><time>2025-06-23T04:16:41.998Z</time></trkpt><trkpt lat="42.907087" lon="-8.369342"><ele>289.130</ele><time>2025-06-23T04:16:44.998Z</time></trkpt><trkpt lat="42.907045" lon="-8.369394"><ele>289.011</ele><time>2025-06-23T04:16:49.998Z</time></trkpt><trkpt lat="42.907014" lon="-8.369444"><ele>288.898</ele><time>2025-06-23T04:16:53.998Z</time></trkpt><trkpt lat="42.906985" lon="-8.369495"><ele>288.734</ele><time>2025-06-23T04:17:00.998Z</time></trkpt><trkpt lat="42.906958" lon="-8.369562"><ele>288.639</ele><time>2025-06-23T04:17:05.998Z</time></trkpt><trkpt lat="42.906947" lon="-8.369636"><ele>288.437</ele><time>2025-06-23T04:17:10.998Z</time></trkpt><trkpt lat="42.906915" lon="-8.369696"><ele>288.049</ele><time>2025-06-23T04:17:15.998Z</time></trkpt><trkpt lat="42.906882" lon="-8.369747"><ele>287.513</ele><time>2025-06-23T04:17:18.998Z</time></trkpt><trkpt lat="42.906844" lon="-8.369784"><ele>286.909</ele><time>2025-06-23T04:17:23.998Z</time></trkpt><trkpt lat="42.906805" lon="-8.369837"><ele>286.515</ele><time>2025-06-23T04:17:29.998Z</time></trkpt><trkpt lat="42.906770" lon="-8.369895"><ele>286.114</ele><time>2025-06-23T04:17:32.998Z</time></trkpt><trkpt lat="42.906722" lon="-8.369914"><ele>285.732</ele><time>2025-06-23T04:17:34.998Z</time></trkpt><trkpt lat="42.906687" lon="-8.369965"><ele>285.535</ele><time>2025-06-23T04:17:38.998Z</time></trkpt><trkpt lat="42.906657" lon="-8.370016"><ele>285.464</ele><time>2025-06-23T04:17:43.998Z</time></trkpt><trkpt lat="42.906638" lon="-8.370072"><ele>285.265</ele><time>2025-06-23T04:17:47.998Z</time></trkpt><trkpt lat="42.906610" lon="-8.370128"><ele>284.952</ele><time>2025-06-23T04:17:50.998Z</time></trkpt><trkpt lat="42.906590" lon="-8.370184"><ele>284.558</ele><time>2025-06-23T04:17:56.998Z</time></trkpt><trkpt lat="42.906578" lon="-8.370255"><ele>284.223</ele><time>2025-06-23T04:17:59.998Z</time></trkpt><trkpt lat="42.906545" lon="-8.370301"><ele>283.844</ele><time>2025-06-23T04:18:02.998Z</time></trkpt><trkpt lat="42.906521" lon="-8.370354"><ele>283.405</ele><time>2025-06-23T04:18:05.998Z</time></trkpt><trkpt lat="42.906478" lon="-8.370379"><ele>283.115</ele><time>2025-06-23T04:18:08.998Z</time></trkpt><trkpt lat="42.906424" lon="-8.370392"><ele>282.909</ele><time>2025-06-23T04:18:12.998Z</time></trkpt><trkpt lat="42.906380" lon="-8.370424"><ele>282.766</ele><time>2025-06-23T04:18:16.998Z</time></trkpt><trkpt lat="42.906340" lon="-8.370466"><ele>282.455</ele><time>2025-06-23T04:18:20.998Z</time></trkpt><trkpt lat="42.906294" lon="-8.370494"><ele>282.093</ele><time>2025-06-23T04:18:24.998Z</time></trkpt><trkpt lat="42.906269" lon="-8.370563"><ele>281.576</ele><time>2025-06-23T04:18:28.998Z</time></trkpt><trkpt lat="42.906242" lon="-8.370617"><ele>281.115</ele><time>2025-06-23T04:18:32.998Z</time></trkpt><trkpt lat="42.906271" lon="-8.370677"><ele>280.856</ele><time>2025-06-23T04:18:36.998Z</time></trkpt><trkpt lat="42.906290" lon="-8.370748"><ele>280.653</ele><time>2025-06-23T04:18:40.998Z</time></trkpt><trkpt lat="42.906331" lon="-8.370792"><ele>280.349</ele><time>2025-06-23T04:18:44.998Z</time></trkpt><trkpt lat="42.906376" lon="-8.370809"><ele>280.084</ele><time>2025-06-23T04:18:48.998Z</time></trkpt><trkpt lat="42.906405" lon="-8.370857"><ele>279.792</ele><time>2025-06-23T04:18:54.998Z</time></trkpt><trkpt lat="42.906431" lon="-8.370912"><ele>279.373</ele><time>2025-06-23T04:18:58.998Z</time></trkpt><trkpt lat="42.906452" lon="-8.370982"><ele>279.020</ele><time>2025-06-23T04:19:03.998Z</time></trkpt><trkpt lat="42.906447" lon="-8.371043"><ele>278.909</ele><time>2025-06-23T04:19:07.998Z</time></trkpt><trkpt lat="42.906418" lon="-8.371094"><ele>278.631</ele><time>2025-06-23T04:19:12.998Z</time></trkpt><trkpt lat="42.906376" lon="-8.371144"><ele>278.180</ele><time>2025-06-23T04:19:18.998Z</time></trkpt><trkpt lat="42.906344" lon="-8.371192"><ele>277.458</ele><time>2025-06-23T04:19:19.998Z</time></trkpt><trkpt lat="42.906292" lon="-8.371229"><ele>276.321</ele><time>2025-06-23T04:19:24.998Z</time></trkpt><trkpt lat="42.906241" lon="-8.371256"><ele>275.510</ele><time>2025-06-23T04:19:28.998Z</time></trkpt><trkpt lat="42.906189" lon="-8.371236"><ele>274.611</ele><time>2025-06-23T04:19:33.998Z</time></trkpt><trkpt lat="42.906162" lon="-8.371309"><ele>274.358</ele><time>2025-06-23T04:19:42.998Z</time></trkpt><trkpt lat="42.906136" lon="-8.371375"><ele>274.274</ele><time>2025-06-23T04:19:46.998Z</time></trkpt><trkpt lat="42.906109" lon="-8.371435"><ele>274.079</ele><time>2025-06-23T04:19:52.998Z</time></trkpt><trkpt lat="42.906056" lon="-8.371479"><ele>273.941</ele><time>2025-06-23T04:19:57.998Z</time></trkpt><trkpt lat="42.906026" lon="-8.371541"><ele>273.381</ele><time>2025-06-23T04:20:01.998Z</time></trkpt><trkpt lat="42.906006" lon="-8.371613"><ele>273.009</ele><time>2025-06-23T04:20:07.998Z</time></trkpt><trkpt lat="42.905967" lon="-8.371660"><ele>272.909</ele><time>2025-06-23T04:20:11.998Z</time></trkpt><trkpt lat="42.905913" lon="-8.371675"><ele>272.456</ele><time>2025-06-23T04:20:14.998Z</time></trkpt><trkpt lat="42.905892" lon="-8.371732"><ele>272.355</ele><time>2025-06-23T04:20:17.998Z</time></trkpt><trkpt lat="42.905857" lon="-8.371785"><ele>272.243</ele><time>2025-06-23T04:20:23.998Z</time></trkpt><trkpt lat="42.905819" lon="-8.371829"><ele>272.186</ele><time>2025-06-23T04:20:28.998Z</time></trkpt><trkpt lat="42.905804" lon="-8.371888"><ele>272.015</ele><time>2025-06-23T04:20:32.998Z</time></trkpt><trkpt lat="42.905794" lon="-8.371948"><ele>271.846</ele><time>2025-06-23T04:20:36.998Z</time></trkpt><trkpt lat="42.905818" lon="-8.372002"><ele>271.793</ele><time>2025-06-23T04:20:42.998Z</time></trkpt><trkpt lat="42.905862" lon="-8.372035"><ele>271.739</ele><time>2025-06-23T04:20:45.998Z</time></trkpt><trkpt lat="42.905894" lon="-8.372084"><ele>271.764</ele><time>2025-06-23T04:20:50.998Z</time></trkpt><trkpt lat="42.905943" lon="-8.372102"><ele>271.736</ele><time>2025-06-23T04:20:52.998Z</time></trkpt><trkpt lat="42.905987" lon="-8.372141"><ele>271.717</ele><time>2025-06-23T04:20:59.998Z</time></trkpt><trkpt lat="42.906019" lon="-8.372193"><ele>271.818</ele><time>2025-06-23T04:21:04.998Z</time></trkpt><trkpt lat="42.906069" lon="-8.372207"><ele>271.909</ele><time>2025-06-23T04:21:07.998Z</time></trkpt><trkpt lat="42.906113" lon="-8.372239"><ele>272.065</ele><time>2025-06-23T04:21:10.998Z</time></trkpt><trkpt lat="42.906107" lon="-8.372315"><ele>272.194</ele><time>2025-06-23T04:21:14.998Z</time></trkpt><trkpt lat="42.906135" lon="-8.372379"><ele>272.122</ele><time>2025-06-23T04:21:19.998Z</time></trkpt><trkpt lat="42.906158" lon="-8.372454"><ele>272.255</ele><time>2025-06-23T04:21:23.998Z</time></trkpt><trkpt lat="42.906172" lon="-8.372513"><ele>272.374</ele><time>2025-06-23T04:21:26.998Z</time></trkpt><trkpt lat="42.906172" lon="-8.372587"><ele>272.535</ele><time>2025-06-23T04:21:30.998Z</time></trkpt><trkpt lat="42.906181" lon="-8.372648"><ele>272.582</ele><time>2025-06-23T04:21:35.998Z</time></trkpt><trkpt lat="42.906152" lon="-8.372698"><ele>272.678</ele><time>2025-06-23T04:21:38.998Z</time></trkpt><trkpt lat="42.906120" lon="-8.372744"><ele>272.853</ele><time>2025-06-23T04:21:41.998Z</time></trkpt><trkpt lat="42.906105" lon="-8.372816"><ele>272.956</ele><time>2025-06-23T04:21:45.998Z</time></trkpt><trkpt lat="42.906098" lon="-8.372878"><ele>273.059</ele><time>2025-06-23T04:21:48.998Z</time></trkpt><trkpt lat="42.906086" lon="-8.372974"><ele>273.114</ele><time>2025-06-23T04:21:54.998Z</time></trkpt><trkpt lat="42.906098" lon="-8.373033"><ele>273.209</ele><time>2025-06-23T04:21:59.998Z</time></trkpt><trkpt lat="42.906084" lon="-8.373108"><ele>273.447</ele><time>2025-06-23T04:22:03.998Z</time></trkpt><trkpt lat="42.906062" lon="-8.373181"><ele>273.636</ele><time>2025-06-23T04:22:08.998Z</time></trkpt><trkpt lat="42.906011" lon="-8.373231"><ele>273.724</ele><time>2025-06-23T04:22:12.998Z</time></trkpt><trkpt lat="42.905986" lon="-8.373287"><ele>273.997</ele><time>2025-06-23T04:22:17.998Z</time></trkpt><trkpt lat="42.905952" lon="-8.373341"><ele>274.016</ele><time>2025-06-23T04:22:21.998Z</time></trkpt><trkpt lat="42.905936" lon="-8.373399"><ele>274.167</ele><time>2025-06-23T04:22:25.998Z</time></trkpt><trkpt lat="42.905928" lon="-8.373461"><ele>274.464</ele><time>2025-06-23T04:22:30.998Z</time></trkpt><trkpt lat="42.905935" lon="-8.373531"><ele>274.650</ele><time>2025-06-23T04:22:33.998Z</time></trkpt><trkpt lat="42.905917" lon="-8.373609"><ele>274.865</ele><time>2025-06-23T04:22:37.998Z</time></trkpt><trkpt lat="42.905883" lon="-8.373661"><ele>275.089</ele><time>2025-06-23T04:22:40.998Z</time></trkpt><trkpt lat="42.905888" lon="-8.373723"><ele>275.106</ele><time>2025-06-23T04:22:45.998Z</time></trkpt><trkpt lat="42.905892" lon="-8.373643"><ele>275.126</ele><time>2025-06-23T04:23:01.998Z</time></trkpt><trkpt lat="42.905885" lon="-8.373728"><ele>275.109</ele><time>2025-06-23T04:23:06.998Z</time></trkpt><trkpt lat="42.905859" lon="-8.373802"><ele>275.230</ele><time>2025-06-23T04:23:10.998Z</time></trkpt><trkpt lat="42.905832" lon="-8.373875"><ele>275.339</ele><time>2025-06-23T04:23:15.998Z</time></trkpt><trkpt lat="42.905797" lon="-8.373941"><ele>275.387</ele><time>2025-06-23T04:23:18.998Z</time></trkpt><trkpt lat="42.905760" lon="-8.374009"><ele>275.470</ele><time>2025-06-23T04:23:23.998Z</time></trkpt><trkpt lat="42.905727" lon="-8.374054"><ele>275.449</ele><time>2025-06-23T04:23:26.998Z</time></trkpt><trkpt lat="42.905722" lon="-8.374121"><ele>275.560</ele><time>2025-06-23T04:23:30.998Z</time></trkpt><trkpt lat="42.905713" lon="-8.374186"><ele>275.667</ele><time>2025-06-23T04:23:34.998Z</time></trkpt><trkpt lat="42.905688" lon="-8.374246"><ele>275.733</ele><time>2025-06-23T04:23:38.998Z</time></trkpt><trkpt lat="42.905670" lon="-8.374319"><ele>275.888</ele><time>2025-06-23T04:23:42.998Z</time></trkpt><trkpt lat="42.905631" lon="-8.374362"><ele>275.963</ele><time>2025-06-23T04:23:46.998Z</time></trkpt><trkpt lat="42.905589" lon="-8.374403"><ele>276.044</ele><time>2025-06-23T04:23:49.998Z</time></trkpt><trkpt lat="42.905564" lon="-8.374457"><ele>276.118</ele><time>2025-06-23T04:23:52.998Z</time></trkpt><trkpt lat="42.905532" lon="-8.374555"><ele>276.209</ele><time>2025-06-23T04:23:57.998Z</time></trkpt><trkpt lat="42.905502" lon="-8.374606"><ele>276.388</ele><time>2025-06-23T04:24:01.998Z</time></trkpt><trkpt lat="42.905456" lon="-8.374625"><ele>276.647</ele><time>2025-06-23T04:24:04.998Z</time></trkpt><trkpt lat="42.905419" lon="-8.374664"><ele>276.735</ele><time>2025-06-23T04:24:07.998Z</time></trkpt><trkpt lat="42.905386" lon="-8.374714"><ele>277.128</ele><time>2025-06-23T04:24:12.998Z</time></trkpt><trkpt lat="42.905339" lon="-8.374775"><ele>277.337</ele><time>2025-06-23T04:24:16.998Z</time></trkpt><trkpt lat="42.905304" lon="-8.374829"><ele>277.778</ele><time>2025-06-23T04:24:21.998Z</time></trkpt><trkpt lat="42.905263" lon="-8.374865"><ele>278.085</ele><time>2025-06-23T04:24:25.998Z</time></trkpt><trkpt lat="42.905234" lon="-8.374920"><ele>278.351</ele><time>2025-06-23T04:24:28.998Z</time></trkpt><trkpt lat="42.905175" lon="-8.374960"><ele>278.686</ele><time>2025-06-23T04:24:32.998Z</time></trkpt><trkpt lat="42.905126" lon="-8.374978"><ele>278.645</ele><time>2025-06-23T04:24:39.998Z</time></trkpt><trkpt lat="42.905083" lon="-8.375028"><ele>278.847</ele><time>2025-06-23T04:24:43.998Z</time></trkpt><trkpt lat="42.905043" lon="-8.375060"><ele>278.911</ele><time>2025-06-23T04:24:46.998Z</time></trkpt><trkpt lat="42.904997" lon="-8.375113"><ele>279.109</ele><time>2025-06-23T04:24:51.998Z</time></trkpt><trkpt lat="42.904951" lon="-8.375143"><ele>279.166</ele><time>2025-06-23T04:24:54.998Z</time></trkpt><trkpt lat="42.904901" lon="-8.375193"><ele>279.115</ele><time>2025-06-23T04:24:57.998Z</time></trkpt><trkpt lat="42.904861" lon="-8.375257"><ele>279.173</ele><time>2025-06-23T04:25:04.998Z</time></trkpt><trkpt lat="42.904798" lon="-8.375270"><ele>279.136</ele><time>2025-06-23T04:25:10.998Z</time></trkpt><trkpt lat="42.904759" lon="-8.375316"><ele>279.185</ele><time>2025-06-23T04:25:14.998Z</time></trkpt><trkpt lat="42.904724" lon="-8.375377"><ele>279.276</ele><time>2025-06-23T04:25:20.998Z</time></trkpt><trkpt lat="42.904714" lon="-8.375441"><ele>279.263</ele><time>2025-06-23T04:25:23.998Z</time></trkpt><trkpt lat="42.904673" lon="-8.375504"><ele>279.319</ele><time>2025-06-23T04:25:26.998Z</time></trkpt><trkpt lat="42.904629" lon="-8.375538"><ele>279.394</ele><time>2025-06-23T04:25:30.998Z</time></trkpt><trkpt lat="42.904598" lon="-8.375587"><ele>279.318</ele><time>2025-06-23T04:25:36.998Z</time></trkpt><trkpt lat="42.904538" lon="-8.375632"><ele>279.498</ele><time>2025-06-23T04:25:42.998Z</time></trkpt><trkpt lat="42.904466" lon="-8.375677"><ele>279.617</ele><time>2025-06-23T04:25:45.998Z</time></trkpt><trkpt lat="42.904411" lon="-8.375663"><ele>279.809</ele><time>2025-06-23T04:25:50.998Z</time></trkpt><trkpt lat="42.904386" lon="-8.375726"><ele>280.083</ele><time>2025-06-23T04:25:53.998Z</time></trkpt><trkpt lat="42.904353" lon="-8.375782"><ele>280.162</ele><time>2025-06-23T04:25:57.998Z</time></trkpt><trkpt lat="42.904302" lon="-8.375812"><ele>280.230</ele><time>2025-06-23T04:26:01.998Z</time></trkpt><trkpt lat="42.904263" lon="-8.375863"><ele>280.323</ele><time>2025-06-23T04:26:04.998Z</time></trkpt><trkpt lat="42.904258" lon="-8.375929"><ele>280.432</ele><time>2025-06-23T04:26:08.998Z</time></trkpt><trkpt lat="42.904241" lon="-8.376001"><ele>280.593</ele><time>2025-06-23T04:26:13.998Z</time></trkpt><trkpt lat="42.904210" lon="-8.376054"><ele>280.630</ele><time>2025-06-23T04:26:17.998Z</time></trkpt><trkpt lat="42.904173" lon="-8.376111"><ele>280.736</ele><time>2025-06-23T04:26:24.998Z</time></trkpt><trkpt lat="42.904134" lon="-8.376167"><ele>280.891</ele><time>2025-06-23T04:26:28.998Z</time></trkpt><trkpt lat="42.904107" lon="-8.376220"><ele>280.955</ele><time>2025-06-23T04:26:32.998Z</time></trkpt><trkpt lat="42.904087" lon="-8.376300"><ele>281.307</ele><time>2025-06-23T04:26:39.998Z</time></trkpt><trkpt lat="42.904041" lon="-8.376353"><ele>281.417</ele><time>2025-06-23T04:26:49.998Z</time></trkpt><trkpt lat="42.904025" lon="-8.376422"><ele>281.409</ele><time>2025-06-23T04:26:52.998Z</time></trkpt><trkpt lat="42.904054" lon="-8.376480"><ele>281.747</ele><time>2025-06-23T04:26:55.998Z</time></trkpt><trkpt lat="42.904047" lon="-8.376557"><ele>281.746</ele><time>2025-06-23T04:26:59.998Z</time></trkpt><trkpt lat="42.904014" lon="-8.376636"><ele>281.754</ele><time>2025-06-23T04:27:04.998Z</time></trkpt><trkpt lat="42.903995" lon="-8.376695"><ele>281.877</ele><time>2025-06-23T04:27:05.998Z</time></trkpt><trkpt lat="42.904034" lon="-8.376740"><ele>281.926</ele><time>2025-06-23T04:27:08.998Z</time></trkpt><trkpt lat="42.904002" lon="-8.376791"><ele>281.947</ele><time>2025-06-23T04:27:12.998Z</time></trkpt><trkpt lat="42.904006" lon="-8.376855"><ele>281.914</ele><time>2025-06-23T04:27:16.998Z</time></trkpt><trkpt lat="42.904004" lon="-8.376918"><ele>282.080</ele><time>2025-06-23T04:27:19.998Z</time></trkpt><trkpt lat="42.903987" lon="-8.376991"><ele>282.145</ele><time>2025-06-23T04:27:24.998Z</time></trkpt><trkpt lat="42.903965" lon="-8.377054"><ele>282.262</ele><time>2025-06-23T04:27:29.998Z</time></trkpt><trkpt lat="42.903935" lon="-8.377116"><ele>282.483</ele><time>2025-06-23T04:27:33.998Z</time></trkpt><trkpt lat="42.903932" lon="-8.377190"><ele>282.611</ele><time>2025-06-23T04:27:38.998Z</time></trkpt><trkpt lat="42.903916" lon="-8.377251"><ele>282.709</ele><time>2025-06-23T04:27:43.998Z</time></trkpt><trkpt lat="42.903885" lon="-8.377306"><ele>282.918</ele><time>2025-06-23T04:27:47.998Z</time></trkpt><trkpt lat="42.903856" lon="-8.377355"><ele>283.127</ele><time>2025-06-23T04:27:51.998Z</time></trkpt><trkpt lat="42.903839" lon="-8.377424"><ele>283.375</ele><time>2025-06-23T04:27:55.998Z</time></trkpt><trkpt lat="42.903823" lon="-8.377484"><ele>283.548</ele><time>2025-06-23T04:27:58.998Z</time></trkpt><trkpt lat="42.903802" lon="-8.377542"><ele>283.797</ele><time>2025-06-23T04:28:03.998Z</time></trkpt><trkpt lat="42.903770" lon="-8.377607"><ele>283.988</ele><time>2025-06-23T04:28:06.998Z</time></trkpt><trkpt lat="42.903794" lon="-8.377664"><ele>284.045</ele><time>2025-06-23T04:28:10.998Z</time></trkpt><trkpt lat="42.903798" lon="-8.377728"><ele>284.221</ele><time>2025-06-23T04:28:14.998Z</time></trkpt><trkpt lat="42.903803" lon="-8.377800"><ele>284.426</ele><time>2025-06-23T04:28:18.998Z</time></trkpt><trkpt lat="42.903797" lon="-8.377865"><ele>284.684</ele><time>2025-06-23T04:28:22.998Z</time></trkpt><trkpt lat="42.903793" lon="-8.377931"><ele>284.707</ele><time>2025-06-23T04:28:27.998Z</time></trkpt><trkpt lat="42.903776" lon="-8.377996"><ele>284.917</ele><time>2025-06-23T04:28:31.998Z</time></trkpt><trkpt lat="42.903768" lon="-8.378059"><ele>285.209</ele><time>2025-06-23T04:28:34.998Z</time></trkpt><trkpt lat="42.903762" lon="-8.378127"><ele>285.430</ele><time>2025-06-23T04:28:39.998Z</time></trkpt><trkpt lat="42.903759" lon="-8.378194"><ele>285.669</ele><time>2025-06-23T04:28:43.998Z</time></trkpt><trkpt lat="42.903744" lon="-8.378259"><ele>285.827</ele><time>2025-06-23T04:28:47.998Z</time></trkpt><trkpt lat="42.903742" lon="-8.378337"><ele>286.020</ele><time>2025-06-23T04:28:51.998Z</time></trkpt><trkpt lat="42.903734" lon="-8.378398"><ele>286.289</ele><time>2025-06-23T04:28:55.998Z</time></trkpt><trkpt lat="42.903744" lon="-8.378472"><ele>286.480</ele><time>2025-06-23T04:28:59.998Z</time></trkpt><trkpt lat="42.903728" lon="-8.378531"><ele>286.597</ele><time>2025-06-23T04:29:03.998Z</time></trkpt><trkpt lat="42.903720" lon="-8.378610"><ele>286.643</ele><time>2025-06-23T04:29:07.998Z</time></trkpt><trkpt lat="42.903717" lon="-8.378677"><ele>286.778</ele><time>2025-06-23T04:29:11.998Z</time></trkpt><trkpt lat="42.903716" lon="-8.378753"><ele>286.812</ele><time>2025-06-23T04:29:17.998Z</time></trkpt><trkpt lat="42.903702" lon="-8.378812"><ele>286.932</ele><time>2025-06-23T04:29:20.998Z</time></trkpt><trkpt lat="42.903685" lon="-8.378871"><ele>287.005</ele><time>2025-06-23T04:29:25.998Z</time></trkpt><trkpt lat="42.903677" lon="-8.378939"><ele>287.109</ele><time>2025-06-23T04:29:30.998Z</time></trkpt><trkpt lat="42.903703" lon="-8.379017"><ele>287.153</ele><time>2025-06-23T04:30:10.998Z</time></trkpt><trkpt lat="42.903674" lon="-8.379077"><ele>287.142</ele><time>2025-06-23T04:30:14.998Z</time></trkpt><trkpt lat="42.903680" lon="-8.379145"><ele>287.130</ele><time>2025-06-23T04:30:17.998Z</time></trkpt><trkpt lat="42.903677" lon="-8.379212"><ele>287.153</ele><time>2025-06-23T04:30:22.998Z</time></trkpt><trkpt lat="42.903686" lon="-8.379286"><ele>287.252</ele><time>2025-06-23T04:30:27.998Z</time></trkpt><trkpt lat="42.903692" lon="-8.379359"><ele>287.383</ele><time>2025-06-23T04:30:31.998Z</time></trkpt><trkpt lat="42.903701" lon="-8.379421"><ele>287.380</ele><time>2025-06-23T04:30:35.998Z</time></trkpt><trkpt lat="42.903686" lon="-8.379490"><ele>287.486</ele><time>2025-06-23T04:30:39.998Z</time></trkpt><trkpt lat="42.903705" lon="-8.379562"><ele>287.561</ele><time>2025-06-23T04:30:43.998Z</time></trkpt><trkpt lat="42.903695" lon="-8.379623"><ele>287.648</ele><time>2025-06-23T04:30:47.998Z</time></trkpt><trkpt lat="42.903694" lon="-8.379698"><ele>287.761</ele><time>2025-06-23T04:30:53.998Z</time></trkpt><trkpt lat="42.903705" lon="-8.379768"><ele>287.817</ele><time>2025-06-23T04:30:57.998Z</time></trkpt><trkpt lat="42.903734" lon="-8.379831"><ele>288.009</ele><time>2025-06-23T04:31:02.998Z</time></trkpt><trkpt lat="42.903731" lon="-8.379906"><ele>288.226</ele><time>2025-06-23T04:31:06.998Z</time></trkpt><trkpt lat="42.903746" lon="-8.379968"><ele>288.495</ele><time>2025-06-23T04:31:09.998Z</time></trkpt><trkpt lat="42.903745" lon="-8.380039"><ele>288.643</ele><time>2025-06-23T04:31:13.998Z</time></trkpt><trkpt lat="42.903774" lon="-8.380106"><ele>288.836</ele><time>2025-06-23T04:31:17.998Z</time></trkpt><trkpt lat="42.903796" lon="-8.380165"><ele>288.985</ele><time>2025-06-23T04:31:20.998Z</time></trkpt><trkpt lat="42.903805" lon="-8.380231"><ele>288.996</ele><time>2025-06-23T04:31:24.998Z</time></trkpt><trkpt lat="42.903792" lon="-8.380300"><ele>289.023</ele><time>2025-06-23T04:31:28.998Z</time></trkpt><trkpt lat="42.903801" lon="-8.380365"><ele>289.189</ele><time>2025-06-23T04:31:32.998Z</time></trkpt><trkpt lat="42.903800" lon="-8.380428"><ele>289.324</ele><time>2025-06-23T04:31:36.998Z</time></trkpt><trkpt lat="42.903799" lon="-8.380492"><ele>289.554</ele><time>2025-06-23T04:31:41.998Z</time></trkpt><trkpt lat="42.903795" lon="-8.380566"><ele>289.756</ele><time>2025-06-23T04:31:46.998Z</time></trkpt><trkpt lat="42.903804" lon="-8.380633"><ele>289.711</ele><time>2025-06-23T04:31:49.998Z</time></trkpt><trkpt lat="42.903813" lon="-8.380703"><ele>289.709</ele><time>2025-06-23T04:31:52.998Z</time></trkpt><trkpt lat="42.903794" lon="-8.380777"><ele>289.727</ele><time>2025-06-23T04:31:57.998Z</time></trkpt><trkpt lat="42.903785" lon="-8.380848"><ele>289.516</ele><time>2025-06-23T04:32:01.998Z</time></trkpt><trkpt lat="42.903797" lon="-8.380926"><ele>289.144</ele><time>2025-06-23T04:32:05.998Z</time></trkpt><trkpt lat="42.903768" lon="-8.380987"><ele>288.967</ele><time>2025-06-23T04:32:08.998Z</time></trkpt><trkpt lat="42.903748" lon="-8.381044"><ele>288.896</ele><time>2025-06-23T04:32:12.998Z</time></trkpt><trkpt lat="42.903716" lon="-8.381136"><ele>288.667</ele><time>2025-06-23T04:32:17.998Z</time></trkpt><trkpt lat="42.903694" lon="-8.381215"><ele>288.524</ele><time>2025-06-23T04:32:22.998Z</time></trkpt><trkpt lat="42.903699" lon="-8.381276"><ele>288.290</ele><time>2025-06-23T04:32:26.998Z</time></trkpt><trkpt lat="42.903697" lon="-8.381338"><ele>288.095</ele><time>2025-06-23T04:32:31.998Z</time></trkpt><trkpt lat="42.903684" lon="-8.381424"><ele>287.924</ele><time>2025-06-23T04:32:35.998Z</time></trkpt><trkpt lat="42.903701" lon="-8.381487"><ele>287.804</ele><time>2025-06-23T04:32:41.998Z</time></trkpt><trkpt lat="42.903680" lon="-8.381547"><ele>287.714</ele><time>2025-06-23T04:32:58.998Z</time></trkpt><trkpt lat="42.903641" lon="-8.381591"><ele>287.609</ele><time>2025-06-23T04:33:01.998Z</time></trkpt><trkpt lat="42.903605" lon="-8.381631"><ele>287.484</ele><time>2025-06-23T04:33:04.998Z</time></trkpt><trkpt lat="42.903601" lon="-8.381700"><ele>287.093</ele><time>2025-06-23T04:33:09.998Z</time></trkpt><trkpt lat="42.903622" lon="-8.381762"><ele>286.731</ele><time>2025-06-23T04:33:13.998Z</time></trkpt><trkpt lat="42.903647" lon="-8.381816"><ele>286.454</ele><time>2025-06-23T04:33:16.998Z</time></trkpt><trkpt lat="42.903662" lon="-8.381886"><ele>286.423</ele><time>2025-06-23T04:33:21.998Z</time></trkpt><trkpt lat="42.903680" lon="-8.381950"><ele>286.414</ele><time>2025-06-23T04:33:25.998Z</time></trkpt><trkpt lat="42.903695" lon="-8.382016"><ele>286.481</ele><time>2025-06-23T04:33:29.998Z</time></trkpt><trkpt lat="42.903714" lon="-8.382082"><ele>286.787</ele><time>2025-06-23T04:33:33.998Z</time></trkpt><trkpt lat="42.903721" lon="-8.382148"><ele>286.992</ele><time>2025-06-23T04:33:37.998Z</time></trkpt><trkpt lat="42.903723" lon="-8.382213"><ele>287.125</ele><time>2025-06-23T04:33:41.998Z</time></trkpt><trkpt lat="42.903747" lon="-8.382282"><ele>287.326</ele><time>2025-06-23T04:33:45.998Z</time></trkpt><trkpt lat="42.903760" lon="-8.382348"><ele>287.608</ele><time>2025-06-23T04:33:49.998Z</time></trkpt><trkpt lat="42.903783" lon="-8.382401"><ele>287.809</ele><time>2025-06-23T04:33:53.998Z</time></trkpt><trkpt lat="42.903805" lon="-8.382465"><ele>287.844</ele><time>2025-06-23T04:33:57.998Z</time></trkpt><trkpt lat="42.903822" lon="-8.382532"><ele>287.863</ele><time>2025-06-23T04:34:01.998Z</time></trkpt><trkpt lat="42.903833" lon="-8.382595"><ele>287.711</ele><time>2025-06-23T04:34:05.998Z</time></trkpt><trkpt lat="42.903859" lon="-8.382655"><ele>287.784</ele><time>2025-06-23T04:34:09.998Z</time></trkpt><trkpt lat="42.903870" lon="-8.382724"><ele>287.793</ele><time>2025-06-23T04:34:13.998Z</time></trkpt><trkpt lat="42.903886" lon="-8.382786"><ele>287.784</ele><time>2025-06-23T04:34:17.998Z</time></trkpt><trkpt lat="42.903905" lon="-8.382849"><ele>287.861</ele><time>2025-06-23T04:34:21.998Z</time></trkpt><trkpt lat="42.903918" lon="-8.382912"><ele>287.887</ele><time>2025-06-23T04:34:26.998Z</time></trkpt><trkpt lat="42.903942" lon="-8.382979"><ele>287.812</ele><time>2025-06-23T04:34:31.998Z</time></trkpt><trkpt lat="42.903961" lon="-8.383040"><ele>287.975</ele><time>2025-06-23T04:34:35.998Z</time></trkpt><trkpt lat="42.903976" lon="-8.383121"><ele>288.028</ele><time>2025-06-23T04:34:39.998Z</time></trkpt><trkpt lat="42.904004" lon="-8.383171"><ele>288.020</ele><time>2025-06-23T04:34:41.998Z</time></trkpt><trkpt lat="42.904030" lon="-8.383249"><ele>288.109</ele><time>2025-06-23T04:34:46.998Z</time></trkpt><trkpt lat="42.904029" lon="-8.383313"><ele>288.119</ele><time>2025-06-23T04:34:49.998Z</time></trkpt><trkpt lat="42.904013" lon="-8.383387"><ele>288.358</ele><time>2025-06-23T04:34:53.998Z</time></trkpt><trkpt lat="42.904005" lon="-8.383457"><ele>288.366</ele><time>2025-06-23T04:34:56.998Z</time></trkpt><trkpt lat="42.904003" lon="-8.383526"><ele>288.399</ele><time>2025-06-23T04:35:00.998Z</time></trkpt><trkpt lat="42.904034" lon="-8.383571"><ele>288.468</ele><time>2025-06-23T04:35:05.998Z</time></trkpt><trkpt lat="42.904064" lon="-8.383620"><ele>288.539</ele><time>2025-06-23T04:35:09.998Z</time></trkpt><trkpt lat="42.904106" lon="-8.383679"><ele>288.646</ele><time>2025-06-23T04:35:13.998Z</time></trkpt><trkpt lat="42.904125" lon="-8.383744"><ele>288.742</ele><time>2025-06-23T04:35:17.998Z</time></trkpt><trkpt lat="42.904153" lon="-8.383796"><ele>288.857</ele><time>2025-06-23T04:35:22.998Z</time></trkpt><trkpt lat="42.904158" lon="-8.383859"><ele>289.022</ele><time>2025-06-23T04:35:26.998Z</time></trkpt><trkpt lat="42.904185" lon="-8.383930"><ele>289.362</ele><time>2025-06-23T04:35:31.998Z</time></trkpt><trkpt lat="42.904212" lon="-8.383979"><ele>289.508</ele><time>2025-06-23T04:35:34.998Z</time></trkpt><trkpt lat="42.904236" lon="-8.384037"><ele>289.709</ele><time>2025-06-23T04:35:38.998Z</time></trkpt><trkpt lat="42.904253" lon="-8.384096"><ele>289.914</ele><time>2025-06-23T04:35:42.998Z</time></trkpt><trkpt lat="42.904278" lon="-8.384156"><ele>290.013</ele><time>2025-06-23T04:35:45.998Z</time></trkpt><trkpt lat="42.904317" lon="-8.384229"><ele>290.141</ele><time>2025-06-23T04:35:50.998Z</time></trkpt><trkpt lat="42.904320" lon="-8.384317"><ele>290.364</ele><time>2025-06-23T04:35:57.998Z</time></trkpt><trkpt lat="42.904329" lon="-8.384379"><ele>290.543</ele><time>2025-06-23T04:36:02.998Z</time></trkpt><trkpt lat="42.904349" lon="-8.384460"><ele>291.174</ele><time>2025-06-23T04:36:05.998Z</time></trkpt><trkpt lat="42.904369" lon="-8.384532"><ele>291.451</ele><time>2025-06-23T04:36:09.998Z</time></trkpt><trkpt lat="42.904411" lon="-8.384587"><ele>291.477</ele><time>2025-06-23T04:36:14.998Z</time></trkpt><trkpt lat="42.904436" lon="-8.384643"><ele>291.652</ele><time>2025-06-23T04:36:18.998Z</time></trkpt><trkpt lat="42.904460" lon="-8.384695"><ele>291.794</ele><time>2025-06-23T04:36:24.998Z</time></trkpt><trkpt lat="42.904481" lon="-8.384750"><ele>291.757</ele><time>2025-06-23T04:36:28.998Z</time></trkpt><trkpt lat="42.904515" lon="-8.384804"><ele>292.022</ele><time>2025-06-23T04:36:32.998Z</time></trkpt><trkpt lat="42.904549" lon="-8.384863"><ele>292.409</ele><time>2025-06-23T04:36:36.998Z</time></trkpt><trkpt lat="42.904590" lon="-8.384904"><ele>292.721</ele><time>2025-06-23T04:36:41.998Z</time></trkpt><trkpt lat="42.904608" lon="-8.384965"><ele>293.110</ele><time>2025-06-23T04:36:45.998Z</time></trkpt><trkpt lat="42.904628" lon="-8.385023"><ele>293.538</ele><time>2025-06-23T04:36:48.998Z</time></trkpt><trkpt lat="42.904663" lon="-8.385067"><ele>293.931</ele><time>2025-06-23T04:36:51.998Z</time></trkpt><trkpt lat="42.904692" lon="-8.385138"><ele>294.120</ele><time>2025-06-23T04:36:54.998Z</time></trkpt><trkpt lat="42.904706" lon="-8.385219"><ele>294.251</ele><time>2025-06-23T04:36:59.998Z</time></trkpt><trkpt lat="42.904739" lon="-8.385267"><ele>294.458</ele><time>2025-06-23T04:37:03.998Z</time></trkpt><trkpt lat="42.904748" lon="-8.385341"><ele>294.914</ele><time>2025-06-23T04:37:07.998Z</time></trkpt><trkpt lat="42.904759" lon="-8.385414"><ele>295.189</ele><time>2025-06-23T04:37:11.998Z</time></trkpt><trkpt lat="42.904785" lon="-8.385469"><ele>295.167</ele><time>2025-06-23T04:37:15.998Z</time></trkpt><trkpt lat="42.904799" lon="-8.385536"><ele>295.281</ele><time>2025-06-23T04:37:19.998Z</time></trkpt><trkpt lat="42.904834" lon="-8.385586"><ele>295.319</ele><time>2025-06-23T04:37:22.998Z</time></trkpt><trkpt lat="42.904839" lon="-8.385652"><ele>295.309</ele><time>2025-06-23T04:37:26.998Z</time></trkpt><trkpt lat="42.904871" lon="-8.385718"><ele>295.398</ele><time>2025-06-23T04:37:31.998Z</time></trkpt><trkpt lat="42.904879" lon="-8.385782"><ele>295.327</ele><time>2025-06-23T04:37:36.998Z</time></trkpt><trkpt lat="42.904888" lon="-8.385857"><ele>295.345</ele><time>2025-06-23T04:37:41.998Z</time></trkpt><trkpt lat="42.904914" lon="-8.385920"><ele>295.268</ele><time>2025-06-23T04:37:45.998Z</time></trkpt><trkpt lat="42.904938" lon="-8.385992"><ele>295.197</ele><time>2025-06-23T04:37:48.998Z</time></trkpt><trkpt lat="42.904939" lon="-8.386059"><ele>295.028</ele><time>2025-06-23T04:37:51.998Z</time></trkpt><trkpt lat="42.904931" lon="-8.386138"><ele>294.795</ele><time>2025-06-23T04:37:55.998Z</time></trkpt><trkpt lat="42.904910" lon="-8.386192"><ele>294.641</ele><time>2025-06-23T04:37:58.998Z</time></trkpt><trkpt lat="42.904884" lon="-8.386253"><ele>294.436</ele><time>2025-06-23T04:38:02.998Z</time></trkpt><trkpt lat="42.904842" lon="-8.386306"><ele>294.184</ele><time>2025-06-23T04:38:06.998Z</time></trkpt><trkpt lat="42.904799" lon="-8.386356"><ele>293.807</ele><time>2025-06-23T04:38:08.998Z</time></trkpt><trkpt lat="42.904750" lon="-8.386352"><ele>293.417</ele><time>2025-06-23T04:38:11.998Z</time></trkpt><trkpt lat="42.904702" lon="-8.386402"><ele>292.909</ele><time>2025-06-23T04:38:16.998Z</time></trkpt><trkpt lat="42.904684" lon="-8.386466"><ele>292.580</ele><time>2025-06-23T04:38:19.998Z</time></trkpt><trkpt lat="42.904641" lon="-8.386489"><ele>292.179</ele><time>2025-06-23T04:38:22.998Z</time></trkpt><trkpt lat="42.904598" lon="-8.386514"><ele>291.537</ele><time>2025-06-23T04:38:26.998Z</time></trkpt><trkpt lat="42.904535" lon="-8.386532"><ele>291.020</ele><time>2025-06-23T04:38:30.998Z</time></trkpt><trkpt lat="42.904482" lon="-8.386584"><ele>290.259</ele><time>2025-06-23T04:38:33.998Z</time></trkpt><trkpt lat="42.904423" lon="-8.386606"><ele>289.790</ele><time>2025-06-23T04:38:36.998Z</time></trkpt><trkpt lat="42.904377" lon="-8.386611"><ele>289.287</ele><time>2025-06-23T04:38:39.998Z</time></trkpt><trkpt lat="42.904317" lon="-8.386615"><ele>288.713</ele><time>2025-06-23T04:38:43.998Z</time></trkpt><trkpt lat="42.904269" lon="-8.386626"><ele>288.268</ele><time>2025-06-23T04:38:47.998Z</time></trkpt><trkpt lat="42.904215" lon="-8.386624"><ele>287.941</ele><time>2025-06-23T04:38:51.998Z</time></trkpt><trkpt lat="42.904163" lon="-8.386639"><ele>287.881</ele><time>2025-06-23T04:38:55.998Z</time></trkpt><trkpt lat="42.904117" lon="-8.386639"><ele>287.509</ele><time>2025-06-23T04:39:00.998Z</time></trkpt><trkpt lat="42.904075" lon="-8.386683"><ele>287.009</ele><time>2025-06-23T04:39:07.998Z</time></trkpt><trkpt lat="42.904029" lon="-8.386717"><ele>286.676</ele><time>2025-06-23T04:39:12.998Z</time></trkpt><trkpt lat="42.903972" lon="-8.386751"><ele>285.995</ele><time>2025-06-23T04:39:17.998Z</time></trkpt><trkpt lat="42.903923" lon="-8.386772"><ele>285.163</ele><time>2025-06-23T04:39:20.998Z</time></trkpt><trkpt lat="42.903871" lon="-8.386785"><ele>284.176</ele><time>2025-06-23T04:39:23.998Z</time></trkpt><trkpt lat="42.903829" lon="-8.386814"><ele>283.955</ele><time>2025-06-23T04:39:26.998Z</time></trkpt><trkpt lat="42.903786" lon="-8.386846"><ele>283.496</ele><time>2025-06-23T04:39:29.998Z</time></trkpt><trkpt lat="42.903742" lon="-8.386875"><ele>282.923</ele><time>2025-06-23T04:39:32.998Z</time></trkpt><trkpt lat="42.903691" lon="-8.386868"><ele>282.589</ele><time>2025-06-23T04:39:35.998Z</time></trkpt><trkpt lat="42.903649" lon="-8.386920"><ele>282.284</ele><time>2025-06-23T04:39:38.998Z</time></trkpt><trkpt lat="42.903604" lon="-8.386952"><ele>281.927</ele><time>2025-06-23T04:39:42.998Z</time></trkpt><trkpt lat="42.903555" lon="-8.386982"><ele>281.568</ele><time>2025-06-23T04:39:46.998Z</time></trkpt><trkpt lat="42.903504" lon="-8.387018"><ele>280.714</ele><time>2025-06-23T04:39:50.998Z</time></trkpt><trkpt lat="42.903446" lon="-8.387019"><ele>280.109</ele><time>2025-06-23T04:39:54.998Z</time></trkpt><trkpt lat="42.903391" lon="-8.387034"><ele>279.724</ele><time>2025-06-23T04:39:58.998Z</time></trkpt><trkpt lat="42.903349" lon="-8.387061"><ele>279.213</ele><time>2025-06-23T04:40:02.998Z</time></trkpt><trkpt lat="42.903299" lon="-8.387069"><ele>279.021</ele><time>2025-06-23T04:40:06.998Z</time></trkpt><trkpt lat="42.903240" lon="-8.387075"><ele>278.764</ele><time>2025-06-23T04:40:10.998Z</time></trkpt><trkpt lat="42.903195" lon="-8.387116"><ele>278.583</ele><time>2025-06-23T04:40:14.998Z</time></trkpt><trkpt lat="42.903199" lon="-8.387194"><ele>278.254</ele><time>2025-06-23T04:40:17.998Z</time></trkpt><trkpt lat="42.903231" lon="-8.387253"><ele>277.521</ele><time>2025-06-23T04:40:22.998Z</time></trkpt><trkpt lat="42.903272" lon="-8.387326"><ele>277.237</ele><time>2025-06-23T04:40:25.998Z</time></trkpt><trkpt lat="42.903298" lon="-8.387382"><ele>276.812</ele><time>2025-06-23T04:40:31.998Z</time></trkpt><trkpt lat="42.903334" lon="-8.387421"><ele>276.655</ele><time>2025-06-23T04:40:35.998Z</time></trkpt><trkpt lat="42.903350" lon="-8.387483"><ele>276.407</ele><time>2025-06-23T04:40:38.998Z</time></trkpt><trkpt lat="42.903382" lon="-8.387542"><ele>276.217</ele><time>2025-06-23T04:40:42.998Z</time></trkpt><trkpt lat="42.903395" lon="-8.387602"><ele>276.009</ele><time>2025-06-23T04:40:45.998Z</time></trkpt><trkpt lat="42.903414" lon="-8.387661"><ele>275.967</ele><time>2025-06-23T04:40:49.998Z</time></trkpt><trkpt lat="42.903448" lon="-8.387720"><ele>275.876</ele><time>2025-06-23T04:40:53.998Z</time></trkpt><trkpt lat="42.903457" lon="-8.387789"><ele>275.794</ele><time>2025-06-23T04:40:58.998Z</time></trkpt><trkpt lat="42.903457" lon="-8.387851"><ele>275.667</ele><time>2025-06-23T04:41:03.998Z</time></trkpt><trkpt lat="42.903466" lon="-8.387926"><ele>275.646</ele><time>2025-06-23T04:41:07.998Z</time></trkpt><trkpt lat="42.903471" lon="-8.387997"><ele>275.547</ele><time>2025-06-23T04:41:11.998Z</time></trkpt><trkpt lat="42.903491" lon="-8.388059"><ele>275.524</ele><time>2025-06-23T04:41:16.998Z</time></trkpt><trkpt lat="42.903511" lon="-8.388135"><ele>275.460</ele><time>2025-06-23T04:41:21.998Z</time></trkpt><trkpt lat="42.903530" lon="-8.388206"><ele>275.395</ele><time>2025-06-23T04:41:25.998Z</time></trkpt><trkpt lat="42.903546" lon="-8.388274"><ele>274.935</ele><time>2025-06-23T04:41:29.998Z</time></trkpt><trkpt lat="42.903561" lon="-8.388353"><ele>274.386</ele><time>2025-06-23T04:41:33.998Z</time></trkpt><trkpt lat="42.903594" lon="-8.388412"><ele>274.014</ele><time>2025-06-23T04:41:37.998Z</time></trkpt><trkpt lat="42.903612" lon="-8.388481"><ele>273.709</ele><time>2025-06-23T04:41:41.998Z</time></trkpt><trkpt lat="42.903632" lon="-8.388536"><ele>273.615</ele><time>2025-06-23T04:41:44.998Z</time></trkpt><trkpt lat="42.903643" lon="-8.388599"><ele>273.394</ele><time>2025-06-23T04:41:48.998Z</time></trkpt><trkpt lat="42.903649" lon="-8.388671"><ele>273.052</ele><time>2025-06-23T04:41:52.998Z</time></trkpt><trkpt lat="42.903677" lon="-8.388725"><ele>272.865</ele><time>2025-06-23T04:41:56.998Z</time></trkpt><trkpt lat="42.903711" lon="-8.388777"><ele>272.574</ele><time>2025-06-23T04:42:00.998Z</time></trkpt><trkpt lat="42.903734" lon="-8.388842"><ele>272.255</ele><time>2025-06-23T04:42:04.998Z</time></trkpt><trkpt lat="42.903762" lon="-8.388895"><ele>271.962</ele><time>2025-06-23T04:42:08.998Z</time></trkpt><trkpt lat="42.903781" lon="-8.388966"><ele>271.628</ele><time>2025-06-23T04:42:12.998Z</time></trkpt><trkpt lat="42.903807" lon="-8.389028"><ele>271.253</ele><time>2025-06-23T04:42:16.998Z</time></trkpt><trkpt lat="42.903826" lon="-8.389092"><ele>270.874</ele><time>2025-06-23T04:42:20.998Z</time></trkpt><trkpt lat="42.903853" lon="-8.389151"><ele>270.456</ele><time>2025-06-23T04:42:24.998Z</time></trkpt><trkpt lat="42.903891" lon="-8.389205"><ele>270.121</ele><time>2025-06-23T04:42:29.998Z</time></trkpt><trkpt lat="42.903924" lon="-8.389260"><ele>269.809</ele><time>2025-06-23T04:42:34.998Z</time></trkpt><trkpt lat="42.903968" lon="-8.389299"><ele>269.329</ele><time>2025-06-23T04:42:38.998Z</time></trkpt><trkpt lat="42.903985" lon="-8.389364"><ele>268.838</ele><time>2025-06-23T04:42:42.998Z</time></trkpt><trkpt lat="42.904023" lon="-8.389414"><ele>268.326</ele><time>2025-06-23T04:42:46.998Z</time></trkpt><trkpt lat="42.904055" lon="-8.389462"><ele>267.789</ele><time>2025-06-23T04:42:50.998Z</time></trkpt><trkpt lat="42.904105" lon="-8.389496"><ele>267.168</ele><time>2025-06-23T04:42:54.998Z</time></trkpt><trkpt lat="42.904145" lon="-8.389541"><ele>266.599</ele><time>2025-06-23T04:42:58.998Z</time></trkpt><trkpt lat="42.904188" lon="-8.389580"><ele>266.066</ele><time>2025-06-23T04:43:02.998Z</time></trkpt><trkpt lat="42.904232" lon="-8.389616"><ele>265.552</ele><time>2025-06-23T04:43:06.998Z</time></trkpt><trkpt lat="42.904263" lon="-8.389661"><ele>265.077</ele><time>2025-06-23T04:43:10.998Z</time></trkpt><trkpt lat="42.904305" lon="-8.389710"><ele>264.636</ele><time>2025-06-23T04:43:14.998Z</time></trkpt><trkpt lat="42.904330" lon="-8.389782"><ele>264.317</ele><time>2025-06-23T04:43:18.998Z</time></trkpt><trkpt lat="42.904365" lon="-8.389835"><ele>264.018</ele><time>2025-06-23T04:43:22.998Z</time></trkpt><trkpt lat="42.904394" lon="-8.389896"><ele>263.709</ele><time>2025-06-23T04:43:26.998Z</time></trkpt><trkpt lat="42.904421" lon="-8.389950"><ele>263.425</ele><time>2025-06-23T04:43:30.998Z</time></trkpt><trkpt lat="42.904434" lon="-8.390017"><ele>263.174</ele><time>2025-06-23T04:43:34.998Z</time></trkpt><trkpt lat="42.904446" lon="-8.390078"><ele>262.892</ele><time>2025-06-23T04:43:38.998Z</time></trkpt><trkpt lat="42.904435" lon="-8.390161"><ele>262.535</ele><time>2025-06-23T04:43:42.998Z</time></trkpt><trkpt lat="42.904443" lon="-8.390229"><ele>262.364</ele><time>2025-06-23T04:43:46.998Z</time></trkpt><trkpt lat="42.904449" lon="-8.390290"><ele>262.135</ele><time>2025-06-23T04:43:50.998Z</time></trkpt><trkpt lat="42.904433" lon="-8.390355"><ele>261.982</ele><time>2025-06-23T04:43:54.998Z</time></trkpt><trkpt lat="42.904435" lon="-8.390426"><ele>261.638</ele><time>2025-06-23T04:43:58.998Z</time></trkpt><trkpt lat="42.904460" lon="-8.390483"><ele>261.343</ele><time>2025-06-23T04:44:02.998Z</time></trkpt><trkpt lat="42.904457" lon="-8.390547"><ele>261.133</ele><time>2025-06-23T04:44:06.998Z</time></trkpt><trkpt lat="42.904392" lon="-8.390592"><ele>260.723</ele><time>2025-06-23T04:44:21.998Z</time></trkpt><trkpt lat="42.904459" lon="-8.390565"><ele>260.415</ele><time>2025-06-23T04:44:30.998Z</time></trkpt><trkpt lat="42.904428" lon="-8.390636"><ele>260.409</ele><time>2025-06-23T04:44:43.998Z</time></trkpt><trkpt lat="42.904425" lon="-8.390715"><ele>259.915</ele><time>2025-06-23T04:44:47.998Z</time></trkpt><trkpt lat="42.904428" lon="-8.390789"><ele>259.934</ele><time>2025-06-23T04:44:52.998Z</time></trkpt><trkpt lat="42.904437" lon="-8.390863"><ele>259.642</ele><time>2025-06-23T04:44:56.998Z</time></trkpt><trkpt lat="42.904451" lon="-8.390937"><ele>259.145</ele><time>2025-06-23T04:45:00.998Z</time></trkpt><trkpt lat="42.904442" lon="-8.391018"><ele>258.654</ele><time>2025-06-23T04:45:04.998Z</time></trkpt><trkpt lat="42.904473" lon="-8.391081"><ele>258.085</ele><time>2025-06-23T04:45:08.998Z</time></trkpt><trkpt lat="42.904490" lon="-8.391151"><ele>257.562</ele><time>2025-06-23T04:45:12.998Z</time></trkpt><trkpt lat="42.904526" lon="-8.391197"><ele>256.868</ele><time>2025-06-23T04:45:16.998Z</time></trkpt><trkpt lat="42.904576" lon="-8.391175"><ele>256.193</ele><time>2025-06-23T04:45:18.998Z</time></trkpt><trkpt lat="42.904624" lon="-8.391155"><ele>255.822</ele><time>2025-06-23T04:45:21.998Z</time></trkpt><trkpt lat="42.904672" lon="-8.391145"><ele>255.362</ele><time>2025-06-23T04:45:24.998Z</time></trkpt><trkpt lat="42.904718" lon="-8.391143"><ele>255.008</ele><time>2025-06-23T04:45:27.998Z</time></trkpt><trkpt lat="42.904765" lon="-8.391124"><ele>254.809</ele><time>2025-06-23T04:45:30.998Z</time></trkpt><trkpt lat="42.904817" lon="-8.391122"><ele>254.634</ele><time>2025-06-23T04:45:34.998Z</time></trkpt><trkpt lat="42.904871" lon="-8.391143"><ele>254.473</ele><time>2025-06-23T04:45:38.998Z</time></trkpt><trkpt lat="42.904914" lon="-8.391161"><ele>254.251</ele><time>2025-06-23T04:45:41.998Z</time></trkpt><trkpt lat="42.904950" lon="-8.391222"><ele>254.014</ele><time>2025-06-23T04:45:45.998Z</time></trkpt><trkpt lat="42.904971" lon="-8.391283"><ele>253.963</ele><time>2025-06-23T04:45:49.998Z</time></trkpt><trkpt lat="42.905016" lon="-8.391325"><ele>253.874</ele><time>2025-06-23T04:45:53.998Z</time></trkpt><trkpt lat="42.905058" lon="-8.391370"><ele>253.751</ele><time>2025-06-23T04:45:57.998Z</time></trkpt><trkpt lat="42.905110" lon="-8.391382"><ele>253.697</ele><time>2025-06-23T04:46:02.998Z</time></trkpt><trkpt lat="42.905127" lon="-8.391443"><ele>253.512</ele><time>2025-06-23T04:46:07.998Z</time></trkpt><trkpt lat="42.905179" lon="-8.391445"><ele>253.462</ele><time>2025-06-23T04:46:10.998Z</time></trkpt><trkpt lat="42.905220" lon="-8.391483"><ele>253.383</ele><time>2025-06-23T04:46:14.998Z</time></trkpt><trkpt lat="42.905258" lon="-8.391525"><ele>253.211</ele><time>2025-06-23T04:46:18.998Z</time></trkpt><trkpt lat="42.905310" lon="-8.391541"><ele>253.209</ele><time>2025-06-23T04:46:22.998Z</time></trkpt><trkpt lat="42.905324" lon="-8.391604"><ele>253.288</ele><time>2025-06-23T04:46:25.998Z</time></trkpt><trkpt lat="42.905334" lon="-8.391666"><ele>253.247</ele><time>2025-06-23T04:46:29.998Z</time></trkpt><trkpt lat="42.905373" lon="-8.391709"><ele>253.215</ele><time>2025-06-23T04:46:33.998Z</time></trkpt><trkpt lat="42.905403" lon="-8.391769"><ele>253.218</ele><time>2025-06-23T04:46:37.998Z</time></trkpt><trkpt lat="42.905419" lon="-8.391827"><ele>253.267</ele><time>2025-06-23T04:46:41.998Z</time></trkpt><trkpt lat="42.905444" lon="-8.391885"><ele>253.128</ele><time>2025-06-23T04:46:45.998Z</time></trkpt><trkpt lat="42.905491" lon="-8.391935"><ele>253.015</ele><time>2025-06-23T04:46:49.998Z</time></trkpt><trkpt lat="42.905515" lon="-8.392008"><ele>252.921</ele><time>2025-06-23T04:46:54.998Z</time></trkpt><trkpt lat="42.905535" lon="-8.392064"><ele>252.986</ele><time>2025-06-23T04:46:58.998Z</time></trkpt><trkpt lat="42.905558" lon="-8.392130"><ele>252.944</ele><time>2025-06-23T04:47:02.998Z</time></trkpt><trkpt lat="42.905590" lon="-8.392188"><ele>252.905</ele><time>2025-06-23T04:47:07.998Z</time></trkpt><trkpt lat="42.905605" lon="-8.392247"><ele>252.915</ele><time>2025-06-23T04:47:11.998Z</time></trkpt><trkpt lat="42.905606" lon="-8.392340"><ele>252.909</ele><time>2025-06-23T04:47:17.998Z</time></trkpt><trkpt lat="42.905616" lon="-8.392405"><ele>252.916</ele><time>2025-06-23T04:47:23.998Z</time></trkpt><trkpt lat="42.905626" lon="-8.392467"><ele>252.925</ele><time>2025-06-23T04:47:26.998Z</time></trkpt><trkpt lat="42.905647" lon="-8.392530"><ele>252.943</ele><time>2025-06-23T04:47:30.998Z</time></trkpt><trkpt lat="42.905643" lon="-8.392605"><ele>252.976</ele><time>2025-06-23T04:47:35.998Z</time></trkpt><trkpt lat="42.905660" lon="-8.392662"><ele>252.925</ele><time>2025-06-23T04:47:38.998Z</time></trkpt><trkpt lat="42.905694" lon="-8.392712"><ele>252.946</ele><time>2025-06-23T04:47:42.998Z</time></trkpt><trkpt lat="42.905714" lon="-8.392779"><ele>253.053</ele><time>2025-06-23T04:47:47.998Z</time></trkpt><trkpt lat="42.905721" lon="-8.392843"><ele>253.079</ele><time>2025-06-23T04:47:51.998Z</time></trkpt><trkpt lat="42.905770" lon="-8.392917"><ele>253.064</ele><time>2025-06-23T04:47:55.998Z</time></trkpt><trkpt lat="42.905804" lon="-8.392962"><ele>253.089</ele><time>2025-06-23T04:48:00.998Z</time></trkpt><trkpt lat="42.905827" lon="-8.393032"><ele>253.006</ele><time>2025-06-23T04:48:04.998Z</time></trkpt><trkpt lat="42.905858" lon="-8.393086"><ele>252.926</ele><time>2025-06-23T04:48:09.998Z</time></trkpt><trkpt lat="42.905874" lon="-8.393144"><ele>252.909</ele><time>2025-06-23T04:48:13.998Z</time></trkpt><trkpt lat="42.905886" lon="-8.393208"><ele>252.990</ele><time>2025-06-23T04:48:16.998Z</time></trkpt><trkpt lat="42.905905" lon="-8.393266"><ele>252.999</ele><time>2025-06-23T04:48:20.998Z</time></trkpt><trkpt lat="42.905931" lon="-8.393323"><ele>252.917</ele><time>2025-06-23T04:48:25.998Z</time></trkpt><trkpt lat="42.905934" lon="-8.393398"><ele>252.970</ele><time>2025-06-23T04:48:29.998Z</time></trkpt><trkpt lat="42.905947" lon="-8.393469"><ele>252.979</ele><time>2025-06-23T04:48:37.998Z</time></trkpt><trkpt lat="42.905921" lon="-8.393533"><ele>252.970</ele><time>2025-06-23T04:48:45.998Z</time></trkpt><trkpt lat="42.905905" lon="-8.393601"><ele>252.987</ele><time>2025-06-23T04:48:49.998Z</time></trkpt><trkpt lat="42.905894" lon="-8.393672"><ele>252.973</ele><time>2025-06-23T04:48:54.998Z</time></trkpt><trkpt lat="42.905880" lon="-8.393749"><ele>252.968</ele><time>2025-06-23T04:48:58.998Z</time></trkpt><trkpt lat="42.905859" lon="-8.393812"><ele>252.741</ele><time>2025-06-23T04:49:03.998Z</time></trkpt><trkpt lat="42.905861" lon="-8.393878"><ele>252.181</ele><time>2025-06-23T04:49:08.998Z</time></trkpt><trkpt lat="42.905909" lon="-8.393930"><ele>251.409</ele><time>2025-06-23T04:49:13.998Z</time></trkpt><trkpt lat="42.905920" lon="-8.394003"><ele>251.409</ele><time>2025-06-23T04:49:16.998Z</time></trkpt><trkpt lat="42.905928" lon="-8.394068"><ele>251.536</ele><time>2025-06-23T04:49:20.998Z</time></trkpt><trkpt lat="42.905936" lon="-8.394132"><ele>251.565</ele><time>2025-06-23T04:49:24.998Z</time></trkpt><trkpt lat="42.905941" lon="-8.394195"><ele>252.083</ele><time>2025-06-23T04:49:29.998Z</time></trkpt><trkpt lat="42.905949" lon="-8.394268"><ele>252.736</ele><time>2025-06-23T04:49:36.998Z</time></trkpt><trkpt lat="42.905948" lon="-8.394330"><ele>253.445</ele><time>2025-06-23T04:49:39.998Z</time></trkpt><trkpt lat="42.905931" lon="-8.394415"><ele>254.346</ele><time>2025-06-23T04:49:43.998Z</time></trkpt><trkpt lat="42.905919" lon="-8.394482"><ele>255.053</ele><time>2025-06-23T04:49:49.998Z</time></trkpt><trkpt lat="42.905912" lon="-8.394557"><ele>255.419</ele><time>2025-06-23T04:49:55.998Z</time></trkpt><trkpt lat="42.905896" lon="-8.394621"><ele>255.664</ele><time>2025-06-23T04:50:00.998Z</time></trkpt><trkpt lat="42.905880" lon="-8.394685"><ele>256.137</ele><time>2025-06-23T04:50:04.998Z</time></trkpt><trkpt lat="42.905860" lon="-8.394758"><ele>256.249</ele><time>2025-06-23T04:50:08.998Z</time></trkpt><trkpt lat="42.905837" lon="-8.394823"><ele>256.513</ele><time>2025-06-23T04:50:11.998Z</time></trkpt><trkpt lat="42.905823" lon="-8.394883"><ele>256.709</ele><time>2025-06-23T04:50:15.998Z</time></trkpt><trkpt lat="42.905811" lon="-8.394947"><ele>256.965</ele><time>2025-06-23T04:50:19.998Z</time></trkpt><trkpt lat="42.905798" lon="-8.395013"><ele>257.024</ele><time>2025-06-23T04:50:24.998Z</time></trkpt><trkpt lat="42.905781" lon="-8.395072"><ele>257.142</ele><time>2025-06-23T04:50:29.998Z</time></trkpt><trkpt lat="42.905765" lon="-8.395150"><ele>257.295</ele><time>2025-06-23T04:50:36.998Z</time></trkpt><trkpt lat="42.905752" lon="-8.395224"><ele>257.494</ele><time>2025-06-23T04:50:40.998Z</time></trkpt><trkpt lat="42.905738" lon="-8.395285"><ele>257.815</ele><time>2025-06-23T04:50:45.998Z</time></trkpt><trkpt lat="42.905724" lon="-8.395360"><ele>258.212</ele><time>2025-06-23T04:50:49.998Z</time></trkpt><trkpt lat="42.905712" lon="-8.395430"><ele>258.258</ele><time>2025-06-23T04:50:53.998Z</time></trkpt><trkpt lat="42.905709" lon="-8.395514"><ele>258.313</ele><time>2025-06-23T04:50:59.998Z</time></trkpt><trkpt lat="42.905700" lon="-8.395582"><ele>258.352</ele><time>2025-06-23T04:51:02.998Z</time></trkpt><trkpt lat="42.905691" lon="-8.395654"><ele>258.353</ele><time>2025-06-23T04:51:08.998Z</time></trkpt><trkpt lat="42.905680" lon="-8.395730"><ele>258.508</ele><time>2025-06-23T04:51:12.998Z</time></trkpt><trkpt lat="42.905672" lon="-8.395800"><ele>258.709</ele><time>2025-06-23T04:51:19.998Z</time></trkpt><trkpt lat="42.905669" lon="-8.395869"><ele>258.817</ele><time>2025-06-23T04:51:24.998Z</time></trkpt><trkpt lat="42.905657" lon="-8.395941"><ele>259.146</ele><time>2025-06-23T04:51:29.998Z</time></trkpt><trkpt lat="42.905650" lon="-8.396024"><ele>259.634</ele><time>2025-06-23T04:51:33.998Z</time></trkpt><trkpt lat="42.905642" lon="-8.396106"><ele>260.027</ele><time>2025-06-23T04:51:37.998Z</time></trkpt><trkpt lat="42.905635" lon="-8.396168"><ele>260.596</ele><time>2025-06-23T04:51:40.998Z</time></trkpt><trkpt lat="42.905630" lon="-8.396250"><ele>260.957</ele><time>2025-06-23T04:51:44.998Z</time></trkpt><trkpt lat="42.905618" lon="-8.396315"><ele>261.154</ele><time>2025-06-23T04:51:49.998Z</time></trkpt><trkpt lat="42.905610" lon="-8.396381"><ele>261.320</ele><time>2025-06-23T04:51:52.998Z</time></trkpt><trkpt lat="42.905601" lon="-8.396451"><ele>261.715</ele><time>2025-06-23T04:51:57.998Z</time></trkpt><trkpt lat="42.905598" lon="-8.396518"><ele>262.157</ele><time>2025-06-23T04:52:03.998Z</time></trkpt><trkpt lat="42.905592" lon="-8.396592"><ele>262.400</ele><time>2025-06-23T04:52:07.998Z</time></trkpt><trkpt lat="42.905584" lon="-8.396662"><ele>262.820</ele><time>2025-06-23T04:52:11.998Z</time></trkpt><trkpt lat="42.905576" lon="-8.396725"><ele>263.209</ele><time>2025-06-23T04:52:16.998Z</time></trkpt><trkpt lat="42.905567" lon="-8.396799"><ele>263.577</ele><time>2025-06-23T04:52:21.998Z</time></trkpt><trkpt lat="42.905554" lon="-8.396893"><ele>263.956</ele><time>2025-06-23T04:52:27.998Z</time></trkpt><trkpt lat="42.905550" lon="-8.396960"><ele>264.364</ele><time>2025-06-23T04:52:31.998Z</time></trkpt><trkpt lat="42.905535" lon="-8.397020"><ele>264.667</ele><time>2025-06-23T04:52:38.998Z</time></trkpt><trkpt lat="42.905529" lon="-8.397084"><ele>265.056</ele><time>2025-06-23T04:52:40.998Z</time></trkpt><trkpt lat="42.905527" lon="-8.397150"><ele>265.687</ele><time>2025-06-23T04:52:44.998Z</time></trkpt><trkpt lat="42.905523" lon="-8.397214"><ele>266.174</ele><time>2025-06-23T04:52:51.998Z</time></trkpt><trkpt lat="42.905519" lon="-8.397286"><ele>266.450</ele><time>2025-06-23T04:53:00.998Z</time></trkpt><trkpt lat="42.905508" lon="-8.397345"><ele>267.075</ele><time>2025-06-23T04:53:04.998Z</time></trkpt><trkpt lat="42.905499" lon="-8.397407"><ele>268.093</ele><time>2025-06-23T04:53:08.998Z</time></trkpt><trkpt lat="42.905493" lon="-8.397479"><ele>268.865</ele><time>2025-06-23T04:53:10.998Z</time></trkpt><trkpt lat="42.905490" lon="-8.397544"><ele>269.321</ele><time>2025-06-23T04:53:14.998Z</time></trkpt><trkpt lat="42.905488" lon="-8.397627"><ele>269.709</ele><time>2025-06-23T04:53:24.998Z</time></trkpt><trkpt lat="42.905483" lon="-8.397689"><ele>270.271</ele><time>2025-06-23T04:53:26.998Z</time></trkpt><trkpt lat="42.905483" lon="-8.397754"><ele>271.480</ele><time>2025-06-23T04:53:39.998Z</time></trkpt><trkpt lat="42.905488" lon="-8.397817"><ele>272.448</ele><time>2025-06-23T04:53:43.998Z</time></trkpt><trkpt lat="42.905506" lon="-8.397875"><ele>273.851</ele><time>2025-06-23T04:53:52.998Z</time></trkpt><trkpt lat="42.905535" lon="-8.397928"><ele>275.420</ele><time>2025-06-23T04:53:56.998Z</time></trkpt><trkpt lat="42.905574" lon="-8.397980"><ele>276.451</ele><time>2025-06-23T04:53:59.998Z</time></trkpt><trkpt lat="42.905622" lon="-8.398023"><ele>277.328</ele><time>2025-06-23T04:54:04.998Z</time></trkpt><trkpt lat="42.905673" lon="-8.398046"><ele>277.994</ele><time>2025-06-23T04:54:07.998Z</time></trkpt><trkpt lat="42.905728" lon="-8.398069"><ele>278.639</ele><time>2025-06-23T04:54:12.998Z</time></trkpt><trkpt lat="42.905773" lon="-8.398091"><ele>278.856</ele><time>2025-06-23T04:54:17.998Z</time></trkpt><trkpt lat="42.905817" lon="-8.398151"><ele>279.359</ele><time>2025-06-23T04:54:22.998Z</time></trkpt><trkpt lat="42.905850" lon="-8.398220"><ele>279.914</ele><time>2025-06-23T04:54:29.998Z</time></trkpt><trkpt lat="42.905878" lon="-8.398279"><ele>280.609</ele><time>2025-06-23T04:54:33.998Z</time></trkpt><trkpt lat="42.905908" lon="-8.398343"><ele>281.327</ele><time>2025-06-23T04:54:38.998Z</time></trkpt><trkpt lat="42.905934" lon="-8.398399"><ele>281.896</ele><time>2025-06-23T04:54:42.998Z</time></trkpt><trkpt lat="42.905960" lon="-8.398453"><ele>282.154</ele><time>2025-06-23T04:54:48.998Z</time></trkpt><trkpt lat="42.905991" lon="-8.398519"><ele>282.727</ele><time>2025-06-23T04:54:55.998Z</time></trkpt><trkpt lat="42.906023" lon="-8.398589"><ele>283.916</ele><time>2025-06-23T04:55:01.998Z</time></trkpt><trkpt lat="42.906042" lon="-8.398649"><ele>284.517</ele><time>2025-06-23T04:55:05.998Z</time></trkpt><trkpt lat="42.906071" lon="-8.398696"><ele>285.534</ele><time>2025-06-23T04:55:10.998Z</time></trkpt><trkpt lat="42.906097" lon="-8.398757"><ele>286.260</ele><time>2025-06-23T04:55:13.998Z</time></trkpt><trkpt lat="42.906126" lon="-8.398818"><ele>286.825</ele><time>2025-06-23T04:55:19.998Z</time></trkpt><trkpt lat="42.906149" lon="-8.398878"><ele>287.315</ele><time>2025-06-23T04:55:23.998Z</time></trkpt><trkpt lat="42.906169" lon="-8.398940"><ele>287.865</ele><time>2025-06-23T04:55:27.998Z</time></trkpt><trkpt lat="42.906198" lon="-8.398989"><ele>288.411</ele><time>2025-06-23T04:55:32.998Z</time></trkpt><trkpt lat="42.906224" lon="-8.399059"><ele>288.809</ele><time>2025-06-23T04:55:37.998Z</time></trkpt><trkpt lat="42.906246" lon="-8.399125"><ele>289.163</ele><time>2025-06-23T04:55:42.998Z</time></trkpt><trkpt lat="42.906267" lon="-8.399182"><ele>289.322</ele><time>2025-06-23T04:55:46.998Z</time></trkpt><trkpt lat="42.906285" lon="-8.399243"><ele>289.570</ele><time>2025-06-23T04:55:51.998Z</time></trkpt><trkpt lat="42.906305" lon="-8.399313"><ele>289.763</ele><time>2025-06-23T04:55:55.998Z</time></trkpt><trkpt lat="42.906323" lon="-8.399378"><ele>289.972</ele><time>2025-06-23T04:55:59.998Z</time></trkpt><trkpt lat="42.906340" lon="-8.399466"><ele>290.183</ele><time>2025-06-23T04:56:04.998Z</time></trkpt><trkpt lat="42.906353" lon="-8.399537"><ele>290.610</ele><time>2025-06-23T04:56:11.998Z</time></trkpt><trkpt lat="42.906362" lon="-8.399605"><ele>291.016</ele><time>2025-06-23T04:56:17.998Z</time></trkpt><trkpt lat="42.906367" lon="-8.399670"><ele>291.671</ele><time>2025-06-23T04:56:21.998Z</time></trkpt><trkpt lat="42.906367" lon="-8.399751"><ele>292.022</ele><time>2025-06-23T04:56:26.998Z</time></trkpt><trkpt lat="42.906359" lon="-8.399813"><ele>292.162</ele><time>2025-06-23T04:56:30.998Z</time></trkpt><trkpt lat="42.906345" lon="-8.399872"><ele>292.308</ele><time>2025-06-23T04:56:33.998Z</time></trkpt><trkpt lat="42.906327" lon="-8.399934"><ele>292.509</ele><time>2025-06-23T04:56:38.998Z</time></trkpt><trkpt lat="42.906310" lon="-8.399991"><ele>292.724</ele><time>2025-06-23T04:56:42.998Z</time></trkpt><trkpt lat="42.906282" lon="-8.400064"><ele>292.963</ele><time>2025-06-23T04:56:47.998Z</time></trkpt><trkpt lat="42.906269" lon="-8.400150"><ele>293.161</ele><time>2025-06-23T04:56:54.998Z</time></trkpt><trkpt lat="42.906249" lon="-8.400231"><ele>293.414</ele><time>2025-06-23T04:56:59.998Z</time></trkpt><trkpt lat="42.906240" lon="-8.400295"><ele>293.633</ele><time>2025-06-23T04:57:03.998Z</time></trkpt><trkpt lat="42.906239" lon="-8.400359"><ele>293.984</ele><time>2025-06-23T04:57:06.998Z</time></trkpt><trkpt lat="42.906237" lon="-8.400424"><ele>294.021</ele><time>2025-06-23T04:57:10.998Z</time></trkpt><trkpt lat="42.906222" lon="-8.400483"><ele>294.277</ele><time>2025-06-23T04:57:15.998Z</time></trkpt><trkpt lat="42.906217" lon="-8.400549"><ele>294.432</ele><time>2025-06-23T04:57:18.998Z</time></trkpt><trkpt lat="42.906202" lon="-8.400619"><ele>294.775</ele><time>2025-06-23T04:57:22.998Z</time></trkpt><trkpt lat="42.906192" lon="-8.400699"><ele>295.028</ele><time>2025-06-23T04:57:27.998Z</time></trkpt><trkpt lat="42.906166" lon="-8.400760"><ele>295.220</ele><time>2025-06-23T04:57:32.998Z</time></trkpt><trkpt lat="42.906169" lon="-8.400821"><ele>295.409</ele><time>2025-06-23T04:57:37.998Z</time></trkpt><trkpt lat="42.906149" lon="-8.400889"><ele>295.659</ele><time>2025-06-23T04:57:40.998Z</time></trkpt><trkpt lat="42.906112" lon="-8.400958"><ele>296.178</ele><time>2025-06-23T04:57:48.998Z</time></trkpt><trkpt lat="42.906109" lon="-8.401027"><ele>296.236</ele><time>2025-06-23T04:57:53.998Z</time></trkpt><trkpt lat="42.906116" lon="-8.401091"><ele>296.589</ele><time>2025-06-23T04:57:56.998Z</time></trkpt><trkpt lat="42.906099" lon="-8.401171"><ele>296.918</ele><time>2025-06-23T04:57:59.998Z</time></trkpt><trkpt lat="42.906094" lon="-8.401235"><ele>297.069</ele><time>2025-06-23T04:58:04.998Z</time></trkpt><trkpt lat="42.906086" lon="-8.401300"><ele>297.056</ele><time>2025-06-23T04:58:07.998Z</time></trkpt><trkpt lat="42.906074" lon="-8.401368"><ele>297.052</ele><time>2025-06-23T04:58:13.998Z</time></trkpt><trkpt lat="42.906062" lon="-8.401435"><ele>297.077</ele><time>2025-06-23T04:58:17.998Z</time></trkpt><trkpt lat="42.906071" lon="-8.401504"><ele>297.084</ele><time>2025-06-23T04:58:23.998Z</time></trkpt><trkpt lat="42.906058" lon="-8.401566"><ele>297.007</ele><time>2025-06-23T04:58:27.998Z</time></trkpt><trkpt lat="42.906036" lon="-8.401640"><ele>297.017</ele><time>2025-06-23T04:58:31.998Z</time></trkpt><trkpt lat="42.906047" lon="-8.401706"><ele>297.109</ele><time>2025-06-23T04:58:35.998Z</time></trkpt><trkpt lat="42.906070" lon="-8.401759"><ele>297.130</ele><time>2025-06-23T04:58:40.998Z</time></trkpt><trkpt lat="42.906099" lon="-8.401816"><ele>297.139</ele><time>2025-06-23T04:58:44.998Z</time></trkpt><trkpt lat="42.906105" lon="-8.401880"><ele>297.227</ele><time>2025-06-23T04:58:47.998Z</time></trkpt><trkpt lat="42.906122" lon="-8.401948"><ele>297.360</ele><time>2025-06-23T04:58:52.998Z</time></trkpt><trkpt lat="42.906137" lon="-8.402039"><ele>297.449</ele><time>2025-06-23T04:58:57.998Z</time></trkpt><trkpt lat="42.906146" lon="-8.402128"><ele>297.730</ele><time>2025-06-23T04:59:03.998Z</time></trkpt><trkpt lat="42.906191" lon="-8.402175"><ele>298.067</ele><time>2025-06-23T04:59:07.998Z</time></trkpt><trkpt lat="42.906211" lon="-8.402240"><ele>298.553</ele><time>2025-06-23T04:59:11.998Z</time></trkpt><trkpt lat="42.906212" lon="-8.402307"><ele>298.878</ele><time>2025-06-23T04:59:14.998Z</time></trkpt><trkpt lat="42.906195" lon="-8.402378"><ele>299.387</ele><time>2025-06-23T04:59:20.998Z</time></trkpt><trkpt lat="42.906181" lon="-8.402439"><ele>299.542</ele><time>2025-06-23T04:59:24.998Z</time></trkpt><trkpt lat="42.906137" lon="-8.402504"><ele>299.826</ele><time>2025-06-23T04:59:31.998Z</time></trkpt><trkpt lat="42.906112" lon="-8.402561"><ele>299.909</ele><time>2025-06-23T04:59:34.998Z</time></trkpt><trkpt lat="42.906089" lon="-8.402624"><ele>300.020</ele><time>2025-06-23T04:59:40.998Z</time></trkpt><trkpt lat="42.906061" lon="-8.402687"><ele>300.189</ele><time>2025-06-23T04:59:43.998Z</time></trkpt><trkpt lat="42.906020" lon="-8.402720"><ele>300.367</ele><time>2025-06-23T04:59:49.998Z</time></trkpt><trkpt lat="42.905970" lon="-8.402741"><ele>300.510</ele><time>2025-06-23T04:59:53.998Z</time></trkpt><trkpt lat="42.905944" lon="-8.402795"><ele>300.899</ele><time>2025-06-23T04:59:57.998Z</time></trkpt><trkpt lat="42.905924" lon="-8.402867"><ele>301.280</ele><time>2025-06-23T05:00:03.998Z</time></trkpt><trkpt lat="42.905894" lon="-8.402924"><ele>301.567</ele><time>2025-06-23T05:00:07.998Z</time></trkpt><trkpt lat="42.905859" lon="-8.402974"><ele>302.033</ele><time>2025-06-23T05:00:11.998Z</time></trkpt><trkpt lat="42.905823" lon="-8.403012"><ele>302.548</ele><time>2025-06-23T05:00:14.998Z</time></trkpt><trkpt lat="42.905824" lon="-8.403099"><ele>302.966</ele><time>2025-06-23T05:00:23.998Z</time></trkpt><trkpt lat="42.905788" lon="-8.403186"><ele>303.529</ele><time>2025-06-23T05:00:32.998Z</time></trkpt><trkpt lat="42.905780" lon="-8.403253"><ele>304.821</ele><time>2025-06-23T05:00:38.998Z</time></trkpt><trkpt lat="42.905771" lon="-8.403320"><ele>305.909</ele><time>2025-06-23T05:00:41.998Z</time></trkpt><trkpt lat="42.905779" lon="-8.403383"><ele>306.778</ele><time>2025-06-23T05:00:47.998Z</time></trkpt><trkpt lat="42.905762" lon="-8.403463"><ele>307.177</ele><time>2025-06-23T05:00:52.998Z</time></trkpt><trkpt lat="42.905762" lon="-8.403531"><ele>307.485</ele><time>2025-06-23T05:00:56.998Z</time></trkpt><trkpt lat="42.905782" lon="-8.403588"><ele>307.968</ele><time>2025-06-23T05:00:59.998Z</time></trkpt><trkpt lat="42.905802" lon="-8.403656"><ele>308.327</ele><time>2025-06-23T05:01:03.998Z</time></trkpt><trkpt lat="42.905807" lon="-8.403732"><ele>308.628</ele><time>2025-06-23T05:01:07.998Z</time></trkpt><trkpt lat="42.905831" lon="-8.403785"><ele>308.885</ele><time>2025-06-23T05:01:11.998Z</time></trkpt><trkpt lat="42.905810" lon="-8.403852"><ele>309.131</ele><time>2025-06-23T05:01:14.998Z</time></trkpt><trkpt lat="42.905817" lon="-8.403921"><ele>309.466</ele><time>2025-06-23T05:01:21.998Z</time></trkpt><trkpt lat="42.905810" lon="-8.403990"><ele>309.772</ele><time>2025-06-23T05:01:27.998Z</time></trkpt><trkpt lat="42.905823" lon="-8.404060"><ele>310.013</ele><time>2025-06-23T05:01:30.998Z</time></trkpt><trkpt lat="42.905825" lon="-8.404122"><ele>310.514</ele><time>2025-06-23T05:01:37.998Z</time></trkpt><trkpt lat="42.905849" lon="-8.404192"><ele>310.909</ele><time>2025-06-23T05:01:40.998Z</time></trkpt><trkpt lat="42.905857" lon="-8.404287"><ele>311.539</ele><time>2025-06-23T05:01:45.998Z</time></trkpt><trkpt lat="42.905890" lon="-8.404334"><ele>311.838</ele><time>2025-06-23T05:01:51.998Z</time></trkpt><trkpt lat="42.905902" lon="-8.404410"><ele>312.416</ele><time>2025-06-23T05:01:58.998Z</time></trkpt><trkpt lat="42.905907" lon="-8.404474"><ele>312.949</ele><time>2025-06-23T05:02:02.998Z</time></trkpt><trkpt lat="42.905926" lon="-8.404535"><ele>313.718</ele><time>2025-06-23T05:02:05.998Z</time></trkpt><trkpt lat="42.905928" lon="-8.404614"><ele>313.959</ele><time>2025-06-23T05:02:11.998Z</time></trkpt><trkpt lat="42.905922" lon="-8.404679"><ele>314.396</ele><time>2025-06-23T05:02:15.998Z</time></trkpt><trkpt lat="42.905923" lon="-8.404747"><ele>314.812</ele><time>2025-06-23T05:02:20.998Z</time></trkpt><trkpt lat="42.905923" lon="-8.404810"><ele>315.457</ele><time>2025-06-23T05:02:23.998Z</time></trkpt><trkpt lat="42.905929" lon="-8.404877"><ele>316.092</ele><time>2025-06-23T05:02:27.998Z</time></trkpt><trkpt lat="42.905921" lon="-8.404946"><ele>316.473</ele><time>2025-06-23T05:02:31.998Z</time></trkpt><trkpt lat="42.905909" lon="-8.405021"><ele>316.720</ele><time>2025-06-23T05:02:37.998Z</time></trkpt><trkpt lat="42.905914" lon="-8.405089"><ele>317.009</ele><time>2025-06-23T05:02:43.998Z</time></trkpt><trkpt lat="42.905912" lon="-8.405154"><ele>317.381</ele><time>2025-06-23T05:02:47.998Z</time></trkpt><trkpt lat="42.905896" lon="-8.405228"><ele>317.750</ele><time>2025-06-23T05:02:52.998Z</time></trkpt><trkpt lat="42.905890" lon="-8.405294"><ele>318.128</ele><time>2025-06-23T05:02:56.998Z</time></trkpt><trkpt lat="42.905889" lon="-8.405376"><ele>318.591</ele><time>2025-06-23T05:03:02.998Z</time></trkpt><trkpt lat="42.905888" lon="-8.405444"><ele>318.810</ele><time>2025-06-23T05:03:07.998Z</time></trkpt><trkpt lat="42.905900" lon="-8.405519"><ele>319.411</ele><time>2025-06-23T05:03:11.998Z</time></trkpt><trkpt lat="42.905900" lon="-8.405585"><ele>319.688</ele><time>2025-06-23T05:03:14.998Z</time></trkpt><trkpt lat="42.905905" lon="-8.405653"><ele>320.084</ele><time>2025-06-23T05:03:20.998Z</time></trkpt><trkpt lat="42.905916" lon="-8.405739"><ele>320.399</ele><time>2025-06-23T05:03:24.998Z</time></trkpt><trkpt lat="42.905890" lon="-8.405811"><ele>321.236</ele><time>2025-06-23T05:03:28.998Z</time></trkpt><trkpt lat="42.905905" lon="-8.405878"><ele>321.717</ele><time>2025-06-23T05:03:34.998Z</time></trkpt><trkpt lat="42.905897" lon="-8.405949"><ele>322.218</ele><time>2025-06-23T05:03:40.998Z</time></trkpt><trkpt lat="42.905896" lon="-8.406012"><ele>322.709</ele><time>2025-06-23T05:03:44.998Z</time></trkpt><trkpt lat="42.905884" lon="-8.406093"><ele>323.295</ele><time>2025-06-23T05:03:48.998Z</time></trkpt><trkpt lat="42.905874" lon="-8.406153"><ele>323.414</ele><time>2025-06-23T05:03:55.998Z</time></trkpt><trkpt lat="42.905885" lon="-8.406214"><ele>323.792</ele><time>2025-06-23T05:03:59.998Z</time></trkpt><trkpt lat="42.905877" lon="-8.406291"><ele>324.155</ele><time>2025-06-23T05:04:04.998Z</time></trkpt><trkpt lat="42.905870" lon="-8.406357"><ele>324.694</ele><time>2025-06-23T05:04:09.998Z</time></trkpt><trkpt lat="42.905875" lon="-8.406418"><ele>325.025</ele><time>2025-06-23T05:04:13.998Z</time></trkpt><trkpt lat="42.905872" lon="-8.406488"><ele>325.522</ele><time>2025-06-23T05:04:17.998Z</time></trkpt><trkpt lat="42.905893" lon="-8.406547"><ele>325.948</ele><time>2025-06-23T05:04:23.998Z</time></trkpt><trkpt lat="42.905879" lon="-8.406625"><ele>326.363</ele><time>2025-06-23T05:04:27.998Z</time></trkpt><trkpt lat="42.905875" lon="-8.406688"><ele>326.884</ele><time>2025-06-23T05:04:32.998Z</time></trkpt><trkpt lat="42.905866" lon="-8.406767"><ele>327.307</ele><time>2025-06-23T05:04:36.998Z</time></trkpt><trkpt lat="42.905836" lon="-8.406827"><ele>327.817</ele><time>2025-06-23T05:04:41.998Z</time></trkpt><trkpt lat="42.905836" lon="-8.406893"><ele>328.309</ele><time>2025-06-23T05:04:47.998Z</time></trkpt><trkpt lat="42.905808" lon="-8.406947"><ele>328.760</ele><time>2025-06-23T05:04:51.998Z</time></trkpt><trkpt lat="42.905815" lon="-8.407018"><ele>329.379</ele><time>2025-06-23T05:04:56.998Z</time></trkpt><trkpt lat="42.905841" lon="-8.407080"><ele>329.847</ele><time>2025-06-23T05:05:01.998Z</time></trkpt><trkpt lat="42.905853" lon="-8.407142"><ele>330.210</ele><time>2025-06-23T05:05:04.998Z</time></trkpt><trkpt lat="42.905879" lon="-8.407204"><ele>330.669</ele><time>2025-06-23T05:05:11.998Z</time></trkpt><trkpt lat="42.905893" lon="-8.407283"><ele>331.070</ele><time>2025-06-23T05:05:16.998Z</time></trkpt><trkpt lat="42.905880" lon="-8.407355"><ele>331.587</ele><time>2025-06-23T05:05:23.998Z</time></trkpt><trkpt lat="42.905887" lon="-8.407425"><ele>332.123</ele><time>2025-06-23T05:05:25.998Z</time></trkpt><trkpt lat="42.905895" lon="-8.407495"><ele>333.358</ele><time>2025-06-23T05:05:28.998Z</time></trkpt><trkpt lat="42.905884" lon="-8.407572"><ele>333.494</ele><time>2025-06-23T05:05:31.998Z</time></trkpt><trkpt lat="42.905893" lon="-8.407641"><ele>333.657</ele><time>2025-06-23T05:05:43.998Z</time></trkpt><trkpt lat="42.905890" lon="-8.407709"><ele>334.022</ele><time>2025-06-23T05:05:48.998Z</time></trkpt><trkpt lat="42.905895" lon="-8.407787"><ele>334.809</ele><time>2025-06-23T05:05:56.998Z</time></trkpt><trkpt lat="42.905868" lon="-8.407840"><ele>335.911</ele><time>2025-06-23T05:05:59.998Z</time></trkpt><trkpt lat="42.905858" lon="-8.407905"><ele>336.950</ele><time>2025-06-23T05:06:02.998Z</time></trkpt><trkpt lat="42.905843" lon="-8.407993"><ele>337.848</ele><time>2025-06-23T05:06:05.998Z</time></trkpt><trkpt lat="42.905817" lon="-8.408056"><ele>338.171</ele><time>2025-06-23T05:06:08.998Z</time></trkpt><trkpt lat="42.905820" lon="-8.408119"><ele>338.290</ele><time>2025-06-23T05:06:13.998Z</time></trkpt><trkpt lat="42.905786" lon="-8.408182"><ele>338.511</ele><time>2025-06-23T05:06:19.998Z</time></trkpt><trkpt lat="42.905757" lon="-8.408244"><ele>338.898</ele><time>2025-06-23T05:06:25.998Z</time></trkpt><trkpt lat="42.905724" lon="-8.408304"><ele>339.094</ele><time>2025-06-23T05:06:30.998Z</time></trkpt><trkpt lat="42.905741" lon="-8.408363"><ele>339.469</ele><time>2025-06-23T05:06:33.998Z</time></trkpt><trkpt lat="42.905717" lon="-8.408423"><ele>339.778</ele><time>2025-06-23T05:06:36.998Z</time></trkpt><trkpt lat="42.905710" lon="-8.408485"><ele>339.833</ele><time>2025-06-23T05:06:40.998Z</time></trkpt><trkpt lat="42.905734" lon="-8.408538"><ele>339.926</ele><time>2025-06-23T05:06:43.998Z</time></trkpt><trkpt lat="42.905726" lon="-8.408599"><ele>340.009</ele><time>2025-06-23T05:06:46.998Z</time></trkpt><trkpt lat="42.905755" lon="-8.408655"><ele>340.159</ele><time>2025-06-23T05:06:50.998Z</time></trkpt><trkpt lat="42.905776" lon="-8.408713"><ele>340.228</ele><time>2025-06-23T05:06:54.998Z</time></trkpt><trkpt lat="42.905807" lon="-8.408757"><ele>340.346</ele><time>2025-06-23T05:07:00.998Z</time></trkpt><trkpt lat="42.905849" lon="-8.408802"><ele>340.579</ele><time>2025-06-23T05:07:06.998Z</time></trkpt><trkpt lat="42.905857" lon="-8.408866"><ele>340.838</ele><time>2025-06-23T05:07:10.998Z</time></trkpt><trkpt lat="42.905890" lon="-8.408923"><ele>341.179</ele><time>2025-06-23T05:07:14.998Z</time></trkpt><trkpt lat="42.905915" lon="-8.408991"><ele>341.386</ele><time>2025-06-23T05:07:18.998Z</time></trkpt><trkpt lat="42.905950" lon="-8.409043"><ele>341.522</ele><time>2025-06-23T05:07:24.998Z</time></trkpt><trkpt lat="42.905972" lon="-8.409105"><ele>341.777</ele><time>2025-06-23T05:07:27.998Z</time></trkpt><trkpt lat="42.905975" lon="-8.409174"><ele>342.022</ele><time>2025-06-23T05:07:32.998Z</time></trkpt><trkpt lat="42.905983" lon="-8.409253"><ele>342.262</ele><time>2025-06-23T05:07:37.998Z</time></trkpt><trkpt lat="42.905970" lon="-8.409327"><ele>342.408</ele><time>2025-06-23T05:07:41.998Z</time></trkpt><trkpt lat="42.905974" lon="-8.409393"><ele>342.609</ele><time>2025-06-23T05:07:45.998Z</time></trkpt><trkpt lat="42.906014" lon="-8.409439"><ele>342.894</ele><time>2025-06-23T05:07:51.998Z</time></trkpt><trkpt lat="42.906051" lon="-8.409481"><ele>343.153</ele><time>2025-06-23T05:07:54.998Z</time></trkpt><trkpt lat="42.906104" lon="-8.409519"><ele>343.691</ele><time>2025-06-23T05:07:58.998Z</time></trkpt><trkpt lat="42.906145" lon="-8.409557"><ele>344.184</ele><time>2025-06-23T05:08:03.998Z</time></trkpt><trkpt lat="42.906159" lon="-8.409629"><ele>344.433</ele><time>2025-06-23T05:08:10.998Z</time></trkpt><trkpt lat="42.906143" lon="-8.409696"><ele>344.794</ele><time>2025-06-23T05:08:15.998Z</time></trkpt><trkpt lat="42.906150" lon="-8.409771"><ele>345.351</ele><time>2025-06-23T05:08:21.998Z</time></trkpt><trkpt lat="42.906149" lon="-8.409844"><ele>345.627</ele><time>2025-06-23T05:08:24.998Z</time></trkpt><trkpt lat="42.906151" lon="-8.409923"><ele>346.692</ele><time>2025-06-23T05:08:29.998Z</time></trkpt><trkpt lat="42.906173" lon="-8.409978"><ele>346.834</ele><time>2025-06-23T05:08:34.998Z</time></trkpt><trkpt lat="42.906194" lon="-8.410049"><ele>347.255</ele><time>2025-06-23T05:08:37.998Z</time></trkpt><trkpt lat="42.906228" lon="-8.410113"><ele>347.810</ele><time>2025-06-23T05:08:40.998Z</time></trkpt><trkpt lat="42.906253" lon="-8.410166"><ele>348.009</ele><time>2025-06-23T05:08:49.998Z</time></trkpt><trkpt lat="42.906298" lon="-8.410191"><ele>348.395</ele><time>2025-06-23T05:08:53.998Z</time></trkpt><trkpt lat="42.906362" lon="-8.410214"><ele>349.254</ele><time>2025-06-23T05:08:56.998Z</time></trkpt><trkpt lat="42.906404" lon="-8.410271"><ele>349.552</ele><time>2025-06-23T05:09:02.998Z</time></trkpt><trkpt lat="42.906432" lon="-8.410327"><ele>349.765</ele><time>2025-06-23T05:09:07.998Z</time></trkpt><trkpt lat="42.906464" lon="-8.410386"><ele>350.324</ele><time>2025-06-23T05:09:16.998Z</time></trkpt><trkpt lat="42.906508" lon="-8.410435"><ele>350.855</ele><time>2025-06-23T05:09:19.998Z</time></trkpt><trkpt lat="42.906552" lon="-8.410472"><ele>351.892</ele><time>2025-06-23T05:09:27.998Z</time></trkpt><trkpt lat="42.906608" lon="-8.410531"><ele>352.118</ele><time>2025-06-23T05:09:31.998Z</time></trkpt><trkpt lat="42.906661" lon="-8.410549"><ele>353.023</ele><time>2025-06-23T05:09:38.998Z</time></trkpt><trkpt lat="42.906715" lon="-8.410594"><ele>353.446</ele><time>2025-06-23T05:09:42.998Z</time></trkpt><trkpt lat="42.906758" lon="-8.410615"><ele>353.988</ele><time>2025-06-23T05:09:46.998Z</time></trkpt><trkpt lat="42.906809" lon="-8.410623"><ele>354.216</ele><time>2025-06-23T05:09:50.998Z</time></trkpt><trkpt lat="42.906854" lon="-8.410647"><ele>354.309</ele><time>2025-06-23T05:09:55.998Z</time></trkpt><trkpt lat="42.906899" lon="-8.410694"><ele>354.436</ele><time>2025-06-23T05:09:59.998Z</time></trkpt><trkpt lat="42.906945" lon="-8.410716"><ele>354.525</ele><time>2025-06-23T05:10:03.998Z</time></trkpt><trkpt lat="42.906997" lon="-8.410713"><ele>354.793</ele><time>2025-06-23T05:10:07.998Z</time></trkpt><trkpt lat="42.907040" lon="-8.410732"><ele>354.946</ele><time>2025-06-23T05:10:12.998Z</time></trkpt><trkpt lat="42.907078" lon="-8.410779"><ele>355.095</ele><time>2025-06-23T05:10:16.998Z</time></trkpt><trkpt lat="42.907130" lon="-8.410811"><ele>355.186</ele><time>2025-06-23T05:10:23.998Z</time></trkpt><trkpt lat="42.907166" lon="-8.410848"><ele>355.223</ele><time>2025-06-23T05:10:26.998Z</time></trkpt><trkpt lat="42.907211" lon="-8.410888"><ele>355.479</ele><time>2025-06-23T05:10:31.998Z</time></trkpt><trkpt lat="42.907246" lon="-8.410941"><ele>355.674</ele><time>2025-06-23T05:10:34.998Z</time></trkpt><trkpt lat="42.907275" lon="-8.410992"><ele>355.813</ele><time>2025-06-23T05:10:41.998Z</time></trkpt><trkpt lat="42.907319" lon="-8.411021"><ele>356.043</ele><time>2025-06-23T05:10:44.998Z</time></trkpt><trkpt lat="42.907352" lon="-8.411091"><ele>356.207</ele><time>2025-06-23T05:10:48.998Z</time></trkpt><trkpt lat="42.907386" lon="-8.411146"><ele>356.409</ele><time>2025-06-23T05:10:53.998Z</time></trkpt><trkpt lat="42.907422" lon="-8.411183"><ele>356.723</ele><time>2025-06-23T05:10:57.998Z</time></trkpt><trkpt lat="42.907455" lon="-8.411251"><ele>357.052</ele><time>2025-06-23T05:11:01.998Z</time></trkpt><trkpt lat="42.907482" lon="-8.411305"><ele>357.390</ele><time>2025-06-23T05:11:09.998Z</time></trkpt><trkpt lat="42.907570" lon="-8.411313"><ele>357.863</ele><time>2025-06-23T05:11:38.998Z</time></trkpt><trkpt lat="42.907546" lon="-8.411367"><ele>358.322</ele><time>2025-06-23T05:11:40.998Z</time></trkpt><trkpt lat="42.907531" lon="-8.411433"><ele>358.373</ele><time>2025-06-23T05:11:43.998Z</time></trkpt><trkpt lat="42.907537" lon="-8.411499"><ele>358.360</ele><time>2025-06-23T05:11:48.998Z</time></trkpt><trkpt lat="42.907546" lon="-8.411565"><ele>358.356</ele><time>2025-06-23T05:11:52.998Z</time></trkpt><trkpt lat="42.907549" lon="-8.411628"><ele>358.461</ele><time>2025-06-23T05:11:57.998Z</time></trkpt><trkpt lat="42.907539" lon="-8.411697"><ele>358.757</ele><time>2025-06-23T05:12:01.998Z</time></trkpt><trkpt lat="42.907564" lon="-8.411751"><ele>359.000</ele><time>2025-06-23T05:12:07.998Z</time></trkpt><trkpt lat="42.907556" lon="-8.411812"><ele>359.320</ele><time>2025-06-23T05:12:10.998Z</time></trkpt><trkpt lat="42.907565" lon="-8.411879"><ele>359.609</ele><time>2025-06-23T05:12:14.998Z</time></trkpt><trkpt lat="42.907593" lon="-8.411954"><ele>359.947</ele><time>2025-06-23T05:12:19.998Z</time></trkpt><trkpt lat="42.907609" lon="-8.412014"><ele>360.296</ele><time>2025-06-23T05:12:23.998Z</time></trkpt><trkpt lat="42.907644" lon="-8.412064"><ele>360.644</ele><time>2025-06-23T05:12:26.998Z</time></trkpt><trkpt lat="42.907639" lon="-8.412127"><ele>361.097</ele><time>2025-06-23T05:12:32.998Z</time></trkpt><trkpt lat="42.907667" lon="-8.412186"><ele>361.336</ele><time>2025-06-23T05:12:35.998Z</time></trkpt><trkpt lat="42.907679" lon="-8.412252"><ele>361.817</ele><time>2025-06-23T05:12:39.998Z</time></trkpt><trkpt lat="42.907700" lon="-8.412316"><ele>362.274</ele><time>2025-06-23T05:12:45.998Z</time></trkpt><trkpt lat="42.907723" lon="-8.412374"><ele>362.470</ele><time>2025-06-23T05:12:48.998Z</time></trkpt><trkpt lat="42.907733" lon="-8.412446"><ele>362.965</ele><time>2025-06-23T05:12:52.998Z</time></trkpt><trkpt lat="42.907752" lon="-8.412506"><ele>363.386</ele><time>2025-06-23T05:12:57.998Z</time></trkpt><trkpt lat="42.907749" lon="-8.412574"><ele>363.660</ele><time>2025-06-23T05:13:02.998Z</time></trkpt><trkpt lat="42.907772" lon="-8.412633"><ele>363.926</ele><time>2025-06-23T05:13:06.998Z</time></trkpt><trkpt lat="42.907799" lon="-8.412695"><ele>364.309</ele><time>2025-06-23T05:13:10.998Z</time></trkpt><trkpt lat="42.907817" lon="-8.412755"><ele>364.730</ele><time>2025-06-23T05:13:15.998Z</time></trkpt><trkpt lat="42.907837" lon="-8.412822"><ele>365.029</ele><time>2025-06-23T05:13:20.998Z</time></trkpt><trkpt lat="42.907850" lon="-8.412898"><ele>365.427</ele><time>2025-06-23T05:13:24.998Z</time></trkpt><trkpt lat="42.907872" lon="-8.412955"><ele>365.990</ele><time>2025-06-23T05:13:29.998Z</time></trkpt><trkpt lat="42.907888" lon="-8.413013"><ele>366.369</ele><time>2025-06-23T05:13:32.998Z</time></trkpt><trkpt lat="42.907927" lon="-8.413069"><ele>366.730</ele><time>2025-06-23T05:13:37.998Z</time></trkpt><trkpt lat="42.907942" lon="-8.413136"><ele>367.077</ele><time>2025-06-23T05:13:41.998Z</time></trkpt><trkpt lat="42.907952" lon="-8.413202"><ele>367.363</ele><time>2025-06-23T05:13:48.998Z</time></trkpt><trkpt lat="42.907986" lon="-8.413268"><ele>367.628</ele><time>2025-06-23T05:13:51.998Z</time></trkpt><trkpt lat="42.907997" lon="-8.413332"><ele>367.943</ele><time>2025-06-23T05:13:55.998Z</time></trkpt><trkpt lat="42.908009" lon="-8.413397"><ele>368.264</ele><time>2025-06-23T05:14:00.998Z</time></trkpt><trkpt lat="42.908022" lon="-8.413469"><ele>368.410</ele><time>2025-06-23T05:14:06.998Z</time></trkpt><trkpt lat="42.908035" lon="-8.413543"><ele>368.609</ele><time>2025-06-23T05:14:11.998Z</time></trkpt><trkpt lat="42.908056" lon="-8.413605"><ele>368.836</ele><time>2025-06-23T05:14:14.998Z</time></trkpt><trkpt lat="42.908081" lon="-8.413666"><ele>369.095</ele><time>2025-06-23T05:14:21.998Z</time></trkpt><trkpt lat="42.908109" lon="-8.413732"><ele>369.183</ele><time>2025-06-23T05:14:25.998Z</time></trkpt><trkpt lat="42.908115" lon="-8.413794"><ele>369.216</ele><time>2025-06-23T05:14:27.998Z</time></trkpt><trkpt lat="42.908133" lon="-8.413856"><ele>369.315</ele><time>2025-06-23T05:14:31.998Z</time></trkpt><trkpt lat="42.908164" lon="-8.413917"><ele>369.396</ele><time>2025-06-23T05:14:36.998Z</time></trkpt><trkpt lat="42.908191" lon="-8.413994"><ele>369.323</ele><time>2025-06-23T05:14:40.998Z</time></trkpt><trkpt lat="42.908201" lon="-8.414062"><ele>369.329</ele><time>2025-06-23T05:14:45.998Z</time></trkpt><trkpt lat="42.908212" lon="-8.414123"><ele>369.384</ele><time>2025-06-23T05:14:50.998Z</time></trkpt><trkpt lat="42.908227" lon="-8.414182"><ele>369.316</ele><time>2025-06-23T05:14:52.998Z</time></trkpt><trkpt lat="42.908246" lon="-8.414249"><ele>369.376</ele><time>2025-06-23T05:14:57.998Z</time></trkpt><trkpt lat="42.908255" lon="-8.414310"><ele>369.313</ele><time>2025-06-23T05:15:00.998Z</time></trkpt><trkpt lat="42.908281" lon="-8.414381"><ele>369.309</ele><time>2025-06-23T05:15:05.998Z</time></trkpt><trkpt lat="42.908293" lon="-8.414447"><ele>369.343</ele><time>2025-06-23T05:15:10.998Z</time></trkpt><trkpt lat="42.908317" lon="-8.414536"><ele>369.362</ele><time>2025-06-23T05:15:14.998Z</time></trkpt><trkpt lat="42.908348" lon="-8.414588"><ele>369.370</ele><time>2025-06-23T05:15:17.998Z</time></trkpt><trkpt lat="42.908364" lon="-8.414654"><ele>369.333</ele><time>2025-06-23T05:15:22.998Z</time></trkpt><trkpt lat="42.908375" lon="-8.414728"><ele>369.332</ele><time>2025-06-23T05:15:27.998Z</time></trkpt><trkpt lat="42.908436" lon="-8.414731"><ele>369.323</ele><time>2025-06-23T05:15:32.998Z</time></trkpt><trkpt lat="42.908483" lon="-8.414756"><ele>369.350</ele><time>2025-06-23T05:15:39.998Z</time></trkpt><trkpt lat="42.908529" lon="-8.414758"><ele>369.346</ele><time>2025-06-23T05:15:43.998Z</time></trkpt><trkpt lat="42.908574" lon="-8.414749"><ele>369.391</ele><time>2025-06-23T05:15:48.998Z</time></trkpt><trkpt lat="42.908623" lon="-8.414749"><ele>369.391</ele><time>2025-06-23T05:15:52.998Z</time></trkpt><trkpt lat="42.908679" lon="-8.414728"><ele>369.381</ele><time>2025-06-23T05:15:58.998Z</time></trkpt><trkpt lat="42.908729" lon="-8.414728"><ele>369.319</ele><time>2025-06-23T05:16:04.998Z</time></trkpt><trkpt lat="42.908778" lon="-8.414719"><ele>369.309</ele><time>2025-06-23T05:16:08.998Z</time></trkpt><trkpt lat="42.908835" lon="-8.414697"><ele>369.341</ele><time>2025-06-23T05:16:12.998Z</time></trkpt><trkpt lat="42.908890" lon="-8.414704"><ele>369.210</ele><time>2025-06-23T05:16:15.998Z</time></trkpt><trkpt lat="42.908930" lon="-8.414731"><ele>369.248</ele><time>2025-06-23T05:16:20.998Z</time></trkpt><trkpt lat="42.908977" lon="-8.414722"><ele>369.221</ele><time>2025-06-23T05:16:24.998Z</time></trkpt><trkpt lat="42.909024" lon="-8.414703"><ele>369.160</ele><time>2025-06-23T05:16:28.998Z</time></trkpt><trkpt lat="42.909064" lon="-8.414672"><ele>369.151</ele><time>2025-06-23T05:16:32.998Z</time></trkpt><trkpt lat="42.909115" lon="-8.414689"><ele>369.198</ele><time>2025-06-23T05:16:38.998Z</time></trkpt><trkpt lat="42.909177" lon="-8.414670"><ele>369.114</ele><time>2025-06-23T05:16:42.998Z</time></trkpt><trkpt lat="42.909220" lon="-8.414650"><ele>369.199</ele><time>2025-06-23T05:16:44.998Z</time></trkpt><trkpt lat="42.909265" lon="-8.414648"><ele>369.111</ele><time>2025-06-23T05:16:48.998Z</time></trkpt><trkpt lat="42.909315" lon="-8.414630"><ele>369.121</ele><time>2025-06-23T05:16:54.998Z</time></trkpt><trkpt lat="42.909371" lon="-8.414639"><ele>369.103</ele><time>2025-06-23T05:16:57.998Z</time></trkpt><trkpt lat="42.909430" lon="-8.414630"><ele>369.209</ele><time>2025-06-23T05:17:00.998Z</time></trkpt><trkpt lat="42.909478" lon="-8.414609"><ele>369.493</ele><time>2025-06-23T05:17:07.998Z</time></trkpt><trkpt lat="42.909531" lon="-8.414603"><ele>369.672</ele><time>2025-06-23T05:17:14.998Z</time></trkpt><trkpt lat="42.909576" lon="-8.414583"><ele>369.780</ele><time>2025-06-23T05:17:18.998Z</time></trkpt><trkpt lat="42.909632" lon="-8.414576"><ele>369.993</ele><time>2025-06-23T05:17:21.998Z</time></trkpt><trkpt lat="42.909674" lon="-8.414538"><ele>370.112</ele><time>2025-06-23T05:17:25.998Z</time></trkpt><trkpt lat="42.909733" lon="-8.414545"><ele>370.143</ele><time>2025-06-23T05:17:29.998Z</time></trkpt><trkpt lat="42.909783" lon="-8.414520"><ele>370.110</ele><time>2025-06-23T05:17:35.998Z</time></trkpt><trkpt lat="42.909829" lon="-8.414534"><ele>370.176</ele><time>2025-06-23T05:17:39.998Z</time></trkpt><trkpt lat="42.909878" lon="-8.414506"><ele>370.061</ele><time>2025-06-23T05:17:44.998Z</time></trkpt><trkpt lat="42.909927" lon="-8.414502"><ele>370.036</ele><time>2025-06-23T05:17:48.998Z</time></trkpt><trkpt lat="42.909972" lon="-8.414494"><ele>370.017</ele><time>2025-06-23T05:17:52.998Z</time></trkpt><trkpt lat="42.910029" lon="-8.414507"><ele>370.018</ele><time>2025-06-23T05:17:55.998Z</time></trkpt><trkpt lat="42.910081" lon="-8.414508"><ele>370.009</ele><time>2025-06-23T05:18:00.998Z</time></trkpt><trkpt lat="42.910130" lon="-8.414480"><ele>370.075</ele><time>2025-06-23T05:18:04.998Z</time></trkpt><trkpt lat="42.910182" lon="-8.414475"><ele>370.074</ele><time>2025-06-23T05:18:10.998Z</time></trkpt><trkpt lat="42.910228" lon="-8.414483"><ele>370.082</ele><time>2025-06-23T05:18:14.998Z</time></trkpt><trkpt lat="42.910278" lon="-8.414479"><ele>370.085</ele><time>2025-06-23T05:18:17.998Z</time></trkpt><trkpt lat="42.910319" lon="-8.414444"><ele>370.044</ele><time>2025-06-23T05:18:21.998Z</time></trkpt><trkpt lat="42.910375" lon="-8.414449"><ele>370.085</ele><time>2025-06-23T05:18:25.998Z</time></trkpt><trkpt lat="42.910432" lon="-8.414433"><ele>370.092</ele><time>2025-06-23T05:18:30.998Z</time></trkpt><trkpt lat="42.910485" lon="-8.414441"><ele>370.088</ele><time>2025-06-23T05:18:34.998Z</time></trkpt><trkpt lat="42.910543" lon="-8.414436"><ele>369.823</ele><time>2025-06-23T05:18:40.998Z</time></trkpt><trkpt lat="42.910593" lon="-8.414439"><ele>369.675</ele><time>2025-06-23T05:18:45.998Z</time></trkpt><trkpt lat="42.910650" lon="-8.414432"><ele>369.528</ele><time>2025-06-23T05:18:50.998Z</time></trkpt><trkpt lat="42.910699" lon="-8.414430"><ele>369.420</ele><time>2025-06-23T05:18:55.998Z</time></trkpt><trkpt lat="42.910736" lon="-8.414392"><ele>369.109</ele><time>2025-06-23T05:19:00.998Z</time></trkpt><trkpt lat="42.910782" lon="-8.414416"><ele>368.979</ele><time>2025-06-23T05:19:03.998Z</time></trkpt><trkpt lat="42.910823" lon="-8.414377"><ele>368.838</ele><time>2025-06-23T05:19:07.998Z</time></trkpt><trkpt lat="42.910877" lon="-8.414374"><ele>368.836</ele><time>2025-06-23T05:19:11.998Z</time></trkpt><trkpt lat="42.910948" lon="-8.414384"><ele>368.769</ele><time>2025-06-23T05:19:16.998Z</time></trkpt><trkpt lat="42.911004" lon="-8.414388"><ele>368.668</ele><time>2025-06-23T05:19:21.998Z</time></trkpt><trkpt lat="42.911050" lon="-8.414367"><ele>368.669</ele><time>2025-06-23T05:19:24.998Z</time></trkpt><trkpt lat="42.911098" lon="-8.414363"><ele>368.546</ele><time>2025-06-23T05:19:29.998Z</time></trkpt><trkpt lat="42.911153" lon="-8.414359"><ele>368.592</ele><time>2025-06-23T05:19:34.998Z</time></trkpt><trkpt lat="42.911198" lon="-8.414359"><ele>368.547</ele><time>2025-06-23T05:19:38.998Z</time></trkpt><trkpt lat="42.911251" lon="-8.414356"><ele>368.531</ele><time>2025-06-23T05:19:43.998Z</time></trkpt><trkpt lat="42.911291" lon="-8.414326"><ele>368.561</ele><time>2025-06-23T05:19:48.998Z</time></trkpt><trkpt lat="42.911338" lon="-8.414295"><ele>368.507</ele><time>2025-06-23T05:19:53.998Z</time></trkpt><trkpt lat="42.911396" lon="-8.414287"><ele>368.509</ele><time>2025-06-23T05:19:58.998Z</time></trkpt><trkpt lat="42.911449" lon="-8.414261"><ele>368.565</ele><time>2025-06-23T05:20:02.998Z</time></trkpt><trkpt lat="42.911502" lon="-8.414241"><ele>368.514</ele><time>2025-06-23T05:20:05.998Z</time></trkpt><trkpt lat="42.911561" lon="-8.414235"><ele>368.572</ele><time>2025-06-23T05:20:09.998Z</time></trkpt><trkpt lat="42.911602" lon="-8.414204"><ele>368.695</ele><time>2025-06-23T05:20:16.998Z</time></trkpt><trkpt lat="42.911650" lon="-8.414224"><ele>368.694</ele><time>2025-06-23T05:20:20.998Z</time></trkpt><trkpt lat="42.911715" lon="-8.414194"><ele>368.715</ele><time>2025-06-23T05:20:24.998Z</time></trkpt><trkpt lat="42.911775" lon="-8.414174"><ele>368.832</ele><time>2025-06-23T05:20:30.998Z</time></trkpt><trkpt lat="42.911825" lon="-8.414139"><ele>368.848</ele><time>2025-06-23T05:20:35.998Z</time></trkpt><trkpt lat="42.911873" lon="-8.414130"><ele>368.853</ele><time>2025-06-23T05:20:39.998Z</time></trkpt><trkpt lat="42.911930" lon="-8.414145"><ele>368.889</ele><time>2025-06-23T05:20:43.998Z</time></trkpt><trkpt lat="42.911979" lon="-8.414160"><ele>368.806</ele><time>2025-06-23T05:20:48.998Z</time></trkpt><trkpt lat="42.912028" lon="-8.414136"><ele>368.726</ele><time>2025-06-23T05:20:52.998Z</time></trkpt><trkpt lat="42.912074" lon="-8.414131"><ele>368.609</ele><time>2025-06-23T05:20:55.998Z</time></trkpt><trkpt lat="42.912128" lon="-8.414136"><ele>368.590</ele><time>2025-06-23T05:20:59.998Z</time></trkpt><trkpt lat="42.912167" lon="-8.414104"><ele>368.579</ele><time>2025-06-23T05:21:02.998Z</time></trkpt><trkpt lat="42.912210" lon="-8.414084"><ele>368.427</ele><time>2025-06-23T05:21:06.998Z</time></trkpt><trkpt lat="42.912258" lon="-8.414083"><ele>368.340</ele><time>2025-06-23T05:21:12.998Z</time></trkpt><trkpt lat="42.912303" lon="-8.414091"><ele>368.379</ele><time>2025-06-23T05:21:17.998Z</time></trkpt><trkpt lat="42.912360" lon="-8.414100"><ele>368.290</ele><time>2025-06-23T05:21:20.998Z</time></trkpt><trkpt lat="42.912403" lon="-8.414081"><ele>368.087</ele><time>2025-06-23T05:21:23.998Z</time></trkpt><trkpt lat="42.912461" lon="-8.414095"><ele>367.973</ele><time>2025-06-23T05:21:27.998Z</time></trkpt><trkpt lat="42.912526" lon="-8.414103"><ele>367.938</ele><time>2025-06-23T05:21:33.998Z</time></trkpt><trkpt lat="42.912576" lon="-8.414095"><ele>367.975</ele><time>2025-06-23T05:21:38.998Z</time></trkpt><trkpt lat="42.912629" lon="-8.414085"><ele>367.928</ele><time>2025-06-23T05:21:45.998Z</time></trkpt><trkpt lat="42.912674" lon="-8.414070"><ele>368.020</ele><time>2025-06-23T05:21:47.998Z</time></trkpt><trkpt lat="42.912725" lon="-8.414061"><ele>368.009</ele><time>2025-06-23T05:21:51.998Z</time></trkpt><trkpt lat="42.912783" lon="-8.414069"><ele>368.099</ele><time>2025-06-23T05:21:56.998Z</time></trkpt><trkpt lat="42.912835" lon="-8.414098"><ele>368.038</ele><time>2025-06-23T05:22:01.998Z</time></trkpt><trkpt lat="42.912875" lon="-8.414045"><ele>368.096</ele><time>2025-06-23T05:22:04.998Z</time></trkpt><trkpt lat="42.912941" lon="-8.414042"><ele>368.089</ele><time>2025-06-23T05:22:09.998Z</time></trkpt><trkpt lat="42.912987" lon="-8.414036"><ele>368.038</ele><time>2025-06-23T05:22:13.998Z</time></trkpt><trkpt lat="42.913043" lon="-8.414036"><ele>367.949</ele><time>2025-06-23T05:22:17.998Z</time></trkpt><trkpt lat="42.913091" lon="-8.414034"><ele>367.956</ele><time>2025-06-23T05:22:23.998Z</time></trkpt><trkpt lat="42.913134" lon="-8.414008"><ele>367.972</ele><time>2025-06-23T05:22:27.998Z</time></trkpt><trkpt lat="42.913188" lon="-8.414024"><ele>367.987</ele><time>2025-06-23T05:22:32.998Z</time></trkpt><trkpt lat="42.913238" lon="-8.414026"><ele>367.949</ele><time>2025-06-23T05:22:36.998Z</time></trkpt><trkpt lat="42.913284" lon="-8.414019"><ele>367.902</ele><time>2025-06-23T05:22:39.998Z</time></trkpt><trkpt lat="42.913328" lon="-8.414036"><ele>368.022</ele><time>2025-06-23T05:22:43.998Z</time></trkpt><trkpt lat="42.913381" lon="-8.414014"><ele>368.009</ele><time>2025-06-23T05:22:49.998Z</time></trkpt><trkpt lat="42.913436" lon="-8.414019"><ele>368.146</ele><time>2025-06-23T05:22:52.998Z</time></trkpt><trkpt lat="42.913487" lon="-8.414030"><ele>368.215</ele><time>2025-06-23T05:22:56.998Z</time></trkpt><trkpt lat="42.913537" lon="-8.414026"><ele>368.293</ele><time>2025-06-23T05:23:00.998Z</time></trkpt><trkpt lat="42.913566" lon="-8.414074"><ele>368.226</ele><time>2025-06-23T05:23:03.998Z</time></trkpt><trkpt lat="42.913607" lon="-8.414121"><ele>368.155</ele><time>2025-06-23T05:23:07.998Z</time></trkpt><trkpt lat="42.913629" lon="-8.414184"><ele>367.966</ele><time>2025-06-23T05:23:10.998Z</time></trkpt><trkpt lat="42.913641" lon="-8.414244"><ele>367.773</ele><time>2025-06-23T05:23:13.998Z</time></trkpt><trkpt lat="42.913647" lon="-8.414317"><ele>367.389</ele><time>2025-06-23T05:23:17.998Z</time></trkpt><trkpt lat="42.913646" lon="-8.414393"><ele>366.944</ele><time>2025-06-23T05:23:21.998Z</time></trkpt><trkpt lat="42.913666" lon="-8.414449"><ele>366.724</ele><time>2025-06-23T05:23:24.998Z</time></trkpt><trkpt lat="42.913667" lon="-8.414515"><ele>366.704</ele><time>2025-06-23T05:23:29.998Z</time></trkpt><trkpt lat="42.913661" lon="-8.414576"><ele>366.714</ele><time>2025-06-23T05:23:33.998Z</time></trkpt><trkpt lat="42.913655" lon="-8.414646"><ele>366.609</ele><time>2025-06-23T05:23:37.998Z</time></trkpt><trkpt lat="42.913655" lon="-8.414709"><ele>366.594</ele><time>2025-06-23T05:23:42.998Z</time></trkpt><trkpt lat="42.913662" lon="-8.414775"><ele>366.423</ele><time>2025-06-23T05:23:46.998Z</time></trkpt><trkpt lat="42.913633" lon="-8.414826"><ele>366.361</ele><time>2025-06-23T05:23:50.998Z</time></trkpt><trkpt lat="42.913627" lon="-8.414889"><ele>366.394</ele><time>2025-06-23T05:23:53.998Z</time></trkpt><trkpt lat="42.913607" lon="-8.414963"><ele>366.343</ele><time>2025-06-23T05:23:57.998Z</time></trkpt><trkpt lat="42.913608" lon="-8.415031"><ele>366.254</ele><time>2025-06-23T05:24:00.998Z</time></trkpt><trkpt lat="42.913613" lon="-8.415093"><ele>366.251</ele><time>2025-06-23T05:24:03.998Z</time></trkpt><trkpt lat="42.913607" lon="-8.415157"><ele>366.217</ele><time>2025-06-23T05:24:07.998Z</time></trkpt><trkpt lat="42.913649" lon="-8.415103"><ele>366.152</ele><time>2025-06-23T05:24:43.998Z</time></trkpt><trkpt lat="42.913646" lon="-8.415177"><ele>365.723</ele><time>2025-06-23T05:24:47.998Z</time></trkpt><trkpt lat="42.913650" lon="-8.415256"><ele>365.183</ele><time>2025-06-23T05:25:07.998Z</time></trkpt><trkpt lat="42.913637" lon="-8.415323"><ele>364.711</ele><time>2025-06-23T05:25:12.998Z</time></trkpt><trkpt lat="42.913629" lon="-8.415391"><ele>364.109</ele><time>2025-06-23T05:25:15.998Z</time></trkpt><trkpt lat="42.913625" lon="-8.415452"><ele>364.164</ele><time>2025-06-23T05:25:19.998Z</time></trkpt><trkpt lat="42.913633" lon="-8.415519"><ele>364.083</ele><time>2025-06-23T05:25:23.998Z</time></trkpt><trkpt lat="42.913642" lon="-8.415590"><ele>363.761</ele><time>2025-06-23T05:25:28.998Z</time></trkpt><trkpt lat="42.913647" lon="-8.415653"><ele>363.354</ele><time>2025-06-23T05:25:31.998Z</time></trkpt><trkpt lat="42.913642" lon="-8.415719"><ele>362.843</ele><time>2025-06-23T05:25:34.998Z</time></trkpt><trkpt lat="42.913636" lon="-8.415782"><ele>362.464</ele><time>2025-06-23T05:25:38.998Z</time></trkpt><trkpt lat="42.913638" lon="-8.415850"><ele>362.261</ele><time>2025-06-23T05:25:42.998Z</time></trkpt><trkpt lat="42.913623" lon="-8.415912"><ele>362.037</ele><time>2025-06-23T05:25:47.998Z</time></trkpt><trkpt lat="42.913638" lon="-8.415991"><ele>361.842</ele><time>2025-06-23T05:25:51.998Z</time></trkpt><trkpt lat="42.913628" lon="-8.416053"><ele>361.645</ele><time>2025-06-23T05:25:56.998Z</time></trkpt><trkpt lat="42.913631" lon="-8.416122"><ele>361.447</ele><time>2025-06-23T05:26:00.998Z</time></trkpt><trkpt lat="42.913625" lon="-8.416199"><ele>361.211</ele><time>2025-06-23T05:26:05.998Z</time></trkpt><trkpt lat="42.913617" lon="-8.416271"><ele>360.909</ele><time>2025-06-23T05:26:10.998Z</time></trkpt><trkpt lat="42.913628" lon="-8.416345"><ele>360.646</ele><time>2025-06-23T05:26:13.998Z</time></trkpt><trkpt lat="42.913647" lon="-8.416413"><ele>360.245</ele><time>2025-06-23T05:26:17.998Z</time></trkpt><trkpt lat="42.913646" lon="-8.416488"><ele>359.813</ele><time>2025-06-23T05:26:21.998Z</time></trkpt><trkpt lat="42.913654" lon="-8.416562"><ele>359.486</ele><time>2025-06-23T05:26:25.998Z</time></trkpt><trkpt lat="42.913676" lon="-8.416621"><ele>359.255</ele><time>2025-06-23T05:26:29.998Z</time></trkpt><trkpt lat="42.913673" lon="-8.416684"><ele>358.936</ele><time>2025-06-23T05:26:32.998Z</time></trkpt><trkpt lat="42.913681" lon="-8.416752"><ele>358.643</ele><time>2025-06-23T05:26:36.998Z</time></trkpt><trkpt lat="42.913675" lon="-8.416826"><ele>358.349</ele><time>2025-06-23T05:26:41.998Z</time></trkpt><trkpt lat="42.913667" lon="-8.416897"><ele>358.124</ele><time>2025-06-23T05:26:46.998Z</time></trkpt><trkpt lat="42.913672" lon="-8.416963"><ele>357.884</ele><time>2025-06-23T05:26:50.998Z</time></trkpt><trkpt lat="42.913671" lon="-8.417030"><ele>357.407</ele><time>2025-06-23T05:26:55.998Z</time></trkpt><trkpt lat="42.913678" lon="-8.417107"><ele>357.017</ele><time>2025-06-23T05:26:59.998Z</time></trkpt><trkpt lat="42.913639" lon="-8.417142"><ele>356.609</ele><time>2025-06-23T05:27:02.998Z</time></trkpt><trkpt lat="42.913633" lon="-8.417203"><ele>356.260</ele><time>2025-06-23T05:27:06.998Z</time></trkpt><trkpt lat="42.913652" lon="-8.417273"><ele>356.079</ele><time>2025-06-23T05:27:10.998Z</time></trkpt><trkpt lat="42.913669" lon="-8.417339"><ele>355.717</ele><time>2025-06-23T05:27:14.998Z</time></trkpt><trkpt lat="42.913664" lon="-8.417406"><ele>355.490</ele><time>2025-06-23T05:27:18.998Z</time></trkpt><trkpt lat="42.913666" lon="-8.417467"><ele>355.179</ele><time>2025-06-23T05:27:22.998Z</time></trkpt><trkpt lat="42.913669" lon="-8.417535"><ele>354.970</ele><time>2025-06-23T05:27:26.998Z</time></trkpt><trkpt lat="42.913664" lon="-8.417596"><ele>354.627</ele><time>2025-06-23T05:27:30.998Z</time></trkpt><trkpt lat="42.913670" lon="-8.417664"><ele>354.213</ele><time>2025-06-23T05:27:34.998Z</time></trkpt><trkpt lat="42.913674" lon="-8.417746"><ele>353.988</ele><time>2025-06-23T05:27:38.998Z</time></trkpt><trkpt lat="42.913677" lon="-8.417811"><ele>353.741</ele><time>2025-06-23T05:27:42.998Z</time></trkpt><trkpt lat="42.913672" lon="-8.417874"><ele>353.481</ele><time>2025-06-23T05:27:46.998Z</time></trkpt><trkpt lat="42.913670" lon="-8.417940"><ele>353.109</ele><time>2025-06-23T05:27:50.998Z</time></trkpt><trkpt lat="42.913661" lon="-8.418002"><ele>352.809</ele><time>2025-06-23T05:27:54.998Z</time></trkpt><trkpt lat="42.913680" lon="-8.418064"><ele>352.686</ele><time>2025-06-23T05:27:58.998Z</time></trkpt><trkpt lat="42.913667" lon="-8.418138"><ele>352.345</ele><time>2025-06-23T05:28:02.998Z</time></trkpt><trkpt lat="42.913655" lon="-8.418204"><ele>352.093</ele><time>2025-06-23T05:28:07.998Z</time></trkpt><trkpt lat="42.913638" lon="-8.418262"><ele>351.886</ele><time>2025-06-23T05:28:11.998Z</time></trkpt><trkpt lat="42.913605" lon="-8.418309"><ele>351.745</ele><time>2025-06-23T05:28:15.998Z</time></trkpt><trkpt lat="42.913605" lon="-8.418377"><ele>351.626</ele><time>2025-06-23T05:28:19.998Z</time></trkpt><trkpt lat="42.913593" lon="-8.418439"><ele>351.633</ele><time>2025-06-23T05:28:24.998Z</time></trkpt><trkpt lat="42.913610" lon="-8.418508"><ele>351.559</ele><time>2025-06-23T05:28:29.998Z</time></trkpt><trkpt lat="42.913641" lon="-8.418566"><ele>351.434</ele><time>2025-06-23T05:28:33.998Z</time></trkpt><trkpt lat="42.913660" lon="-8.418623"><ele>351.121</ele><time>2025-06-23T05:28:35.998Z</time></trkpt><trkpt lat="42.913667" lon="-8.418690"><ele>350.641</ele><time>2025-06-23T05:28:39.998Z</time></trkpt><trkpt lat="42.913670" lon="-8.418764"><ele>350.305</ele><time>2025-06-23T05:28:43.998Z</time></trkpt><trkpt lat="42.913676" lon="-8.418826"><ele>350.109</ele><time>2025-06-23T05:28:47.998Z</time></trkpt><trkpt lat="42.913666" lon="-8.418886"><ele>349.894</ele><time>2025-06-23T05:28:51.998Z</time></trkpt><trkpt lat="42.913674" lon="-8.418964"><ele>349.633</ele><time>2025-06-23T05:28:56.998Z</time></trkpt><trkpt lat="42.913675" lon="-8.419042"><ele>349.451</ele><time>2025-06-23T05:29:02.998Z</time></trkpt><trkpt lat="42.913667" lon="-8.419116"><ele>349.294</ele><time>2025-06-23T05:29:07.998Z</time></trkpt><trkpt lat="42.913659" lon="-8.419192"><ele>349.093</ele><time>2025-06-23T05:29:12.998Z</time></trkpt><trkpt lat="42.913676" lon="-8.419254"><ele>349.034</ele><time>2025-06-23T05:29:17.998Z</time></trkpt><trkpt lat="42.913683" lon="-8.419333"><ele>349.051</ele><time>2025-06-23T05:29:20.998Z</time></trkpt><trkpt lat="42.913694" lon="-8.419403"><ele>348.917</ele><time>2025-06-23T05:29:25.998Z</time></trkpt><trkpt lat="42.913686" lon="-8.419465"><ele>348.982</ele><time>2025-06-23T05:29:29.998Z</time></trkpt><trkpt lat="42.913684" lon="-8.419531"><ele>348.786</ele><time>2025-06-23T05:29:33.998Z</time></trkpt><trkpt lat="42.913676" lon="-8.419602"><ele>348.560</ele><time>2025-06-23T05:29:37.998Z</time></trkpt><trkpt lat="42.913665" lon="-8.419684"><ele>348.326</ele><time>2025-06-23T05:29:41.998Z</time></trkpt><trkpt lat="42.913659" lon="-8.419762"><ele>348.109</ele><time>2025-06-23T05:29:46.998Z</time></trkpt><trkpt lat="42.913649" lon="-8.419833"><ele>347.890</ele><time>2025-06-23T05:29:51.998Z</time></trkpt><trkpt lat="42.913632" lon="-8.419911"><ele>347.679</ele><time>2025-06-23T05:29:55.998Z</time></trkpt><trkpt lat="42.913611" lon="-8.419974"><ele>347.517</ele><time>2025-06-23T05:29:59.998Z</time></trkpt><trkpt lat="42.913599" lon="-8.420040"><ele>347.350</ele><time>2025-06-23T05:30:03.998Z</time></trkpt><trkpt lat="42.913549" lon="-8.420070"><ele>347.249</ele><time>2025-06-23T05:30:07.998Z</time></trkpt><trkpt lat="42.913522" lon="-8.420122"><ele>347.260</ele><time>2025-06-23T05:30:10.998Z</time></trkpt><trkpt lat="42.913486" lon="-8.420169"><ele>347.267</ele><time>2025-06-23T05:30:15.998Z</time></trkpt><trkpt lat="42.913469" lon="-8.420228"><ele>347.283</ele><time>2025-06-23T05:30:20.998Z</time></trkpt><trkpt lat="42.913457" lon="-8.420305"><ele>347.218</ele><time>2025-06-23T05:30:26.998Z</time></trkpt><trkpt lat="42.913446" lon="-8.420375"><ele>347.296</ele><time>2025-06-23T05:30:31.998Z</time></trkpt><trkpt lat="42.913460" lon="-8.420438"><ele>346.831</ele><time>2025-06-23T05:30:34.998Z</time></trkpt><trkpt lat="42.913496" lon="-8.420534"><ele>345.424</ele><time>2025-06-23T05:30:39.998Z</time></trkpt><trkpt lat="42.913527" lon="-8.420613"><ele>345.109</ele><time>2025-06-23T05:30:43.998Z</time></trkpt><trkpt lat="42.913526" lon="-8.420685"><ele>344.251</ele><time>2025-06-23T05:30:46.998Z</time></trkpt><trkpt lat="42.913506" lon="-8.420740"><ele>343.530</ele><time>2025-06-23T05:30:49.998Z</time></trkpt><trkpt lat="42.913521" lon="-8.420803"><ele>342.948</ele><time>2025-06-23T05:30:53.998Z</time></trkpt><trkpt lat="42.913519" lon="-8.420872"><ele>342.671</ele><time>2025-06-23T05:30:57.998Z</time></trkpt><trkpt lat="42.913505" lon="-8.420947"><ele>342.120</ele><time>2025-06-23T05:31:01.998Z</time></trkpt><trkpt lat="42.913506" lon="-8.421014"><ele>341.681</ele><time>2025-06-23T05:31:05.998Z</time></trkpt><trkpt lat="42.913501" lon="-8.421075"><ele>341.048</ele><time>2025-06-23T05:31:08.998Z</time></trkpt><trkpt lat="42.913519" lon="-8.421134"><ele>340.524</ele><time>2025-06-23T05:31:12.998Z</time></trkpt><trkpt lat="42.913498" lon="-8.421196"><ele>340.269</ele><time>2025-06-23T05:31:16.998Z</time></trkpt><trkpt lat="42.913481" lon="-8.421269"><ele>340.098</ele><time>2025-06-23T05:31:20.998Z</time></trkpt><trkpt lat="42.913473" lon="-8.421336"><ele>339.715</ele><time>2025-06-23T05:31:24.998Z</time></trkpt><trkpt lat="42.913456" lon="-8.421405"><ele>339.426</ele><time>2025-06-23T05:31:28.998Z</time></trkpt><trkpt lat="42.913444" lon="-8.421471"><ele>339.109</ele><time>2025-06-23T05:31:32.998Z</time></trkpt><trkpt lat="42.913447" lon="-8.421544"><ele>338.891</ele><time>2025-06-23T05:31:37.998Z</time></trkpt><trkpt lat="42.913432" lon="-8.421606"><ele>338.480</ele><time>2025-06-23T05:31:41.998Z</time></trkpt><trkpt lat="42.913454" lon="-8.421668"><ele>338.098</ele><time>2025-06-23T05:31:45.998Z</time></trkpt><trkpt lat="42.913459" lon="-8.421734"><ele>337.631</ele><time>2025-06-23T05:31:49.998Z</time></trkpt><trkpt lat="42.913473" lon="-8.421803"><ele>337.210</ele><time>2025-06-23T05:31:53.998Z</time></trkpt><trkpt lat="42.913494" lon="-8.421867"><ele>336.841</ele><time>2025-06-23T05:31:57.998Z</time></trkpt><trkpt lat="42.913514" lon="-8.421934"><ele>336.448</ele><time>2025-06-23T05:32:01.998Z</time></trkpt><trkpt lat="42.913530" lon="-8.421995"><ele>336.164</ele><time>2025-06-23T05:32:05.998Z</time></trkpt><trkpt lat="42.913511" lon="-8.422069"><ele>335.869</ele><time>2025-06-23T05:32:09.998Z</time></trkpt><trkpt lat="42.913472" lon="-8.422123"><ele>335.417</ele><time>2025-06-23T05:32:13.998Z</time></trkpt><trkpt lat="42.913434" lon="-8.422177"><ele>335.287</ele><time>2025-06-23T05:32:17.998Z</time></trkpt><trkpt lat="42.913397" lon="-8.422222"><ele>335.115</ele><time>2025-06-23T05:32:20.998Z</time></trkpt><trkpt lat="42.913383" lon="-8.422283"><ele>335.109</ele><time>2025-06-23T05:32:25.998Z</time></trkpt><trkpt lat="42.913362" lon="-8.422344"><ele>335.183</ele><time>2025-06-23T05:32:31.998Z</time></trkpt><trkpt lat="42.913339" lon="-8.422409"><ele>335.122</ele><time>2025-06-23T05:32:36.998Z</time></trkpt><trkpt lat="42.913318" lon="-8.422465"><ele>335.130</ele><time>2025-06-23T05:32:41.998Z</time></trkpt><trkpt lat="42.913285" lon="-8.422510"><ele>335.163</ele><time>2025-06-23T05:32:45.998Z</time></trkpt><trkpt lat="42.913239" lon="-8.422563"><ele>335.172</ele><time>2025-06-23T05:32:50.998Z</time></trkpt><trkpt lat="42.913207" lon="-8.422615"><ele>335.053</ele><time>2025-06-23T05:32:56.998Z</time></trkpt><trkpt lat="42.913183" lon="-8.422673"><ele>334.720</ele><time>2025-06-23T05:33:01.998Z</time></trkpt><trkpt lat="42.913150" lon="-8.422735"><ele>334.366</ele><time>2025-06-23T05:33:06.998Z</time></trkpt><trkpt lat="42.913117" lon="-8.422790"><ele>334.031</ele><time>2025-06-23T05:33:11.998Z</time></trkpt><trkpt lat="42.913083" lon="-8.422839"><ele>333.898</ele><time>2025-06-23T05:33:15.998Z</time></trkpt><trkpt lat="42.913048" lon="-8.422896"><ele>333.515</ele><time>2025-06-23T05:33:20.998Z</time></trkpt><trkpt lat="42.913018" lon="-8.422942"><ele>333.226</ele><time>2025-06-23T05:33:24.998Z</time></trkpt><trkpt lat="42.912995" lon="-8.422998"><ele>332.909</ele><time>2025-06-23T05:33:27.998Z</time></trkpt><trkpt lat="42.912965" lon="-8.423054"><ele>332.871</ele><time>2025-06-23T05:33:32.998Z</time></trkpt><trkpt lat="42.912940" lon="-8.423109"><ele>332.840</ele><time>2025-06-23T05:33:36.998Z</time></trkpt><trkpt lat="42.912898" lon="-8.423157"><ele>332.858</ele><time>2025-06-23T05:33:41.998Z</time></trkpt><trkpt lat="42.912871" lon="-8.423219"><ele>332.821</ele><time>2025-06-23T05:33:47.998Z</time></trkpt><trkpt lat="42.912833" lon="-8.423268"><ele>332.730</ele><time>2025-06-23T05:33:53.998Z</time></trkpt><trkpt lat="42.912810" lon="-8.423323"><ele>332.451</ele><time>2025-06-23T05:33:57.998Z</time></trkpt><trkpt lat="42.912770" lon="-8.423361"><ele>332.148</ele><time>2025-06-23T05:34:02.998Z</time></trkpt><trkpt lat="42.912731" lon="-8.423395"><ele>331.984</ele><time>2025-06-23T05:34:06.998Z</time></trkpt><trkpt lat="42.912685" lon="-8.423435"><ele>331.779</ele><time>2025-06-23T05:34:10.998Z</time></trkpt><trkpt lat="42.912642" lon="-8.423462"><ele>331.376</ele><time>2025-06-23T05:34:14.998Z</time></trkpt><trkpt lat="42.912602" lon="-8.423514"><ele>331.090</ele><time>2025-06-23T05:34:19.998Z</time></trkpt><trkpt lat="42.912554" lon="-8.423558"><ele>330.819</ele><time>2025-06-23T05:34:25.998Z</time></trkpt><trkpt lat="42.912511" lon="-8.423592"><ele>330.609</ele><time>2025-06-23T05:34:29.998Z</time></trkpt><trkpt lat="42.912466" lon="-8.423618"><ele>330.589</ele><time>2025-06-23T05:34:33.998Z</time></trkpt><trkpt lat="42.912414" lon="-8.423646"><ele>330.478</ele><time>2025-06-23T05:34:38.998Z</time></trkpt><trkpt lat="42.912372" lon="-8.423672"><ele>330.356</ele><time>2025-06-23T05:34:43.998Z</time></trkpt><trkpt lat="42.912330" lon="-8.423717"><ele>330.259</ele><time>2025-06-23T05:34:48.998Z</time></trkpt><trkpt lat="42.912289" lon="-8.423746"><ele>330.278</ele><time>2025-06-23T05:34:52.998Z</time></trkpt><trkpt lat="42.912250" lon="-8.423793"><ele>330.299</ele><time>2025-06-23T05:34:58.998Z</time></trkpt><trkpt lat="42.912198" lon="-8.423834"><ele>330.326</ele><time>2025-06-23T05:35:04.998Z</time></trkpt><trkpt lat="42.912141" lon="-8.423876"><ele>330.792</ele><time>2025-06-23T05:35:09.998Z</time></trkpt><trkpt lat="42.912086" lon="-8.423894"><ele>331.247</ele><time>2025-06-23T05:35:15.998Z</time></trkpt><trkpt lat="42.912040" lon="-8.423927"><ele>331.756</ele><time>2025-06-23T05:35:21.998Z</time></trkpt><trkpt lat="42.912000" lon="-8.423960"><ele>332.359</ele><time>2025-06-23T05:35:26.998Z</time></trkpt><trkpt lat="42.911947" lon="-8.423996"><ele>333.214</ele><time>2025-06-23T05:35:33.998Z</time></trkpt><trkpt lat="42.911907" lon="-8.424028"><ele>333.609</ele><time>2025-06-23T05:35:39.998Z</time></trkpt><trkpt lat="42.911870" lon="-8.424068"><ele>334.667</ele><time>2025-06-23T05:35:45.998Z</time></trkpt><trkpt lat="42.911826" lon="-8.424089"><ele>335.646</ele><time>2025-06-23T05:35:50.998Z</time></trkpt><trkpt lat="42.911773" lon="-8.424094"><ele>336.694</ele><time>2025-06-23T05:35:54.998Z</time></trkpt><trkpt lat="42.911726" lon="-8.424113"><ele>337.657</ele><time>2025-06-23T05:35:58.998Z</time></trkpt><trkpt lat="42.911681" lon="-8.424130"><ele>338.476</ele><time>2025-06-23T05:36:04.998Z</time></trkpt><trkpt lat="42.911637" lon="-8.424154"><ele>339.157</ele><time>2025-06-23T05:36:09.998Z</time></trkpt><trkpt lat="42.911572" lon="-8.424150"><ele>339.924</ele><time>2025-06-23T05:36:15.998Z</time></trkpt><trkpt lat="42.911520" lon="-8.424155"><ele>340.840</ele><time>2025-06-23T05:36:19.998Z</time></trkpt><trkpt lat="42.911473" lon="-8.424148"><ele>341.795</ele><time>2025-06-23T05:36:24.998Z</time></trkpt><trkpt lat="42.911416" lon="-8.424147"><ele>342.321</ele><time>2025-06-23T05:36:28.998Z</time></trkpt><trkpt lat="42.911370" lon="-8.424131"><ele>342.741</ele><time>2025-06-23T05:36:35.998Z</time></trkpt><trkpt lat="42.911314" lon="-8.424134"><ele>343.005</ele><time>2025-06-23T05:36:38.998Z</time></trkpt><trkpt lat="42.911258" lon="-8.424131"><ele>343.309</ele><time>2025-06-23T05:36:43.998Z</time></trkpt><trkpt lat="42.911204" lon="-8.424133"><ele>343.594</ele><time>2025-06-23T05:36:48.998Z</time></trkpt><trkpt lat="42.911162" lon="-8.424156"><ele>343.733</ele><time>2025-06-23T05:36:54.998Z</time></trkpt><trkpt lat="42.911103" lon="-8.424185"><ele>344.291</ele><time>2025-06-23T05:36:59.998Z</time></trkpt><trkpt lat="42.911072" lon="-8.424252"><ele>344.314</ele><time>2025-06-23T05:37:04.998Z</time></trkpt><trkpt lat="42.911036" lon="-8.424295"><ele>344.373</ele><time>2025-06-23T05:37:08.998Z</time></trkpt><trkpt lat="42.911009" lon="-8.424348"><ele>344.424</ele><time>2025-06-23T05:37:12.998Z</time></trkpt><trkpt lat="42.910957" lon="-8.424367"><ele>344.551</ele><time>2025-06-23T05:37:16.998Z</time></trkpt><trkpt lat="42.910896" lon="-8.424379"><ele>344.587</ele><time>2025-06-23T05:37:20.998Z</time></trkpt><trkpt lat="42.910849" lon="-8.424418"><ele>344.552</ele><time>2025-06-23T05:37:26.998Z</time></trkpt><trkpt lat="42.910808" lon="-8.424386"><ele>344.537</ele><time>2025-06-23T05:37:29.998Z</time></trkpt><trkpt lat="42.910739" lon="-8.424379"><ele>344.349</ele><time>2025-06-23T05:37:34.998Z</time></trkpt><trkpt lat="42.910691" lon="-8.424345"><ele>344.313</ele><time>2025-06-23T05:37:38.998Z</time></trkpt><trkpt lat="42.910658" lon="-8.424301"><ele>344.309</ele><time>2025-06-23T05:37:41.998Z</time></trkpt><trkpt lat="42.910609" lon="-8.424264"><ele>344.335</ele><time>2025-06-23T05:37:45.998Z</time></trkpt><trkpt lat="42.910539" lon="-8.424220"><ele>344.484</ele><time>2025-06-23T05:37:49.998Z</time></trkpt><trkpt lat="42.910493" lon="-8.424207"><ele>344.462</ele><time>2025-06-23T05:37:57.998Z</time></trkpt><trkpt lat="42.910448" lon="-8.424211"><ele>344.415</ele><time>2025-06-23T05:38:00.998Z</time></trkpt><trkpt lat="42.910399" lon="-8.424173"><ele>344.374</ele><time>2025-06-23T05:38:04.998Z</time></trkpt><trkpt lat="42.910351" lon="-8.424183"><ele>344.215</ele><time>2025-06-23T05:38:09.998Z</time></trkpt><trkpt lat="42.910304" lon="-8.424174"><ele>344.242</ele><time>2025-06-23T05:38:14.998Z</time></trkpt><trkpt lat="42.910252" lon="-8.424142"><ele>344.138</ele><time>2025-06-23T05:38:19.998Z</time></trkpt><trkpt lat="42.910205" lon="-8.424132"><ele>344.073</ele><time>2025-06-23T05:38:22.998Z</time></trkpt><trkpt lat="42.910152" lon="-8.424132"><ele>343.956</ele><time>2025-06-23T05:38:26.998Z</time></trkpt><trkpt lat="42.910111" lon="-8.424103"><ele>343.959</ele><time>2025-06-23T05:38:30.998Z</time></trkpt><trkpt lat="42.910057" lon="-8.424089"><ele>343.914</ele><time>2025-06-23T05:38:34.998Z</time></trkpt><trkpt lat="42.910004" lon="-8.424070"><ele>343.909</ele><time>2025-06-23T05:38:37.998Z</time></trkpt><trkpt lat="42.909956" lon="-8.424041"><ele>343.967</ele><time>2025-06-23T05:38:42.998Z</time></trkpt><trkpt lat="42.909907" lon="-8.424006"><ele>343.986</ele><time>2025-06-23T05:38:46.998Z</time></trkpt><trkpt lat="42.909863" lon="-8.423984"><ele>343.844</ele><time>2025-06-23T05:38:51.998Z</time></trkpt><trkpt lat="42.909813" lon="-8.423959"><ele>343.767</ele><time>2025-06-23T05:38:57.998Z</time></trkpt><trkpt lat="42.909763" lon="-8.423939"><ele>343.776</ele><time>2025-06-23T05:39:02.998Z</time></trkpt><trkpt lat="42.909719" lon="-8.423926"><ele>343.667</ele><time>2025-06-23T05:39:04.998Z</time></trkpt><trkpt lat="42.909670" lon="-8.423920"><ele>343.554</ele><time>2025-06-23T05:39:10.998Z</time></trkpt><trkpt lat="42.909617" lon="-8.423909"><ele>343.470</ele><time>2025-06-23T05:39:14.998Z</time></trkpt><trkpt lat="42.909568" lon="-8.423901"><ele>343.335</ele><time>2025-06-23T05:39:19.998Z</time></trkpt><trkpt lat="42.909518" lon="-8.423881"><ele>343.254</ele><time>2025-06-23T05:39:23.998Z</time></trkpt><trkpt lat="42.909463" lon="-8.423879"><ele>343.156</ele><time>2025-06-23T05:39:28.998Z</time></trkpt><trkpt lat="42.909413" lon="-8.423855"><ele>343.011</ele><time>2025-06-23T05:39:32.998Z</time></trkpt><trkpt lat="42.909366" lon="-8.423847"><ele>342.909</ele><time>2025-06-23T05:39:36.998Z</time></trkpt><trkpt lat="42.909323" lon="-8.423814"><ele>342.837</ele><time>2025-06-23T05:39:41.998Z</time></trkpt><trkpt lat="42.909272" lon="-8.423823"><ele>342.896</ele><time>2025-06-23T05:39:44.998Z</time></trkpt><trkpt lat="42.909233" lon="-8.423787"><ele>342.894</ele><time>2025-06-23T05:39:48.998Z</time></trkpt><trkpt lat="42.909187" lon="-8.423774"><ele>342.857</ele><time>2025-06-23T05:39:51.998Z</time></trkpt><trkpt lat="42.909139" lon="-8.423756"><ele>342.856</ele><time>2025-06-23T05:39:55.998Z</time></trkpt><trkpt lat="42.909092" lon="-8.423730"><ele>342.837</ele><time>2025-06-23T05:40:00.998Z</time></trkpt><trkpt lat="42.909047" lon="-8.423713"><ele>342.834</ele><time>2025-06-23T05:40:04.998Z</time></trkpt><trkpt lat="42.909001" lon="-8.423680"><ele>342.810</ele><time>2025-06-23T05:40:09.998Z</time></trkpt><trkpt lat="42.908961" lon="-8.423643"><ele>342.885</ele><time>2025-06-23T05:40:14.998Z</time></trkpt><trkpt lat="42.908906" lon="-8.423672"><ele>342.924</ele><time>2025-06-23T05:40:19.998Z</time></trkpt><trkpt lat="42.908872" lon="-8.423720"><ele>343.104</ele><time>2025-06-23T05:40:24.998Z</time></trkpt><trkpt lat="42.908838" lon="-8.423772"><ele>343.114</ele><time>2025-06-23T05:40:30.998Z</time></trkpt><trkpt lat="42.908796" lon="-8.423812"><ele>343.109</ele><time>2025-06-23T05:40:32.998Z</time></trkpt><trkpt lat="42.908752" lon="-8.423846"><ele>343.044</ele><time>2025-06-23T05:40:35.998Z</time></trkpt><trkpt lat="42.908744" lon="-8.423920"><ele>342.773</ele><time>2025-06-23T05:40:37.998Z</time></trkpt><trkpt lat="42.908723" lon="-8.423981"><ele>342.551</ele><time>2025-06-23T05:40:39.998Z</time></trkpt><trkpt lat="42.908731" lon="-8.424051"><ele>342.394</ele><time>2025-06-23T05:40:43.998Z</time></trkpt><trkpt lat="42.908707" lon="-8.424125"><ele>342.353</ele><time>2025-06-23T05:40:49.998Z</time></trkpt><trkpt lat="42.908707" lon="-8.424209"><ele>341.584</ele><time>2025-06-23T05:40:51.998Z</time></trkpt><trkpt lat="42.908729" lon="-8.424273"><ele>341.141</ele><time>2025-06-23T05:40:55.998Z</time></trkpt><trkpt lat="42.908761" lon="-8.424330"><ele>340.987</ele><time>2025-06-23T05:41:01.998Z</time></trkpt><trkpt lat="42.908780" lon="-8.424386"><ele>340.522</ele><time>2025-06-23T05:41:07.998Z</time></trkpt><trkpt lat="42.908783" lon="-8.424485"><ele>340.186</ele><time>2025-06-23T05:41:13.998Z</time></trkpt><trkpt lat="42.908786" lon="-8.424559"><ele>339.860</ele><time>2025-06-23T05:41:18.998Z</time></trkpt><trkpt lat="42.908793" lon="-8.424626"><ele>339.326</ele><time>2025-06-23T05:41:22.998Z</time></trkpt><trkpt lat="42.908820" lon="-8.424688"><ele>339.009</ele><time>2025-06-23T05:41:26.998Z</time></trkpt><trkpt lat="42.908830" lon="-8.424761"><ele>339.080</ele><time>2025-06-23T05:41:30.998Z</time></trkpt><trkpt lat="42.908841" lon="-8.424826"><ele>338.749</ele><time>2025-06-23T05:41:34.998Z</time></trkpt><trkpt lat="42.908858" lon="-8.424891"><ele>338.247</ele><time>2025-06-23T05:41:39.998Z</time></trkpt><trkpt lat="42.908887" lon="-8.424948"><ele>337.970</ele><time>2025-06-23T05:41:42.998Z</time></trkpt><trkpt lat="42.908901" lon="-8.425011"><ele>337.699</ele><time>2025-06-23T05:41:45.998Z</time></trkpt><trkpt lat="42.908918" lon="-8.425079"><ele>337.440</ele><time>2025-06-23T05:41:49.998Z</time></trkpt><trkpt lat="42.908937" lon="-8.425140"><ele>337.247</ele><time>2025-06-23T05:41:53.998Z</time></trkpt><trkpt lat="42.908959" lon="-8.425209"><ele>336.963</ele><time>2025-06-23T05:41:57.998Z</time></trkpt><trkpt lat="42.908982" lon="-8.425283"><ele>336.678</ele><time>2025-06-23T05:42:01.998Z</time></trkpt><trkpt lat="42.909007" lon="-8.425335"><ele>336.381</ele><time>2025-06-23T05:42:06.998Z</time></trkpt><trkpt lat="42.908990" lon="-8.425392"><ele>336.061</ele><time>2025-06-23T05:42:10.998Z</time></trkpt><trkpt lat="42.908990" lon="-8.425466"><ele>335.817</ele><time>2025-06-23T05:42:14.998Z</time></trkpt><trkpt lat="42.909002" lon="-8.425530"><ele>335.609</ele><time>2025-06-23T05:42:19.998Z</time></trkpt><trkpt lat="42.909016" lon="-8.425597"><ele>335.520</ele><time>2025-06-23T05:42:22.998Z</time></trkpt><trkpt lat="42.909015" lon="-8.425668"><ele>335.329</ele><time>2025-06-23T05:42:26.998Z</time></trkpt><trkpt lat="42.909030" lon="-8.425736"><ele>335.127</ele><time>2025-06-23T05:42:30.998Z</time></trkpt><trkpt lat="42.909006" lon="-8.425811"><ele>334.810</ele><time>2025-06-23T05:42:34.998Z</time></trkpt><trkpt lat="42.908960" lon="-8.425829"><ele>334.649</ele><time>2025-06-23T05:42:36.998Z</time></trkpt><trkpt lat="42.908956" lon="-8.425903"><ele>334.460</ele><time>2025-06-23T05:42:40.998Z</time></trkpt><trkpt lat="42.908940" lon="-8.425961"><ele>334.377</ele><time>2025-06-23T05:42:44.998Z</time></trkpt><trkpt lat="42.908925" lon="-8.426031"><ele>334.293</ele><time>2025-06-23T05:42:48.998Z</time></trkpt><trkpt lat="42.908895" lon="-8.426082"><ele>334.148</ele><time>2025-06-23T05:42:52.998Z</time></trkpt><trkpt lat="42.908866" lon="-8.426137"><ele>334.062</ele><time>2025-06-23T05:42:56.998Z</time></trkpt><trkpt lat="42.908841" lon="-8.426193"><ele>334.083</ele><time>2025-06-23T05:43:01.998Z</time></trkpt><trkpt lat="42.908790" lon="-8.426200"><ele>334.011</ele><time>2025-06-23T05:43:05.998Z</time></trkpt><trkpt lat="42.908743" lon="-8.426200"><ele>334.009</ele><time>2025-06-23T05:43:10.998Z</time></trkpt><trkpt lat="42.908694" lon="-8.426190"><ele>334.018</ele><time>2025-06-23T05:43:13.998Z</time></trkpt><trkpt lat="42.908640" lon="-8.426181"><ele>334.117</ele><time>2025-06-23T05:43:17.998Z</time></trkpt><trkpt lat="42.908594" lon="-8.426175"><ele>334.225</ele><time>2025-06-23T05:43:22.998Z</time></trkpt><trkpt lat="42.908566" lon="-8.426120"><ele>334.218</ele><time>2025-06-23T05:43:26.998Z</time></trkpt><trkpt lat="42.908601" lon="-8.426159"><ele>334.257</ele><time>2025-06-23T05:43:52.998Z</time></trkpt><trkpt lat="42.908590" lon="-8.426222"><ele>334.318</ele><time>2025-06-23T05:44:00.998Z</time></trkpt><trkpt lat="42.908533" lon="-8.426176"><ele>334.445</ele><time>2025-06-23T05:44:30.998Z</time></trkpt><trkpt lat="42.908575" lon="-8.426205"><ele>334.481</ele><time>2025-06-23T05:44:34.998Z</time></trkpt><trkpt lat="42.908626" lon="-8.426216"><ele>334.436</ele><time>2025-06-23T05:44:42.998Z</time></trkpt><trkpt lat="42.908637" lon="-8.426145"><ele>334.484</ele><time>2025-06-23T05:44:55.998Z</time></trkpt><trkpt lat="42.908675" lon="-8.426199"><ele>334.407</ele><time>2025-06-23T05:45:10.998Z</time></trkpt><trkpt lat="42.908633" lon="-8.426225"><ele>334.417</ele><time>2025-06-23T05:46:00.998Z</time></trkpt><trkpt lat="42.908598" lon="-8.426264"><ele>334.409</ele><time>2025-06-23T05:46:13.998Z</time></trkpt><trkpt lat="42.908540" lon="-8.426242"><ele>334.430</ele><time>2025-06-23T05:46:37.998Z</time></trkpt><trkpt lat="42.908566" lon="-8.426176"><ele>334.459</ele><time>2025-06-23T05:46:48.998Z</time></trkpt><trkpt lat="42.908578" lon="-8.426244"><ele>334.537</ele><time>2025-06-23T05:47:03.998Z</time></trkpt><trkpt lat="42.908535" lon="-8.426274"><ele>334.510</ele><time>2025-06-23T05:47:06.998Z</time></trkpt><trkpt lat="42.908491" lon="-8.426297"><ele>334.529</ele><time>2025-06-23T05:47:11.998Z</time></trkpt><trkpt lat="42.908458" lon="-8.426343"><ele>334.560</ele><time>2025-06-23T05:47:18.998Z</time></trkpt><trkpt lat="42.908432" lon="-8.426396"><ele>334.647</ele><time>2025-06-23T05:47:22.998Z</time></trkpt><trkpt lat="42.908420" lon="-8.426462"><ele>334.813</ele><time>2025-06-23T05:47:27.998Z</time></trkpt><trkpt lat="42.908418" lon="-8.426541"><ele>335.018</ele><time>2025-06-23T05:47:33.998Z</time></trkpt><trkpt lat="42.908412" lon="-8.426602"><ele>335.161</ele><time>2025-06-23T05:47:37.998Z</time></trkpt><trkpt lat="42.908411" lon="-8.426673"><ele>335.321</ele><time>2025-06-23T05:47:42.998Z</time></trkpt><trkpt lat="42.908376" lon="-8.426713"><ele>335.513</ele><time>2025-06-23T05:47:46.998Z</time></trkpt><trkpt lat="42.908349" lon="-8.426787"><ele>335.809</ele><time>2025-06-23T05:47:53.998Z</time></trkpt><trkpt lat="42.908321" lon="-8.426838"><ele>336.378</ele><time>2025-06-23T05:47:59.998Z</time></trkpt><trkpt lat="42.908286" lon="-8.426878"><ele>337.067</ele><time>2025-06-23T05:48:04.998Z</time></trkpt><trkpt lat="42.908263" lon="-8.426933"><ele>338.095</ele><time>2025-06-23T05:48:10.998Z</time></trkpt><trkpt lat="42.908221" lon="-8.426975"><ele>339.128</ele><time>2025-06-23T05:48:16.998Z</time></trkpt><trkpt lat="42.908188" lon="-8.427021"><ele>340.187</ele><time>2025-06-23T05:48:22.998Z</time></trkpt><trkpt lat="42.908150" lon="-8.427055"><ele>341.298</ele><time>2025-06-23T05:48:27.998Z</time></trkpt><trkpt lat="42.908112" lon="-8.427103"><ele>342.315</ele><time>2025-06-23T05:48:33.998Z</time></trkpt><trkpt lat="42.908084" lon="-8.427159"><ele>343.251</ele><time>2025-06-23T05:48:38.998Z</time></trkpt><trkpt lat="42.908050" lon="-8.427213"><ele>344.136</ele><time>2025-06-23T05:48:44.998Z</time></trkpt><trkpt lat="42.908010" lon="-8.427243"><ele>345.169</ele><time>2025-06-23T05:48:48.998Z</time></trkpt><trkpt lat="42.907965" lon="-8.427272"><ele>346.004</ele><time>2025-06-23T05:48:53.998Z</time></trkpt><trkpt lat="42.907919" lon="-8.427315"><ele>346.724</ele><time>2025-06-23T05:48:59.998Z</time></trkpt><trkpt lat="42.907872" lon="-8.427340"><ele>347.309</ele><time>2025-06-23T05:49:04.998Z</time></trkpt><trkpt lat="42.907835" lon="-8.427385"><ele>348.088</ele><time>2025-06-23T05:49:09.998Z</time></trkpt><trkpt lat="42.907793" lon="-8.427415"><ele>348.777</ele><time>2025-06-23T05:49:15.998Z</time></trkpt><trkpt lat="42.907720" lon="-8.427458"><ele>349.715</ele><time>2025-06-23T05:49:22.998Z</time></trkpt><trkpt lat="42.907678" lon="-8.427518"><ele>350.328</ele><time>2025-06-23T05:49:29.998Z</time></trkpt><trkpt lat="42.907631" lon="-8.427563"><ele>351.227</ele><time>2025-06-23T05:49:32.998Z</time></trkpt><trkpt lat="42.907577" lon="-8.427584"><ele>352.048</ele><time>2025-06-23T05:49:36.998Z</time></trkpt><trkpt lat="42.907538" lon="-8.427633"><ele>352.255</ele><time>2025-06-23T05:49:42.998Z</time></trkpt><trkpt lat="42.907492" lon="-8.427638"><ele>352.671</ele><time>2025-06-23T05:49:47.998Z</time></trkpt><trkpt lat="42.907427" lon="-8.427662"><ele>353.256</ele><time>2025-06-23T05:50:00.998Z</time></trkpt><trkpt lat="42.907384" lon="-8.427689"><ele>353.465</ele><time>2025-06-23T05:50:07.998Z</time></trkpt><trkpt lat="42.907336" lon="-8.427691"><ele>354.068</ele><time>2025-06-23T05:50:11.998Z</time></trkpt><trkpt lat="42.907288" lon="-8.427725"><ele>354.514</ele><time>2025-06-23T05:50:14.998Z</time></trkpt><trkpt lat="42.907227" lon="-8.427739"><ele>354.609</ele><time>2025-06-23T05:50:18.998Z</time></trkpt><trkpt lat="42.907207" lon="-8.427807"><ele>354.668</ele><time>2025-06-23T05:50:22.998Z</time></trkpt><trkpt lat="42.907165" lon="-8.427836"><ele>354.767</ele><time>2025-06-23T05:50:28.998Z</time></trkpt><trkpt lat="42.907126" lon="-8.427876"><ele>354.975</ele><time>2025-06-23T05:50:32.998Z</time></trkpt><trkpt lat="42.907113" lon="-8.427937"><ele>355.288</ele><time>2025-06-23T05:50:36.998Z</time></trkpt><trkpt lat="42.907060" lon="-8.427962"><ele>355.447</ele><time>2025-06-23T05:50:40.998Z</time></trkpt><trkpt lat="42.907033" lon="-8.428030"><ele>355.418</ele><time>2025-06-23T05:50:47.998Z</time></trkpt><trkpt lat="42.907024" lon="-8.428090"><ele>355.425</ele><time>2025-06-23T05:50:51.998Z</time></trkpt><trkpt lat="42.907025" lon="-8.428157"><ele>355.151</ele><time>2025-06-23T05:50:54.998Z</time></trkpt><trkpt lat="42.907008" lon="-8.428232"><ele>354.596</ele><time>2025-06-23T05:50:58.998Z</time></trkpt><trkpt lat="42.906982" lon="-8.428299"><ele>354.117</ele><time>2025-06-23T05:51:03.998Z</time></trkpt><trkpt lat="42.906991" lon="-8.428372"><ele>353.787</ele><time>2025-06-23T05:51:08.998Z</time></trkpt><trkpt lat="42.906972" lon="-8.428432"><ele>353.115</ele><time>2025-06-23T05:51:09.998Z</time></trkpt><trkpt lat="42.906922" lon="-8.428447"><ele>352.509</ele><time>2025-06-23T05:51:11.998Z</time></trkpt><trkpt lat="42.906898" lon="-8.428528"><ele>352.273</ele><time>2025-06-23T05:51:15.998Z</time></trkpt><trkpt lat="42.906860" lon="-8.428588"><ele>352.082</ele><time>2025-06-23T05:51:19.998Z</time></trkpt><trkpt lat="42.906808" lon="-8.428615"><ele>351.580</ele><time>2025-06-23T05:51:23.998Z</time></trkpt><trkpt lat="42.906782" lon="-8.428671"><ele>351.063</ele><time>2025-06-23T05:51:26.998Z</time></trkpt><trkpt lat="42.906762" lon="-8.428739"><ele>350.712</ele><time>2025-06-23T05:51:30.998Z</time></trkpt><trkpt lat="42.906432" lon="-8.429553"><ele>342.033</ele><time>2025-06-23T05:52:37.998Z</time></trkpt><trkpt lat="42.906400" lon="-8.429603"><ele>341.850</ele><time>2025-06-23T05:52:42.998Z</time></trkpt><trkpt lat="42.906359" lon="-8.429658"><ele>341.646</ele><time>2025-06-23T05:52:45.998Z</time></trkpt><trkpt lat="42.906328" lon="-8.429717"><ele>341.531</ele><time>2025-06-23T05:52:48.998Z</time></trkpt><trkpt lat="42.906275" lon="-8.429739"><ele>341.446</ele><time>2025-06-23T05:52:55.998Z</time></trkpt><trkpt lat="42.906238" lon="-8.429775"><ele>341.488</ele><time>2025-06-23T05:53:01.998Z</time></trkpt><trkpt lat="42.906180" lon="-8.429807"><ele>341.216</ele><time>2025-06-23T05:53:07.998Z</time></trkpt><trkpt lat="42.906130" lon="-8.429845"><ele>341.109</ele><time>2025-06-23T05:53:11.998Z</time></trkpt><trkpt lat="42.906070" lon="-8.429881"><ele>340.886</ele><time>2025-06-23T05:53:17.998Z</time></trkpt><trkpt lat="42.906034" lon="-8.429924"><ele>340.855</ele><time>2025-06-23T05:53:18.998Z</time></trkpt><trkpt lat="42.905993" lon="-8.429956"><ele>340.843</ele><time>2025-06-23T05:53:21.998Z</time></trkpt><trkpt lat="42.905951" lon="-8.430031"><ele>340.856</ele><time>2025-06-23T05:53:27.998Z</time></trkpt><trkpt lat="42.905916" lon="-8.430078"><ele>340.825</ele><time>2025-06-23T05:53:33.998Z</time></trkpt><trkpt lat="42.905863" lon="-8.430105"><ele>340.876</ele><time>2025-06-23T05:53:37.998Z</time></trkpt><trkpt lat="42.905833" lon="-8.430157"><ele>340.873</ele><time>2025-06-23T05:53:41.998Z</time></trkpt><trkpt lat="42.905797" lon="-8.430197"><ele>340.879</ele><time>2025-06-23T05:53:46.998Z</time></trkpt><trkpt lat="42.905784" lon="-8.430257"><ele>340.884</ele><time>2025-06-23T05:53:51.998Z</time></trkpt><trkpt lat="42.905747" lon="-8.430301"><ele>340.849</ele><time>2025-06-23T05:53:55.998Z</time></trkpt><trkpt lat="42.905716" lon="-8.430348"><ele>340.802</ele><time>2025-06-23T05:54:00.998Z</time></trkpt><trkpt lat="42.905690" lon="-8.430399"><ele>340.822</ele><time>2025-06-23T05:54:04.998Z</time></trkpt><trkpt lat="42.905645" lon="-8.430440"><ele>340.909</ele><time>2025-06-23T05:54:09.998Z</time></trkpt><trkpt lat="42.905625" lon="-8.430499"><ele>341.146</ele><time>2025-06-23T05:54:13.998Z</time></trkpt><trkpt lat="42.905598" lon="-8.430556"><ele>341.425</ele><time>2025-06-23T05:54:18.998Z</time></trkpt><trkpt lat="42.905568" lon="-8.430610"><ele>341.773</ele><time>2025-06-23T05:54:22.998Z</time></trkpt><trkpt lat="42.905528" lon="-8.430661"><ele>341.916</ele><time>2025-06-23T05:54:27.998Z</time></trkpt><trkpt lat="42.905502" lon="-8.430718"><ele>342.275</ele><time>2025-06-23T05:54:32.998Z</time></trkpt><trkpt lat="42.905484" lon="-8.430782"><ele>342.586</ele><time>2025-06-23T05:54:36.998Z</time></trkpt><trkpt lat="42.905462" lon="-8.430843"><ele>342.853</ele><time>2025-06-23T05:54:41.998Z</time></trkpt><trkpt lat="42.905449" lon="-8.430902"><ele>343.039</ele><time>2025-06-23T05:54:45.998Z</time></trkpt><trkpt lat="42.905424" lon="-8.430971"><ele>343.174</ele><time>2025-06-23T05:54:51.998Z</time></trkpt><trkpt lat="42.905405" lon="-8.431031"><ele>343.236</ele><time>2025-06-23T05:54:55.998Z</time></trkpt><trkpt lat="42.905409" lon="-8.431111"><ele>343.317</ele><time>2025-06-23T05:55:00.998Z</time></trkpt><trkpt lat="42.905409" lon="-8.431182"><ele>343.418</ele><time>2025-06-23T05:55:04.998Z</time></trkpt><trkpt lat="42.905402" lon="-8.431245"><ele>343.409</ele><time>2025-06-23T05:55:11.998Z</time></trkpt><trkpt lat="42.905419" lon="-8.431320"><ele>343.495</ele><time>2025-06-23T05:55:13.998Z</time></trkpt><trkpt lat="42.905405" lon="-8.431396"><ele>343.274</ele><time>2025-06-23T05:55:19.998Z</time></trkpt><trkpt lat="42.905398" lon="-8.431469"><ele>343.232</ele><time>2025-06-23T05:55:24.998Z</time></trkpt><trkpt lat="42.905398" lon="-8.431542"><ele>342.855</ele><time>2025-06-23T05:55:28.998Z</time></trkpt><trkpt lat="42.905376" lon="-8.431635"><ele>342.464</ele><time>2025-06-23T05:55:33.998Z</time></trkpt><trkpt lat="42.905354" lon="-8.431701"><ele>342.095</ele><time>2025-06-23T05:55:37.998Z</time></trkpt><trkpt lat="42.905332" lon="-8.431758"><ele>341.752</ele><time>2025-06-23T05:55:40.998Z</time></trkpt><trkpt lat="42.905322" lon="-8.431827"><ele>341.318</ele><time>2025-06-23T05:55:44.998Z</time></trkpt><trkpt lat="42.905305" lon="-8.431895"><ele>340.893</ele><time>2025-06-23T05:55:48.998Z</time></trkpt><trkpt lat="42.905283" lon="-8.431971"><ele>340.528</ele><time>2025-06-23T05:55:53.998Z</time></trkpt><trkpt lat="42.905274" lon="-8.432043"><ele>339.889</ele><time>2025-06-23T05:55:57.998Z</time></trkpt><trkpt lat="42.905237" lon="-8.432078"><ele>339.117</ele><time>2025-06-23T05:56:00.998Z</time></trkpt><trkpt lat="42.905202" lon="-8.432129"><ele>338.409</ele><time>2025-06-23T05:56:04.998Z</time></trkpt><trkpt lat="42.905190" lon="-8.432197"><ele>337.844</ele><time>2025-06-23T05:56:08.998Z</time></trkpt><trkpt lat="42.905156" lon="-8.432260"><ele>337.373</ele><time>2025-06-23T05:56:12.998Z</time></trkpt><trkpt lat="42.905136" lon="-8.432324"><ele>336.891</ele><time>2025-06-23T05:56:17.998Z</time></trkpt><trkpt lat="42.905101" lon="-8.432369"><ele>336.424</ele><time>2025-06-23T05:56:22.998Z</time></trkpt><trkpt lat="42.905061" lon="-8.432397"><ele>336.273</ele><time>2025-06-23T05:56:27.998Z</time></trkpt><trkpt lat="42.905023" lon="-8.432433"><ele>336.284</ele><time>2025-06-23T05:56:30.998Z</time></trkpt><trkpt lat="42.905022" lon="-8.432498"><ele>336.031</ele><time>2025-06-23T05:56:35.998Z</time></trkpt><trkpt lat="42.904995" lon="-8.432547"><ele>335.687</ele><time>2025-06-23T05:56:41.998Z</time></trkpt><trkpt lat="42.904969" lon="-8.432602"><ele>335.052</ele><time>2025-06-23T05:56:45.998Z</time></trkpt><trkpt lat="42.904937" lon="-8.432651"><ele>334.464</ele><time>2025-06-23T05:56:49.998Z</time></trkpt><trkpt lat="42.904897" lon="-8.432683"><ele>334.106</ele><time>2025-06-23T05:56:53.998Z</time></trkpt><trkpt lat="42.904862" lon="-8.432747"><ele>333.916</ele><time>2025-06-23T05:56:58.998Z</time></trkpt><trkpt lat="42.904826" lon="-8.432793"><ele>333.709</ele><time>2025-06-23T05:57:02.998Z</time></trkpt><trkpt lat="42.904777" lon="-8.432829"><ele>333.538</ele><time>2025-06-23T05:57:07.998Z</time></trkpt><trkpt lat="42.904741" lon="-8.432882"><ele>333.387</ele><time>2025-06-23T05:57:14.998Z</time></trkpt><trkpt lat="42.904701" lon="-8.432948"><ele>333.035</ele><time>2025-06-23T05:57:19.998Z</time></trkpt><trkpt lat="42.904667" lon="-8.432996"><ele>332.728</ele><time>2025-06-23T05:57:23.998Z</time></trkpt><trkpt lat="42.904638" lon="-8.433055"><ele>332.577</ele><time>2025-06-23T05:57:27.998Z</time></trkpt><trkpt lat="42.904595" lon="-8.433103"><ele>332.498</ele><time>2025-06-23T05:57:34.998Z</time></trkpt><trkpt lat="42.904565" lon="-8.433181"><ele>332.315</ele><time>2025-06-23T05:57:38.998Z</time></trkpt><trkpt lat="42.904525" lon="-8.433209"><ele>332.261</ele><time>2025-06-23T05:57:41.998Z</time></trkpt><trkpt lat="42.904506" lon="-8.433278"><ele>332.026</ele><time>2025-06-23T05:57:46.998Z</time></trkpt><trkpt lat="42.904490" lon="-8.433345"><ele>332.044</ele><time>2025-06-23T05:57:51.998Z</time></trkpt><trkpt lat="42.904481" lon="-8.433428"><ele>332.005</ele><time>2025-06-23T05:57:56.998Z</time></trkpt><trkpt lat="42.904451" lon="-8.433485"><ele>331.915</ele><time>2025-06-23T05:58:03.998Z</time></trkpt><trkpt lat="42.904450" lon="-8.433550"><ele>331.809</ele><time>2025-06-23T05:58:07.998Z</time></trkpt><trkpt lat="42.904422" lon="-8.433614"><ele>331.716</ele><time>2025-06-23T05:58:13.998Z</time></trkpt><trkpt lat="42.904405" lon="-8.433675"><ele>331.625</ele><time>2025-06-23T05:58:16.998Z</time></trkpt><trkpt lat="42.904389" lon="-8.433733"><ele>331.493</ele><time>2025-06-23T05:58:19.998Z</time></trkpt><trkpt lat="42.904372" lon="-8.433807"><ele>331.296</ele><time>2025-06-23T05:58:26.998Z</time></trkpt><trkpt lat="42.904381" lon="-8.433876"><ele>331.115</ele><time>2025-06-23T05:58:29.998Z</time></trkpt><trkpt lat="42.904369" lon="-8.433947"><ele>331.066</ele><time>2025-06-23T05:58:34.998Z</time></trkpt><trkpt lat="42.904357" lon="-8.434006"><ele>330.913</ele><time>2025-06-23T05:58:38.998Z</time></trkpt><trkpt lat="42.904338" lon="-8.434070"><ele>330.949</ele><time>2025-06-23T05:58:42.998Z</time></trkpt><trkpt lat="42.904309" lon="-8.434126"><ele>330.964</ele><time>2025-06-23T05:58:46.998Z</time></trkpt><trkpt lat="42.904284" lon="-8.434186"><ele>330.843</ele><time>2025-06-23T05:58:50.998Z</time></trkpt><trkpt lat="42.904275" lon="-8.434252"><ele>330.764</ele><time>2025-06-23T05:58:56.998Z</time></trkpt><trkpt lat="42.904249" lon="-8.434324"><ele>330.610</ele><time>2025-06-23T05:59:00.998Z</time></trkpt><trkpt lat="42.904236" lon="-8.434387"><ele>330.609</ele><time>2025-06-23T05:59:05.998Z</time></trkpt><trkpt lat="42.904222" lon="-8.434450"><ele>330.566</ele><time>2025-06-23T05:59:09.998Z</time></trkpt><trkpt lat="42.904196" lon="-8.434503"><ele>330.445</ele><time>2025-06-23T05:59:12.998Z</time></trkpt><trkpt lat="42.904186" lon="-8.434564"><ele>330.333</ele><time>2025-06-23T05:59:17.998Z</time></trkpt><trkpt lat="42.904167" lon="-8.434632"><ele>330.216</ele><time>2025-06-23T05:59:23.998Z</time></trkpt><trkpt lat="42.904186" lon="-8.434691"><ele>330.135</ele><time>2025-06-23T05:59:27.998Z</time></trkpt><trkpt lat="42.904192" lon="-8.434760"><ele>330.046</ele><time>2025-06-23T05:59:31.998Z</time></trkpt><trkpt lat="42.904201" lon="-8.434832"><ele>329.983</ele><time>2025-06-23T05:59:35.998Z</time></trkpt><trkpt lat="42.904220" lon="-8.434909"><ele>329.859</ele><time>2025-06-23T05:59:38.998Z</time></trkpt><trkpt lat="42.904261" lon="-8.434951"><ele>329.734</ele><time>2025-06-23T05:59:45.998Z</time></trkpt><trkpt lat="42.904255" lon="-8.435019"><ele>329.624</ele><time>2025-06-23T05:59:50.998Z</time></trkpt><trkpt lat="42.904200" lon="-8.435081"><ele>329.604</ele><time>2025-06-23T06:00:01.998Z</time></trkpt><trkpt lat="42.904168" lon="-8.435133"><ele>329.614</ele><time>2025-06-23T06:00:05.998Z</time></trkpt><trkpt lat="42.904162" lon="-8.435201"><ele>329.609</ele><time>2025-06-23T06:00:09.998Z</time></trkpt><trkpt lat="42.904132" lon="-8.435273"><ele>329.614</ele><time>2025-06-23T06:00:14.998Z</time></trkpt><trkpt lat="42.904092" lon="-8.435310"><ele>329.393</ele><time>2025-06-23T06:00:17.998Z</time></trkpt><trkpt lat="42.904065" lon="-8.435362"><ele>329.291</ele><time>2025-06-23T06:00:21.998Z</time></trkpt><trkpt lat="42.904034" lon="-8.435416"><ele>328.954</ele><time>2025-06-23T06:00:24.998Z</time></trkpt><trkpt lat="42.904002" lon="-8.435477"><ele>328.713</ele><time>2025-06-23T06:00:28.998Z</time></trkpt><trkpt lat="42.903958" lon="-8.435534"><ele>328.514</ele><time>2025-06-23T06:00:33.998Z</time></trkpt><trkpt lat="42.903927" lon="-8.435580"><ele>328.331</ele><time>2025-06-23T06:00:36.998Z</time></trkpt><trkpt lat="42.903923" lon="-8.435643"><ele>328.117</ele><time>2025-06-23T06:00:40.998Z</time></trkpt><trkpt lat="42.903888" lon="-8.435690"><ele>327.982</ele><time>2025-06-23T06:00:41.998Z</time></trkpt><trkpt lat="42.903841" lon="-8.435720"><ele>327.688</ele><time>2025-06-23T06:00:45.998Z</time></trkpt><trkpt lat="42.903797" lon="-8.435742"><ele>327.424</ele><time>2025-06-23T06:00:49.998Z</time></trkpt><trkpt lat="42.903762" lon="-8.435790"><ele>327.226</ele><time>2025-06-23T06:00:53.998Z</time></trkpt><trkpt lat="42.903713" lon="-8.435827"><ele>327.009</ele><time>2025-06-23T06:00:57.998Z</time></trkpt><trkpt lat="42.903703" lon="-8.435888"><ele>326.810</ele><time>2025-06-23T06:01:00.998Z</time></trkpt><trkpt lat="42.903653" lon="-8.435926"><ele>326.619</ele><time>2025-06-23T06:01:04.998Z</time></trkpt><trkpt lat="42.903606" lon="-8.435950"><ele>326.477</ele><time>2025-06-23T06:01:08.998Z</time></trkpt><trkpt lat="42.903568" lon="-8.436006"><ele>326.230</ele><time>2025-06-23T06:01:13.998Z</time></trkpt><trkpt lat="42.903555" lon="-8.436067"><ele>326.079</ele><time>2025-06-23T06:01:18.998Z</time></trkpt><trkpt lat="42.903488" lon="-8.436109"><ele>325.890</ele><time>2025-06-23T06:01:24.998Z</time></trkpt><trkpt lat="42.903441" lon="-8.436138"><ele>325.667</ele><time>2025-06-23T06:01:30.998Z</time></trkpt><trkpt lat="42.903406" lon="-8.436186"><ele>325.333</ele><time>2025-06-23T06:01:33.998Z</time></trkpt><trkpt lat="42.903373" lon="-8.436233"><ele>325.258</ele><time>2025-06-23T06:01:41.998Z</time></trkpt><trkpt lat="42.903352" lon="-8.436294"><ele>325.013</ele><time>2025-06-23T06:01:44.998Z</time></trkpt><trkpt lat="42.903327" lon="-8.436363"><ele>324.843</ele><time>2025-06-23T06:01:48.998Z</time></trkpt><trkpt lat="42.903293" lon="-8.436415"><ele>324.507</ele><time>2025-06-23T06:01:53.998Z</time></trkpt><trkpt lat="42.903278" lon="-8.436474"><ele>324.409</ele><time>2025-06-23T06:01:56.998Z</time></trkpt><trkpt lat="42.903242" lon="-8.436511"><ele>324.223</ele><time>2025-06-23T06:02:02.998Z</time></trkpt><trkpt lat="42.903205" lon="-8.436558"><ele>324.012</ele><time>2025-06-23T06:02:07.998Z</time></trkpt><trkpt lat="42.903178" lon="-8.436619"><ele>323.790</ele><time>2025-06-23T06:02:11.998Z</time></trkpt><trkpt lat="42.903141" lon="-8.436662"><ele>323.593</ele><time>2025-06-23T06:02:14.998Z</time></trkpt><trkpt lat="42.903092" lon="-8.436724"><ele>323.352</ele><time>2025-06-23T06:02:20.998Z</time></trkpt><trkpt lat="42.903050" lon="-8.436764"><ele>323.263</ele><time>2025-06-23T06:02:24.998Z</time></trkpt><trkpt lat="42.903018" lon="-8.436811"><ele>323.160</ele><time>2025-06-23T06:02:27.998Z</time></trkpt><trkpt lat="42.903001" lon="-8.436871"><ele>322.966</ele><time>2025-06-23T06:02:31.998Z</time></trkpt><trkpt lat="42.902967" lon="-8.436915"><ele>322.831</ele><time>2025-06-23T06:02:34.998Z</time></trkpt><trkpt lat="42.902933" lon="-8.436976"><ele>322.727</ele><time>2025-06-23T06:02:41.998Z</time></trkpt><trkpt lat="42.902912" lon="-8.437035"><ele>322.568</ele><time>2025-06-23T06:02:46.998Z</time></trkpt><trkpt lat="42.902842" lon="-8.437062"><ele>322.114</ele><time>2025-06-23T06:02:49.998Z</time></trkpt><trkpt lat="42.902796" lon="-8.437084"><ele>321.709</ele><time>2025-06-23T06:02:51.998Z</time></trkpt><trkpt lat="42.902768" lon="-8.437142"><ele>321.564</ele><time>2025-06-23T06:02:55.998Z</time></trkpt><trkpt lat="42.902732" lon="-8.437188"><ele>321.593</ele><time>2025-06-23T06:03:00.998Z</time></trkpt><trkpt lat="42.902698" lon="-8.437244"><ele>321.211</ele><time>2025-06-23T06:03:07.998Z</time></trkpt><trkpt lat="42.902674" lon="-8.437314"><ele>321.014</ele><time>2025-06-23T06:03:12.998Z</time></trkpt><trkpt lat="42.902644" lon="-8.437360"><ele>320.623</ele><time>2025-06-23T06:03:17.998Z</time></trkpt><trkpt lat="42.902610" lon="-8.437402"><ele>320.154</ele><time>2025-06-23T06:03:20.998Z</time></trkpt><trkpt lat="42.902557" lon="-8.437430"><ele>319.821</ele><time>2025-06-23T06:03:24.998Z</time></trkpt><trkpt lat="42.902532" lon="-8.437500"><ele>319.687</ele><time>2025-06-23T06:03:27.998Z</time></trkpt><trkpt lat="42.902486" lon="-8.437533"><ele>319.462</ele><time>2025-06-23T06:03:34.998Z</time></trkpt><trkpt lat="42.902456" lon="-8.437593"><ele>319.289</ele><time>2025-06-23T06:03:37.998Z</time></trkpt><trkpt lat="42.902433" lon="-8.437650"><ele>319.006</ele><time>2025-06-23T06:03:42.998Z</time></trkpt><trkpt lat="42.902405" lon="-8.437698"><ele>318.926</ele><time>2025-06-23T06:03:45.998Z</time></trkpt><trkpt lat="42.902372" lon="-8.437754"><ele>318.809</ele><time>2025-06-23T06:03:49.998Z</time></trkpt><trkpt lat="42.902339" lon="-8.437802"><ele>318.780</ele><time>2025-06-23T06:03:53.998Z</time></trkpt><trkpt lat="42.902308" lon="-8.437858"><ele>318.659</ele><time>2025-06-23T06:03:57.998Z</time></trkpt><trkpt lat="42.902285" lon="-8.437923"><ele>318.567</ele><time>2025-06-23T06:04:01.998Z</time></trkpt><trkpt lat="42.902255" lon="-8.437970"><ele>318.450</ele><time>2025-06-23T06:04:05.998Z</time></trkpt><trkpt lat="42.902241" lon="-8.438031"><ele>318.369</ele><time>2025-06-23T06:04:09.998Z</time></trkpt><trkpt lat="42.902224" lon="-8.438090"><ele>318.240</ele><time>2025-06-23T06:04:12.998Z</time></trkpt><trkpt lat="42.902196" lon="-8.438142"><ele>318.147</ele><time>2025-06-23T06:04:16.998Z</time></trkpt><trkpt lat="42.902170" lon="-8.438204"><ele>318.043</ele><time>2025-06-23T06:04:20.998Z</time></trkpt><trkpt lat="42.902134" lon="-8.438257"><ele>317.958</ele><time>2025-06-23T06:04:25.998Z</time></trkpt><trkpt lat="42.902102" lon="-8.438301"><ele>317.862</ele><time>2025-06-23T06:04:29.998Z</time></trkpt><trkpt lat="42.902067" lon="-8.438361"><ele>317.783</ele><time>2025-06-23T06:04:34.998Z</time></trkpt><trkpt lat="42.902048" lon="-8.438419"><ele>317.611</ele><time>2025-06-23T06:04:38.998Z</time></trkpt><trkpt lat="42.902032" lon="-8.438484"><ele>317.509</ele><time>2025-06-23T06:04:42.998Z</time></trkpt><trkpt lat="42.902014" lon="-8.438552"><ele>317.438</ele><time>2025-06-23T06:04:46.998Z</time></trkpt><trkpt lat="42.902008" lon="-8.438619"><ele>317.337</ele><time>2025-06-23T06:04:50.998Z</time></trkpt><trkpt lat="42.901987" lon="-8.438676"><ele>317.315</ele><time>2025-06-23T06:04:54.998Z</time></trkpt><trkpt lat="42.901992" lon="-8.438742"><ele>317.288</ele><time>2025-06-23T06:04:58.998Z</time></trkpt><trkpt lat="42.901992" lon="-8.438805"><ele>317.197</ele><time>2025-06-23T06:05:02.998Z</time></trkpt><trkpt lat="42.901987" lon="-8.438871"><ele>317.068</ele><time>2025-06-23T06:05:06.998Z</time></trkpt><trkpt lat="42.901983" lon="-8.438937"><ele>316.985</ele><time>2025-06-23T06:05:11.998Z</time></trkpt><trkpt lat="42.901968" lon="-8.439002"><ele>316.961</ele><time>2025-06-23T06:05:15.998Z</time></trkpt><trkpt lat="42.901963" lon="-8.439064"><ele>316.956</ele><time>2025-06-23T06:05:19.998Z</time></trkpt><trkpt lat="42.901977" lon="-8.439134"><ele>316.971</ele><time>2025-06-23T06:05:22.998Z</time></trkpt><trkpt lat="42.901973" lon="-8.439203"><ele>316.941</ele><time>2025-06-23T06:05:26.998Z</time></trkpt><trkpt lat="42.901965" lon="-8.439271"><ele>316.915</ele><time>2025-06-23T06:05:30.998Z</time></trkpt><trkpt lat="42.901959" lon="-8.439336"><ele>316.809</ele><time>2025-06-23T06:05:33.998Z</time></trkpt><trkpt lat="42.901943" lon="-8.439404"><ele>316.739</ele><time>2025-06-23T06:05:41.998Z</time></trkpt><trkpt lat="42.901947" lon="-8.439471"><ele>316.698</ele><time>2025-06-23T06:05:45.998Z</time></trkpt><trkpt lat="42.901930" lon="-8.439540"><ele>316.436</ele><time>2025-06-23T06:05:49.998Z</time></trkpt><trkpt lat="42.901915" lon="-8.439624"><ele>316.299</ele><time>2025-06-23T06:05:54.998Z</time></trkpt><trkpt lat="42.901916" lon="-8.439696"><ele>316.238</ele><time>2025-06-23T06:05:58.998Z</time></trkpt><trkpt lat="42.901912" lon="-8.439768"><ele>316.249</ele><time>2025-06-23T06:06:02.998Z</time></trkpt><trkpt lat="42.901909" lon="-8.439834"><ele>316.286</ele><time>2025-06-23T06:06:06.998Z</time></trkpt><trkpt lat="42.901889" lon="-8.439892"><ele>316.282</ele><time>2025-06-23T06:06:10.998Z</time></trkpt><trkpt lat="42.901876" lon="-8.439970"><ele>316.287</ele><time>2025-06-23T06:06:14.998Z</time></trkpt><trkpt lat="42.901865" lon="-8.440051"><ele>316.225</ele><time>2025-06-23T06:06:19.998Z</time></trkpt><trkpt lat="42.901857" lon="-8.440122"><ele>316.226</ele><time>2025-06-23T06:06:24.998Z</time></trkpt><trkpt lat="42.901842" lon="-8.440189"><ele>316.208</ele><time>2025-06-23T06:06:29.998Z</time></trkpt><trkpt lat="42.901842" lon="-8.440253"><ele>316.109</ele><time>2025-06-23T06:06:33.998Z</time></trkpt><trkpt lat="42.901842" lon="-8.440325"><ele>316.164</ele><time>2025-06-23T06:06:37.998Z</time></trkpt><trkpt lat="42.901810" lon="-8.440377"><ele>316.133</ele><time>2025-06-23T06:06:41.998Z</time></trkpt><trkpt lat="42.901780" lon="-8.440438"><ele>316.141</ele><time>2025-06-23T06:06:46.998Z</time></trkpt><trkpt lat="42.901766" lon="-8.440508"><ele>316.154</ele><time>2025-06-23T06:06:52.998Z</time></trkpt><trkpt lat="42.901766" lon="-8.440574"><ele>316.173</ele><time>2025-06-23T06:06:56.998Z</time></trkpt><trkpt lat="42.901763" lon="-8.440651"><ele>316.024</ele><time>2025-06-23T06:07:00.998Z</time></trkpt><trkpt lat="42.901759" lon="-8.440724"><ele>315.971</ele><time>2025-06-23T06:07:05.998Z</time></trkpt><trkpt lat="42.901761" lon="-8.440789"><ele>315.887</ele><time>2025-06-23T06:07:09.998Z</time></trkpt><trkpt lat="42.901759" lon="-8.440865"><ele>315.722</ele><time>2025-06-23T06:07:14.998Z</time></trkpt><trkpt lat="42.901758" lon="-8.440928"><ele>315.691</ele><time>2025-06-23T06:07:18.998Z</time></trkpt><trkpt lat="42.901746" lon="-8.440992"><ele>315.581</ele><time>2025-06-23T06:07:22.998Z</time></trkpt><trkpt lat="42.901745" lon="-8.441062"><ele>315.419</ele><time>2025-06-23T06:07:26.998Z</time></trkpt><trkpt lat="42.901741" lon="-8.441127"><ele>315.309</ele><time>2025-06-23T06:07:30.998Z</time></trkpt><trkpt lat="42.901726" lon="-8.441193"><ele>315.291</ele><time>2025-06-23T06:07:35.998Z</time></trkpt><trkpt lat="42.901719" lon="-8.441264"><ele>315.070</ele><time>2025-06-23T06:07:39.998Z</time></trkpt><trkpt lat="42.901722" lon="-8.441339"><ele>314.878</ele><time>2025-06-23T06:07:44.998Z</time></trkpt><trkpt lat="42.901720" lon="-8.441408"><ele>314.561</ele><time>2025-06-23T06:07:49.998Z</time></trkpt><trkpt lat="42.901708" lon="-8.441476"><ele>314.270</ele><time>2025-06-23T06:07:53.998Z</time></trkpt><trkpt lat="42.901698" lon="-8.441538"><ele>313.741</ele><time>2025-06-23T06:07:56.998Z</time></trkpt><trkpt lat="42.901689" lon="-8.441620"><ele>313.228</ele><time>2025-06-23T06:08:00.998Z</time></trkpt><trkpt lat="42.901689" lon="-8.441682"><ele>312.844</ele><time>2025-06-23T06:08:04.998Z</time></trkpt><trkpt lat="42.901673" lon="-8.441744"><ele>312.449</ele><time>2025-06-23T06:08:08.998Z</time></trkpt><trkpt lat="42.901659" lon="-8.441805"><ele>311.925</ele><time>2025-06-23T06:08:12.998Z</time></trkpt><trkpt lat="42.901651" lon="-8.441872"><ele>311.426</ele><time>2025-06-23T06:08:16.998Z</time></trkpt><trkpt lat="42.901653" lon="-8.441937"><ele>310.908</ele><time>2025-06-23T06:08:20.998Z</time></trkpt><trkpt lat="42.901649" lon="-8.442003"><ele>310.409</ele><time>2025-06-23T06:08:24.998Z</time></trkpt><trkpt lat="42.901635" lon="-8.442069"><ele>309.884</ele><time>2025-06-23T06:08:28.998Z</time></trkpt><trkpt lat="42.901620" lon="-8.442133"><ele>309.223</ele><time>2025-06-23T06:08:32.998Z</time></trkpt><trkpt lat="42.901585" lon="-8.442172"><ele>308.771</ele><time>2025-06-23T06:08:35.998Z</time></trkpt><trkpt lat="42.901583" lon="-8.442237"><ele>308.174</ele><time>2025-06-23T06:08:39.998Z</time></trkpt><trkpt lat="42.901591" lon="-8.442304"><ele>307.643</ele><time>2025-06-23T06:08:43.998Z</time></trkpt><trkpt lat="42.901570" lon="-8.442360"><ele>307.264</ele><time>2025-06-23T06:08:47.998Z</time></trkpt><trkpt lat="42.901557" lon="-8.442419"><ele>306.761</ele><time>2025-06-23T06:08:51.998Z</time></trkpt><trkpt lat="42.901549" lon="-8.442494"><ele>306.327</ele><time>2025-06-23T06:08:55.998Z</time></trkpt><trkpt lat="42.901532" lon="-8.442563"><ele>305.952</ele><time>2025-06-23T06:08:59.998Z</time></trkpt><trkpt lat="42.901536" lon="-8.442628"><ele>305.541</ele><time>2025-06-23T06:09:02.998Z</time></trkpt><trkpt lat="42.901516" lon="-8.442692"><ele>305.281</ele><time>2025-06-23T06:09:06.998Z</time></trkpt><trkpt lat="42.901483" lon="-8.442750"><ele>305.009</ele><time>2025-06-23T06:09:10.998Z</time></trkpt><trkpt lat="42.901441" lon="-8.442795"><ele>304.809</ele><time>2025-06-23T06:09:14.998Z</time></trkpt><trkpt lat="42.901430" lon="-8.442864"><ele>304.636</ele><time>2025-06-23T06:09:17.998Z</time></trkpt><trkpt lat="42.901397" lon="-8.442910"><ele>304.565</ele><time>2025-06-23T06:09:22.998Z</time></trkpt><trkpt lat="42.901381" lon="-8.442973"><ele>304.563</ele><time>2025-06-23T06:09:27.998Z</time></trkpt><trkpt lat="42.901345" lon="-8.443023"><ele>304.416</ele><time>2025-06-23T06:09:32.998Z</time></trkpt><trkpt lat="42.901309" lon="-8.443090"><ele>304.345</ele><time>2025-06-23T06:09:36.998Z</time></trkpt><trkpt lat="42.901263" lon="-8.443117"><ele>304.376</ele><time>2025-06-23T06:09:41.998Z</time></trkpt><trkpt lat="42.901242" lon="-8.443175"><ele>304.313</ele><time>2025-06-23T06:09:45.998Z</time></trkpt><trkpt lat="42.901212" lon="-8.443221"><ele>304.339</ele><time>2025-06-23T06:09:49.998Z</time></trkpt><trkpt lat="42.901189" lon="-8.443278"><ele>304.344</ele><time>2025-06-23T06:09:53.998Z</time></trkpt><trkpt lat="42.901166" lon="-8.443333"><ele>304.396</ele><time>2025-06-23T06:09:57.998Z</time></trkpt><trkpt lat="42.901146" lon="-8.443390"><ele>304.231</ele><time>2025-06-23T06:10:02.998Z</time></trkpt><trkpt lat="42.901123" lon="-8.443444"><ele>304.224</ele><time>2025-06-23T06:10:05.998Z</time></trkpt><trkpt lat="42.901094" lon="-8.443504"><ele>304.109</ele><time>2025-06-23T06:10:09.998Z</time></trkpt><trkpt lat="42.901079" lon="-8.443565"><ele>304.091</ele><time>2025-06-23T06:10:13.998Z</time></trkpt><trkpt lat="42.901048" lon="-8.443614"><ele>303.990</ele><time>2025-06-23T06:10:17.998Z</time></trkpt><trkpt lat="42.901033" lon="-8.443677"><ele>303.948</ele><time>2025-06-23T06:10:22.998Z</time></trkpt><trkpt lat="42.901023" lon="-8.443742"><ele>303.961</ele><time>2025-06-23T06:10:25.998Z</time></trkpt><trkpt lat="42.901011" lon="-8.443818"><ele>303.940</ele><time>2025-06-23T06:10:29.998Z</time></trkpt><trkpt lat="42.901001" lon="-8.443881"><ele>303.991</ele><time>2025-06-23T06:10:33.998Z</time></trkpt><trkpt lat="42.900982" lon="-8.443941"><ele>303.998</ele><time>2025-06-23T06:10:37.998Z</time></trkpt><trkpt lat="42.900971" lon="-8.444004"><ele>303.994</ele><time>2025-06-23T06:10:41.998Z</time></trkpt><trkpt lat="42.900946" lon="-8.444061"><ele>303.829</ele><time>2025-06-23T06:10:45.998Z</time></trkpt><trkpt lat="42.900959" lon="-8.444139"><ele>303.783</ele><time>2025-06-23T06:10:48.998Z</time></trkpt><trkpt lat="42.900931" lon="-8.444202"><ele>303.725</ele><time>2025-06-23T06:10:53.998Z</time></trkpt><trkpt lat="42.900908" lon="-8.444262"><ele>303.717</ele><time>2025-06-23T06:10:57.998Z</time></trkpt><trkpt lat="42.900882" lon="-8.444312"><ele>303.709</ele><time>2025-06-23T06:11:01.998Z</time></trkpt><trkpt lat="42.900877" lon="-8.444375"><ele>303.720</ele><time>2025-06-23T06:11:05.998Z</time></trkpt><trkpt lat="42.900850" lon="-8.444427"><ele>303.769</ele><time>2025-06-23T06:11:09.998Z</time></trkpt><trkpt lat="42.900832" lon="-8.444505"><ele>303.747</ele><time>2025-06-23T06:11:14.998Z</time></trkpt><trkpt lat="42.900808" lon="-8.444571"><ele>303.710</ele><time>2025-06-23T06:11:18.998Z</time></trkpt><trkpt lat="42.900813" lon="-8.444634"><ele>303.769</ele><time>2025-06-23T06:11:21.998Z</time></trkpt><trkpt lat="42.900798" lon="-8.444694"><ele>303.720</ele><time>2025-06-23T06:11:25.998Z</time></trkpt><trkpt lat="42.900797" lon="-8.444767"><ele>303.747</ele><time>2025-06-23T06:11:29.998Z</time></trkpt><trkpt lat="42.900774" lon="-8.444829"><ele>303.743</ele><time>2025-06-23T06:11:34.998Z</time></trkpt><trkpt lat="42.900751" lon="-8.444884"><ele>303.748</ele><time>2025-06-23T06:11:39.998Z</time></trkpt><trkpt lat="42.900732" lon="-8.444952"><ele>303.664</ele><time>2025-06-23T06:11:43.998Z</time></trkpt><trkpt lat="42.900724" lon="-8.445038"><ele>303.506</ele><time>2025-06-23T06:11:48.998Z</time></trkpt><trkpt lat="42.900698" lon="-8.445099"><ele>303.416</ele><time>2025-06-23T06:11:53.998Z</time></trkpt><trkpt lat="42.900681" lon="-8.445157"><ele>303.309</ele><time>2025-06-23T06:11:57.998Z</time></trkpt><trkpt lat="42.900685" lon="-8.445229"><ele>303.398</ele><time>2025-06-23T06:12:02.998Z</time></trkpt><trkpt lat="42.900673" lon="-8.445308"><ele>303.337</ele><time>2025-06-23T06:12:06.998Z</time></trkpt><trkpt lat="42.900663" lon="-8.445377"><ele>303.355</ele><time>2025-06-23T06:12:11.998Z</time></trkpt><trkpt lat="42.900648" lon="-8.445450"><ele>303.378</ele><time>2025-06-23T06:12:16.998Z</time></trkpt><trkpt lat="42.900640" lon="-8.445517"><ele>303.397</ele><time>2025-06-23T06:12:20.998Z</time></trkpt><trkpt lat="42.900631" lon="-8.445586"><ele>303.328</ele><time>2025-06-23T06:12:24.998Z</time></trkpt><trkpt lat="42.900624" lon="-8.445662"><ele>303.385</ele><time>2025-06-23T06:12:29.998Z</time></trkpt><trkpt lat="42.900605" lon="-8.445728"><ele>303.341</ele><time>2025-06-23T06:12:34.998Z</time></trkpt><trkpt lat="42.900594" lon="-8.445793"><ele>303.346</ele><time>2025-06-23T06:12:37.998Z</time></trkpt><trkpt lat="42.900572" lon="-8.445849"><ele>303.366</ele><time>2025-06-23T06:12:41.998Z</time></trkpt><trkpt lat="42.900552" lon="-8.445918"><ele>303.329</ele><time>2025-06-23T06:12:45.998Z</time></trkpt><trkpt lat="42.900533" lon="-8.445992"><ele>303.321</ele><time>2025-06-23T06:12:49.998Z</time></trkpt><trkpt lat="42.900518" lon="-8.446061"><ele>303.309</ele><time>2025-06-23T06:12:54.998Z</time></trkpt><trkpt lat="42.900498" lon="-8.446129"><ele>303.468</ele><time>2025-06-23T06:12:59.998Z</time></trkpt><trkpt lat="42.900490" lon="-8.446194"><ele>303.497</ele><time>2025-06-23T06:13:03.998Z</time></trkpt><trkpt lat="42.900470" lon="-8.446258"><ele>303.445</ele><time>2025-06-23T06:13:07.998Z</time></trkpt><trkpt lat="42.900453" lon="-8.446317"><ele>303.448</ele><time>2025-06-23T06:13:11.998Z</time></trkpt><trkpt lat="42.900444" lon="-8.446384"><ele>303.427</ele><time>2025-06-23T06:13:14.998Z</time></trkpt><trkpt lat="42.900447" lon="-8.446446"><ele>303.228</ele><time>2025-06-23T06:13:17.998Z</time></trkpt><trkpt lat="42.900443" lon="-8.446522"><ele>302.925</ele><time>2025-06-23T06:13:23.998Z</time></trkpt><trkpt lat="42.900438" lon="-8.446583"><ele>302.571</ele><time>2025-06-23T06:13:27.998Z</time></trkpt><trkpt lat="42.900399" lon="-8.446629"><ele>301.886</ele><time>2025-06-23T06:13:31.998Z</time></trkpt><trkpt lat="42.900427" lon="-8.446699"><ele>301.248</ele><time>2025-06-23T06:13:36.998Z</time></trkpt><trkpt lat="42.900403" lon="-8.446766"><ele>301.061</ele><time>2025-06-23T06:13:40.998Z</time></trkpt><trkpt lat="42.900365" lon="-8.446814"><ele>300.717</ele><time>2025-06-23T06:13:43.998Z</time></trkpt><trkpt lat="42.900317" lon="-8.446820"><ele>300.409</ele><time>2025-06-23T06:13:45.998Z</time></trkpt><trkpt lat="42.900261" lon="-8.446853"><ele>300.246</ele><time>2025-06-23T06:13:50.998Z</time></trkpt><trkpt lat="42.900209" lon="-8.446847"><ele>300.155</ele><time>2025-06-23T06:13:53.998Z</time></trkpt><trkpt lat="42.900161" lon="-8.446861"><ele>299.663</ele><time>2025-06-23T06:13:56.998Z</time></trkpt><trkpt lat="42.900105" lon="-8.446864"><ele>299.096</ele><time>2025-06-23T06:14:00.998Z</time></trkpt><trkpt lat="42.900061" lon="-8.446880"><ele>298.625</ele><time>2025-06-23T06:14:03.998Z</time></trkpt><trkpt lat="42.900017" lon="-8.446907"><ele>298.316</ele><time>2025-06-23T06:14:06.998Z</time></trkpt><trkpt lat="42.899961" lon="-8.446912"><ele>298.223</ele><time>2025-06-23T06:14:11.998Z</time></trkpt><trkpt lat="42.899916" lon="-8.446900"><ele>298.269</ele><time>2025-06-23T06:14:17.998Z</time></trkpt><trkpt lat="42.899885" lon="-8.446852"><ele>298.274</ele><time>2025-06-23T06:14:21.998Z</time></trkpt><trkpt lat="42.899854" lon="-8.446799"><ele>298.253</ele><time>2025-06-23T06:14:28.998Z</time></trkpt><trkpt lat="42.899815" lon="-8.446767"><ele>298.204</ele><time>2025-06-23T06:14:41.998Z</time></trkpt><trkpt lat="42.899819" lon="-8.446702"><ele>298.214</ele><time>2025-06-23T06:14:47.998Z</time></trkpt><trkpt lat="42.899827" lon="-8.446637"><ele>298.209</ele><time>2025-06-23T06:14:51.998Z</time></trkpt><trkpt lat="42.899785" lon="-8.446605"><ele>298.357</ele><time>2025-06-23T06:14:58.998Z</time></trkpt><trkpt lat="42.899744" lon="-8.446563"><ele>298.686</ele><time>2025-06-23T06:15:15.998Z</time></trkpt><trkpt lat="42.899802" lon="-8.446560"><ele>299.314</ele><time>2025-06-23T06:15:20.998Z</time></trkpt><trkpt lat="42.899746" lon="-8.446594"><ele>299.727</ele><time>2025-06-23T06:15:37.998Z</time></trkpt><trkpt lat="42.899792" lon="-8.446615"><ele>299.786</ele><time>2025-06-23T06:15:45.998Z</time></trkpt><trkpt lat="42.899752" lon="-8.446651"><ele>299.737</ele><time>2025-06-23T06:15:53.998Z</time></trkpt><trkpt lat="42.899739" lon="-8.446587"><ele>299.784</ele><time>2025-06-23T06:15:59.998Z</time></trkpt><trkpt lat="42.899693" lon="-8.446557"><ele>299.770</ele><time>2025-06-23T06:16:09.998Z</time></trkpt><trkpt lat="42.899651" lon="-8.446524"><ele>299.785</ele><time>2025-06-23T06:16:14.998Z</time></trkpt><trkpt lat="42.899604" lon="-8.446499"><ele>299.755</ele><time>2025-06-23T06:16:17.998Z</time></trkpt><trkpt lat="42.899585" lon="-8.446442"><ele>299.607</ele><time>2025-06-23T06:16:22.998Z</time></trkpt><trkpt lat="42.899563" lon="-8.446385"><ele>299.617</ele><time>2025-06-23T06:16:27.998Z</time></trkpt><trkpt lat="42.899558" lon="-8.446322"><ele>299.609</ele><time>2025-06-23T06:16:32.998Z</time></trkpt><trkpt lat="42.899539" lon="-8.446264"><ele>299.627</ele><time>2025-06-23T06:16:36.998Z</time></trkpt><trkpt lat="42.899564" lon="-8.446182"><ele>299.666</ele><time>2025-06-23T06:17:24.998Z</time></trkpt><trkpt lat="42.899517" lon="-8.446148"><ele>299.614</ele><time>2025-06-23T06:18:13.998Z</time></trkpt><trkpt lat="42.899501" lon="-8.446070"><ele>299.627</ele><time>2025-06-23T06:18:18.998Z</time></trkpt><trkpt lat="42.899496" lon="-8.446007"><ele>299.636</ele><time>2025-06-23T06:18:22.998Z</time></trkpt><trkpt lat="42.899480" lon="-8.445938"><ele>299.777</ele><time>2025-06-23T06:18:27.998Z</time></trkpt><trkpt lat="42.899476" lon="-8.445875"><ele>299.884</ele><time>2025-06-23T06:18:32.998Z</time></trkpt><trkpt lat="42.899462" lon="-8.445810"><ele>300.090</ele><time>2025-06-23T06:18:37.998Z</time></trkpt><trkpt lat="42.899450" lon="-8.445743"><ele>300.275</ele><time>2025-06-23T06:18:42.998Z</time></trkpt><trkpt lat="42.899419" lon="-8.445684"><ele>300.463</ele><time>2025-06-23T06:18:45.998Z</time></trkpt><trkpt lat="42.899442" lon="-8.445625"><ele>300.644</ele><time>2025-06-23T06:18:50.998Z</time></trkpt><trkpt lat="42.899437" lon="-8.445561"><ele>300.818</ele><time>2025-06-23T06:18:55.998Z</time></trkpt><trkpt lat="42.899434" lon="-8.445496"><ele>301.109</ele><time>2025-06-23T06:19:00.998Z</time></trkpt><trkpt lat="42.899432" lon="-8.445422"><ele>301.448</ele><time>2025-06-23T06:19:05.998Z</time></trkpt><trkpt lat="42.899417" lon="-8.445355"><ele>301.677</ele><time>2025-06-23T06:19:10.998Z</time></trkpt><trkpt lat="42.899398" lon="-8.445296"><ele>301.615</ele><time>2025-06-23T06:19:14.998Z</time></trkpt><trkpt lat="42.899384" lon="-8.445223"><ele>301.648</ele><time>2025-06-23T06:19:18.998Z</time></trkpt><trkpt lat="42.899374" lon="-8.445147"><ele>301.637</ele><time>2025-06-23T06:19:23.998Z</time></trkpt><trkpt lat="42.899359" lon="-8.445087"><ele>301.598</ele><time>2025-06-23T06:19:28.998Z</time></trkpt><trkpt lat="42.899330" lon="-8.445031"><ele>301.255</ele><time>2025-06-23T06:19:32.998Z</time></trkpt><trkpt lat="42.899299" lon="-8.444986"><ele>300.931</ele><time>2025-06-23T06:19:37.998Z</time></trkpt><trkpt lat="42.899249" lon="-8.444952"><ele>300.676</ele><time>2025-06-23T06:19:42.998Z</time></trkpt><trkpt lat="42.899219" lon="-8.444896"><ele>300.396</ele><time>2025-06-23T06:19:45.998Z</time></trkpt><trkpt lat="42.899190" lon="-8.444824"><ele>300.231</ele><time>2025-06-23T06:19:51.998Z</time></trkpt><trkpt lat="42.899154" lon="-8.444771"><ele>300.224</ele><time>2025-06-23T06:19:56.998Z</time></trkpt><trkpt lat="42.899112" lon="-8.444737"><ele>300.209</ele><time>2025-06-23T06:20:00.998Z</time></trkpt><trkpt lat="42.899071" lon="-8.444696"><ele>300.231</ele><time>2025-06-23T06:20:05.998Z</time></trkpt><trkpt lat="42.899036" lon="-8.444650"><ele>300.280</ele><time>2025-06-23T06:20:10.998Z</time></trkpt><trkpt lat="42.898997" lon="-8.444601"><ele>300.218</ele><time>2025-06-23T06:20:14.998Z</time></trkpt><trkpt lat="42.898953" lon="-8.444613"><ele>299.871</ele><time>2025-06-23T06:20:16.998Z</time></trkpt><trkpt lat="42.898906" lon="-8.444620"><ele>299.320</ele><time>2025-06-23T06:20:19.998Z</time></trkpt><trkpt lat="42.898853" lon="-8.444624"><ele>299.041</ele><time>2025-06-23T06:20:23.998Z</time></trkpt><trkpt lat="42.898804" lon="-8.444606"><ele>298.768</ele><time>2025-06-23T06:20:27.998Z</time></trkpt><trkpt lat="42.898758" lon="-8.444629"><ele>298.354</ele><time>2025-06-23T06:20:30.998Z</time></trkpt><trkpt lat="42.898705" lon="-8.444610"><ele>297.899</ele><time>2025-06-23T06:20:34.998Z</time></trkpt><trkpt lat="42.898658" lon="-8.444598"><ele>297.375</ele><time>2025-06-23T06:20:38.998Z</time></trkpt><trkpt lat="42.898617" lon="-8.444566"><ele>297.028</ele><time>2025-06-23T06:20:42.998Z</time></trkpt><trkpt lat="42.898580" lon="-8.444523"><ele>296.720</ele><time>2025-06-23T06:20:46.998Z</time></trkpt><trkpt lat="42.898534" lon="-8.444484"><ele>296.309</ele><time>2025-06-23T06:20:50.998Z</time></trkpt><trkpt lat="42.898499" lon="-8.444435"><ele>296.019</ele><time>2025-06-23T06:20:54.998Z</time></trkpt><trkpt lat="42.898474" lon="-8.444365"><ele>295.898</ele><time>2025-06-23T06:20:58.998Z</time></trkpt><trkpt lat="42.898445" lon="-8.444310"><ele>295.576</ele><time>2025-06-23T06:21:02.998Z</time></trkpt><trkpt lat="42.898414" lon="-8.444259"><ele>295.149</ele><time>2025-06-23T06:21:06.998Z</time></trkpt><trkpt lat="42.898371" lon="-8.444212"><ele>294.848</ele><time>2025-06-23T06:21:10.998Z</time></trkpt><trkpt lat="42.898324" lon="-8.444225"><ele>294.629</ele><time>2025-06-23T06:21:15.998Z</time></trkpt><trkpt lat="42.898327" lon="-8.444298"><ele>294.486</ele><time>2025-06-23T06:21:21.998Z</time></trkpt><trkpt lat="42.898342" lon="-8.444394"><ele>294.362</ele><time>2025-06-23T06:21:24.998Z</time></trkpt><trkpt lat="42.898331" lon="-8.444458"><ele>294.387</ele><time>2025-06-23T06:21:28.998Z</time></trkpt><trkpt lat="42.898282" lon="-8.444498"><ele>294.144</ele><time>2025-06-23T06:21:33.998Z</time></trkpt><trkpt lat="42.898238" lon="-8.444521"><ele>294.105</ele><time>2025-06-23T06:21:40.998Z</time></trkpt><trkpt lat="42.898200" lon="-8.444560"><ele>293.915</ele><time>2025-06-23T06:22:23.998Z</time></trkpt><trkpt lat="42.898156" lon="-8.444598"><ele>293.809</ele><time>2025-06-23T06:22:32.998Z</time></trkpt><trkpt lat="42.898205" lon="-8.444628"><ele>293.756</ele><time>2025-06-23T06:23:05.998Z</time></trkpt><trkpt lat="42.898213" lon="-8.444692"><ele>293.685</ele><time>2025-06-23T06:23:09.998Z</time></trkpt><trkpt lat="42.898215" lon="-8.444767"><ele>293.593</ele><time>2025-06-23T06:23:13.998Z</time></trkpt><trkpt lat="42.898211" lon="-8.444829"><ele>293.566</ele><time>2025-06-23T06:23:19.998Z</time></trkpt><trkpt lat="42.898179" lon="-8.444882"><ele>293.515</ele><time>2025-06-23T06:23:23.998Z</time></trkpt><trkpt lat="42.898176" lon="-8.444956"><ele>293.596</ele><time>2025-06-23T06:23:27.998Z</time></trkpt><trkpt lat="42.898156" lon="-8.445016"><ele>293.523</ele><time>2025-06-23T06:23:31.998Z</time></trkpt><trkpt lat="42.898131" lon="-8.445079"><ele>293.619</ele><time>2025-06-23T06:23:36.998Z</time></trkpt><trkpt lat="42.898102" lon="-8.445141"><ele>293.784</ele><time>2025-06-23T06:23:41.998Z</time></trkpt><trkpt lat="42.898076" lon="-8.445191"><ele>293.943</ele><time>2025-06-23T06:23:45.998Z</time></trkpt><trkpt lat="42.898030" lon="-8.445203"><ele>294.264</ele><time>2025-06-23T06:23:50.998Z</time></trkpt><trkpt lat="42.897995" lon="-8.445244"><ele>294.610</ele><time>2025-06-23T06:23:54.998Z</time></trkpt><trkpt lat="42.897957" lon="-8.445290"><ele>294.909</ele><time>2025-06-23T06:23:58.998Z</time></trkpt><trkpt lat="42.897912" lon="-8.445319"><ele>295.116</ele><time>2025-06-23T06:24:03.998Z</time></trkpt><trkpt lat="42.897892" lon="-8.445386"><ele>295.365</ele><time>2025-06-23T06:24:07.998Z</time></trkpt><trkpt lat="42.897861" lon="-8.445449"><ele>295.673</ele><time>2025-06-23T06:24:12.998Z</time></trkpt><trkpt lat="42.897837" lon="-8.445502"><ele>295.936</ele><time>2025-06-23T06:24:16.998Z</time></trkpt><trkpt lat="42.897808" lon="-8.445565"><ele>296.285</ele><time>2025-06-23T06:24:20.998Z</time></trkpt><trkpt lat="42.897784" lon="-8.445620"><ele>296.646</ele><time>2025-06-23T06:24:25.998Z</time></trkpt><trkpt lat="42.897763" lon="-8.445684"><ele>297.053</ele><time>2025-06-23T06:24:30.998Z</time></trkpt><trkpt lat="42.897732" lon="-8.445737"><ele>297.469</ele><time>2025-06-23T06:24:35.998Z</time></trkpt><trkpt lat="42.897707" lon="-8.445808"><ele>297.994</ele><time>2025-06-23T06:24:40.998Z</time></trkpt><trkpt lat="42.897681" lon="-8.445877"><ele>298.634</ele><time>2025-06-23T06:24:48.998Z</time></trkpt><trkpt lat="42.897639" lon="-8.445923"><ele>299.355</ele><time>2025-06-23T06:24:51.998Z</time></trkpt><trkpt lat="42.897603" lon="-8.445968"><ele>300.010</ele><time>2025-06-23T06:25:00.998Z</time></trkpt><trkpt lat="42.897584" lon="-8.446030"><ele>300.509</ele><time>2025-06-23T06:25:03.998Z</time></trkpt><trkpt lat="42.897553" lon="-8.446076"><ele>301.245</ele><time>2025-06-23T06:25:09.998Z</time></trkpt><trkpt lat="42.897553" lon="-8.446149"><ele>302.074</ele><time>2025-06-23T06:25:12.998Z</time></trkpt><trkpt lat="42.897528" lon="-8.446202"><ele>302.542</ele><time>2025-06-23T06:25:16.998Z</time></trkpt><trkpt lat="42.897503" lon="-8.446261"><ele>302.965</ele><time>2025-06-23T06:25:19.998Z</time></trkpt><trkpt lat="42.897480" lon="-8.446336"><ele>303.244</ele><time>2025-06-23T06:25:28.998Z</time></trkpt><trkpt lat="42.897476" lon="-8.446416"><ele>303.555</ele><time>2025-06-23T06:25:35.998Z</time></trkpt><trkpt lat="42.897482" lon="-8.446485"><ele>304.292</ele><time>2025-06-23T06:25:40.998Z</time></trkpt><trkpt lat="42.897448" lon="-8.446542"><ele>305.278</ele><time>2025-06-23T06:25:45.998Z</time></trkpt><trkpt lat="42.897432" lon="-8.446615"><ele>305.723</ele><time>2025-06-23T06:25:51.998Z</time></trkpt><trkpt lat="42.897404" lon="-8.446670"><ele>306.036</ele><time>2025-06-23T06:25:56.998Z</time></trkpt><trkpt lat="42.897384" lon="-8.446726"><ele>306.517</ele><time>2025-06-23T06:26:00.998Z</time></trkpt><trkpt lat="42.897371" lon="-8.446788"><ele>307.018</ele><time>2025-06-23T06:26:06.998Z</time></trkpt><trkpt lat="42.897351" lon="-8.446856"><ele>307.509</ele><time>2025-06-23T06:26:09.998Z</time></trkpt><trkpt lat="42.897308" lon="-8.446902"><ele>308.055</ele><time>2025-06-23T06:26:13.998Z</time></trkpt><trkpt lat="42.897304" lon="-8.446968"><ele>308.544</ele><time>2025-06-23T06:26:21.998Z</time></trkpt><trkpt lat="42.897305" lon="-8.447030"><ele>309.022</ele><time>2025-06-23T06:26:28.998Z</time></trkpt><trkpt lat="42.897303" lon="-8.447098"><ele>309.865</ele><time>2025-06-23T06:26:32.998Z</time></trkpt><trkpt lat="42.897309" lon="-8.447172"><ele>310.964</ele><time>2025-06-23T06:26:37.998Z</time></trkpt><trkpt lat="42.897297" lon="-8.447235"><ele>311.855</ele><time>2025-06-23T06:26:43.998Z</time></trkpt><trkpt lat="42.897277" lon="-8.447298"><ele>312.432</ele><time>2025-06-23T06:26:48.998Z</time></trkpt><trkpt lat="42.897255" lon="-8.447363"><ele>313.238</ele><time>2025-06-23T06:26:55.998Z</time></trkpt><trkpt lat="42.897224" lon="-8.447420"><ele>314.063</ele><time>2025-06-23T06:27:04.998Z</time></trkpt><trkpt lat="42.897206" lon="-8.447487"><ele>314.895</ele><time>2025-06-23T06:27:07.998Z</time></trkpt><trkpt lat="42.897177" lon="-8.447534"><ele>315.949</ele><time>2025-06-23T06:27:10.998Z</time></trkpt><trkpt lat="42.897119" lon="-8.447563"><ele>316.823</ele><time>2025-06-23T06:27:19.998Z</time></trkpt><trkpt lat="42.897087" lon="-8.447610"><ele>317.209</ele><time>2025-06-23T06:27:24.998Z</time></trkpt><trkpt lat="42.897025" lon="-8.447610"><ele>318.011</ele><time>2025-06-23T06:27:30.998Z</time></trkpt><trkpt lat="42.896969" lon="-8.447634"><ele>319.320</ele><time>2025-06-23T06:27:36.998Z</time></trkpt><trkpt lat="42.896908" lon="-8.447634"><ele>320.018</ele><time>2025-06-23T06:27:44.998Z</time></trkpt><trkpt lat="42.896865" lon="-8.447654"><ele>320.721</ele><time>2025-06-23T06:27:48.998Z</time></trkpt><trkpt lat="42.896820" lon="-8.447672"><ele>321.540</ele><time>2025-06-23T06:27:52.998Z</time></trkpt><trkpt lat="42.896762" lon="-8.447690"><ele>322.061</ele><time>2025-06-23T06:27:59.998Z</time></trkpt><trkpt lat="42.896701" lon="-8.447688"><ele>322.578</ele><time>2025-06-23T06:28:04.998Z</time></trkpt><trkpt lat="42.896653" lon="-8.447661"><ele>322.844</ele><time>2025-06-23T06:28:08.998Z</time></trkpt><trkpt lat="42.896609" lon="-8.447632"><ele>323.369</ele><time>2025-06-23T06:28:11.998Z</time></trkpt><trkpt lat="42.896560" lon="-8.447644"><ele>323.825</ele><time>2025-06-23T06:28:15.998Z</time></trkpt><trkpt lat="42.896494" lon="-8.447648"><ele>324.026</ele><time>2025-06-23T06:28:19.998Z</time></trkpt><trkpt lat="42.896439" lon="-8.447639"><ele>324.208</ele><time>2025-06-23T06:28:27.998Z</time></trkpt><trkpt lat="42.896381" lon="-8.447637"><ele>324.309</ele><time>2025-06-23T06:28:32.998Z</time></trkpt><trkpt lat="42.896340" lon="-8.447667"><ele>324.544</ele><time>2025-06-23T06:28:37.998Z</time></trkpt><trkpt lat="42.896297" lon="-8.447647"><ele>324.573</ele><time>2025-06-23T06:28:42.998Z</time></trkpt><trkpt lat="42.896245" lon="-8.447594"><ele>324.481</ele><time>2025-06-23T06:28:47.998Z</time></trkpt><trkpt lat="42.896183" lon="-8.447577"><ele>324.334</ele><time>2025-06-23T06:28:51.998Z</time></trkpt><trkpt lat="42.896137" lon="-8.447586"><ele>324.293</ele><time>2025-06-23T06:28:56.998Z</time></trkpt><trkpt lat="42.896083" lon="-8.447581"><ele>323.994</ele><time>2025-06-23T06:29:00.998Z</time></trkpt><trkpt lat="42.896029" lon="-8.447572"><ele>323.831</ele><time>2025-06-23T06:29:03.998Z</time></trkpt><trkpt lat="42.895989" lon="-8.447609"><ele>323.767</ele><time>2025-06-23T06:29:08.998Z</time></trkpt><trkpt lat="42.895940" lon="-8.447648"><ele>323.622</ele><time>2025-06-23T06:29:14.998Z</time></trkpt><trkpt lat="42.895896" lon="-8.447687"><ele>323.592</ele><time>2025-06-23T06:29:20.998Z</time></trkpt><trkpt lat="42.895849" lon="-8.447727"><ele>323.473</ele><time>2025-06-23T06:29:25.998Z</time></trkpt><trkpt lat="42.895800" lon="-8.447753"><ele>323.320</ele><time>2025-06-23T06:29:29.998Z</time></trkpt><trkpt lat="42.895762" lon="-8.447798"><ele>323.209</ele><time>2025-06-23T06:29:33.998Z</time></trkpt><trkpt lat="42.895697" lon="-8.447817"><ele>323.161</ele><time>2025-06-23T06:29:36.998Z</time></trkpt><trkpt lat="42.895655" lon="-8.447848"><ele>323.140</ele><time>2025-06-23T06:29:42.998Z</time></trkpt><trkpt lat="42.895600" lon="-8.447854"><ele>323.118</ele><time>2025-06-23T06:29:48.998Z</time></trkpt><trkpt lat="42.895557" lon="-8.447881"><ele>323.161</ele><time>2025-06-23T06:29:52.998Z</time></trkpt><trkpt lat="42.895503" lon="-8.447849"><ele>323.220</ele><time>2025-06-23T06:29:58.998Z</time></trkpt><trkpt lat="42.895457" lon="-8.447847"><ele>323.211</ele><time>2025-06-23T06:30:02.998Z</time></trkpt><trkpt lat="42.895411" lon="-8.447839"><ele>323.288</ele><time>2025-06-23T06:30:06.998Z</time></trkpt><trkpt lat="42.895366" lon="-8.447832"><ele>323.394</ele><time>2025-06-23T06:30:10.998Z</time></trkpt><trkpt lat="42.895268" lon="-8.447808"><ele>323.499</ele><time>2025-06-23T06:30:13.998Z</time></trkpt><trkpt lat="42.895206" lon="-8.447807"><ele>323.592</ele><time>2025-06-23T06:30:23.998Z</time></trkpt><trkpt lat="42.895170" lon="-8.447769"><ele>323.673</ele><time>2025-06-23T06:30:25.998Z</time></trkpt><trkpt lat="42.895125" lon="-8.447741"><ele>323.720</ele><time>2025-06-23T06:30:28.998Z</time></trkpt><trkpt lat="42.895076" lon="-8.447730"><ele>323.909</ele><time>2025-06-23T06:30:31.998Z</time></trkpt><trkpt lat="42.895035" lon="-8.447699"><ele>324.091</ele><time>2025-06-23T06:30:35.998Z</time></trkpt><trkpt lat="42.895000" lon="-8.447656"><ele>324.240</ele><time>2025-06-23T06:30:41.998Z</time></trkpt><trkpt lat="42.894959" lon="-8.447616"><ele>324.528</ele><time>2025-06-23T06:30:46.998Z</time></trkpt><trkpt lat="42.894928" lon="-8.447559"><ele>325.171</ele><time>2025-06-23T06:30:52.998Z</time></trkpt><trkpt lat="42.894896" lon="-8.447495"><ele>325.820</ele><time>2025-06-23T06:30:58.998Z</time></trkpt><trkpt lat="42.894881" lon="-8.447433"><ele>326.551</ele><time>2025-06-23T06:31:03.998Z</time></trkpt><trkpt lat="42.894854" lon="-8.447365"><ele>327.468</ele><time>2025-06-23T06:31:09.998Z</time></trkpt><trkpt lat="42.894821" lon="-8.447308"><ele>328.254</ele><time>2025-06-23T06:31:14.998Z</time></trkpt><trkpt lat="42.894805" lon="-8.447238"><ele>328.929</ele><time>2025-06-23T06:31:21.998Z</time></trkpt><trkpt lat="42.894765" lon="-8.447192"><ele>329.719</ele><time>2025-06-23T06:31:26.998Z</time></trkpt><trkpt lat="42.894704" lon="-8.447160"><ele>330.709</ele><time>2025-06-23T06:31:31.998Z</time></trkpt><trkpt lat="42.894649" lon="-8.447161"><ele>331.419</ele><time>2025-06-23T06:31:37.998Z</time></trkpt><trkpt lat="42.894599" lon="-8.447178"><ele>331.809</ele><time>2025-06-23T06:31:42.998Z</time></trkpt><trkpt lat="42.894554" lon="-8.447190"><ele>331.863</ele><time>2025-06-23T06:31:46.998Z</time></trkpt><trkpt lat="42.894505" lon="-8.447209"><ele>331.922</ele><time>2025-06-23T06:31:51.998Z</time></trkpt><trkpt lat="42.894459" lon="-8.447229"><ele>332.010</ele><time>2025-06-23T06:31:58.998Z</time></trkpt><trkpt lat="42.894408" lon="-8.447219"><ele>332.123</ele><time>2025-06-23T06:32:02.998Z</time></trkpt><trkpt lat="42.894377" lon="-8.447276"><ele>332.412</ele><time>2025-06-23T06:32:06.998Z</time></trkpt><trkpt lat="42.894340" lon="-8.447311"><ele>332.853</ele><time>2025-06-23T06:32:11.998Z</time></trkpt><trkpt lat="42.894304" lon="-8.447354"><ele>333.180</ele><time>2025-06-23T06:32:18.998Z</time></trkpt><trkpt lat="42.894266" lon="-8.447386"><ele>333.556</ele><time>2025-06-23T06:32:22.998Z</time></trkpt><trkpt lat="42.894244" lon="-8.447453"><ele>334.331</ele><time>2025-06-23T06:32:26.998Z</time></trkpt><trkpt lat="42.894215" lon="-8.447505"><ele>335.012</ele><time>2025-06-23T06:32:31.998Z</time></trkpt><trkpt lat="42.894182" lon="-8.447577"><ele>335.532</ele><time>2025-06-23T06:32:38.998Z</time></trkpt><trkpt lat="42.894142" lon="-8.447640"><ele>336.605</ele><time>2025-06-23T06:32:44.998Z</time></trkpt><trkpt lat="42.894113" lon="-8.447701"><ele>337.409</ele><time>2025-06-23T06:32:48.998Z</time></trkpt><trkpt lat="42.894077" lon="-8.447746"><ele>338.293</ele><time>2025-06-23T06:32:53.998Z</time></trkpt><trkpt lat="42.894036" lon="-8.447801"><ele>338.782</ele><time>2025-06-23T06:32:58.998Z</time></trkpt><trkpt lat="42.893989" lon="-8.447792"><ele>339.090</ele><time>2025-06-23T06:33:05.998Z</time></trkpt><trkpt lat="42.893949" lon="-8.447839"><ele>339.683</ele><time>2025-06-23T06:33:09.998Z</time></trkpt><trkpt lat="42.893900" lon="-8.447875"><ele>340.492</ele><time>2025-06-23T06:33:14.998Z</time></trkpt><trkpt lat="42.893853" lon="-8.447899"><ele>341.213</ele><time>2025-06-23T06:33:18.998Z</time></trkpt><trkpt lat="42.893820" lon="-8.447952"><ele>341.760</ele><time>2025-06-23T06:33:22.998Z</time></trkpt><trkpt lat="42.893760" lon="-8.447931"><ele>342.576</ele><time>2025-06-23T06:33:27.998Z</time></trkpt><trkpt lat="42.893717" lon="-8.447959"><ele>342.881</ele><time>2025-06-23T06:33:32.998Z</time></trkpt><trkpt lat="42.893672" lon="-8.447987"><ele>343.551</ele><time>2025-06-23T06:33:39.998Z</time></trkpt><trkpt lat="42.893635" lon="-8.448036"><ele>344.201</ele><time>2025-06-23T06:33:45.998Z</time></trkpt><trkpt lat="42.893589" lon="-8.448068"><ele>344.911</ele><time>2025-06-23T06:33:51.998Z</time></trkpt><trkpt lat="42.893549" lon="-8.448108"><ele>345.609</ele><time>2025-06-23T06:33:55.998Z</time></trkpt><trkpt lat="42.893486" lon="-8.448176"><ele>346.657</ele><time>2025-06-23T06:34:00.998Z</time></trkpt><trkpt lat="42.893432" lon="-8.448216"><ele>347.026</ele><time>2025-06-23T06:34:07.998Z</time></trkpt><trkpt lat="42.893381" lon="-8.448226"><ele>347.464</ele><time>2025-06-23T06:34:11.998Z</time></trkpt><trkpt lat="42.893337" lon="-8.448257"><ele>347.867</ele><time>2025-06-23T06:34:15.998Z</time></trkpt><trkpt lat="42.893303" lon="-8.448309"><ele>348.076</ele><time>2025-06-23T06:34:19.998Z</time></trkpt><trkpt lat="42.893253" lon="-8.448328"><ele>348.127</ele><time>2025-06-23T06:34:24.998Z</time></trkpt><trkpt lat="42.893224" lon="-8.448377"><ele>348.244</ele><time>2025-06-23T06:34:28.998Z</time></trkpt><trkpt lat="42.893181" lon="-8.448421"><ele>348.330</ele><time>2025-06-23T06:34:33.998Z</time></trkpt><trkpt lat="42.893145" lon="-8.448461"><ele>348.395</ele><time>2025-06-23T06:34:37.998Z</time></trkpt><trkpt lat="42.893114" lon="-8.448510"><ele>348.394</ele><time>2025-06-23T06:34:42.998Z</time></trkpt><trkpt lat="42.893079" lon="-8.448561"><ele>348.357</ele><time>2025-06-23T06:34:46.998Z</time></trkpt><trkpt lat="42.893039" lon="-8.448599"><ele>348.322</ele><time>2025-06-23T06:34:50.998Z</time></trkpt><trkpt lat="42.892998" lon="-8.448650"><ele>348.309</ele><time>2025-06-23T06:34:55.998Z</time></trkpt><trkpt lat="42.892964" lon="-8.448708"><ele>348.291</ele><time>2025-06-23T06:34:59.998Z</time></trkpt><trkpt lat="42.892933" lon="-8.448752"><ele>348.170</ele><time>2025-06-23T06:35:04.998Z</time></trkpt><trkpt lat="42.892890" lon="-8.448811"><ele>348.028</ele><time>2025-06-23T06:35:10.998Z</time></trkpt><trkpt lat="42.892850" lon="-8.448854"><ele>348.051</ele><time>2025-06-23T06:35:14.998Z</time></trkpt><trkpt lat="42.892809" lon="-8.448906"><ele>348.090</ele><time>2025-06-23T06:35:18.998Z</time></trkpt><trkpt lat="42.892766" lon="-8.448940"><ele>348.021</ele><time>2025-06-23T06:35:23.998Z</time></trkpt><trkpt lat="42.892726" lon="-8.448992"><ele>348.058</ele><time>2025-06-23T06:35:27.998Z</time></trkpt><trkpt lat="42.892686" lon="-8.449041"><ele>348.024</ele><time>2025-06-23T06:35:32.998Z</time></trkpt><trkpt lat="42.892645" lon="-8.449088"><ele>348.059</ele><time>2025-06-23T06:35:37.998Z</time></trkpt><trkpt lat="42.892607" lon="-8.449125"><ele>348.069</ele><time>2025-06-23T06:35:41.998Z</time></trkpt><trkpt lat="42.892571" lon="-8.449181"><ele>348.104</ele><time>2025-06-23T06:35:46.998Z</time></trkpt><trkpt lat="42.892546" lon="-8.449250"><ele>348.224</ele><time>2025-06-23T06:35:51.998Z</time></trkpt><trkpt lat="42.892515" lon="-8.449310"><ele>348.309</ele><time>2025-06-23T06:35:55.998Z</time></trkpt><trkpt lat="42.892481" lon="-8.449358"><ele>348.488</ele><time>2025-06-23T06:35:59.998Z</time></trkpt><trkpt lat="42.892447" lon="-8.449408"><ele>348.447</ele><time>2025-06-23T06:36:03.998Z</time></trkpt><trkpt lat="42.892411" lon="-8.449446"><ele>348.435</ele><time>2025-06-23T06:36:07.998Z</time></trkpt><trkpt lat="42.892374" lon="-8.449490"><ele>348.438</ele><time>2025-06-23T06:36:12.998Z</time></trkpt><trkpt lat="42.892335" lon="-8.449523"><ele>348.337</ele><time>2025-06-23T06:36:16.998Z</time></trkpt><trkpt lat="42.892307" lon="-8.449590"><ele>348.218</ele><time>2025-06-23T06:36:20.998Z</time></trkpt><trkpt lat="42.892266" lon="-8.449623"><ele>348.095</ele><time>2025-06-23T06:36:24.998Z</time></trkpt><trkpt lat="42.892253" lon="-8.449688"><ele>347.971</ele><time>2025-06-23T06:36:29.998Z</time></trkpt><trkpt lat="42.892226" lon="-8.449740"><ele>347.886</ele><time>2025-06-23T06:36:32.998Z</time></trkpt><trkpt lat="42.892192" lon="-8.449794"><ele>347.778</ele><time>2025-06-23T06:36:36.998Z</time></trkpt><trkpt lat="42.892150" lon="-8.449845"><ele>347.633</ele><time>2025-06-23T06:36:40.998Z</time></trkpt><trkpt lat="42.892106" lon="-8.449862"><ele>347.526</ele><time>2025-06-23T06:36:44.998Z</time></trkpt><trkpt lat="42.892054" lon="-8.449867"><ele>347.509</ele><time>2025-06-23T06:36:49.998Z</time></trkpt><trkpt lat="42.892001" lon="-8.449862"><ele>347.529</ele><time>2025-06-23T06:36:54.998Z</time></trkpt><trkpt lat="42.891950" lon="-8.449845"><ele>347.648</ele><time>2025-06-23T06:36:58.998Z</time></trkpt><trkpt lat="42.891910" lon="-8.449808"><ele>348.266</ele><time>2025-06-23T06:37:05.998Z</time></trkpt><trkpt lat="42.891862" lon="-8.449797"><ele>349.089</ele><time>2025-06-23T06:37:09.998Z</time></trkpt><trkpt lat="42.891815" lon="-8.449778"><ele>349.748</ele><time>2025-06-23T06:37:12.998Z</time></trkpt><trkpt lat="42.891769" lon="-8.449771"><ele>350.449</ele><time>2025-06-23T06:37:17.998Z</time></trkpt><trkpt lat="42.891720" lon="-8.449747"><ele>350.966</ele><time>2025-06-23T06:37:21.998Z</time></trkpt><trkpt lat="42.891677" lon="-8.449712"><ele>351.492</ele><time>2025-06-23T06:37:26.998Z</time></trkpt><trkpt lat="42.891630" lon="-8.449685"><ele>351.847</ele><time>2025-06-23T06:37:30.998Z</time></trkpt><trkpt lat="42.891584" lon="-8.449718"><ele>352.247</ele><time>2025-06-23T06:37:35.998Z</time></trkpt><trkpt lat="42.891602" lon="-8.449783"><ele>352.629</ele><time>2025-06-23T06:37:41.998Z</time></trkpt><trkpt lat="42.891592" lon="-8.449847"><ele>352.921</ele><time>2025-06-23T06:37:45.998Z</time></trkpt><trkpt lat="42.891583" lon="-8.449954"><ele>353.009</ele><time>2025-06-23T06:37:49.998Z</time></trkpt><trkpt lat="42.891545" lon="-8.450015"><ele>353.066</ele><time>2025-06-23T06:37:55.998Z</time></trkpt><trkpt lat="42.891533" lon="-8.450077"><ele>352.985</ele><time>2025-06-23T06:37:59.998Z</time></trkpt><trkpt lat="42.891527" lon="-8.450140"><ele>352.883</ele><time>2025-06-23T06:38:03.998Z</time></trkpt><trkpt lat="42.891512" lon="-8.450213"><ele>352.896</ele><time>2025-06-23T06:38:08.998Z</time></trkpt><trkpt lat="42.891505" lon="-8.450274"><ele>352.835</ele><time>2025-06-23T06:38:13.998Z</time></trkpt><trkpt lat="42.891482" lon="-8.450352"><ele>352.896</ele><time>2025-06-23T06:38:18.998Z</time></trkpt><trkpt lat="42.891475" lon="-8.450424"><ele>352.853</ele><time>2025-06-23T06:38:22.998Z</time></trkpt><trkpt lat="42.891460" lon="-8.450504"><ele>352.959</ele><time>2025-06-23T06:38:27.998Z</time></trkpt><trkpt lat="42.891444" lon="-8.450575"><ele>353.034</ele><time>2025-06-23T06:38:32.998Z</time></trkpt><trkpt lat="42.891446" lon="-8.450642"><ele>353.092</ele><time>2025-06-23T06:38:36.998Z</time></trkpt><trkpt lat="42.891449" lon="-8.450728"><ele>353.073</ele><time>2025-06-23T06:38:41.998Z</time></trkpt><trkpt lat="42.891447" lon="-8.450806"><ele>353.020</ele><time>2025-06-23T06:38:46.998Z</time></trkpt><trkpt lat="42.891449" lon="-8.450871"><ele>352.909</ele><time>2025-06-23T06:38:51.998Z</time></trkpt><trkpt lat="42.891436" lon="-8.450933"><ele>352.961</ele><time>2025-06-23T06:38:55.998Z</time></trkpt><trkpt lat="42.891448" lon="-8.450996"><ele>352.770</ele><time>2025-06-23T06:38:59.998Z</time></trkpt><trkpt lat="42.891473" lon="-8.451062"><ele>352.318</ele><time>2025-06-23T06:39:03.998Z</time></trkpt><trkpt lat="42.891487" lon="-8.451132"><ele>351.941</ele><time>2025-06-23T06:39:07.998Z</time></trkpt><trkpt lat="42.891495" lon="-8.451202"><ele>351.660</ele><time>2025-06-23T06:39:11.998Z</time></trkpt><trkpt lat="42.891513" lon="-8.451267"><ele>351.141</ele><time>2025-06-23T06:39:15.998Z</time></trkpt><trkpt lat="42.891521" lon="-8.451337"><ele>350.388</ele><time>2025-06-23T06:39:19.998Z</time></trkpt><trkpt lat="42.891505" lon="-8.451407"><ele>349.654</ele><time>2025-06-23T06:39:23.998Z</time></trkpt><trkpt lat="42.891496" lon="-8.451474"><ele>349.139</ele><time>2025-06-23T06:39:27.998Z</time></trkpt><trkpt lat="42.891476" lon="-8.451529"><ele>348.786</ele><time>2025-06-23T06:39:31.998Z</time></trkpt><trkpt lat="42.891452" lon="-8.451591"><ele>348.660</ele><time>2025-06-23T06:39:37.998Z</time></trkpt><trkpt lat="42.891446" lon="-8.451653"><ele>348.626</ele><time>2025-06-23T06:39:41.998Z</time></trkpt><trkpt lat="42.891435" lon="-8.451716"><ele>348.609</ele><time>2025-06-23T06:39:46.998Z</time></trkpt><trkpt lat="42.891436" lon="-8.451787"><ele>348.960</ele><time>2025-06-23T06:39:52.998Z</time></trkpt><trkpt lat="42.891429" lon="-8.451859"><ele>349.399</ele><time>2025-06-23T06:39:56.998Z</time></trkpt><trkpt lat="42.891423" lon="-8.451943"><ele>349.817</ele><time>2025-06-23T06:40:03.998Z</time></trkpt><trkpt lat="42.891413" lon="-8.452013"><ele>350.370</ele><time>2025-06-23T06:40:09.998Z</time></trkpt><trkpt lat="42.891415" lon="-8.452082"><ele>351.469</ele><time>2025-06-23T06:40:14.998Z</time></trkpt><trkpt lat="42.891407" lon="-8.452172"><ele>352.130</ele><time>2025-06-23T06:40:20.998Z</time></trkpt><trkpt lat="42.891411" lon="-8.452244"><ele>352.887</ele><time>2025-06-23T06:40:25.998Z</time></trkpt><trkpt lat="42.891406" lon="-8.452315"><ele>353.733</ele><time>2025-06-23T06:40:31.998Z</time></trkpt><trkpt lat="42.891405" lon="-8.452378"><ele>353.968</ele><time>2025-06-23T06:40:36.998Z</time></trkpt><trkpt lat="42.891410" lon="-8.452453"><ele>354.783</ele><time>2025-06-23T06:40:40.998Z</time></trkpt><trkpt lat="42.891386" lon="-8.452520"><ele>355.025</ele><time>2025-06-23T06:40:45.998Z</time></trkpt><trkpt lat="42.891362" lon="-8.452578"><ele>355.517</ele><time>2025-06-23T06:40:50.998Z</time></trkpt><trkpt lat="42.891332" lon="-8.452639"><ele>356.009</ele><time>2025-06-23T06:40:55.998Z</time></trkpt><trkpt lat="42.891299" lon="-8.452682"><ele>356.540</ele><time>2025-06-23T06:40:59.998Z</time></trkpt><trkpt lat="42.891257" lon="-8.452708"><ele>357.019</ele><time>2025-06-23T06:41:03.998Z</time></trkpt><trkpt lat="42.891220" lon="-8.452755"><ele>357.427</ele><time>2025-06-23T06:41:08.998Z</time></trkpt><trkpt lat="42.891183" lon="-8.452803"><ele>357.770</ele><time>2025-06-23T06:41:12.998Z</time></trkpt><trkpt lat="42.891151" lon="-8.452856"><ele>358.069</ele><time>2025-06-23T06:41:16.998Z</time></trkpt><trkpt lat="42.891119" lon="-8.452901"><ele>358.360</ele><time>2025-06-23T06:41:22.998Z</time></trkpt><trkpt lat="42.891096" lon="-8.452961"><ele>358.597</ele><time>2025-06-23T06:41:26.998Z</time></trkpt><trkpt lat="42.891061" lon="-8.453011"><ele>358.993</ele><time>2025-06-23T06:41:30.998Z</time></trkpt><trkpt lat="42.891032" lon="-8.453060"><ele>359.458</ele><time>2025-06-23T06:41:34.998Z</time></trkpt><trkpt lat="42.891011" lon="-8.453124"><ele>359.712</ele><time>2025-06-23T06:41:39.998Z</time></trkpt><trkpt lat="42.891013" lon="-8.453201"><ele>360.032</ele><time>2025-06-23T06:41:43.998Z</time></trkpt><trkpt lat="42.890993" lon="-8.453279"><ele>360.305</ele><time>2025-06-23T06:41:49.998Z</time></trkpt><trkpt lat="42.890986" lon="-8.453346"><ele>360.609</ele><time>2025-06-23T06:41:54.998Z</time></trkpt><trkpt lat="42.890982" lon="-8.453419"><ele>361.393</ele><time>2025-06-23T06:41:59.998Z</time></trkpt><trkpt lat="42.890969" lon="-8.453481"><ele>361.522</ele><time>2025-06-23T06:42:04.998Z</time></trkpt><trkpt lat="42.890963" lon="-8.453542"><ele>361.820</ele><time>2025-06-23T06:42:08.998Z</time></trkpt><trkpt lat="42.890961" lon="-8.453622"><ele>362.153</ele><time>2025-06-23T06:42:13.998Z</time></trkpt><trkpt lat="42.890938" lon="-8.453686"><ele>362.482</ele><time>2025-06-23T06:42:18.998Z</time></trkpt><trkpt lat="42.890934" lon="-8.453767"><ele>362.733</ele><time>2025-06-23T06:42:25.998Z</time></trkpt><trkpt lat="42.890937" lon="-8.453831"><ele>363.060</ele><time>2025-06-23T06:42:28.998Z</time></trkpt><trkpt lat="42.890924" lon="-8.453893"><ele>363.666</ele><time>2025-06-23T06:42:33.998Z</time></trkpt><trkpt lat="42.890933" lon="-8.453974"><ele>364.221</ele><time>2025-06-23T06:42:37.998Z</time></trkpt><trkpt lat="42.890918" lon="-8.454032"><ele>364.535</ele><time>2025-06-23T06:42:41.998Z</time></trkpt><trkpt lat="42.890921" lon="-8.454111"><ele>365.086</ele><time>2025-06-23T06:42:45.998Z</time></trkpt><trkpt lat="42.890896" lon="-8.454177"><ele>365.314</ele><time>2025-06-23T06:42:49.998Z</time></trkpt><trkpt lat="42.890911" lon="-8.454240"><ele>365.409</ele><time>2025-06-23T06:42:53.998Z</time></trkpt><trkpt lat="42.890892" lon="-8.454305"><ele>365.575</ele><time>2025-06-23T06:42:59.998Z</time></trkpt><trkpt lat="42.890882" lon="-8.454365"><ele>365.644</ele><time>2025-06-23T06:43:03.998Z</time></trkpt><trkpt lat="42.890903" lon="-8.454428"><ele>365.742</ele><time>2025-06-23T06:43:07.998Z</time></trkpt><trkpt lat="42.890907" lon="-8.454494"><ele>365.825</ele><time>2025-06-23T06:43:12.998Z</time></trkpt><trkpt lat="42.890891" lon="-8.454556"><ele>365.984</ele><time>2025-06-23T06:43:16.998Z</time></trkpt><trkpt lat="42.890877" lon="-8.454617"><ele>366.055</ele><time>2025-06-23T06:43:20.998Z</time></trkpt><trkpt lat="42.890874" lon="-8.454680"><ele>366.232</ele><time>2025-06-23T06:43:26.998Z</time></trkpt><trkpt lat="42.890856" lon="-8.454745"><ele>366.388</ele><time>2025-06-23T06:43:29.998Z</time></trkpt><trkpt lat="42.890840" lon="-8.454813"><ele>366.413</ele><time>2025-06-23T06:43:34.998Z</time></trkpt><trkpt lat="42.890797" lon="-8.454829"><ele>366.574</ele><time>2025-06-23T06:43:39.998Z</time></trkpt><trkpt lat="42.890806" lon="-8.454901"><ele>366.856</ele><time>2025-06-23T06:43:43.998Z</time></trkpt><trkpt lat="42.890768" lon="-8.454949"><ele>367.021</ele><time>2025-06-23T06:43:47.998Z</time></trkpt><trkpt lat="42.890739" lon="-8.455000"><ele>367.009</ele><time>2025-06-23T06:43:50.998Z</time></trkpt><trkpt lat="42.890706" lon="-8.455057"><ele>367.179</ele><time>2025-06-23T06:43:55.998Z</time></trkpt><trkpt lat="42.890678" lon="-8.455116"><ele>367.178</ele><time>2025-06-23T06:44:00.998Z</time></trkpt><trkpt lat="42.890656" lon="-8.455188"><ele>367.226</ele><time>2025-06-23T06:44:05.998Z</time></trkpt><trkpt lat="42.890626" lon="-8.455239"><ele>367.359</ele><time>2025-06-23T06:44:10.998Z</time></trkpt><trkpt lat="42.890593" lon="-8.455292"><ele>367.518</ele><time>2025-06-23T06:44:14.998Z</time></trkpt><trkpt lat="42.890581" lon="-8.455353"><ele>367.619</ele><time>2025-06-23T06:44:18.998Z</time></trkpt><trkpt lat="42.890544" lon="-8.455397"><ele>367.646</ele><time>2025-06-23T06:44:22.998Z</time></trkpt><trkpt lat="42.890538" lon="-8.455464"><ele>367.682</ele><time>2025-06-23T06:44:26.998Z</time></trkpt><trkpt lat="42.890505" lon="-8.455516"><ele>367.797</ele><time>2025-06-23T06:44:30.998Z</time></trkpt><trkpt lat="42.890467" lon="-8.455562"><ele>367.875</ele><time>2025-06-23T06:44:36.998Z</time></trkpt><trkpt lat="42.890438" lon="-8.455621"><ele>367.928</ele><time>2025-06-23T06:44:40.998Z</time></trkpt><trkpt lat="42.890396" lon="-8.455664"><ele>368.020</ele><time>2025-06-23T06:44:44.998Z</time></trkpt><trkpt lat="42.890385" lon="-8.455729"><ele>368.209</ele><time>2025-06-23T06:44:48.998Z</time></trkpt><trkpt lat="42.890358" lon="-8.455784"><ele>368.419</ele><time>2025-06-23T06:44:52.998Z</time></trkpt><trkpt lat="42.890346" lon="-8.455849"><ele>368.528</ele><time>2025-06-23T06:44:58.998Z</time></trkpt><trkpt lat="42.890347" lon="-8.455912"><ele>368.536</ele><time>2025-06-23T06:45:01.998Z</time></trkpt><trkpt lat="42.890316" lon="-8.455976"><ele>368.639</ele><time>2025-06-23T06:45:08.998Z</time></trkpt><trkpt lat="42.890282" lon="-8.456031"><ele>368.788</ele><time>2025-06-23T06:45:11.998Z</time></trkpt><trkpt lat="42.890255" lon="-8.456082"><ele>369.199</ele><time>2025-06-23T06:45:14.998Z</time></trkpt><trkpt lat="42.890218" lon="-8.456118"><ele>369.556</ele><time>2025-06-23T06:45:17.998Z</time></trkpt><trkpt lat="42.890194" lon="-8.456176"><ele>369.782</ele><time>2025-06-23T06:45:21.998Z</time></trkpt><trkpt lat="42.890182" lon="-8.456248"><ele>369.857</ele><time>2025-06-23T06:45:25.998Z</time></trkpt><trkpt lat="42.890182" lon="-8.456309"><ele>369.953</ele><time>2025-06-23T06:45:28.998Z</time></trkpt><trkpt lat="42.890190" lon="-8.456380"><ele>370.104</ele><time>2025-06-23T06:45:33.998Z</time></trkpt><trkpt lat="42.890153" lon="-8.456468"><ele>370.314</ele><time>2025-06-23T06:45:39.998Z</time></trkpt><trkpt lat="42.890148" lon="-8.456538"><ele>370.509</ele><time>2025-06-23T06:45:43.998Z</time></trkpt><trkpt lat="42.890146" lon="-8.456607"><ele>370.847</ele><time>2025-06-23T06:45:48.998Z</time></trkpt><trkpt lat="42.890136" lon="-8.456675"><ele>371.036</ele><time>2025-06-23T06:45:54.998Z</time></trkpt><trkpt lat="42.890178" lon="-8.456726"><ele>371.174</ele><time>2025-06-23T06:46:00.998Z</time></trkpt><trkpt lat="42.890171" lon="-8.456795"><ele>371.177</ele><time>2025-06-23T06:46:04.998Z</time></trkpt><trkpt lat="42.890140" lon="-8.456858"><ele>371.236</ele><time>2025-06-23T06:46:08.998Z</time></trkpt><trkpt lat="42.890142" lon="-8.456939"><ele>371.537</ele><time>2025-06-23T06:46:13.998Z</time></trkpt><trkpt lat="42.890141" lon="-8.457006"><ele>371.884</ele><time>2025-06-23T06:46:18.998Z</time></trkpt><trkpt lat="42.890152" lon="-8.457082"><ele>372.010</ele><time>2025-06-23T06:46:22.998Z</time></trkpt><trkpt lat="42.890109" lon="-8.457157"><ele>372.095</ele><time>2025-06-23T06:46:28.998Z</time></trkpt><trkpt lat="42.890125" lon="-8.457215"><ele>372.147</ele><time>2025-06-23T06:46:31.998Z</time></trkpt><trkpt lat="42.890111" lon="-8.457274"><ele>372.229</ele><time>2025-06-23T06:46:38.998Z</time></trkpt><trkpt lat="42.890111" lon="-8.457361"><ele>372.421</ele><time>2025-06-23T06:46:44.998Z</time></trkpt><trkpt lat="42.890113" lon="-8.457437"><ele>372.509</ele><time>2025-06-23T06:46:48.998Z</time></trkpt><trkpt lat="42.890133" lon="-8.457505"><ele>372.536</ele><time>2025-06-23T06:46:56.998Z</time></trkpt><trkpt lat="42.890153" lon="-8.457573"><ele>372.635</ele><time>2025-06-23T06:47:04.998Z</time></trkpt><trkpt lat="42.890166" lon="-8.457636"><ele>372.723</ele><time>2025-06-23T06:47:07.998Z</time></trkpt><trkpt lat="42.890178" lon="-8.457718"><ele>372.836</ele><time>2025-06-23T06:47:10.998Z</time></trkpt><trkpt lat="42.890168" lon="-8.457778"><ele>372.815</ele><time>2025-06-23T06:47:15.998Z</time></trkpt><trkpt lat="42.890213" lon="-8.457843"><ele>373.046</ele><time>2025-06-23T06:47:21.998Z</time></trkpt><trkpt lat="42.890202" lon="-8.457910"><ele>373.273</ele><time>2025-06-23T06:47:23.998Z</time></trkpt><trkpt lat="42.890257" lon="-8.457977"><ele>373.769</ele><time>2025-06-23T06:47:29.998Z</time></trkpt><trkpt lat="42.890256" lon="-8.458051"><ele>373.914</ele><time>2025-06-23T06:47:37.998Z</time></trkpt><trkpt lat="42.890280" lon="-8.458104"><ele>374.489</ele><time>2025-06-23T06:47:41.998Z</time></trkpt><trkpt lat="42.890312" lon="-8.458154"><ele>375.106</ele><time>2025-06-23T06:47:46.998Z</time></trkpt><trkpt lat="42.890323" lon="-8.458226"><ele>375.626</ele><time>2025-06-23T06:47:52.998Z</time></trkpt><trkpt lat="42.890351" lon="-8.458296"><ele>375.809</ele><time>2025-06-23T06:47:58.998Z</time></trkpt><trkpt lat="42.890382" lon="-8.458370"><ele>376.330</ele><time>2025-06-23T06:48:03.998Z</time></trkpt><trkpt lat="42.890371" lon="-8.458449"><ele>377.029</ele><time>2025-06-23T06:48:12.998Z</time></trkpt><trkpt lat="42.890387" lon="-8.458508"><ele>377.387</ele><time>2025-06-23T06:48:16.998Z</time></trkpt><trkpt lat="42.890377" lon="-8.458580"><ele>377.670</ele><time>2025-06-23T06:48:21.998Z</time></trkpt><trkpt lat="42.890406" lon="-8.458638"><ele>377.759</ele><time>2025-06-23T06:48:26.998Z</time></trkpt><trkpt lat="42.890414" lon="-8.458716"><ele>377.820</ele><time>2025-06-23T06:48:33.998Z</time></trkpt><trkpt lat="42.890390" lon="-8.458788"><ele>377.927</ele><time>2025-06-23T06:48:37.998Z</time></trkpt><trkpt lat="42.890381" lon="-8.458866"><ele>378.643</ele><time>2025-06-23T06:48:42.998Z</time></trkpt><trkpt lat="42.890387" lon="-8.458935"><ele>378.958</ele><time>2025-06-23T06:48:47.998Z</time></trkpt><trkpt lat="42.890401" lon="-8.459013"><ele>379.369</ele><time>2025-06-23T06:48:54.998Z</time></trkpt><trkpt lat="42.890427" lon="-8.459066"><ele>379.504</ele><time>2025-06-23T06:48:59.998Z</time></trkpt><trkpt lat="42.890449" lon="-8.459138"><ele>379.824</ele><time>2025-06-23T06:49:05.998Z</time></trkpt><trkpt lat="42.890458" lon="-8.459203"><ele>379.909</ele><time>2025-06-23T06:49:10.998Z</time></trkpt><trkpt lat="42.890476" lon="-8.459270"><ele>380.228</ele><time>2025-06-23T06:49:15.998Z</time></trkpt><trkpt lat="42.890496" lon="-8.459330"><ele>380.667</ele><time>2025-06-23T06:49:19.998Z</time></trkpt><trkpt lat="42.890506" lon="-8.459408"><ele>380.965</ele><time>2025-06-23T06:49:24.998Z</time></trkpt><trkpt lat="42.890541" lon="-8.459460"><ele>381.148</ele><time>2025-06-23T06:49:28.998Z</time></trkpt><trkpt lat="42.890547" lon="-8.459523"><ele>381.227</ele><time>2025-06-23T06:49:31.998Z</time></trkpt><trkpt lat="42.890555" lon="-8.459590"><ele>381.218</ele><time>2025-06-23T06:49:37.998Z</time></trkpt><trkpt lat="42.890572" lon="-8.459658"><ele>381.235</ele><time>2025-06-23T06:49:42.998Z</time></trkpt><trkpt lat="42.890590" lon="-8.459716"><ele>381.221</ele><time>2025-06-23T06:49:46.998Z</time></trkpt><trkpt lat="42.890557" lon="-8.459770"><ele>381.236</ele><time>2025-06-23T06:49:49.998Z</time></trkpt><trkpt lat="42.890571" lon="-8.459845"><ele>381.231</ele><time>2025-06-23T06:49:54.998Z</time></trkpt><trkpt lat="42.890587" lon="-8.459925"><ele>381.261</ele><time>2025-06-23T06:49:58.998Z</time></trkpt><trkpt lat="42.890608" lon="-8.459979"><ele>381.207</ele><time>2025-06-23T06:50:04.998Z</time></trkpt><trkpt lat="42.890618" lon="-8.460059"><ele>381.309</ele><time>2025-06-23T06:50:08.998Z</time></trkpt><trkpt lat="42.890571" lon="-8.460121"><ele>381.435</ele><time>2025-06-23T06:50:13.998Z</time></trkpt><trkpt lat="42.890561" lon="-8.460201"><ele>381.584</ele><time>2025-06-23T06:50:18.998Z</time></trkpt><trkpt lat="42.890523" lon="-8.460261"><ele>381.532</ele><time>2025-06-23T06:50:22.998Z</time></trkpt><trkpt lat="42.890527" lon="-8.460343"><ele>381.585</ele><time>2025-06-23T06:50:27.998Z</time></trkpt><trkpt lat="42.890531" lon="-8.460413"><ele>381.564</ele><time>2025-06-23T06:50:30.998Z</time></trkpt><trkpt lat="42.890519" lon="-8.460474"><ele>381.435</ele><time>2025-06-23T06:50:33.998Z</time></trkpt><trkpt lat="42.890507" lon="-8.460538"><ele>381.462</ele><time>2025-06-23T06:50:41.998Z</time></trkpt><trkpt lat="42.890472" lon="-8.460600"><ele>381.438</ele><time>2025-06-23T06:50:46.998Z</time></trkpt><trkpt lat="42.890484" lon="-8.460673"><ele>381.433</ele><time>2025-06-23T06:50:50.998Z</time></trkpt><trkpt lat="42.890434" lon="-8.460706"><ele>381.446</ele><time>2025-06-23T06:50:53.998Z</time></trkpt><trkpt lat="42.890429" lon="-8.460792"><ele>381.488</ele><time>2025-06-23T06:50:56.998Z</time></trkpt><trkpt lat="42.890450" lon="-8.460856"><ele>381.416</ele><time>2025-06-23T06:51:00.998Z</time></trkpt><trkpt lat="42.890405" lon="-8.460921"><ele>381.509</ele><time>2025-06-23T06:51:07.998Z</time></trkpt><trkpt lat="42.890408" lon="-8.460983"><ele>381.546</ele><time>2025-06-23T06:51:10.998Z</time></trkpt><trkpt lat="42.890388" lon="-8.461044"><ele>381.545</ele><time>2025-06-23T06:51:17.998Z</time></trkpt><trkpt lat="42.890430" lon="-8.461009"><ele>381.513</ele><time>2025-06-23T06:51:44.998Z</time></trkpt><trkpt lat="42.890421" lon="-8.461069"><ele>381.556</ele><time>2025-06-23T06:51:47.998Z</time></trkpt><trkpt lat="42.890428" lon="-8.461137"><ele>381.555</ele><time>2025-06-23T06:51:50.998Z</time></trkpt><trkpt lat="42.890417" lon="-8.461215"><ele>381.536</ele><time>2025-06-23T06:51:54.998Z</time></trkpt><trkpt lat="42.890475" lon="-8.461282"><ele>381.283</ele><time>2025-06-23T06:51:56.998Z</time></trkpt><trkpt lat="42.890443" lon="-8.461349"><ele>381.129</ele><time>2025-06-23T06:52:04.998Z</time></trkpt><trkpt lat="42.890410" lon="-8.461404"><ele>381.144</ele><time>2025-06-23T06:52:08.998Z</time></trkpt><trkpt lat="42.890365" lon="-8.461444"><ele>381.114</ele><time>2025-06-23T06:52:22.998Z</time></trkpt><trkpt lat="42.890338" lon="-8.461500"><ele>381.254</ele><time>2025-06-23T06:52:27.998Z</time></trkpt><trkpt lat="42.890346" lon="-8.461565"><ele>381.409</ele><time>2025-06-23T06:52:33.998Z</time></trkpt><trkpt lat="42.890334" lon="-8.461625"><ele>381.609</ele><time>2025-06-23T06:52:36.998Z</time></trkpt><trkpt lat="42.890326" lon="-8.461699"><ele>381.613</ele><time>2025-06-23T06:52:40.998Z</time></trkpt><trkpt lat="42.890315" lon="-8.461768"><ele>381.662</ele><time>2025-06-23T06:52:44.998Z</time></trkpt><trkpt lat="42.890350" lon="-8.461820"><ele>381.680</ele><time>2025-06-23T06:52:49.997Z</time></trkpt><trkpt lat="42.890335" lon="-8.461884"><ele>381.613</ele><time>2025-06-23T06:52:55.997Z</time></trkpt><trkpt lat="42.890364" lon="-8.461965"><ele>381.662</ele><time>2025-06-23T06:53:01.997Z</time></trkpt><trkpt lat="42.890386" lon="-8.462027"><ele>381.683</ele><time>2025-06-23T06:53:05.997Z</time></trkpt><trkpt lat="42.890401" lon="-8.462101"><ele>381.680</ele><time>2025-06-23T06:53:10.997Z</time></trkpt><trkpt lat="42.890399" lon="-8.462165"><ele>381.616</ele><time>2025-06-23T06:53:13.997Z</time></trkpt><trkpt lat="42.890377" lon="-8.462230"><ele>381.521</ele><time>2025-06-23T06:53:19.997Z</time></trkpt><trkpt lat="42.890383" lon="-8.462310"><ele>381.528</ele><time>2025-06-23T06:53:21.997Z</time></trkpt><trkpt lat="42.890391" lon="-8.462385"><ele>381.589</ele><time>2025-06-23T06:53:26.997Z</time></trkpt><trkpt lat="42.890369" lon="-8.462451"><ele>381.517</ele><time>2025-06-23T06:53:29.997Z</time></trkpt><trkpt lat="42.890358" lon="-8.462523"><ele>381.509</ele><time>2025-06-23T06:53:33.997Z</time></trkpt><trkpt lat="42.890321" lon="-8.462572"><ele>381.584</ele><time>2025-06-23T06:53:35.997Z</time></trkpt><trkpt lat="42.890360" lon="-8.462614"><ele>381.523</ele><time>2025-06-23T06:53:37.997Z</time></trkpt><trkpt lat="42.890363" lon="-8.462678"><ele>381.561</ele><time>2025-06-23T06:53:40.997Z</time></trkpt><trkpt lat="42.890413" lon="-8.462698"><ele>381.584</ele><time>2025-06-23T06:53:45.997Z</time></trkpt><trkpt lat="42.890423" lon="-8.462765"><ele>381.553</ele><time>2025-06-23T06:53:51.997Z</time></trkpt><trkpt lat="42.890454" lon="-8.462810"><ele>381.544</ele><time>2025-06-23T06:53:56.997Z</time></trkpt><trkpt lat="42.890444" lon="-8.462886"><ele>381.561</ele><time>2025-06-23T06:54:02.997Z</time></trkpt><trkpt lat="42.890402" lon="-8.462934"><ele>381.567</ele><time>2025-06-23T06:54:06.997Z</time></trkpt><trkpt lat="42.890406" lon="-8.462995"><ele>381.592</ele><time>2025-06-23T06:54:10.997Z</time></trkpt><trkpt lat="42.890398" lon="-8.463060"><ele>381.542</ele><time>2025-06-23T06:54:16.997Z</time></trkpt><trkpt lat="42.890398" lon="-8.463121"><ele>381.522</ele><time>2025-06-23T06:54:21.997Z</time></trkpt><trkpt lat="42.890390" lon="-8.463188"><ele>381.714</ele><time>2025-06-23T06:54:26.997Z</time></trkpt><trkpt lat="42.890396" lon="-8.463269"><ele>382.009</ele><time>2025-06-23T06:54:31.997Z</time></trkpt><trkpt lat="42.890413" lon="-8.463329"><ele>382.186</ele><time>2025-06-23T06:54:35.997Z</time></trkpt><trkpt lat="42.890423" lon="-8.463391"><ele>382.195</ele><time>2025-06-23T06:54:41.997Z</time></trkpt><trkpt lat="42.890424" lon="-8.463458"><ele>382.183</ele><time>2025-06-23T06:54:47.997Z</time></trkpt><trkpt lat="42.890436" lon="-8.463523"><ele>382.046</ele><time>2025-06-23T06:54:51.997Z</time></trkpt><trkpt lat="42.890478" lon="-8.463551"><ele>382.015</ele><time>2025-06-23T06:54:54.997Z</time></trkpt><trkpt lat="42.890454" lon="-8.463622"><ele>382.056</ele><time>2025-06-23T06:54:56.996Z</time></trkpt><trkpt lat="42.890427" lon="-8.463703"><ele>382.013</ele><time>2025-06-23T06:55:01.996Z</time></trkpt><trkpt lat="42.890454" lon="-8.463755"><ele>382.179</ele><time>2025-06-23T06:55:05.996Z</time></trkpt><trkpt lat="42.890439" lon="-8.463852"><ele>382.294</ele><time>2025-06-23T06:55:10.996Z</time></trkpt><trkpt lat="42.890467" lon="-8.463917"><ele>382.281</ele><time>2025-06-23T06:55:15.996Z</time></trkpt><trkpt lat="42.890476" lon="-8.463983"><ele>382.361</ele><time>2025-06-23T06:55:19.996Z</time></trkpt><trkpt lat="42.890477" lon="-8.464060"><ele>382.317</ele><time>2025-06-23T06:55:25.996Z</time></trkpt><trkpt lat="42.890493" lon="-8.464124"><ele>382.409</ele><time>2025-06-23T06:55:28.996Z</time></trkpt><trkpt lat="42.890501" lon="-8.464190"><ele>382.430</ele><time>2025-06-23T06:55:33.996Z</time></trkpt><trkpt lat="42.890550" lon="-8.464237"><ele>382.529</ele><time>2025-06-23T06:55:39.996Z</time></trkpt><trkpt lat="42.890579" lon="-8.464285"><ele>382.717</ele><time>2025-06-23T06:55:41.996Z</time></trkpt><trkpt lat="42.890613" lon="-8.464339"><ele>383.050</ele><time>2025-06-23T06:55:47.996Z</time></trkpt><trkpt lat="42.890639" lon="-8.464417"><ele>383.159</ele><time>2025-06-23T06:55:52.996Z</time></trkpt><trkpt lat="42.890641" lon="-8.464495"><ele>383.440</ele><time>2025-06-23T06:55:56.996Z</time></trkpt><trkpt lat="42.890666" lon="-8.464558"><ele>383.697</ele><time>2025-06-23T06:56:01.996Z</time></trkpt><trkpt lat="42.890655" lon="-8.464624"><ele>383.773</ele><time>2025-06-23T06:56:08.996Z</time></trkpt><trkpt lat="42.890647" lon="-8.464686"><ele>383.888</ele><time>2025-06-23T06:56:15.996Z</time></trkpt><trkpt lat="42.890643" lon="-8.464771"><ele>383.968</ele><time>2025-06-23T06:56:19.996Z</time></trkpt><trkpt lat="42.890657" lon="-8.464838"><ele>384.042</ele><time>2025-06-23T06:56:21.996Z</time></trkpt><trkpt lat="42.890654" lon="-8.464914"><ele>384.026</ele><time>2025-06-23T06:56:27.996Z</time></trkpt><trkpt lat="42.890682" lon="-8.464995"><ele>384.009</ele><time>2025-06-23T06:56:32.996Z</time></trkpt><trkpt lat="42.890708" lon="-8.465051"><ele>384.058</ele><time>2025-06-23T06:56:37.996Z</time></trkpt><trkpt lat="42.890677" lon="-8.465122"><ele>384.097</ele><time>2025-06-23T06:56:39.996Z</time></trkpt><trkpt lat="42.890619" lon="-8.465169"><ele>384.065</ele><time>2025-06-23T06:56:41.996Z</time></trkpt><trkpt lat="42.890646" lon="-8.465233"><ele>384.038</ele><time>2025-06-23T06:56:43.996Z</time></trkpt><trkpt lat="42.890683" lon="-8.465287"><ele>384.037</ele><time>2025-06-23T06:56:50.996Z</time></trkpt><trkpt lat="42.890707" lon="-8.465347"><ele>383.968</ele><time>2025-06-23T06:56:55.996Z</time></trkpt><trkpt lat="42.890700" lon="-8.465423"><ele>383.585</ele><time>2025-06-23T06:56:59.996Z</time></trkpt><trkpt lat="42.890733" lon="-8.465474"><ele>383.531</ele><time>2025-06-23T06:57:02.995Z</time></trkpt><trkpt lat="42.890743" lon="-8.465537"><ele>383.546</ele><time>2025-06-23T06:57:06.995Z</time></trkpt><trkpt lat="42.890754" lon="-8.465606"><ele>383.588</ele><time>2025-06-23T06:57:11.995Z</time></trkpt><trkpt lat="42.890757" lon="-8.465680"><ele>383.524</ele><time>2025-06-23T06:57:16.995Z</time></trkpt><trkpt lat="42.890765" lon="-8.465745"><ele>383.626</ele><time>2025-06-23T06:57:21.995Z</time></trkpt><trkpt lat="42.890776" lon="-8.465809"><ele>383.609</ele><time>2025-06-23T06:57:25.995Z</time></trkpt><trkpt lat="42.890781" lon="-8.465880"><ele>383.630</ele><time>2025-06-23T06:57:30.995Z</time></trkpt><trkpt lat="42.890784" lon="-8.465944"><ele>383.619</ele><time>2025-06-23T06:57:34.995Z</time></trkpt><trkpt lat="42.890785" lon="-8.466011"><ele>383.687</ele><time>2025-06-23T06:57:38.995Z</time></trkpt><trkpt lat="42.890792" lon="-8.466078"><ele>383.760</ele><time>2025-06-23T06:57:42.995Z</time></trkpt><trkpt lat="42.890792" lon="-8.466141"><ele>383.889</ele><time>2025-06-23T06:57:46.995Z</time></trkpt><trkpt lat="42.890805" lon="-8.466214"><ele>383.940</ele><time>2025-06-23T06:57:51.995Z</time></trkpt><trkpt lat="42.890811" lon="-8.466279"><ele>384.167</ele><time>2025-06-23T06:57:55.995Z</time></trkpt><trkpt lat="42.890824" lon="-8.466352"><ele>384.293</ele><time>2025-06-23T06:58:00.995Z</time></trkpt><trkpt lat="42.890826" lon="-8.466415"><ele>384.398</ele><time>2025-06-23T06:58:04.995Z</time></trkpt><trkpt lat="42.890834" lon="-8.466475"><ele>384.394</ele><time>2025-06-23T06:58:08.995Z</time></trkpt><trkpt lat="42.890851" lon="-8.466537"><ele>384.357</ele><time>2025-06-23T06:58:13.995Z</time></trkpt><trkpt lat="42.890878" lon="-8.466608"><ele>384.322</ele><time>2025-06-23T06:58:18.995Z</time></trkpt><trkpt lat="42.890892" lon="-8.466674"><ele>384.309</ele><time>2025-06-23T06:58:23.995Z</time></trkpt><trkpt lat="42.890883" lon="-8.466739"><ele>384.391</ele><time>2025-06-23T06:58:27.995Z</time></trkpt><trkpt lat="42.890891" lon="-8.466814"><ele>384.320</ele><time>2025-06-23T06:58:32.995Z</time></trkpt><trkpt lat="42.890892" lon="-8.466879"><ele>384.578</ele><time>2025-06-23T06:58:36.995Z</time></trkpt><trkpt lat="42.890896" lon="-8.466952"><ele>384.691</ele><time>2025-06-23T06:58:41.995Z</time></trkpt><trkpt lat="42.890899" lon="-8.467026"><ele>384.730</ele><time>2025-06-23T06:58:46.995Z</time></trkpt><trkpt lat="42.890890" lon="-8.467096"><ele>384.831</ele><time>2025-06-23T06:58:51.995Z</time></trkpt><trkpt lat="42.890894" lon="-8.467160"><ele>384.938</ele><time>2025-06-23T06:58:55.995Z</time></trkpt><trkpt lat="42.890903" lon="-8.467227"><ele>385.144</ele><time>2025-06-23T06:59:00.995Z</time></trkpt><trkpt lat="42.890921" lon="-8.467291"><ele>385.249</ele><time>2025-06-23T06:59:05.995Z</time></trkpt><trkpt lat="42.890939" lon="-8.467357"><ele>385.349</ele><time>2025-06-23T06:59:10.995Z</time></trkpt><trkpt lat="42.890945" lon="-8.467426"><ele>385.502</ele><time>2025-06-23T06:59:15.995Z</time></trkpt><trkpt lat="42.890949" lon="-8.467490"><ele>385.622</ele><time>2025-06-23T06:59:20.995Z</time></trkpt><trkpt lat="42.890960" lon="-8.467553"><ele>385.709</ele><time>2025-06-23T06:59:24.995Z</time></trkpt><trkpt lat="42.890972" lon="-8.467628"><ele>385.946</ele><time>2025-06-23T06:59:29.995Z</time></trkpt><trkpt lat="42.890983" lon="-8.467701"><ele>386.025</ele><time>2025-06-23T06:59:34.995Z</time></trkpt><trkpt lat="42.891008" lon="-8.467753"><ele>386.183</ele><time>2025-06-23T06:59:39.995Z</time></trkpt><trkpt lat="42.891027" lon="-8.467825"><ele>386.296</ele><time>2025-06-23T06:59:44.995Z</time></trkpt><trkpt lat="42.891039" lon="-8.467887"><ele>386.355</ele><time>2025-06-23T06:59:48.995Z</time></trkpt><trkpt lat="42.891052" lon="-8.467958"><ele>386.576</ele><time>2025-06-23T06:59:53.995Z</time></trkpt><trkpt lat="42.891066" lon="-8.468025"><ele>386.623</ele><time>2025-06-23T06:59:58.995Z</time></trkpt><trkpt lat="42.891074" lon="-8.468094"><ele>386.789</ele><time>2025-06-23T07:00:03.995Z</time></trkpt><trkpt lat="42.891081" lon="-8.468156"><ele>386.894</ele><time>2025-06-23T07:00:07.995Z</time></trkpt><trkpt lat="42.891093" lon="-8.468219"><ele>387.075</ele><time>2025-06-23T07:00:11.995Z</time></trkpt><trkpt lat="42.891101" lon="-8.468287"><ele>387.228</ele><time>2025-06-23T07:00:16.995Z</time></trkpt><trkpt lat="42.891116" lon="-8.468354"><ele>387.420</ele><time>2025-06-23T07:00:21.995Z</time></trkpt><trkpt lat="42.891131" lon="-8.468417"><ele>387.609</ele><time>2025-06-23T07:00:25.995Z</time></trkpt><trkpt lat="42.891150" lon="-8.468489"><ele>387.739</ele><time>2025-06-23T07:00:30.995Z</time></trkpt><trkpt lat="42.891157" lon="-8.468559"><ele>387.858</ele><time>2025-06-23T07:00:35.995Z</time></trkpt><trkpt lat="42.891180" lon="-8.468624"><ele>387.996</ele><time>2025-06-23T07:00:40.995Z</time></trkpt><trkpt lat="42.891196" lon="-8.468688"><ele>388.029</ele><time>2025-06-23T07:00:44.995Z</time></trkpt><trkpt lat="42.891214" lon="-8.468759"><ele>388.158</ele><time>2025-06-23T07:00:49.995Z</time></trkpt><trkpt lat="42.891231" lon="-8.468816"><ele>388.459</ele><time>2025-06-23T07:00:53.995Z</time></trkpt><trkpt lat="42.891239" lon="-8.468879"><ele>388.786</ele><time>2025-06-23T07:00:57.995Z</time></trkpt><trkpt lat="42.891248" lon="-8.468949"><ele>388.912</ele><time>2025-06-23T07:01:02.995Z</time></trkpt><trkpt lat="42.891260" lon="-8.469011"><ele>388.937</ele><time>2025-06-23T07:01:06.995Z</time></trkpt><trkpt lat="42.891267" lon="-8.469072"><ele>388.914</ele><time>2025-06-23T07:01:10.995Z</time></trkpt><trkpt lat="42.891280" lon="-8.469140"><ele>388.954</ele><time>2025-06-23T07:01:15.995Z</time></trkpt><trkpt lat="42.891288" lon="-8.469216"><ele>388.809</ele><time>2025-06-23T07:01:20.995Z</time></trkpt><trkpt lat="42.891295" lon="-8.469284"><ele>388.709</ele><time>2025-06-23T07:01:25.995Z</time></trkpt><trkpt lat="42.891297" lon="-8.469357"><ele>388.723</ele><time>2025-06-23T07:01:30.995Z</time></trkpt><trkpt lat="42.891313" lon="-8.469415"><ele>388.782</ele><time>2025-06-23T07:01:34.995Z</time></trkpt><trkpt lat="42.891316" lon="-8.469487"><ele>388.720</ele><time>2025-06-23T07:01:39.995Z</time></trkpt><trkpt lat="42.891325" lon="-8.469560"><ele>388.993</ele><time>2025-06-23T07:01:44.995Z</time></trkpt><trkpt lat="42.891356" lon="-8.469625"><ele>389.052</ele><time>2025-06-23T07:01:48.995Z</time></trkpt><trkpt lat="42.891359" lon="-8.469696"><ele>389.153</ele><time>2025-06-23T07:01:53.995Z</time></trkpt><trkpt lat="42.891371" lon="-8.469763"><ele>389.190</ele><time>2025-06-23T07:01:58.995Z</time></trkpt><trkpt lat="42.891379" lon="-8.469826"><ele>389.126</ele><time>2025-06-23T07:02:02.995Z</time></trkpt><trkpt lat="42.891386" lon="-8.469889"><ele>389.121</ele><time>2025-06-23T07:02:06.995Z</time></trkpt><trkpt lat="42.891406" lon="-8.469952"><ele>389.167</ele><time>2025-06-23T07:02:10.995Z</time></trkpt><trkpt lat="42.891419" lon="-8.470013"><ele>389.181</ele><time>2025-06-23T07:02:14.995Z</time></trkpt><trkpt lat="42.891424" lon="-8.470076"><ele>389.119</ele><time>2025-06-23T07:02:18.995Z</time></trkpt><trkpt lat="42.891426" lon="-8.470137"><ele>389.109</ele><time>2025-06-23T07:02:22.995Z</time></trkpt><trkpt lat="42.891437" lon="-8.470205"><ele>389.138</ele><time>2025-06-23T07:02:27.995Z</time></trkpt><trkpt lat="42.891452" lon="-8.470271"><ele>389.067</ele><time>2025-06-23T07:02:31.995Z</time></trkpt><trkpt lat="42.891464" lon="-8.470344"><ele>388.935</ele><time>2025-06-23T07:02:35.995Z</time></trkpt><trkpt lat="42.891468" lon="-8.470412"><ele>388.928</ele><time>2025-06-23T07:02:40.995Z</time></trkpt><trkpt lat="42.891458" lon="-8.470477"><ele>388.957</ele><time>2025-06-23T07:02:45.995Z</time></trkpt><trkpt lat="42.891462" lon="-8.470543"><ele>388.968</ele><time>2025-06-23T07:02:49.995Z</time></trkpt><trkpt lat="42.891474" lon="-8.470606"><ele>388.845</ele><time>2025-06-23T07:02:54.995Z</time></trkpt><trkpt lat="42.891460" lon="-8.470673"><ele>388.611</ele><time>2025-06-23T07:02:59.995Z</time></trkpt><trkpt lat="42.891449" lon="-8.470737"><ele>388.436</ele><time>2025-06-23T07:03:03.995Z</time></trkpt><trkpt lat="42.891450" lon="-8.470837"><ele>388.231</ele><time>2025-06-23T07:03:07.995Z</time></trkpt><trkpt lat="42.891461" lon="-8.470913"><ele>388.061</ele><time>2025-06-23T07:03:13.995Z</time></trkpt><trkpt lat="42.891470" lon="-8.470978"><ele>387.907</ele><time>2025-06-23T07:03:17.995Z</time></trkpt><trkpt lat="42.891487" lon="-8.471036"><ele>387.809</ele><time>2025-06-23T07:03:21.995Z</time></trkpt><trkpt lat="42.891508" lon="-8.471090"><ele>387.685</ele><time>2025-06-23T07:03:24.995Z</time></trkpt><trkpt lat="42.891509" lon="-8.471155"><ele>387.534</ele><time>2025-06-23T07:03:29.995Z</time></trkpt><trkpt lat="42.891508" lon="-8.471217"><ele>387.422</ele><time>2025-06-23T07:03:35.995Z</time></trkpt><trkpt lat="42.891510" lon="-8.471285"><ele>387.285</ele><time>2025-06-23T07:03:40.995Z</time></trkpt><trkpt lat="42.891513" lon="-8.471365"><ele>386.994</ele><time>2025-06-23T07:03:46.995Z</time></trkpt><trkpt lat="42.891515" lon="-8.471429"><ele>386.635</ele><time>2025-06-23T07:03:50.995Z</time></trkpt><trkpt lat="42.891516" lon="-8.471504"><ele>386.472</ele><time>2025-06-23T07:03:54.995Z</time></trkpt><trkpt lat="42.891516" lon="-8.471583"><ele>386.158</ele><time>2025-06-23T07:04:00.995Z</time></trkpt><trkpt lat="42.891541" lon="-8.471647"><ele>385.663</ele><time>2025-06-23T07:04:05.995Z</time></trkpt><trkpt lat="42.891549" lon="-8.471721"><ele>385.597</ele><time>2025-06-23T07:04:10.995Z</time></trkpt><trkpt lat="42.891579" lon="-8.471774"><ele>385.123</ele><time>2025-06-23T07:04:14.995Z</time></trkpt><trkpt lat="42.891587" lon="-8.471849"><ele>385.025</ele><time>2025-06-23T07:04:19.995Z</time></trkpt><trkpt lat="42.891593" lon="-8.471910"><ele>384.909</ele><time>2025-06-23T07:04:24.995Z</time></trkpt><trkpt lat="42.891612" lon="-8.471994"><ele>384.871</ele><time>2025-06-23T07:04:29.995Z</time></trkpt><trkpt lat="42.891632" lon="-8.472050"><ele>384.690</ele><time>2025-06-23T07:04:33.995Z</time></trkpt><trkpt lat="42.891627" lon="-8.472124"><ele>384.498</ele><time>2025-06-23T07:04:40.995Z</time></trkpt><trkpt lat="42.891630" lon="-8.472206"><ele>384.221</ele><time>2025-06-23T07:04:46.995Z</time></trkpt><trkpt lat="42.891666" lon="-8.472259"><ele>383.760</ele><time>2025-06-23T07:04:50.995Z</time></trkpt><trkpt lat="42.891658" lon="-8.472331"><ele>383.571</ele><time>2025-06-23T07:04:55.995Z</time></trkpt><trkpt lat="42.891681" lon="-8.472390"><ele>383.218</ele><time>2025-06-23T07:04:59.995Z</time></trkpt><trkpt lat="42.891684" lon="-8.472456"><ele>383.014</ele><time>2025-06-23T07:05:05.995Z</time></trkpt><trkpt lat="42.891709" lon="-8.472526"><ele>382.869</ele><time>2025-06-23T07:05:09.995Z</time></trkpt><trkpt lat="42.891693" lon="-8.472588"><ele>382.593</ele><time>2025-06-23T07:05:12.995Z</time></trkpt><trkpt lat="42.891719" lon="-8.472655"><ele>382.365</ele><time>2025-06-23T07:05:17.995Z</time></trkpt><trkpt lat="42.891742" lon="-8.472715"><ele>382.221</ele><time>2025-06-23T07:05:21.995Z</time></trkpt><trkpt lat="42.891739" lon="-8.472778"><ele>382.109</ele><time>2025-06-23T07:05:24.995Z</time></trkpt><trkpt lat="42.891761" lon="-8.472844"><ele>382.071</ele><time>2025-06-23T07:05:29.995Z</time></trkpt><trkpt lat="42.891773" lon="-8.472914"><ele>381.930</ele><time>2025-06-23T07:05:33.995Z</time></trkpt><trkpt lat="42.891771" lon="-8.472979"><ele>381.768</ele><time>2025-06-23T07:05:38.995Z</time></trkpt><trkpt lat="42.891765" lon="-8.473050"><ele>381.521</ele><time>2025-06-23T07:05:42.995Z</time></trkpt><trkpt lat="42.891762" lon="-8.473113"><ele>381.550</ele><time>2025-06-23T07:05:46.995Z</time></trkpt><trkpt lat="42.891740" lon="-8.473170"><ele>381.491</ele><time>2025-06-23T07:05:51.995Z</time></trkpt><trkpt lat="42.891760" lon="-8.473230"><ele>381.378</ele><time>2025-06-23T07:05:55.995Z</time></trkpt><trkpt lat="42.891779" lon="-8.473305"><ele>381.384</ele><time>2025-06-23T07:05:59.995Z</time></trkpt><trkpt lat="42.891779" lon="-8.473385"><ele>381.289</ele><time>2025-06-23T07:06:05.995Z</time></trkpt><trkpt lat="42.891798" lon="-8.473453"><ele>381.132</ele><time>2025-06-23T07:06:09.995Z</time></trkpt><trkpt lat="42.891808" lon="-8.473516"><ele>381.092</ele><time>2025-06-23T07:06:13.995Z</time></trkpt><trkpt lat="42.891823" lon="-8.473590"><ele>381.011</ele><time>2025-06-23T07:06:18.995Z</time></trkpt><trkpt lat="42.891823" lon="-8.473664"><ele>381.009</ele><time>2025-06-23T07:06:23.995Z</time></trkpt><trkpt lat="42.891835" lon="-8.473726"><ele>381.095</ele><time>2025-06-23T07:06:26.995Z</time></trkpt><trkpt lat="42.891849" lon="-8.473820"><ele>381.014</ele><time>2025-06-23T07:06:32.995Z</time></trkpt><trkpt lat="42.891871" lon="-8.473886"><ele>381.082</ele><time>2025-06-23T07:06:38.995Z</time></trkpt><trkpt lat="42.891886" lon="-8.473958"><ele>380.955</ele><time>2025-06-23T07:06:42.995Z</time></trkpt><trkpt lat="42.891917" lon="-8.474019"><ele>380.974</ele><time>2025-06-23T07:06:46.995Z</time></trkpt><trkpt lat="42.891941" lon="-8.474078"><ele>380.895</ele><time>2025-06-23T07:06:50.995Z</time></trkpt><trkpt lat="42.891928" lon="-8.474157"><ele>380.752</ele><time>2025-06-23T07:06:56.995Z</time></trkpt><trkpt lat="42.891924" lon="-8.474235"><ele>380.748</ele><time>2025-06-23T07:07:00.995Z</time></trkpt><trkpt lat="42.891915" lon="-8.474296"><ele>380.773</ele><time>2025-06-23T07:07:04.995Z</time></trkpt><trkpt lat="42.891936" lon="-8.474363"><ele>380.751</ele><time>2025-06-23T07:07:08.995Z</time></trkpt><trkpt lat="42.891943" lon="-8.474424"><ele>380.701</ele><time>2025-06-23T07:07:12.995Z</time></trkpt><trkpt lat="42.891938" lon="-8.474501"><ele>380.711</ele><time>2025-06-23T07:07:17.995Z</time></trkpt><trkpt lat="42.891941" lon="-8.474564"><ele>380.709</ele><time>2025-06-23T07:07:21.995Z</time></trkpt><trkpt lat="42.891930" lon="-8.474624"><ele>380.777</ele><time>2025-06-23T07:07:25.995Z</time></trkpt><trkpt lat="42.891943" lon="-8.474714"><ele>380.746</ele><time>2025-06-23T07:07:30.995Z</time></trkpt><trkpt lat="42.891937" lon="-8.474775"><ele>380.874</ele><time>2025-06-23T07:07:34.995Z</time></trkpt><trkpt lat="42.891956" lon="-8.474840"><ele>380.897</ele><time>2025-06-23T07:07:38.995Z</time></trkpt><trkpt lat="42.891975" lon="-8.474926"><ele>380.946</ele><time>2025-06-23T07:07:45.995Z</time></trkpt><trkpt lat="42.891984" lon="-8.475000"><ele>380.757</ele><time>2025-06-23T07:07:51.995Z</time></trkpt><trkpt lat="42.891994" lon="-8.475065"><ele>380.764</ele><time>2025-06-23T07:07:56.995Z</time></trkpt><trkpt lat="42.891998" lon="-8.475136"><ele>380.590</ele><time>2025-06-23T07:08:01.995Z</time></trkpt><trkpt lat="42.891965" lon="-8.475185"><ele>380.515</ele><time>2025-06-23T07:08:04.995Z</time></trkpt><trkpt lat="42.891992" lon="-8.475241"><ele>380.439</ele><time>2025-06-23T07:08:08.995Z</time></trkpt><trkpt lat="42.891996" lon="-8.475311"><ele>380.301</ele><time>2025-06-23T07:08:12.995Z</time></trkpt><trkpt lat="42.892015" lon="-8.475376"><ele>380.321</ele><time>2025-06-23T07:08:17.995Z</time></trkpt><trkpt lat="42.892037" lon="-8.475431"><ele>380.309</ele><time>2025-06-23T07:08:21.995Z</time></trkpt><trkpt lat="42.892055" lon="-8.475503"><ele>380.395</ele><time>2025-06-23T07:08:26.995Z</time></trkpt><trkpt lat="42.892079" lon="-8.475561"><ele>380.254</ele><time>2025-06-23T07:08:32.995Z</time></trkpt><trkpt lat="42.892081" lon="-8.475625"><ele>380.152</ele><time>2025-06-23T07:08:34.995Z</time></trkpt><trkpt lat="42.892082" lon="-8.475702"><ele>380.085</ele><time>2025-06-23T07:08:38.995Z</time></trkpt><trkpt lat="42.892069" lon="-8.475769"><ele>379.924</ele><time>2025-06-23T07:08:43.995Z</time></trkpt><trkpt lat="42.892087" lon="-8.475840"><ele>379.915</ele><time>2025-06-23T07:08:50.995Z</time></trkpt><trkpt lat="42.892090" lon="-8.475908"><ele>379.972</ele><time>2025-06-23T07:08:54.995Z</time></trkpt><trkpt lat="42.892105" lon="-8.475973"><ele>379.998</ele><time>2025-06-23T07:08:58.995Z</time></trkpt><trkpt lat="42.892106" lon="-8.476046"><ele>379.973</ele><time>2025-06-23T07:09:03.995Z</time></trkpt><trkpt lat="42.892126" lon="-8.476116"><ele>379.994</ele><time>2025-06-23T07:09:07.995Z</time></trkpt><trkpt lat="42.892146" lon="-8.476179"><ele>379.957</ele><time>2025-06-23T07:09:11.995Z</time></trkpt><trkpt lat="42.892180" lon="-8.476222"><ele>379.922</ele><time>2025-06-23T07:09:15.995Z</time></trkpt><trkpt lat="42.892183" lon="-8.476287"><ele>379.909</ele><time>2025-06-23T07:09:20.995Z</time></trkpt><trkpt lat="42.892216" lon="-8.476340"><ele>379.941</ele><time>2025-06-23T07:09:24.995Z</time></trkpt><trkpt lat="42.892245" lon="-8.476398"><ele>379.990</ele><time>2025-06-23T07:09:28.995Z</time></trkpt><trkpt lat="42.892268" lon="-8.476459"><ele>379.928</ele><time>2025-06-23T07:09:32.995Z</time></trkpt><trkpt lat="42.892267" lon="-8.476530"><ele>379.981</ele><time>2025-06-23T07:09:38.995Z</time></trkpt><trkpt lat="42.892214" lon="-8.476498"><ele>379.910</ele><time>2025-06-23T07:09:46.995Z</time></trkpt><trkpt lat="42.892189" lon="-8.476399"><ele>379.941</ele><time>2025-06-23T07:09:49.995Z</time></trkpt><trkpt lat="42.892151" lon="-8.476340"><ele>380.388</ele><time>2025-06-23T07:09:51.995Z</time></trkpt><trkpt lat="42.892089" lon="-8.476322"><ele>380.424</ele><time>2025-06-23T07:09:55.995Z</time></trkpt><trkpt lat="42.892047" lon="-8.476352"><ele>380.419</ele><time>2025-06-23T07:10:01.995Z</time></trkpt><trkpt lat="42.891986" lon="-8.476335"><ele>380.576</ele><time>2025-06-23T07:10:08.995Z</time></trkpt><trkpt lat="42.891944" lon="-8.476313"><ele>380.690</ele><time>2025-06-23T07:10:11.995Z</time></trkpt><trkpt lat="42.891896" lon="-8.476356"><ele>380.719</ele><time>2025-06-23T07:10:16.995Z</time></trkpt><trkpt lat="42.891851" lon="-8.476352"><ele>380.709</ele><time>2025-06-23T07:10:19.995Z</time></trkpt><trkpt lat="42.891722" lon="-8.476473"><ele>380.859</ele><time>2025-06-23T07:34:42.996Z</time></trkpt><trkpt lat="42.891678" lon="-8.476459"><ele>381.248</ele><time>2025-06-23T07:34:46.996Z</time></trkpt><trkpt lat="42.891621" lon="-8.476406"><ele>381.796</ele><time>2025-06-23T07:34:51.996Z</time></trkpt><trkpt lat="42.891571" lon="-8.476412"><ele>381.639</ele><time>2025-06-23T07:34:55.996Z</time></trkpt><trkpt lat="42.891515" lon="-8.476418"><ele>381.638</ele><time>2025-06-23T07:34:59.996Z</time></trkpt><trkpt lat="42.891468" lon="-8.476399"><ele>381.689</ele><time>2025-06-23T07:35:04.996Z</time></trkpt><trkpt lat="42.891411" lon="-8.476390"><ele>381.626</ele><time>2025-06-23T07:35:08.996Z</time></trkpt><trkpt lat="42.891357" lon="-8.476367"><ele>381.732</ele><time>2025-06-23T07:35:13.996Z</time></trkpt><trkpt lat="42.891319" lon="-8.476329"><ele>381.897</ele><time>2025-06-23T07:35:17.996Z</time></trkpt><trkpt lat="42.891265" lon="-8.476308"><ele>381.914</ele><time>2025-06-23T07:35:22.996Z</time></trkpt><trkpt lat="42.891221" lon="-8.476282"><ele>382.054</ele><time>2025-06-23T07:35:26.996Z</time></trkpt><trkpt lat="42.891163" lon="-8.476303"><ele>382.109</ele><time>2025-06-23T07:35:31.996Z</time></trkpt><trkpt lat="42.891114" lon="-8.476282"><ele>382.209</ele><time>2025-06-23T07:35:36.996Z</time></trkpt><trkpt lat="42.891067" lon="-8.476268"><ele>382.363</ele><time>2025-06-23T07:35:41.996Z</time></trkpt><trkpt lat="42.891021" lon="-8.476268"><ele>382.412</ele><time>2025-06-23T07:35:45.996Z</time></trkpt><trkpt lat="42.890971" lon="-8.476257"><ele>382.530</ele><time>2025-06-23T07:35:49.996Z</time></trkpt><trkpt lat="42.890917" lon="-8.476249"><ele>382.673</ele><time>2025-06-23T07:35:54.996Z</time></trkpt><trkpt lat="42.890861" lon="-8.476269"><ele>382.732</ele><time>2025-06-23T07:35:58.996Z</time></trkpt><trkpt lat="42.890815" lon="-8.476244"><ele>382.853</ele><time>2025-06-23T07:36:02.996Z</time></trkpt><trkpt lat="42.890755" lon="-8.476220"><ele>382.970</ele><time>2025-06-23T07:36:06.996Z</time></trkpt><trkpt lat="42.890712" lon="-8.476196"><ele>382.966</ele><time>2025-06-23T07:36:12.996Z</time></trkpt><trkpt lat="42.890669" lon="-8.476228"><ele>383.071</ele><time>2025-06-23T07:36:17.996Z</time></trkpt><trkpt lat="42.890609" lon="-8.476233"><ele>383.153</ele><time>2025-06-23T07:36:22.996Z</time></trkpt><trkpt lat="42.890584" lon="-8.476307"><ele>383.104</ele><time>2025-06-23T07:36:26.996Z</time></trkpt><trkpt lat="42.890551" lon="-8.476356"><ele>383.114</ele><time>2025-06-23T07:36:31.996Z</time></trkpt><trkpt lat="42.890524" lon="-8.476414"><ele>383.009</ele><time>2025-06-23T07:36:36.996Z</time></trkpt><trkpt lat="42.890519" lon="-8.476486"><ele>382.687</ele><time>2025-06-23T07:36:40.996Z</time></trkpt><trkpt lat="42.890532" lon="-8.476547"><ele>382.426</ele><time>2025-06-23T07:36:44.996Z</time></trkpt><trkpt lat="42.890540" lon="-8.476608"><ele>382.164</ele><time>2025-06-23T07:36:48.996Z</time></trkpt><trkpt lat="42.890545" lon="-8.476676"><ele>382.047</ele><time>2025-06-23T07:36:52.996Z</time></trkpt><trkpt lat="42.890534" lon="-8.476742"><ele>381.936</ele><time>2025-06-23T07:36:55.996Z</time></trkpt><trkpt lat="42.890551" lon="-8.476808"><ele>381.787</ele><time>2025-06-23T07:37:00.996Z</time></trkpt><trkpt lat="42.890557" lon="-8.476874"><ele>381.594</ele><time>2025-06-23T07:37:04.996Z</time></trkpt><trkpt lat="42.890568" lon="-8.476942"><ele>381.340</ele><time>2025-06-23T07:37:08.996Z</time></trkpt><trkpt lat="42.890560" lon="-8.477024"><ele>381.095</ele><time>2025-06-23T07:37:13.996Z</time></trkpt><trkpt lat="42.890560" lon="-8.477094"><ele>380.723</ele><time>2025-06-23T07:37:18.996Z</time></trkpt><trkpt lat="42.890557" lon="-8.477157"><ele>380.583</ele><time>2025-06-23T07:37:22.996Z</time></trkpt><trkpt lat="42.890553" lon="-8.477228"><ele>380.311</ele><time>2025-06-23T07:37:27.996Z</time></trkpt><trkpt lat="42.890576" lon="-8.477300"><ele>380.109</ele><time>2025-06-23T07:37:31.996Z</time></trkpt><trkpt lat="42.890567" lon="-8.477381"><ele>379.974</ele><time>2025-06-23T07:37:36.996Z</time></trkpt><trkpt lat="42.890564" lon="-8.477459"><ele>379.663</ele><time>2025-06-23T07:37:42.996Z</time></trkpt><trkpt lat="42.890550" lon="-8.477522"><ele>379.391</ele><time>2025-06-23T07:37:46.996Z</time></trkpt><trkpt lat="42.890560" lon="-8.477586"><ele>379.144</ele><time>2025-06-23T07:37:50.996Z</time></trkpt><trkpt lat="42.890569" lon="-8.477652"><ele>379.093</ele><time>2025-06-23T07:37:54.996Z</time></trkpt><trkpt lat="42.890564" lon="-8.477731"><ele>378.864</ele><time>2025-06-23T07:37:59.996Z</time></trkpt><trkpt lat="42.890581" lon="-8.477795"><ele>378.631</ele><time>2025-06-23T07:38:04.996Z</time></trkpt><trkpt lat="42.890577" lon="-8.477874"><ele>378.517</ele><time>2025-06-23T07:38:08.996Z</time></trkpt><trkpt lat="42.890591" lon="-8.477955"><ele>378.372</ele><time>2025-06-23T07:38:13.996Z</time></trkpt><trkpt lat="42.890596" lon="-8.478038"><ele>378.155</ele><time>2025-06-23T07:38:17.996Z</time></trkpt><trkpt lat="42.890622" lon="-8.478090"><ele>377.707</ele><time>2025-06-23T07:38:21.996Z</time></trkpt><trkpt lat="42.890600" lon="-8.478162"><ele>377.417</ele><time>2025-06-23T07:38:25.996Z</time></trkpt><trkpt lat="42.890599" lon="-8.478237"><ele>377.109</ele><time>2025-06-23T07:38:30.996Z</time></trkpt><trkpt lat="42.890602" lon="-8.478299"><ele>377.057</ele><time>2025-06-23T07:38:33.996Z</time></trkpt><trkpt lat="42.890607" lon="-8.478373"><ele>376.796</ele><time>2025-06-23T07:38:38.996Z</time></trkpt><trkpt lat="42.890611" lon="-8.478438"><ele>376.574</ele><time>2025-06-23T07:38:41.996Z</time></trkpt><trkpt lat="42.890601" lon="-8.478503"><ele>376.447</ele><time>2025-06-23T07:38:46.996Z</time></trkpt><trkpt lat="42.890595" lon="-8.478577"><ele>376.356</ele><time>2025-06-23T07:38:51.996Z</time></trkpt><trkpt lat="42.890600" lon="-8.478653"><ele>376.117</ele><time>2025-06-23T07:38:56.996Z</time></trkpt><trkpt lat="42.890579" lon="-8.478717"><ele>375.994</ele><time>2025-06-23T07:39:02.996Z</time></trkpt><trkpt lat="42.890594" lon="-8.478782"><ele>375.730</ele><time>2025-06-23T07:39:06.996Z</time></trkpt><trkpt lat="42.890601" lon="-8.478861"><ele>375.415</ele><time>2025-06-23T07:39:11.996Z</time></trkpt><trkpt lat="42.890606" lon="-8.478925"><ele>375.453</ele><time>2025-06-23T07:39:14.996Z</time></trkpt><trkpt lat="42.890603" lon="-8.478991"><ele>375.304</ele><time>2025-06-23T07:39:18.996Z</time></trkpt><trkpt lat="42.890618" lon="-8.479055"><ele>375.214</ele><time>2025-06-23T07:39:22.996Z</time></trkpt><trkpt lat="42.890615" lon="-8.479127"><ele>375.109</ele><time>2025-06-23T07:39:26.996Z</time></trkpt><trkpt lat="42.890639" lon="-8.479200"><ele>375.067</ele><time>2025-06-23T07:39:30.996Z</time></trkpt><trkpt lat="42.890645" lon="-8.479261"><ele>375.056</ele><time>2025-06-23T07:39:33.996Z</time></trkpt><trkpt lat="42.890636" lon="-8.479327"><ele>375.054</ele><time>2025-06-23T07:39:37.996Z</time></trkpt><trkpt lat="42.890634" lon="-8.479397"><ele>375.067</ele><time>2025-06-23T07:39:41.996Z</time></trkpt><trkpt lat="42.890637" lon="-8.479461"><ele>375.076</ele><time>2025-06-23T07:39:45.996Z</time></trkpt><trkpt lat="42.890642" lon="-8.479523"><ele>375.027</ele><time>2025-06-23T07:39:49.996Z</time></trkpt><trkpt lat="42.890652" lon="-8.479601"><ele>375.074</ele><time>2025-06-23T07:39:53.996Z</time></trkpt><trkpt lat="42.890662" lon="-8.479668"><ele>375.050</ele><time>2025-06-23T07:39:57.996Z</time></trkpt><trkpt lat="42.890655" lon="-8.479734"><ele>375.035</ele><time>2025-06-23T07:40:01.996Z</time></trkpt><trkpt lat="42.890672" lon="-8.479808"><ele>375.195</ele><time>2025-06-23T07:40:05.996Z</time></trkpt><trkpt lat="42.890645" lon="-8.479870"><ele>375.349</ele><time>2025-06-23T07:40:11.996Z</time></trkpt><trkpt lat="42.890642" lon="-8.479943"><ele>375.523</ele><time>2025-06-23T07:40:16.996Z</time></trkpt><trkpt lat="42.890653" lon="-8.480016"><ele>375.809</ele><time>2025-06-23T07:40:20.996Z</time></trkpt><trkpt lat="42.890644" lon="-8.480084"><ele>376.251</ele><time>2025-06-23T07:40:24.996Z</time></trkpt><trkpt lat="42.890634" lon="-8.480160"><ele>376.650</ele><time>2025-06-23T07:40:28.996Z</time></trkpt><trkpt lat="42.890618" lon="-8.480225"><ele>377.028</ele><time>2025-06-23T07:40:33.996Z</time></trkpt><trkpt lat="42.890606" lon="-8.480289"><ele>377.491</ele><time>2025-06-23T07:40:36.996Z</time></trkpt><trkpt lat="42.890626" lon="-8.480368"><ele>378.090</ele><time>2025-06-23T07:40:40.996Z</time></trkpt><trkpt lat="42.890642" lon="-8.480428"><ele>378.631</ele><time>2025-06-23T07:40:44.996Z</time></trkpt><trkpt lat="42.890643" lon="-8.480502"><ele>379.058</ele><time>2025-06-23T07:40:49.996Z</time></trkpt><trkpt lat="42.890654" lon="-8.480565"><ele>379.444</ele><time>2025-06-23T07:40:53.996Z</time></trkpt><trkpt lat="42.890658" lon="-8.480630"><ele>379.719</ele><time>2025-06-23T07:40:57.996Z</time></trkpt><trkpt lat="42.890654" lon="-8.480702"><ele>380.052</ele><time>2025-06-23T07:41:01.996Z</time></trkpt><trkpt lat="42.890661" lon="-8.480766"><ele>380.353</ele><time>2025-06-23T07:41:05.996Z</time></trkpt><trkpt lat="42.890658" lon="-8.480840"><ele>380.608</ele><time>2025-06-23T07:41:10.995Z</time></trkpt><trkpt lat="42.890653" lon="-8.480919"><ele>380.809</ele><time>2025-06-23T07:41:15.995Z</time></trkpt><trkpt lat="42.890649" lon="-8.480997"><ele>381.267</ele><time>2025-06-23T07:41:20.995Z</time></trkpt><trkpt lat="42.890665" lon="-8.481061"><ele>381.456</ele><time>2025-06-23T07:41:24.995Z</time></trkpt><trkpt lat="42.890654" lon="-8.481135"><ele>381.894</ele><time>2025-06-23T07:41:28.995Z</time></trkpt><trkpt lat="42.890654" lon="-8.481201"><ele>381.957</ele><time>2025-06-23T07:41:32.995Z</time></trkpt><trkpt lat="42.890653" lon="-8.481269"><ele>382.346</ele><time>2025-06-23T07:41:36.995Z</time></trkpt><trkpt lat="42.890658" lon="-8.481344"><ele>382.857</ele><time>2025-06-23T07:41:40.995Z</time></trkpt><trkpt lat="42.890667" lon="-8.481419"><ele>383.064</ele><time>2025-06-23T07:41:44.995Z</time></trkpt><trkpt lat="42.890652" lon="-8.481484"><ele>383.140</ele><time>2025-06-23T07:41:48.995Z</time></trkpt><trkpt lat="42.890659" lon="-8.481551"><ele>383.385</ele><time>2025-06-23T07:41:52.995Z</time></trkpt><trkpt lat="42.890659" lon="-8.481631"><ele>383.622</ele><time>2025-06-23T07:41:56.995Z</time></trkpt><trkpt lat="42.890655" lon="-8.481716"><ele>384.062</ele><time>2025-06-23T07:42:01.995Z</time></trkpt><trkpt lat="42.890660" lon="-8.481800"><ele>384.308</ele><time>2025-06-23T07:42:06.995Z</time></trkpt><trkpt lat="42.890652" lon="-8.481878"><ele>384.809</ele><time>2025-06-23T07:42:11.995Z</time></trkpt><trkpt lat="42.890650" lon="-8.481951"><ele>384.974</ele><time>2025-06-23T07:42:16.995Z</time></trkpt><trkpt lat="42.890660" lon="-8.482012"><ele>385.273</ele><time>2025-06-23T07:42:19.995Z</time></trkpt><trkpt lat="42.890663" lon="-8.482079"><ele>385.371</ele><time>2025-06-23T07:42:23.995Z</time></trkpt><trkpt lat="42.890669" lon="-8.482148"><ele>385.454</ele><time>2025-06-23T07:42:27.995Z</time></trkpt><trkpt lat="42.890674" lon="-8.482225"><ele>385.473</ele><time>2025-06-23T07:42:31.995Z</time></trkpt><trkpt lat="42.890680" lon="-8.482297"><ele>385.424</ele><time>2025-06-23T07:42:35.995Z</time></trkpt><trkpt lat="42.890679" lon="-8.482364"><ele>385.451</ele><time>2025-06-23T07:42:39.995Z</time></trkpt><trkpt lat="42.890680" lon="-8.482428"><ele>385.527</ele><time>2025-06-23T07:42:43.995Z</time></trkpt><trkpt lat="42.890683" lon="-8.482501"><ele>385.612</ele><time>2025-06-23T07:42:47.995Z</time></trkpt><trkpt lat="42.890692" lon="-8.482577"><ele>385.629</ele><time>2025-06-23T07:42:52.995Z</time></trkpt><trkpt lat="42.890703" lon="-8.482652"><ele>385.600</ele><time>2025-06-23T07:42:56.995Z</time></trkpt><trkpt lat="42.890703" lon="-8.482727"><ele>385.520</ele><time>2025-06-23T07:43:00.995Z</time></trkpt><trkpt lat="42.890708" lon="-8.482797"><ele>385.009</ele><time>2025-06-23T07:43:04.995Z</time></trkpt><trkpt lat="42.890706" lon="-8.482877"><ele>384.854</ele><time>2025-06-23T07:43:08.995Z</time></trkpt><trkpt lat="42.890709" lon="-8.482950"><ele>384.873</ele><time>2025-06-23T07:43:12.995Z</time></trkpt><trkpt lat="42.890721" lon="-8.483017"><ele>384.661</ele><time>2025-06-23T07:43:16.995Z</time></trkpt><trkpt lat="42.890717" lon="-8.483087"><ele>384.594</ele><time>2025-06-23T07:43:21.995Z</time></trkpt><trkpt lat="42.890723" lon="-8.483164"><ele>384.443</ele><time>2025-06-23T07:43:25.995Z</time></trkpt><trkpt lat="42.890721" lon="-8.483229"><ele>384.444</ele><time>2025-06-23T07:43:29.995Z</time></trkpt><trkpt lat="42.890724" lon="-8.483291"><ele>384.421</ele><time>2025-06-23T07:43:33.995Z</time></trkpt><trkpt lat="42.890728" lon="-8.483359"><ele>384.447</ele><time>2025-06-23T07:43:36.995Z</time></trkpt><trkpt lat="42.890730" lon="-8.483429"><ele>384.442</ele><time>2025-06-23T07:43:41.995Z</time></trkpt><trkpt lat="42.890729" lon="-8.483495"><ele>384.447</ele><time>2025-06-23T07:43:45.995Z</time></trkpt><trkpt lat="42.890742" lon="-8.483565"><ele>384.429</ele><time>2025-06-23T07:43:49.995Z</time></trkpt><trkpt lat="42.890739" lon="-8.483635"><ele>384.421</ele><time>2025-06-23T07:43:53.995Z</time></trkpt><trkpt lat="42.890747" lon="-8.483697"><ele>384.409</ele><time>2025-06-23T07:43:56.995Z</time></trkpt><trkpt lat="42.890741" lon="-8.483777"><ele>384.436</ele><time>2025-06-23T07:44:01.995Z</time></trkpt><trkpt lat="42.890735" lon="-8.483858"><ele>384.475</ele><time>2025-06-23T07:44:07.995Z</time></trkpt><trkpt lat="42.890733" lon="-8.483930"><ele>384.343</ele><time>2025-06-23T07:44:11.995Z</time></trkpt><trkpt lat="42.890757" lon="-8.483988"><ele>384.166</ele><time>2025-06-23T07:44:14.995Z</time></trkpt><trkpt lat="42.890756" lon="-8.484059"><ele>383.535</ele><time>2025-06-23T07:44:18.995Z</time></trkpt><trkpt lat="42.890748" lon="-8.484126"><ele>383.576</ele><time>2025-06-23T07:44:22.995Z</time></trkpt><trkpt lat="42.890761" lon="-8.484194"><ele>383.393</ele><time>2025-06-23T07:44:26.995Z</time></trkpt><trkpt lat="42.890755" lon="-8.484261"><ele>382.899</ele><time>2025-06-23T07:44:30.995Z</time></trkpt><trkpt lat="42.890754" lon="-8.484322"><ele>382.344</ele><time>2025-06-23T07:44:34.995Z</time></trkpt><trkpt lat="42.890765" lon="-8.484387"><ele>381.942</ele><time>2025-06-23T07:44:38.995Z</time></trkpt><trkpt lat="42.890766" lon="-8.484459"><ele>381.422</ele><time>2025-06-23T07:44:42.995Z</time></trkpt><trkpt lat="42.890766" lon="-8.484530"><ele>380.814</ele><time>2025-06-23T07:44:46.995Z</time></trkpt><trkpt lat="42.890765" lon="-8.484599"><ele>380.309</ele><time>2025-06-23T07:44:50.995Z</time></trkpt><trkpt lat="42.890752" lon="-8.484667"><ele>379.976</ele><time>2025-06-23T07:44:54.995Z</time></trkpt><trkpt lat="42.890754" lon="-8.484744"><ele>379.645</ele><time>2025-06-23T07:44:59.995Z</time></trkpt><trkpt lat="42.890761" lon="-8.484807"><ele>379.383</ele><time>2025-06-23T07:45:03.995Z</time></trkpt><trkpt lat="42.890766" lon="-8.484876"><ele>379.066</ele><time>2025-06-23T07:45:07.995Z</time></trkpt><trkpt lat="42.890770" lon="-8.484949"><ele>378.755</ele><time>2025-06-23T07:45:11.995Z</time></trkpt><trkpt lat="42.890777" lon="-8.485013"><ele>378.546</ele><time>2025-06-23T07:45:15.995Z</time></trkpt><trkpt lat="42.890782" lon="-8.485076"><ele>378.393</ele><time>2025-06-23T07:45:19.995Z</time></trkpt><trkpt lat="42.890788" lon="-8.485147"><ele>378.239</ele><time>2025-06-23T07:45:23.995Z</time></trkpt><trkpt lat="42.890782" lon="-8.485216"><ele>378.284</ele><time>2025-06-23T07:45:27.995Z</time></trkpt><trkpt lat="42.890795" lon="-8.485282"><ele>378.141</ele><time>2025-06-23T07:45:31.995Z</time></trkpt><trkpt lat="42.890796" lon="-8.485352"><ele>378.081</ele><time>2025-06-23T07:45:35.995Z</time></trkpt><trkpt lat="42.890793" lon="-8.485420"><ele>377.909</ele><time>2025-06-23T07:45:39.995Z</time></trkpt><trkpt lat="42.890787" lon="-8.485491"><ele>377.809</ele><time>2025-06-23T07:45:43.995Z</time></trkpt><trkpt lat="42.890787" lon="-8.485562"><ele>377.656</ele><time>2025-06-23T07:45:47.995Z</time></trkpt><trkpt lat="42.890787" lon="-8.485630"><ele>377.415</ele><time>2025-06-23T07:45:51.995Z</time></trkpt><trkpt lat="42.890796" lon="-8.485707"><ele>377.233</ele><time>2025-06-23T07:45:55.995Z</time></trkpt><trkpt lat="42.890795" lon="-8.485780"><ele>377.076</ele><time>2025-06-23T07:45:59.995Z</time></trkpt><trkpt lat="42.890788" lon="-8.485855"><ele>376.855</ele><time>2025-06-23T07:46:03.995Z</time></trkpt><trkpt lat="42.890785" lon="-8.485919"><ele>376.656</ele><time>2025-06-23T07:46:06.995Z</time></trkpt><trkpt lat="42.890754" lon="-8.485975"><ele>376.373</ele><time>2025-06-23T07:46:09.995Z</time></trkpt><trkpt lat="42.890701" lon="-8.485995"><ele>375.959</ele><time>2025-06-23T07:46:12.995Z</time></trkpt><trkpt lat="42.890654" lon="-8.486037"><ele>375.574</ele><time>2025-06-23T07:46:16.995Z</time></trkpt><trkpt lat="42.890631" lon="-8.486109"><ele>375.246</ele><time>2025-06-23T07:46:20.995Z</time></trkpt><trkpt lat="42.890604" lon="-8.486163"><ele>375.088</ele><time>2025-06-23T07:46:23.995Z</time></trkpt><trkpt lat="42.890622" lon="-8.486249"><ele>374.716</ele><time>2025-06-23T07:46:27.995Z</time></trkpt><trkpt lat="42.890672" lon="-8.486285"><ele>374.409</ele><time>2025-06-23T07:46:30.995Z</time></trkpt><trkpt lat="42.890689" lon="-8.486363"><ele>373.966</ele><time>2025-06-23T07:46:34.995Z</time></trkpt><trkpt lat="42.890664" lon="-8.486422"><ele>373.755</ele><time>2025-06-23T07:46:37.995Z</time></trkpt><trkpt lat="42.890677" lon="-8.486496"><ele>373.223</ele><time>2025-06-23T07:46:41.995Z</time></trkpt><trkpt lat="42.890688" lon="-8.486572"><ele>372.846</ele><time>2025-06-23T07:46:45.995Z</time></trkpt><trkpt lat="42.890693" lon="-8.486642"><ele>372.395</ele><time>2025-06-23T07:46:49.995Z</time></trkpt><trkpt lat="42.890689" lon="-8.486707"><ele>372.186</ele><time>2025-06-23T07:46:53.995Z</time></trkpt><trkpt lat="42.890713" lon="-8.486783"><ele>371.223</ele><time>2025-06-23T07:46:57.995Z</time></trkpt><trkpt lat="42.890723" lon="-8.486848"><ele>370.899</ele><time>2025-06-23T07:47:01.995Z</time></trkpt><trkpt lat="42.890742" lon="-8.486913"><ele>370.174</ele><time>2025-06-23T07:47:05.995Z</time></trkpt><trkpt lat="42.890752" lon="-8.486973"><ele>369.527</ele><time>2025-06-23T07:47:09.995Z</time></trkpt><trkpt lat="42.890757" lon="-8.487039"><ele>369.068</ele><time>2025-06-23T07:47:13.995Z</time></trkpt><trkpt lat="42.890782" lon="-8.487099"><ele>368.514</ele><time>2025-06-23T07:47:17.995Z</time></trkpt><trkpt lat="42.890795" lon="-8.487170"><ele>368.009</ele><time>2025-06-23T07:47:21.995Z</time></trkpt><trkpt lat="42.890811" lon="-8.487234"><ele>367.594</ele><time>2025-06-23T07:47:25.995Z</time></trkpt><trkpt lat="42.890827" lon="-8.487299"><ele>367.013</ele><time>2025-06-23T07:47:29.995Z</time></trkpt><trkpt lat="42.890854" lon="-8.487358"><ele>366.491</ele><time>2025-06-23T07:47:33.995Z</time></trkpt><trkpt lat="42.890890" lon="-8.487403"><ele>365.814</ele><time>2025-06-23T07:47:37.995Z</time></trkpt><trkpt lat="42.890937" lon="-8.487436"><ele>365.453</ele><time>2025-06-23T07:47:42.995Z</time></trkpt><trkpt lat="42.890992" lon="-8.487426"><ele>365.294</ele><time>2025-06-23T07:47:45.995Z</time></trkpt><trkpt lat="42.891043" lon="-8.487442"><ele>365.171</ele><time>2025-06-23T07:47:50.995Z</time></trkpt><trkpt lat="42.891101" lon="-8.487453"><ele>364.937</ele><time>2025-06-23T07:47:55.995Z</time></trkpt><trkpt lat="42.891154" lon="-8.487464"><ele>364.832</ele><time>2025-06-23T07:47:59.995Z</time></trkpt><trkpt lat="42.891200" lon="-8.487475"><ele>364.835</ele><time>2025-06-23T07:48:03.995Z</time></trkpt><trkpt lat="42.891243" lon="-8.487500"><ele>364.886</ele><time>2025-06-23T07:48:07.995Z</time></trkpt><trkpt lat="42.891290" lon="-8.487527"><ele>364.814</ele><time>2025-06-23T07:48:11.995Z</time></trkpt><trkpt lat="42.891334" lon="-8.487561"><ele>364.809</ele><time>2025-06-23T07:48:15.995Z</time></trkpt><trkpt lat="42.891372" lon="-8.487606"><ele>364.875</ele><time>2025-06-23T07:48:19.995Z</time></trkpt><trkpt lat="42.891409" lon="-8.487650"><ele>364.774</ele><time>2025-06-23T07:48:23.995Z</time></trkpt><trkpt lat="42.891440" lon="-8.487698"><ele>364.622</ele><time>2025-06-23T07:48:27.995Z</time></trkpt><trkpt lat="42.891487" lon="-8.487748"><ele>364.565</ele><time>2025-06-23T07:48:31.995Z</time></trkpt><trkpt lat="42.891508" lon="-8.487821"><ele>364.384</ele><time>2025-06-23T07:48:35.995Z</time></trkpt><trkpt lat="42.891523" lon="-8.487885"><ele>364.065</ele><time>2025-06-23T07:48:40.995Z</time></trkpt><trkpt lat="42.891505" lon="-8.487949"><ele>363.942</ele><time>2025-06-23T07:48:43.995Z</time></trkpt><trkpt lat="42.891498" lon="-8.488018"><ele>363.968</ele><time>2025-06-23T07:48:47.995Z</time></trkpt><trkpt lat="42.891495" lon="-8.488088"><ele>363.993</ele><time>2025-06-23T07:48:51.995Z</time></trkpt><trkpt lat="42.891485" lon="-8.488154"><ele>363.941</ele><time>2025-06-23T07:48:55.995Z</time></trkpt><trkpt lat="42.891471" lon="-8.488235"><ele>363.981</ele><time>2025-06-23T07:49:00.995Z</time></trkpt><trkpt lat="42.891462" lon="-8.488301"><ele>363.909</ele><time>2025-06-23T07:49:04.995Z</time></trkpt><trkpt lat="42.891440" lon="-8.488362"><ele>363.909</ele><time>2025-06-23T07:49:08.995Z</time></trkpt><trkpt lat="42.891436" lon="-8.488437"><ele>363.966</ele><time>2025-06-23T07:49:12.995Z</time></trkpt><trkpt lat="42.891428" lon="-8.488505"><ele>363.945</ele><time>2025-06-23T07:49:16.995Z</time></trkpt><trkpt lat="42.891414" lon="-8.488565"><ele>363.953</ele><time>2025-06-23T07:49:20.995Z</time></trkpt><trkpt lat="42.891411" lon="-8.488638"><ele>363.976</ele><time>2025-06-23T07:49:24.995Z</time></trkpt><trkpt lat="42.891400" lon="-8.488710"><ele>363.925</ele><time>2025-06-23T07:49:28.995Z</time></trkpt><trkpt lat="42.891389" lon="-8.488777"><ele>363.996</ele><time>2025-06-23T07:49:32.995Z</time></trkpt><trkpt lat="42.891385" lon="-8.488848"><ele>363.973</ele><time>2025-06-23T07:49:36.995Z</time></trkpt><trkpt lat="42.891374" lon="-8.488931"><ele>363.959</ele><time>2025-06-23T07:49:40.995Z</time></trkpt><trkpt lat="42.891358" lon="-8.489010"><ele>363.984</ele><time>2025-06-23T07:49:44.995Z</time></trkpt><trkpt lat="42.891344" lon="-8.489071"><ele>363.914</ele><time>2025-06-23T07:49:47.995Z</time></trkpt><trkpt lat="42.891322" lon="-8.489139"><ele>363.954</ele><time>2025-06-23T07:49:51.995Z</time></trkpt><trkpt lat="42.891303" lon="-8.489197"><ele>363.909</ele><time>2025-06-23T07:49:54.995Z</time></trkpt><trkpt lat="42.891284" lon="-8.489261"><ele>363.809</ele><time>2025-06-23T07:49:58.995Z</time></trkpt><trkpt lat="42.891258" lon="-8.489316"><ele>363.793</ele><time>2025-06-23T07:50:02.995Z</time></trkpt><trkpt lat="42.891232" lon="-8.489386"><ele>363.792</ele><time>2025-06-23T07:50:06.995Z</time></trkpt><trkpt lat="42.891208" lon="-8.489447"><ele>363.780</ele><time>2025-06-23T07:50:10.995Z</time></trkpt><trkpt lat="42.891188" lon="-8.489516"><ele>363.823</ele><time>2025-06-23T07:50:14.995Z</time></trkpt><trkpt lat="42.891164" lon="-8.489576"><ele>364.082</ele><time>2025-06-23T07:50:18.995Z</time></trkpt><trkpt lat="42.891131" lon="-8.489635"><ele>364.143</ele><time>2025-06-23T07:50:22.995Z</time></trkpt><trkpt lat="42.891110" lon="-8.489701"><ele>364.170</ele><time>2025-06-23T07:50:26.995Z</time></trkpt><trkpt lat="42.891093" lon="-8.489766"><ele>364.236</ele><time>2025-06-23T07:50:30.995Z</time></trkpt><trkpt lat="42.891078" lon="-8.489834"><ele>364.321</ele><time>2025-06-23T07:50:34.995Z</time></trkpt><trkpt lat="42.891063" lon="-8.489904"><ele>364.464</ele><time>2025-06-23T07:50:38.995Z</time></trkpt><trkpt lat="42.891054" lon="-8.489972"><ele>364.606</ele><time>2025-06-23T07:50:42.995Z</time></trkpt><trkpt lat="42.891038" lon="-8.490037"><ele>364.816</ele><time>2025-06-23T07:50:46.995Z</time></trkpt><trkpt lat="42.891024" lon="-8.490100"><ele>365.009</ele><time>2025-06-23T07:50:50.995Z</time></trkpt><trkpt lat="42.891014" lon="-8.490168"><ele>365.288</ele><time>2025-06-23T07:50:54.995Z</time></trkpt><trkpt lat="42.890997" lon="-8.490231"><ele>365.437</ele><time>2025-06-23T07:50:58.995Z</time></trkpt><trkpt lat="42.890992" lon="-8.490309"><ele>365.565</ele><time>2025-06-23T07:51:02.995Z</time></trkpt><trkpt lat="42.890978" lon="-8.490374"><ele>365.738</ele><time>2025-06-23T07:51:06.995Z</time></trkpt><trkpt lat="42.890966" lon="-8.490438"><ele>366.157</ele><time>2025-06-23T07:51:10.995Z</time></trkpt><trkpt lat="42.890952" lon="-8.490505"><ele>366.458</ele><time>2025-06-23T07:51:14.995Z</time></trkpt><trkpt lat="42.890937" lon="-8.490573"><ele>366.595</ele><time>2025-06-23T07:51:18.995Z</time></trkpt><trkpt lat="42.890928" lon="-8.490638"><ele>366.631</ele><time>2025-06-23T07:51:22.995Z</time></trkpt><trkpt lat="42.890910" lon="-8.490697"><ele>366.846</ele><time>2025-06-23T07:51:26.995Z</time></trkpt><trkpt lat="42.890897" lon="-8.490761"><ele>367.213</ele><time>2025-06-23T07:51:30.995Z</time></trkpt><trkpt lat="42.890885" lon="-8.490822"><ele>367.643</ele><time>2025-06-23T07:51:34.995Z</time></trkpt><trkpt lat="42.890868" lon="-8.490889"><ele>368.107</ele><time>2025-06-23T07:51:38.995Z</time></trkpt><trkpt lat="42.890857" lon="-8.490955"><ele>368.709</ele><time>2025-06-23T07:51:42.995Z</time></trkpt><trkpt lat="42.890848" lon="-8.491019"><ele>369.293</ele><time>2025-06-23T07:51:46.995Z</time></trkpt><trkpt lat="42.890842" lon="-8.491095"><ele>369.522</ele><time>2025-06-23T07:51:50.995Z</time></trkpt><trkpt lat="42.890849" lon="-8.491167"><ele>369.640</ele><time>2025-06-23T07:51:54.995Z</time></trkpt><trkpt lat="42.890822" lon="-8.491237"><ele>369.683</ele><time>2025-06-23T07:51:58.995Z</time></trkpt><trkpt lat="42.890800" lon="-8.491299"><ele>369.652</ele><time>2025-06-23T07:52:02.995Z</time></trkpt><trkpt lat="42.890776" lon="-8.491354"><ele>369.583</ele><time>2025-06-23T07:52:06.995Z</time></trkpt><trkpt lat="42.890753" lon="-8.491409"><ele>369.470</ele><time>2025-06-23T07:52:09.995Z</time></trkpt><trkpt lat="42.890727" lon="-8.491475"><ele>369.386</ele><time>2025-06-23T07:52:13.995Z</time></trkpt><trkpt lat="42.890703" lon="-8.491540"><ele>369.261</ele><time>2025-06-23T07:52:17.995Z</time></trkpt><trkpt lat="42.890682" lon="-8.491606"><ele>369.226</ele><time>2025-06-23T07:52:21.995Z</time></trkpt><trkpt lat="42.890660" lon="-8.491675"><ele>369.247</ele><time>2025-06-23T07:52:25.995Z</time></trkpt><trkpt lat="42.890634" lon="-8.491740"><ele>369.111</ele><time>2025-06-23T07:52:30.995Z</time></trkpt><trkpt lat="42.890609" lon="-8.491809"><ele>369.109</ele><time>2025-06-23T07:52:35.995Z</time></trkpt><trkpt lat="42.890592" lon="-8.491869"><ele>369.134</ele><time>2025-06-23T07:52:39.995Z</time></trkpt><trkpt lat="42.890570" lon="-8.491927"><ele>369.163</ele><time>2025-06-23T07:52:43.995Z</time></trkpt><trkpt lat="42.890547" lon="-8.491984"><ele>369.141</ele><time>2025-06-23T07:52:47.995Z</time></trkpt><trkpt lat="42.890516" lon="-8.492036"><ele>369.234</ele><time>2025-06-23T07:52:51.995Z</time></trkpt><trkpt lat="42.890484" lon="-8.492091"><ele>369.483</ele><time>2025-06-23T07:52:55.995Z</time></trkpt><trkpt lat="42.890462" lon="-8.492148"><ele>369.594</ele><time>2025-06-23T07:52:59.995Z</time></trkpt><trkpt lat="42.890436" lon="-8.492202"><ele>369.631</ele><time>2025-06-23T07:53:03.995Z</time></trkpt><trkpt lat="42.890412" lon="-8.492258"><ele>369.777</ele><time>2025-06-23T07:53:07.995Z</time></trkpt><trkpt lat="42.890386" lon="-8.492317"><ele>369.762</ele><time>2025-06-23T07:53:11.995Z</time></trkpt><trkpt lat="42.890357" lon="-8.492379"><ele>369.832</ele><time>2025-06-23T07:53:15.995Z</time></trkpt><trkpt lat="42.890334" lon="-8.492435"><ele>370.092</ele><time>2025-06-23T07:53:19.995Z</time></trkpt><trkpt lat="42.890310" lon="-8.492490"><ele>370.311</ele><time>2025-06-23T07:53:22.995Z</time></trkpt><trkpt lat="42.890280" lon="-8.492544"><ele>370.509</ele><time>2025-06-23T07:53:26.995Z</time></trkpt><trkpt lat="42.890249" lon="-8.492609"><ele>370.665</ele><time>2025-06-23T07:53:31.995Z</time></trkpt><trkpt lat="42.890224" lon="-8.492669"><ele>370.694</ele><time>2025-06-23T07:53:35.995Z</time></trkpt><trkpt lat="42.890192" lon="-8.492724"><ele>370.642</ele><time>2025-06-23T07:53:39.995Z</time></trkpt><trkpt lat="42.890162" lon="-8.492783"><ele>370.735</ele><time>2025-06-23T07:53:43.995Z</time></trkpt><trkpt lat="42.890132" lon="-8.492836"><ele>370.814</ele><time>2025-06-23T07:53:47.995Z</time></trkpt><trkpt lat="42.890115" lon="-8.492899"><ele>370.825</ele><time>2025-06-23T07:53:51.995Z</time></trkpt><trkpt lat="42.890092" lon="-8.492955"><ele>370.912</ele><time>2025-06-23T07:53:55.995Z</time></trkpt><trkpt lat="42.890077" lon="-8.493023"><ele>371.278</ele><time>2025-06-23T07:53:59.995Z</time></trkpt><trkpt lat="42.890053" lon="-8.493081"><ele>371.433</ele><time>2025-06-23T07:54:04.995Z</time></trkpt><trkpt lat="42.890039" lon="-8.493144"><ele>371.514</ele><time>2025-06-23T07:54:08.995Z</time></trkpt><trkpt lat="42.890016" lon="-8.493201"><ele>371.754</ele><time>2025-06-23T07:54:12.995Z</time></trkpt><trkpt lat="42.890000" lon="-8.493262"><ele>372.109</ele><time>2025-06-23T07:54:16.995Z</time></trkpt><trkpt lat="42.889978" lon="-8.493322"><ele>372.409</ele><time>2025-06-23T07:54:20.995Z</time></trkpt><trkpt lat="42.889955" lon="-8.493385"><ele>372.783</ele><time>2025-06-23T07:54:24.995Z</time></trkpt><trkpt lat="42.889933" lon="-8.493452"><ele>373.182</ele><time>2025-06-23T07:54:28.995Z</time></trkpt><trkpt lat="42.889911" lon="-8.493519"><ele>373.590</ele><time>2025-06-23T07:54:33.995Z</time></trkpt><trkpt lat="42.889892" lon="-8.493584"><ele>373.843</ele><time>2025-06-23T07:54:37.995Z</time></trkpt><trkpt lat="42.889867" lon="-8.493643"><ele>373.972</ele><time>2025-06-23T07:54:41.995Z</time></trkpt><trkpt lat="42.889844" lon="-8.493709"><ele>374.193</ele><time>2025-06-23T07:54:45.995Z</time></trkpt><trkpt lat="42.889825" lon="-8.493769"><ele>374.590</ele><time>2025-06-23T07:54:49.995Z</time></trkpt><trkpt lat="42.889807" lon="-8.493837"><ele>374.726</ele><time>2025-06-23T07:54:53.995Z</time></trkpt><trkpt lat="42.889767" lon="-8.493871"><ele>374.781</ele><time>2025-06-23T07:54:57.995Z</time></trkpt><trkpt lat="42.889776" lon="-8.493934"><ele>374.737</ele><time>2025-06-23T07:55:05.995Z</time></trkpt><trkpt lat="42.889783" lon="-8.494000"><ele>374.849</ele><time>2025-06-23T07:55:09.995Z</time></trkpt><trkpt lat="42.889753" lon="-8.494054"><ele>374.913</ele><time>2025-06-23T07:55:13.995Z</time></trkpt><trkpt lat="42.889726" lon="-8.494123"><ele>375.009</ele><time>2025-06-23T07:55:21.995Z</time></trkpt><trkpt lat="42.889717" lon="-8.494183"><ele>375.465</ele><time>2025-06-23T07:55:25.995Z</time></trkpt><trkpt lat="42.889713" lon="-8.494248"><ele>376.094</ele><time>2025-06-23T07:55:29.995Z</time></trkpt><trkpt lat="42.889693" lon="-8.494303"><ele>376.142</ele><time>2025-06-23T07:55:33.995Z</time></trkpt><trkpt lat="42.889682" lon="-8.494365"><ele>376.125</ele><time>2025-06-23T07:55:37.995Z</time></trkpt><trkpt lat="42.889656" lon="-8.494421"><ele>376.124</ele><time>2025-06-23T07:55:40.995Z</time></trkpt><trkpt lat="42.889631" lon="-8.494485"><ele>375.945</ele><time>2025-06-23T07:55:45.995Z</time></trkpt><trkpt lat="42.889610" lon="-8.494541"><ele>375.972</ele><time>2025-06-23T07:55:49.995Z</time></trkpt><trkpt lat="42.889581" lon="-8.494596"><ele>375.968</ele><time>2025-06-23T07:55:54.995Z</time></trkpt><trkpt lat="42.889574" lon="-8.494659"><ele>375.973</ele><time>2025-06-23T07:55:57.995Z</time></trkpt><trkpt lat="42.889546" lon="-8.494715"><ele>375.844</ele><time>2025-06-23T07:56:03.995Z</time></trkpt><trkpt lat="42.889515" lon="-8.494787"><ele>375.705</ele><time>2025-06-23T07:56:10.995Z</time></trkpt><trkpt lat="42.889498" lon="-8.494846"><ele>375.615</ele><time>2025-06-23T07:56:14.995Z</time></trkpt><trkpt lat="42.889442" lon="-8.494904"><ele>375.209</ele><time>2025-06-23T07:56:18.995Z</time></trkpt><trkpt lat="42.889424" lon="-8.494960"><ele>375.036</ele><time>2025-06-23T07:56:23.995Z</time></trkpt><trkpt lat="42.889412" lon="-8.495036"><ele>375.085</ele><time>2025-06-23T07:56:27.995Z</time></trkpt><trkpt lat="42.889379" lon="-8.495107"><ele>375.063</ele><time>2025-06-23T07:56:33.995Z</time></trkpt><trkpt lat="42.889357" lon="-8.495187"><ele>375.046</ele><time>2025-06-23T07:56:38.995Z</time></trkpt><trkpt lat="42.889337" lon="-8.495246"><ele>375.075</ele><time>2025-06-23T07:56:44.995Z</time></trkpt><trkpt lat="42.889317" lon="-8.495314"><ele>374.756</ele><time>2025-06-23T07:56:48.995Z</time></trkpt><trkpt lat="42.889296" lon="-8.495379"><ele>374.453</ele><time>2025-06-23T07:56:53.995Z</time></trkpt><trkpt lat="42.889273" lon="-8.495438"><ele>374.319</ele><time>2025-06-23T07:56:57.995Z</time></trkpt><trkpt lat="42.889237" lon="-8.495511"><ele>374.164</ele><time>2025-06-23T07:57:01.995Z</time></trkpt><trkpt lat="42.889212" lon="-8.495569"><ele>373.858</ele><time>2025-06-23T07:57:06.995Z</time></trkpt><trkpt lat="42.889190" lon="-8.495634"><ele>373.552</ele><time>2025-06-23T07:57:11.995Z</time></trkpt><trkpt lat="42.889174" lon="-8.495702"><ele>373.217</ele><time>2025-06-23T07:57:16.995Z</time></trkpt><trkpt lat="42.889160" lon="-8.495774"><ele>372.909</ele><time>2025-06-23T07:57:21.995Z</time></trkpt><trkpt lat="42.889105" lon="-8.495830"><ele>372.817</ele><time>2025-06-23T07:57:25.995Z</time></trkpt><trkpt lat="42.889089" lon="-8.495892"><ele>372.116</ele><time>2025-06-23T07:57:31.995Z</time></trkpt><trkpt lat="42.889075" lon="-8.495960"><ele>371.514</ele><time>2025-06-23T07:57:36.995Z</time></trkpt><trkpt lat="42.889052" lon="-8.496015"><ele>371.337</ele><time>2025-06-23T07:57:40.995Z</time></trkpt><trkpt lat="42.889035" lon="-8.496073"><ele>370.936</ele><time>2025-06-23T07:57:44.995Z</time></trkpt><trkpt lat="42.889017" lon="-8.496131"><ele>370.597</ele><time>2025-06-23T07:57:48.995Z</time></trkpt><trkpt lat="42.888984" lon="-8.496192"><ele>370.294</ele><time>2025-06-23T07:57:53.995Z</time></trkpt><trkpt lat="42.888950" lon="-8.496236"><ele>369.860</ele><time>2025-06-23T07:57:58.994Z</time></trkpt><trkpt lat="42.888900" lon="-8.496260"><ele>369.515</ele><time>2025-06-23T07:58:02.994Z</time></trkpt><trkpt lat="42.888884" lon="-8.496327"><ele>369.369</ele><time>2025-06-23T07:58:07.994Z</time></trkpt><trkpt lat="42.888863" lon="-8.496392"><ele>369.004</ele><time>2025-06-23T07:58:11.994Z</time></trkpt><trkpt lat="42.888838" lon="-8.496470"><ele>368.824</ele><time>2025-06-23T07:58:15.994Z</time></trkpt><trkpt lat="42.888803" lon="-8.496530"><ele>368.209</ele><time>2025-06-23T07:58:21.994Z</time></trkpt><trkpt lat="42.888785" lon="-8.496588"><ele>368.068</ele><time>2025-06-23T07:58:28.994Z</time></trkpt><trkpt lat="42.888763" lon="-8.496659"><ele>367.377</ele><time>2025-06-23T07:58:32.994Z</time></trkpt><trkpt lat="42.888742" lon="-8.496726"><ele>366.215</ele><time>2025-06-23T07:58:37.994Z</time></trkpt><trkpt lat="42.888715" lon="-8.496785"><ele>366.058</ele><time>2025-06-23T07:58:42.994Z</time></trkpt><trkpt lat="42.888699" lon="-8.496842"><ele>365.517</ele><time>2025-06-23T07:58:46.994Z</time></trkpt><trkpt lat="42.888674" lon="-8.496911"><ele>364.958</ele><time>2025-06-23T07:58:50.994Z</time></trkpt><trkpt lat="42.888648" lon="-8.496966"><ele>364.585</ele><time>2025-06-23T07:58:54.994Z</time></trkpt><trkpt lat="42.888626" lon="-8.497021"><ele>364.291</ele><time>2025-06-23T07:58:58.994Z</time></trkpt><trkpt lat="42.888605" lon="-8.497090"><ele>363.846</ele><time>2025-06-23T07:59:03.994Z</time></trkpt><trkpt lat="42.888587" lon="-8.497157"><ele>363.225</ele><time>2025-06-23T07:59:08.994Z</time></trkpt><trkpt lat="42.888574" lon="-8.497225"><ele>362.526</ele><time>2025-06-23T07:59:12.994Z</time></trkpt><trkpt lat="42.888559" lon="-8.497293"><ele>361.908</ele><time>2025-06-23T07:59:16.994Z</time></trkpt><trkpt lat="42.888538" lon="-8.497357"><ele>361.409</ele><time>2025-06-23T07:59:21.994Z</time></trkpt><trkpt lat="42.888520" lon="-8.497419"><ele>360.874</ele><time>2025-06-23T07:59:26.994Z</time></trkpt><trkpt lat="42.888499" lon="-8.497478"><ele>360.113</ele><time>2025-06-23T07:59:31.994Z</time></trkpt><trkpt lat="42.888471" lon="-8.497529"><ele>359.641</ele><time>2025-06-23T07:59:35.994Z</time></trkpt><trkpt lat="42.888447" lon="-8.497590"><ele>358.964</ele><time>2025-06-23T07:59:41.994Z</time></trkpt><trkpt lat="42.888417" lon="-8.497653"><ele>358.273</ele><time>2025-06-23T07:59:46.994Z</time></trkpt><trkpt lat="42.888401" lon="-8.497725"><ele>357.624</ele><time>2025-06-23T07:59:51.994Z</time></trkpt><trkpt lat="42.888384" lon="-8.497790"><ele>356.841</ele><time>2025-06-23T07:59:56.994Z</time></trkpt><trkpt lat="42.888365" lon="-8.497846"><ele>356.027</ele><time>2025-06-23T08:00:01.994Z</time></trkpt><trkpt lat="42.888351" lon="-8.497908"><ele>355.322</ele><time>2025-06-23T08:00:05.994Z</time></trkpt><trkpt lat="42.888332" lon="-8.497977"><ele>354.739</ele><time>2025-06-23T08:00:10.994Z</time></trkpt><trkpt lat="42.888320" lon="-8.498046"><ele>354.201</ele><time>2025-06-23T08:00:15.994Z</time></trkpt><trkpt lat="42.888301" lon="-8.498118"><ele>353.721</ele><time>2025-06-23T08:00:20.994Z</time></trkpt><trkpt lat="42.888283" lon="-8.498190"><ele>353.209</ele><time>2025-06-23T08:00:25.994Z</time></trkpt><trkpt lat="42.888270" lon="-8.498256"><ele>352.745</ele><time>2025-06-23T08:00:30.994Z</time></trkpt><trkpt lat="42.888258" lon="-8.498315"><ele>352.034</ele><time>2025-06-23T08:00:34.994Z</time></trkpt><trkpt lat="42.888232" lon="-8.498376"><ele>351.332</ele><time>2025-06-23T08:00:39.994Z</time></trkpt><trkpt lat="42.888212" lon="-8.498438"><ele>350.755</ele><time>2025-06-23T08:00:43.994Z</time></trkpt><trkpt lat="42.888196" lon="-8.498496"><ele>350.184</ele><time>2025-06-23T08:00:47.994Z</time></trkpt><trkpt lat="42.888169" lon="-8.498561"><ele>349.445</ele><time>2025-06-23T08:00:54.994Z</time></trkpt><trkpt lat="42.888141" lon="-8.498611"><ele>348.892</ele><time>2025-06-23T08:01:00.994Z</time></trkpt><trkpt lat="42.888121" lon="-8.498676"><ele>347.998</ele><time>2025-06-23T08:01:04.994Z</time></trkpt><trkpt lat="42.888105" lon="-8.498738"><ele>347.063</ele><time>2025-06-23T08:01:10.994Z</time></trkpt><trkpt lat="42.888090" lon="-8.498797"><ele>346.715</ele><time>2025-06-23T08:01:14.994Z</time></trkpt><trkpt lat="42.888074" lon="-8.498886"><ele>346.465</ele><time>2025-06-23T08:01:18.994Z</time></trkpt><trkpt lat="42.888101" lon="-8.498951"><ele>345.911</ele><time>2025-06-23T08:01:23.994Z</time></trkpt><trkpt lat="42.888090" lon="-8.499020"><ele>345.509</ele><time>2025-06-23T08:01:27.994Z</time></trkpt><trkpt lat="42.888079" lon="-8.499082"><ele>345.043</ele><time>2025-06-23T08:01:31.994Z</time></trkpt><trkpt lat="42.888059" lon="-8.499143"><ele>344.342</ele><time>2025-06-23T08:01:35.994Z</time></trkpt><trkpt lat="42.888057" lon="-8.499215"><ele>344.150</ele><time>2025-06-23T08:01:39.994Z</time></trkpt><trkpt lat="42.888028" lon="-8.499270"><ele>343.793</ele><time>2025-06-23T08:01:43.994Z</time></trkpt><trkpt lat="42.888012" lon="-8.499329"><ele>343.222</ele><time>2025-06-23T08:01:46.994Z</time></trkpt><trkpt lat="42.887983" lon="-8.499390"><ele>342.643</ele><time>2025-06-23T08:01:51.994Z</time></trkpt><trkpt lat="42.887967" lon="-8.499452"><ele>342.130</ele><time>2025-06-23T08:01:55.994Z</time></trkpt><trkpt lat="42.887945" lon="-8.499512"><ele>341.756</ele><time>2025-06-23T08:01:59.994Z</time></trkpt><trkpt lat="42.887932" lon="-8.499580"><ele>341.281</ele><time>2025-06-23T08:02:03.994Z</time></trkpt><trkpt lat="42.887944" lon="-8.499641"><ele>340.839</ele><time>2025-06-23T08:02:06.994Z</time></trkpt><trkpt lat="42.887915" lon="-8.499694"><ele>340.401</ele><time>2025-06-23T08:02:10.994Z</time></trkpt><trkpt lat="42.887884" lon="-8.499747"><ele>340.021</ele><time>2025-06-23T08:02:14.994Z</time></trkpt><trkpt lat="42.887852" lon="-8.499805"><ele>339.609</ele><time>2025-06-23T08:02:18.994Z</time></trkpt><trkpt lat="42.887806" lon="-8.499854"><ele>339.075</ele><time>2025-06-23T08:02:22.994Z</time></trkpt><trkpt lat="42.887789" lon="-8.499916"><ele>338.474</ele><time>2025-06-23T08:02:27.994Z</time></trkpt><trkpt lat="42.887780" lon="-8.499981"><ele>337.942</ele><time>2025-06-23T08:02:32.994Z</time></trkpt><trkpt lat="42.887770" lon="-8.500050"><ele>337.425</ele><time>2025-06-23T08:02:37.994Z</time></trkpt><trkpt lat="42.887762" lon="-8.500115"><ele>336.824</ele><time>2025-06-23T08:02:41.994Z</time></trkpt><trkpt lat="42.887782" lon="-8.500176"><ele>336.275</ele><time>2025-06-23T08:02:45.994Z</time></trkpt><trkpt lat="42.887770" lon="-8.500241"><ele>335.762</ele><time>2025-06-23T08:02:48.994Z</time></trkpt><trkpt lat="42.887756" lon="-8.500311"><ele>335.358</ele><time>2025-06-23T08:02:53.994Z</time></trkpt><trkpt lat="42.887769" lon="-8.500382"><ele>334.913</ele><time>2025-06-23T08:02:57.994Z</time></trkpt><trkpt lat="42.887788" lon="-8.500499"><ele>334.192</ele><time>2025-06-23T08:03:02.994Z</time></trkpt><trkpt lat="42.887793" lon="-8.500569"><ele>333.773</ele><time>2025-06-23T08:03:12.994Z</time></trkpt><trkpt lat="42.887809" lon="-8.500628"><ele>333.020</ele><time>2025-06-23T08:03:16.994Z</time></trkpt><trkpt lat="42.887813" lon="-8.500707"><ele>331.809</ele><time>2025-06-23T08:03:21.994Z</time></trkpt><trkpt lat="42.887781" lon="-8.500756"><ele>331.481</ele><time>2025-06-23T08:03:29.994Z</time></trkpt><trkpt lat="42.887769" lon="-8.500824"><ele>331.130</ele><time>2025-06-23T08:03:33.994Z</time></trkpt><trkpt lat="42.887724" lon="-8.500806"><ele>330.378</ele><time>2025-06-23T08:03:40.994Z</time></trkpt><trkpt lat="42.887772" lon="-8.500789"><ele>329.631</ele><time>2025-06-23T08:04:37.994Z</time></trkpt><trkpt lat="42.887817" lon="-8.500811"><ele>329.250</ele><time>2025-06-23T08:04:44.994Z</time></trkpt><trkpt lat="42.887826" lon="-8.500871"><ele>329.051</ele><time>2025-06-23T08:04:48.994Z</time></trkpt><trkpt lat="42.887850" lon="-8.500940"><ele>328.968</ele><time>2025-06-23T08:04:53.994Z</time></trkpt><trkpt lat="42.887853" lon="-8.501010"><ele>328.724</ele><time>2025-06-23T08:04:57.994Z</time></trkpt><trkpt lat="42.887865" lon="-8.501071"><ele>328.189</ele><time>2025-06-23T08:05:00.994Z</time></trkpt><trkpt lat="42.887872" lon="-8.501137"><ele>327.355</ele><time>2025-06-23T08:05:04.994Z</time></trkpt><trkpt lat="42.887884" lon="-8.501201"><ele>326.607</ele><time>2025-06-23T08:05:08.994Z</time></trkpt><trkpt lat="42.887897" lon="-8.501269"><ele>325.917</ele><time>2025-06-23T08:05:12.994Z</time></trkpt><trkpt lat="42.887887" lon="-8.501334"><ele>325.409</ele><time>2025-06-23T08:05:17.994Z</time></trkpt><trkpt lat="42.887905" lon="-8.501411"><ele>324.817</ele><time>2025-06-23T08:05:22.994Z</time></trkpt><trkpt lat="42.887916" lon="-8.501476"><ele>324.026</ele><time>2025-06-23T08:05:27.994Z</time></trkpt><trkpt lat="42.887914" lon="-8.501538"><ele>323.054</ele><time>2025-06-23T08:05:31.994Z</time></trkpt><trkpt lat="42.887931" lon="-8.501601"><ele>322.267</ele><time>2025-06-23T08:05:36.994Z</time></trkpt><trkpt lat="42.887937" lon="-8.501673"><ele>321.576</ele><time>2025-06-23T08:05:41.994Z</time></trkpt><trkpt lat="42.887926" lon="-8.501740"><ele>320.737</ele><time>2025-06-23T08:05:46.994Z</time></trkpt><trkpt lat="42.887934" lon="-8.501816"><ele>319.914</ele><time>2025-06-23T08:05:50.994Z</time></trkpt><trkpt lat="42.887905" lon="-8.501878"><ele>319.060</ele><time>2025-06-23T08:05:54.994Z</time></trkpt><trkpt lat="42.887886" lon="-8.501950"><ele>317.775</ele><time>2025-06-23T08:05:58.994Z</time></trkpt><trkpt lat="42.887882" lon="-8.502013"><ele>317.435</ele><time>2025-06-23T08:06:02.994Z</time></trkpt><trkpt lat="42.887858" lon="-8.502071"><ele>316.986</ele><time>2025-06-23T08:06:07.994Z</time></trkpt><trkpt lat="42.887841" lon="-8.502131"><ele>316.614</ele><time>2025-06-23T08:06:12.994Z</time></trkpt><trkpt lat="42.887836" lon="-8.502192"><ele>316.309</ele><time>2025-06-23T08:06:16.994Z</time></trkpt><trkpt lat="42.887811" lon="-8.502247"><ele>316.055</ele><time>2025-06-23T08:06:20.994Z</time></trkpt><trkpt lat="42.887786" lon="-8.502299"><ele>315.994</ele><time>2025-06-23T08:06:25.994Z</time></trkpt><trkpt lat="42.887763" lon="-8.502353"><ele>315.892</ele><time>2025-06-23T08:06:29.994Z</time></trkpt><trkpt lat="42.887746" lon="-8.502418"><ele>315.785</ele><time>2025-06-23T08:06:33.994Z</time></trkpt><trkpt lat="42.887727" lon="-8.502474"><ele>315.684</ele><time>2025-06-23T08:06:37.994Z</time></trkpt><trkpt lat="42.887710" lon="-8.502539"><ele>315.675</ele><time>2025-06-23T08:06:42.994Z</time></trkpt><trkpt lat="42.887689" lon="-8.502599"><ele>315.642</ele><time>2025-06-23T08:06:46.994Z</time></trkpt><trkpt lat="42.887665" lon="-8.502660"><ele>315.558</ele><time>2025-06-23T08:06:50.994Z</time></trkpt><trkpt lat="42.887641" lon="-8.502723"><ele>315.323</ele><time>2025-06-23T08:06:54.994Z</time></trkpt><trkpt lat="42.887621" lon="-8.502791"><ele>315.195</ele><time>2025-06-23T08:06:59.994Z</time></trkpt><trkpt lat="42.887607" lon="-8.502855"><ele>315.049</ele><time>2025-06-23T08:07:03.994Z</time></trkpt><trkpt lat="42.887587" lon="-8.502919"><ele>314.923</ele><time>2025-06-23T08:07:08.994Z</time></trkpt><trkpt lat="42.887570" lon="-8.502982"><ele>314.709</ele><time>2025-06-23T08:07:12.994Z</time></trkpt><trkpt lat="42.887560" lon="-8.503049"><ele>314.431</ele><time>2025-06-23T08:07:16.994Z</time></trkpt><trkpt lat="42.887544" lon="-8.503116"><ele>314.090</ele><time>2025-06-23T08:07:21.994Z</time></trkpt><trkpt lat="42.887549" lon="-8.503181"><ele>313.538</ele><time>2025-06-23T08:07:25.994Z</time></trkpt><trkpt lat="42.887549" lon="-8.503258"><ele>312.851</ele><time>2025-06-23T08:07:29.994Z</time></trkpt><trkpt lat="42.887553" lon="-8.503324"><ele>312.060</ele><time>2025-06-23T08:07:33.994Z</time></trkpt><trkpt lat="42.887556" lon="-8.503392"><ele>311.511</ele><time>2025-06-23T08:07:37.994Z</time></trkpt><trkpt lat="42.887532" lon="-8.503456"><ele>311.158</ele><time>2025-06-23T08:07:41.994Z</time></trkpt><trkpt lat="42.887514" lon="-8.503530"><ele>310.514</ele><time>2025-06-23T08:07:46.994Z</time></trkpt><trkpt lat="42.887495" lon="-8.503590"><ele>309.989</ele><time>2025-06-23T08:07:51.994Z</time></trkpt><trkpt lat="42.887482" lon="-8.503654"><ele>309.383</ele><time>2025-06-23T08:07:55.994Z</time></trkpt><trkpt lat="42.887462" lon="-8.503710"><ele>308.825</ele><time>2025-06-23T08:07:59.994Z</time></trkpt><trkpt lat="42.887444" lon="-8.503781"><ele>308.417</ele><time>2025-06-23T08:08:03.994Z</time></trkpt><trkpt lat="42.887427" lon="-8.503847"><ele>308.109</ele><time>2025-06-23T08:08:07.994Z</time></trkpt><trkpt lat="42.887403" lon="-8.503910"><ele>307.690</ele><time>2025-06-23T08:08:11.994Z</time></trkpt><trkpt lat="42.887400" lon="-8.503977"><ele>307.179</ele><time>2025-06-23T08:08:15.994Z</time></trkpt><trkpt lat="42.887380" lon="-8.504040"><ele>306.787</ele><time>2025-06-23T08:08:20.994Z</time></trkpt><trkpt lat="42.887364" lon="-8.504109"><ele>306.270</ele><time>2025-06-23T08:08:24.994Z</time></trkpt><trkpt lat="42.887355" lon="-8.504177"><ele>305.759</ele><time>2025-06-23T08:08:28.994Z</time></trkpt><trkpt lat="42.887332" lon="-8.504237"><ele>305.380</ele><time>2025-06-23T08:08:32.994Z</time></trkpt><trkpt lat="42.887337" lon="-8.504305"><ele>304.877</ele><time>2025-06-23T08:08:36.994Z</time></trkpt><trkpt lat="42.887330" lon="-8.504375"><ele>304.223</ele><time>2025-06-23T08:08:40.994Z</time></trkpt><trkpt lat="42.887304" lon="-8.504437"><ele>303.788</ele><time>2025-06-23T08:08:44.994Z</time></trkpt><trkpt lat="42.887261" lon="-8.504471"><ele>303.352</ele><time>2025-06-23T08:08:48.994Z</time></trkpt><trkpt lat="42.887220" lon="-8.504507"><ele>302.953</ele><time>2025-06-23T08:08:52.994Z</time></trkpt><trkpt lat="42.887180" lon="-8.504552"><ele>302.508</ele><time>2025-06-23T08:08:56.994Z</time></trkpt><trkpt lat="42.887133" lon="-8.504583"><ele>302.009</ele><time>2025-06-23T08:09:01.994Z</time></trkpt><trkpt lat="42.887087" lon="-8.504602"><ele>301.517</ele><time>2025-06-23T08:09:05.994Z</time></trkpt><trkpt lat="42.887035" lon="-8.504582"><ele>301.116</ele><time>2025-06-23T08:09:09.994Z</time></trkpt><trkpt lat="42.886989" lon="-8.504572"><ele>300.624</ele><time>2025-06-23T08:09:13.994Z</time></trkpt><trkpt lat="42.886938" lon="-8.504554"><ele>300.117</ele><time>2025-06-23T08:09:17.994Z</time></trkpt><trkpt lat="42.886884" lon="-8.504540"><ele>299.796</ele><time>2025-06-23T08:09:21.994Z</time></trkpt><trkpt lat="42.886833" lon="-8.504554"><ele>299.327</ele><time>2025-06-23T08:09:25.994Z</time></trkpt><trkpt lat="42.886837" lon="-8.504622"><ele>298.824</ele><time>2025-06-23T08:09:28.994Z</time></trkpt><trkpt lat="42.886879" lon="-8.504654"><ele>298.370</ele><time>2025-06-23T08:09:31.994Z</time></trkpt><trkpt lat="42.886919" lon="-8.504682"><ele>297.995</ele><time>2025-06-23T08:09:34.994Z</time></trkpt><trkpt lat="42.886966" lon="-8.504727"><ele>297.658</ele><time>2025-06-23T08:09:38.994Z</time></trkpt><trkpt lat="42.887010" lon="-8.504771"><ele>297.452</ele><time>2025-06-23T08:09:42.994Z</time></trkpt><trkpt lat="42.887005" lon="-8.504844"><ele>297.017</ele><time>2025-06-23T08:09:46.994Z</time></trkpt><trkpt lat="42.886971" lon="-8.504890"><ele>296.409</ele><time>2025-06-23T08:09:49.994Z</time></trkpt><trkpt lat="42.886937" lon="-8.504951"><ele>295.767</ele><time>2025-06-23T08:09:53.994Z</time></trkpt><trkpt lat="42.886906" lon="-8.505016"><ele>295.446</ele><time>2025-06-23T08:09:57.994Z</time></trkpt><trkpt lat="42.886877" lon="-8.505080"><ele>295.034</ele><time>2025-06-23T08:10:01.994Z</time></trkpt><trkpt lat="42.886850" lon="-8.505139"><ele>294.847</ele><time>2025-06-23T08:10:05.994Z</time></trkpt><trkpt lat="42.886829" lon="-8.505198"><ele>294.526</ele><time>2025-06-23T08:10:09.994Z</time></trkpt><trkpt lat="42.886815" lon="-8.505262"><ele>294.297</ele><time>2025-06-23T08:10:13.994Z</time></trkpt><trkpt lat="42.886794" lon="-8.505325"><ele>294.014</ele><time>2025-06-23T08:10:17.994Z</time></trkpt><trkpt lat="42.886777" lon="-8.505384"><ele>293.880</ele><time>2025-06-23T08:10:21.994Z</time></trkpt><trkpt lat="42.886764" lon="-8.505452"><ele>293.755</ele><time>2025-06-23T08:10:25.994Z</time></trkpt><trkpt lat="42.886745" lon="-8.505512"><ele>293.635</ele><time>2025-06-23T08:10:29.994Z</time></trkpt><trkpt lat="42.886747" lon="-8.505574"><ele>293.386</ele><time>2025-06-23T08:10:33.994Z</time></trkpt><trkpt lat="42.886730" lon="-8.505636"><ele>293.014</ele><time>2025-06-23T08:10:37.994Z</time></trkpt><trkpt lat="42.886719" lon="-8.505702"><ele>292.709</ele><time>2025-06-23T08:10:41.994Z</time></trkpt><trkpt lat="42.886707" lon="-8.505766"><ele>292.475</ele><time>2025-06-23T08:10:45.994Z</time></trkpt><trkpt lat="42.886699" lon="-8.505834"><ele>292.154</ele><time>2025-06-23T08:10:49.994Z</time></trkpt><trkpt lat="42.886687" lon="-8.505898"><ele>291.882</ele><time>2025-06-23T08:10:53.994Z</time></trkpt><trkpt lat="42.886676" lon="-8.505963"><ele>291.615</ele><time>2025-06-23T08:10:57.994Z</time></trkpt><trkpt lat="42.886667" lon="-8.506032"><ele>291.414</ele><time>2025-06-23T08:11:01.994Z</time></trkpt><trkpt lat="42.886656" lon="-8.506096"><ele>291.295</ele><time>2025-06-23T08:11:05.994Z</time></trkpt><trkpt lat="42.886653" lon="-8.506162"><ele>291.072</ele><time>2025-06-23T08:11:09.994Z</time></trkpt><trkpt lat="42.886640" lon="-8.506224"><ele>290.868</ele><time>2025-06-23T08:11:13.994Z</time></trkpt><trkpt lat="42.886633" lon="-8.506290"><ele>290.633</ele><time>2025-06-23T08:11:17.994Z</time></trkpt><trkpt lat="42.886624" lon="-8.506358"><ele>290.342</ele><time>2025-06-23T08:11:21.994Z</time></trkpt><trkpt lat="42.886615" lon="-8.506424"><ele>289.922</ele><time>2025-06-23T08:11:25.994Z</time></trkpt><trkpt lat="42.886606" lon="-8.506491"><ele>289.514</ele><time>2025-06-23T08:11:29.994Z</time></trkpt><trkpt lat="42.886599" lon="-8.506561"><ele>289.109</ele><time>2025-06-23T08:11:33.994Z</time></trkpt><trkpt lat="42.886598" lon="-8.506626"><ele>288.746</ele><time>2025-06-23T08:11:37.994Z</time></trkpt><trkpt lat="42.886587" lon="-8.506690"><ele>288.315</ele><time>2025-06-23T08:11:41.994Z</time></trkpt><trkpt lat="42.886593" lon="-8.506758"><ele>287.813</ele><time>2025-06-23T08:11:45.994Z</time></trkpt><trkpt lat="42.886590" lon="-8.506829"><ele>287.386</ele><time>2025-06-23T08:11:49.994Z</time></trkpt><trkpt lat="42.886594" lon="-8.506900"><ele>286.765</ele><time>2025-06-23T08:11:53.994Z</time></trkpt><trkpt lat="42.886588" lon="-8.506965"><ele>286.156</ele><time>2025-06-23T08:11:57.994Z</time></trkpt><trkpt lat="42.886585" lon="-8.507030"><ele>285.593</ele><time>2025-06-23T08:12:01.994Z</time></trkpt><trkpt lat="42.886579" lon="-8.507094"><ele>285.079</ele><time>2025-06-23T08:12:05.994Z</time></trkpt><trkpt lat="42.886576" lon="-8.507158"><ele>284.744</ele><time>2025-06-23T08:12:09.994Z</time></trkpt><trkpt lat="42.886568" lon="-8.507226"><ele>284.492</ele><time>2025-06-23T08:12:13.994Z</time></trkpt><trkpt lat="42.886558" lon="-8.507290"><ele>284.073</ele><time>2025-06-23T08:12:17.994Z</time></trkpt><trkpt lat="42.886549" lon="-8.507360"><ele>283.620</ele><time>2025-06-23T08:12:21.994Z</time></trkpt><trkpt lat="42.886545" lon="-8.507427"><ele>283.209</ele><time>2025-06-23T08:12:25.994Z</time></trkpt><trkpt lat="42.886547" lon="-8.507497"><ele>282.761</ele><time>2025-06-23T08:12:29.994Z</time></trkpt><trkpt lat="42.886544" lon="-8.507562"><ele>282.240</ele><time>2025-06-23T08:12:33.994Z</time></trkpt><trkpt lat="42.886547" lon="-8.507624"><ele>281.728</ele><time>2025-06-23T08:12:37.994Z</time></trkpt><trkpt lat="42.886543" lon="-8.507689"><ele>281.441</ele><time>2025-06-23T08:12:41.994Z</time></trkpt><trkpt lat="42.886542" lon="-8.507762"><ele>281.040</ele><time>2025-06-23T08:12:45.994Z</time></trkpt><trkpt lat="42.886547" lon="-8.507835"><ele>280.671</ele><time>2025-06-23T08:12:49.994Z</time></trkpt><trkpt lat="42.886552" lon="-8.507905"><ele>280.258</ele><time>2025-06-23T08:12:53.994Z</time></trkpt><trkpt lat="42.886558" lon="-8.507977"><ele>279.964</ele><time>2025-06-23T08:12:57.994Z</time></trkpt><trkpt lat="42.886557" lon="-8.508048"><ele>279.549</ele><time>2025-06-23T08:13:01.994Z</time></trkpt><trkpt lat="42.886560" lon="-8.508110"><ele>279.369</ele><time>2025-06-23T08:13:05.994Z</time></trkpt><trkpt lat="42.886557" lon="-8.508183"><ele>279.204</ele><time>2025-06-23T08:13:10.994Z</time></trkpt><trkpt lat="42.886552" lon="-8.508257"><ele>279.124</ele><time>2025-06-23T08:13:14.994Z</time></trkpt><trkpt lat="42.886545" lon="-8.508328"><ele>279.109</ele><time>2025-06-23T08:13:19.994Z</time></trkpt><trkpt lat="42.886543" lon="-8.508391"><ele>279.148</ele><time>2025-06-23T08:13:23.994Z</time></trkpt><trkpt lat="42.886538" lon="-8.508454"><ele>279.067</ele><time>2025-06-23T08:13:27.994Z</time></trkpt><trkpt lat="42.886540" lon="-8.508521"><ele>278.885</ele><time>2025-06-23T08:13:31.994Z</time></trkpt><trkpt lat="42.886537" lon="-8.508598"><ele>278.678</ele><time>2025-06-23T08:13:36.994Z</time></trkpt><trkpt lat="42.886533" lon="-8.508661"><ele>278.527</ele><time>2025-06-23T08:13:40.994Z</time></trkpt><trkpt lat="42.886526" lon="-8.508742"><ele>278.588</ele><time>2025-06-23T08:13:45.994Z</time></trkpt><trkpt lat="42.886528" lon="-8.508806"><ele>278.545</ele><time>2025-06-23T08:13:49.994Z</time></trkpt><trkpt lat="42.886524" lon="-8.508870"><ele>278.551</ele><time>2025-06-23T08:13:53.994Z</time></trkpt><trkpt lat="42.886533" lon="-8.508940"><ele>278.536</ele><time>2025-06-23T08:13:57.994Z</time></trkpt><trkpt lat="42.886528" lon="-8.509010"><ele>278.571</ele><time>2025-06-23T08:14:01.994Z</time></trkpt><trkpt lat="42.886527" lon="-8.509084"><ele>278.541</ele><time>2025-06-23T08:14:06.994Z</time></trkpt><trkpt lat="42.886528" lon="-8.509154"><ele>278.515</ele><time>2025-06-23T08:14:10.994Z</time></trkpt><trkpt lat="42.886526" lon="-8.509219"><ele>278.509</ele><time>2025-06-23T08:14:14.994Z</time></trkpt><trkpt lat="42.886527" lon="-8.509285"><ele>278.589</ele><time>2025-06-23T08:14:18.994Z</time></trkpt><trkpt lat="42.886524" lon="-8.509353"><ele>278.548</ele><time>2025-06-23T08:14:22.994Z</time></trkpt><trkpt lat="42.886517" lon="-8.509421"><ele>278.526</ele><time>2025-06-23T08:14:26.994Z</time></trkpt><trkpt lat="42.886522" lon="-8.509487"><ele>278.579</ele><time>2025-06-23T08:14:30.994Z</time></trkpt><trkpt lat="42.886520" lon="-8.509562"><ele>278.558</ele><time>2025-06-23T08:14:35.994Z</time></trkpt><trkpt lat="42.886528" lon="-8.509625"><ele>278.639</ele><time>2025-06-23T08:14:39.994Z</time></trkpt><trkpt lat="42.886522" lon="-8.509686"><ele>278.716</ele><time>2025-06-23T08:14:43.994Z</time></trkpt><trkpt lat="42.886509" lon="-8.509747"><ele>278.822</ele><time>2025-06-23T08:14:47.994Z</time></trkpt><trkpt lat="42.886498" lon="-8.509817"><ele>278.937</ele><time>2025-06-23T08:14:52.994Z</time></trkpt><trkpt lat="42.886502" lon="-8.509886"><ele>279.036</ele><time>2025-06-23T08:14:56.994Z</time></trkpt><trkpt lat="42.886473" lon="-8.509961"><ele>279.117</ele><time>2025-06-23T08:15:01.994Z</time></trkpt><trkpt lat="42.886457" lon="-8.510020"><ele>279.218</ele><time>2025-06-23T08:15:05.994Z</time></trkpt><trkpt lat="42.886425" lon="-8.510073"><ele>279.309</ele><time>2025-06-23T08:15:09.994Z</time></trkpt><trkpt lat="42.886412" lon="-8.510144"><ele>279.385</ele><time>2025-06-23T08:15:13.994Z</time></trkpt><trkpt lat="42.886383" lon="-8.510199"><ele>279.324</ele><time>2025-06-23T08:15:17.994Z</time></trkpt><trkpt lat="42.886346" lon="-8.510252"><ele>279.462</ele><time>2025-06-23T08:15:22.994Z</time></trkpt><trkpt lat="42.886324" lon="-8.510307"><ele>279.625</ele><time>2025-06-23T08:15:26.994Z</time></trkpt><trkpt lat="42.886295" lon="-8.510355"><ele>279.964</ele><time>2025-06-23T08:15:30.994Z</time></trkpt><trkpt lat="42.886267" lon="-8.510405"><ele>280.155</ele><time>2025-06-23T08:15:34.994Z</time></trkpt><trkpt lat="42.886231" lon="-8.510466"><ele>280.212</ele><time>2025-06-23T08:15:38.994Z</time></trkpt><trkpt lat="42.886205" lon="-8.510517"><ele>280.348</ele><time>2025-06-23T08:15:42.994Z</time></trkpt><trkpt lat="42.886184" lon="-8.510572"><ele>280.443</ele><time>2025-06-23T08:15:46.994Z</time></trkpt><trkpt lat="42.886188" lon="-8.510653"><ele>280.484</ele><time>2025-06-23T08:15:51.994Z</time></trkpt><trkpt lat="42.886185" lon="-8.510724"><ele>280.407</ele><time>2025-06-23T08:15:56.994Z</time></trkpt><trkpt lat="42.886187" lon="-8.510789"><ele>280.617</ele><time>2025-06-23T08:16:00.994Z</time></trkpt><trkpt lat="42.886195" lon="-8.510863"><ele>280.709</ele><time>2025-06-23T08:16:05.994Z</time></trkpt><trkpt lat="42.886210" lon="-8.510939"><ele>280.880</ele><time>2025-06-23T08:16:10.994Z</time></trkpt><trkpt lat="42.886251" lon="-8.510981"><ele>280.739</ele><time>2025-06-23T08:16:14.994Z</time></trkpt><trkpt lat="42.886296" lon="-8.511023"><ele>280.657</ele><time>2025-06-23T08:16:19.994Z</time></trkpt><trkpt lat="42.886318" lon="-8.511081"><ele>280.540</ele><time>2025-06-23T08:16:31.994Z</time></trkpt><trkpt lat="42.886336" lon="-8.511139"><ele>280.459</ele><time>2025-06-23T08:16:56.994Z</time></trkpt><trkpt lat="42.886341" lon="-8.511203"><ele>280.450</ele><time>2025-06-23T08:17:26.994Z</time></trkpt><trkpt lat="42.886330" lon="-8.511265"><ele>280.337</ele><time>2025-06-23T08:17:36.994Z</time></trkpt><trkpt lat="42.886348" lon="-8.511326"><ele>280.183</ele><time>2025-06-23T08:17:41.994Z</time></trkpt><trkpt lat="42.886352" lon="-8.511396"><ele>280.148</ele><time>2025-06-23T08:17:46.994Z</time></trkpt><trkpt lat="42.886347" lon="-8.511466"><ele>280.114</ele><time>2025-06-23T08:17:51.994Z</time></trkpt><trkpt lat="42.886353" lon="-8.511533"><ele>280.154</ele><time>2025-06-23T08:17:56.994Z</time></trkpt><trkpt lat="42.886359" lon="-8.511601"><ele>280.109</ele><time>2025-06-23T08:18:00.994Z</time></trkpt><trkpt lat="42.886364" lon="-8.511662"><ele>280.109</ele><time>2025-06-23T08:18:04.994Z</time></trkpt><trkpt lat="42.886367" lon="-8.511723"><ele>280.243</ele><time>2025-06-23T08:18:08.994Z</time></trkpt><trkpt lat="42.886362" lon="-8.511785"><ele>280.382</ele><time>2025-06-23T08:18:12.994Z</time></trkpt><trkpt lat="42.886364" lon="-8.511847"><ele>280.420</ele><time>2025-06-23T08:18:16.994Z</time></trkpt><trkpt lat="42.886366" lon="-8.511915"><ele>280.523</ele><time>2025-06-23T08:18:20.994Z</time></trkpt><trkpt lat="42.886362" lon="-8.511990"><ele>280.612</ele><time>2025-06-23T08:18:25.994Z</time></trkpt><trkpt lat="42.886371" lon="-8.512053"><ele>280.823</ele><time>2025-06-23T08:18:29.994Z</time></trkpt><trkpt lat="42.886371" lon="-8.512122"><ele>281.040</ele><time>2025-06-23T08:18:33.994Z</time></trkpt><trkpt lat="42.886370" lon="-8.512199"><ele>281.176</ele><time>2025-06-23T08:18:38.994Z</time></trkpt><trkpt lat="42.886372" lon="-8.512267"><ele>281.121</ele><time>2025-06-23T08:18:42.994Z</time></trkpt><trkpt lat="42.886372" lon="-8.512336"><ele>281.264</ele><time>2025-06-23T08:18:46.994Z</time></trkpt><trkpt lat="42.886369" lon="-8.512404"><ele>281.306</ele><time>2025-06-23T08:18:50.994Z</time></trkpt><trkpt lat="42.886369" lon="-8.512468"><ele>281.416</ele><time>2025-06-23T08:18:54.994Z</time></trkpt><trkpt lat="42.886379" lon="-8.512531"><ele>281.509</ele><time>2025-06-23T08:18:58.994Z</time></trkpt><trkpt lat="42.886381" lon="-8.512609"><ele>281.668</ele><time>2025-06-23T08:19:03.994Z</time></trkpt><trkpt lat="42.886386" lon="-8.512672"><ele>281.787</ele><time>2025-06-23T08:19:07.994Z</time></trkpt><trkpt lat="42.886386" lon="-8.512740"><ele>281.895</ele><time>2025-06-23T08:19:11.994Z</time></trkpt><trkpt lat="42.886381" lon="-8.512803"><ele>281.948</ele><time>2025-06-23T08:19:15.994Z</time></trkpt><trkpt lat="42.886378" lon="-8.512880"><ele>282.167</ele><time>2025-06-23T08:19:20.994Z</time></trkpt><trkpt lat="42.886368" lon="-8.512956"><ele>282.368</ele><time>2025-06-23T08:19:24.994Z</time></trkpt><trkpt lat="42.886362" lon="-8.513025"><ele>282.555</ele><time>2025-06-23T08:19:28.994Z</time></trkpt><trkpt lat="42.886365" lon="-8.513094"><ele>282.661</ele><time>2025-06-23T08:19:32.994Z</time></trkpt><trkpt lat="42.886364" lon="-8.513167"><ele>282.726</ele><time>2025-06-23T08:19:36.994Z</time></trkpt><trkpt lat="42.886366" lon="-8.513242"><ele>282.885</ele><time>2025-06-23T08:19:41.994Z</time></trkpt><trkpt lat="42.886355" lon="-8.513314"><ele>283.089</ele><time>2025-06-23T08:19:46.994Z</time></trkpt><trkpt lat="42.886347" lon="-8.513375"><ele>283.217</ele><time>2025-06-23T08:19:50.994Z</time></trkpt><trkpt lat="42.886344" lon="-8.513453"><ele>283.309</ele><time>2025-06-23T08:19:55.994Z</time></trkpt><trkpt lat="42.886351" lon="-8.513516"><ele>283.430</ele><time>2025-06-23T08:19:59.994Z</time></trkpt><trkpt lat="42.886346" lon="-8.513578"><ele>283.519</ele><time>2025-06-23T08:20:03.994Z</time></trkpt><trkpt lat="42.886335" lon="-8.513655"><ele>283.757</ele><time>2025-06-23T08:20:08.994Z</time></trkpt><trkpt lat="42.886334" lon="-8.513730"><ele>283.960</ele><time>2025-06-23T08:20:13.994Z</time></trkpt><trkpt lat="42.886334" lon="-8.513799"><ele>284.189</ele><time>2025-06-23T08:20:17.994Z</time></trkpt><trkpt lat="42.886329" lon="-8.513863"><ele>284.360</ele><time>2025-06-23T08:20:21.994Z</time></trkpt><trkpt lat="42.886332" lon="-8.513932"><ele>284.567</ele><time>2025-06-23T08:20:25.994Z</time></trkpt><trkpt lat="42.886334" lon="-8.514009"><ele>284.723</ele><time>2025-06-23T08:20:30.994Z</time></trkpt><trkpt lat="42.886335" lon="-8.514073"><ele>284.888</ele><time>2025-06-23T08:20:34.994Z</time></trkpt><trkpt lat="42.886330" lon="-8.514146"><ele>285.056</ele><time>2025-06-23T08:20:39.994Z</time></trkpt><trkpt lat="42.886335" lon="-8.514215"><ele>285.159</ele><time>2025-06-23T08:20:43.994Z</time></trkpt><trkpt lat="42.886335" lon="-8.514285"><ele>285.214</ele><time>2025-06-23T08:20:47.994Z</time></trkpt><trkpt lat="42.886336" lon="-8.514351"><ele>285.309</ele><time>2025-06-23T08:20:51.994Z</time></trkpt><trkpt lat="42.886337" lon="-8.514428"><ele>285.467</ele><time>2025-06-23T08:20:56.994Z</time></trkpt><trkpt lat="42.886337" lon="-8.514503"><ele>285.516</ele><time>2025-06-23T08:21:01.994Z</time></trkpt><trkpt lat="42.886335" lon="-8.514567"><ele>285.714</ele><time>2025-06-23T08:21:05.994Z</time></trkpt><trkpt lat="42.886346" lon="-8.514628"><ele>286.157</ele><time>2025-06-23T08:21:09.994Z</time></trkpt><trkpt lat="42.886333" lon="-8.514698"><ele>286.326</ele><time>2025-06-23T08:21:13.994Z</time></trkpt><trkpt lat="42.886331" lon="-8.514775"><ele>286.457</ele><time>2025-06-23T08:21:18.994Z</time></trkpt><trkpt lat="42.886339" lon="-8.514840"><ele>286.484</ele><time>2025-06-23T08:21:22.994Z</time></trkpt><trkpt lat="42.886323" lon="-8.514906"><ele>286.580</ele><time>2025-06-23T08:21:27.994Z</time></trkpt><trkpt lat="42.886324" lon="-8.514974"><ele>286.865</ele><time>2025-06-23T08:21:31.994Z</time></trkpt><trkpt lat="42.886321" lon="-8.515044"><ele>287.196</ele><time>2025-06-23T08:21:35.994Z</time></trkpt><trkpt lat="42.886320" lon="-8.515117"><ele>287.331</ele><time>2025-06-23T08:21:39.994Z</time></trkpt><trkpt lat="42.886322" lon="-8.515179"><ele>287.424</ele><time>2025-06-23T08:21:43.994Z</time></trkpt><trkpt lat="42.886317" lon="-8.515248"><ele>287.509</ele><time>2025-06-23T08:21:47.994Z</time></trkpt><trkpt lat="42.886321" lon="-8.515330"><ele>287.541</ele><time>2025-06-23T08:21:52.994Z</time></trkpt><trkpt lat="42.886322" lon="-8.515395"><ele>287.560</ele><time>2025-06-23T08:21:56.994Z</time></trkpt><trkpt lat="42.886311" lon="-8.515466"><ele>287.688</ele><time>2025-06-23T08:22:01.994Z</time></trkpt><trkpt lat="42.886312" lon="-8.515528"><ele>287.841</ele><time>2025-06-23T08:22:05.994Z</time></trkpt><trkpt lat="42.886306" lon="-8.515600"><ele>288.110</ele><time>2025-06-23T08:22:10.994Z</time></trkpt><trkpt lat="42.886311" lon="-8.515661"><ele>288.381</ele><time>2025-06-23T08:22:13.994Z</time></trkpt><trkpt lat="42.886327" lon="-8.515728"><ele>288.588</ele><time>2025-06-23T08:22:18.994Z</time></trkpt><trkpt lat="42.886344" lon="-8.515793"><ele>288.864</ele><time>2025-06-23T08:22:22.994Z</time></trkpt><trkpt lat="42.886356" lon="-8.515859"><ele>289.029</ele><time>2025-06-23T08:22:26.994Z</time></trkpt><trkpt lat="42.886357" lon="-8.515933"><ele>289.289</ele><time>2025-06-23T08:22:31.994Z</time></trkpt><trkpt lat="42.886366" lon="-8.516003"><ele>289.306</ele><time>2025-06-23T08:22:36.994Z</time></trkpt><trkpt lat="42.886380" lon="-8.516066"><ele>289.426</ele><time>2025-06-23T08:22:40.994Z</time></trkpt><trkpt lat="42.886380" lon="-8.516131"><ele>289.609</ele><time>2025-06-23T08:22:44.994Z</time></trkpt><trkpt lat="42.886380" lon="-8.516197"><ele>289.910</ele><time>2025-06-23T08:22:48.994Z</time></trkpt><trkpt lat="42.886384" lon="-8.516270"><ele>290.139</ele><time>2025-06-23T08:22:53.994Z</time></trkpt><trkpt lat="42.886371" lon="-8.516333"><ele>290.347</ele><time>2025-06-23T08:22:58.994Z</time></trkpt><trkpt lat="42.886376" lon="-8.516400"><ele>290.580</ele><time>2025-06-23T08:23:03.994Z</time></trkpt><trkpt lat="42.886366" lon="-8.516465"><ele>290.739</ele><time>2025-06-23T08:23:07.994Z</time></trkpt><trkpt lat="42.886374" lon="-8.516539"><ele>290.870</ele><time>2025-06-23T08:23:11.994Z</time></trkpt><trkpt lat="42.886380" lon="-8.516602"><ele>290.917</ele><time>2025-06-23T08:23:15.994Z</time></trkpt><trkpt lat="42.886365" lon="-8.516671"><ele>291.123</ele><time>2025-06-23T08:23:19.994Z</time></trkpt><trkpt lat="42.886352" lon="-8.516740"><ele>291.378</ele><time>2025-06-23T08:23:23.994Z</time></trkpt><trkpt lat="42.886344" lon="-8.516803"><ele>291.572</ele><time>2025-06-23T08:23:27.994Z</time></trkpt><trkpt lat="42.886333" lon="-8.516870"><ele>291.613</ele><time>2025-06-23T08:23:31.994Z</time></trkpt><trkpt lat="42.886311" lon="-8.516935"><ele>291.614</ele><time>2025-06-23T08:23:35.994Z</time></trkpt><trkpt lat="42.886295" lon="-8.517001"><ele>291.709</ele><time>2025-06-23T08:23:39.994Z</time></trkpt><trkpt lat="42.886292" lon="-8.517066"><ele>291.859</ele><time>2025-06-23T08:23:42.994Z</time></trkpt><trkpt lat="42.886295" lon="-8.517130"><ele>291.968</ele><time>2025-06-23T08:23:47.994Z</time></trkpt><trkpt lat="42.886304" lon="-8.517194"><ele>291.936</ele><time>2025-06-23T08:23:52.994Z</time></trkpt><trkpt lat="42.886349" lon="-8.517221"><ele>291.959</ele><time>2025-06-23T08:23:56.994Z</time></trkpt><trkpt lat="42.886384" lon="-8.517272"><ele>291.968</ele><time>2025-06-23T08:24:00.994Z</time></trkpt><trkpt lat="42.886420" lon="-8.517329"><ele>291.999</ele><time>2025-06-23T08:24:05.994Z</time></trkpt><trkpt lat="42.886447" lon="-8.517399"><ele>291.926</ele><time>2025-06-23T08:24:10.994Z</time></trkpt><trkpt lat="42.886463" lon="-8.517483"><ele>292.022</ele><time>2025-06-23T08:24:15.994Z</time></trkpt><trkpt lat="42.886484" lon="-8.517550"><ele>292.167</ele><time>2025-06-23T08:24:19.994Z</time></trkpt><trkpt lat="42.886491" lon="-8.517622"><ele>292.273</ele><time>2025-06-23T08:24:23.994Z</time></trkpt><trkpt lat="42.886493" lon="-8.517698"><ele>292.385</ele><time>2025-06-23T08:24:27.994Z</time></trkpt><trkpt lat="42.886502" lon="-8.517758"><ele>292.413</ele><time>2025-06-23T08:24:31.994Z</time></trkpt><trkpt lat="42.886516" lon="-8.517834"><ele>292.409</ele><time>2025-06-23T08:24:36.994Z</time></trkpt><trkpt lat="42.886524" lon="-8.517896"><ele>292.579</ele><time>2025-06-23T08:24:40.994Z</time></trkpt><trkpt lat="42.886534" lon="-8.517961"><ele>292.648</ele><time>2025-06-23T08:24:44.994Z</time></trkpt><trkpt lat="42.886544" lon="-8.518021"><ele>292.776</ele><time>2025-06-23T08:24:48.994Z</time></trkpt><trkpt lat="42.886555" lon="-8.518089"><ele>292.799</ele><time>2025-06-23T08:24:52.994Z</time></trkpt><trkpt lat="42.886554" lon="-8.518151"><ele>292.758</ele><time>2025-06-23T08:24:56.994Z</time></trkpt><trkpt lat="42.886574" lon="-8.518218"><ele>292.789</ele><time>2025-06-23T08:25:00.994Z</time></trkpt><trkpt lat="42.886594" lon="-8.518285"><ele>292.896</ele><time>2025-06-23T08:25:04.994Z</time></trkpt><trkpt lat="42.886624" lon="-8.518340"><ele>293.082</ele><time>2025-06-23T08:25:07.994Z</time></trkpt><trkpt lat="42.886625" lon="-8.518406"><ele>293.217</ele><time>2025-06-23T08:25:11.994Z</time></trkpt><trkpt lat="42.886634" lon="-8.518466"><ele>293.473</ele><time>2025-06-23T08:25:15.994Z</time></trkpt><trkpt lat="42.886647" lon="-8.518539"><ele>293.485</ele><time>2025-06-23T08:25:20.994Z</time></trkpt><trkpt lat="42.886662" lon="-8.518601"><ele>293.513</ele><time>2025-06-23T08:25:24.994Z</time></trkpt><trkpt lat="42.886655" lon="-8.518670"><ele>293.509</ele><time>2025-06-23T08:25:28.994Z</time></trkpt><trkpt lat="42.886666" lon="-8.518742"><ele>293.629</ele><time>2025-06-23T08:25:33.994Z</time></trkpt><trkpt lat="42.886649" lon="-8.518808"><ele>293.868</ele><time>2025-06-23T08:25:37.994Z</time></trkpt><trkpt lat="42.886651" lon="-8.518870"><ele>294.086</ele><time>2025-06-23T08:25:41.994Z</time></trkpt><trkpt lat="42.886646" lon="-8.518941"><ele>294.139</ele><time>2025-06-23T08:25:45.994Z</time></trkpt><trkpt lat="42.886655" lon="-8.519015"><ele>294.258</ele><time>2025-06-23T08:25:51.994Z</time></trkpt><trkpt lat="42.886656" lon="-8.519081"><ele>294.319</ele><time>2025-06-23T08:25:55.994Z</time></trkpt><trkpt lat="42.886661" lon="-8.519148"><ele>294.576</ele><time>2025-06-23T08:25:59.994Z</time></trkpt><trkpt lat="42.886665" lon="-8.519216"><ele>294.762</ele><time>2025-06-23T08:26:03.994Z</time></trkpt><trkpt lat="42.886680" lon="-8.519289"><ele>294.817</ele><time>2025-06-23T08:26:07.994Z</time></trkpt><trkpt lat="42.886692" lon="-8.519351"><ele>294.874</ele><time>2025-06-23T08:26:11.994Z</time></trkpt><trkpt lat="42.886700" lon="-8.519414"><ele>294.856</ele><time>2025-06-23T08:26:15.994Z</time></trkpt><trkpt lat="42.886707" lon="-8.519495"><ele>294.821</ele><time>2025-06-23T08:26:20.994Z</time></trkpt><trkpt lat="42.886740" lon="-8.519544"><ele>294.809</ele><time>2025-06-23T08:26:23.994Z</time></trkpt><trkpt lat="42.886734" lon="-8.519608"><ele>294.869</ele><time>2025-06-23T08:26:27.994Z</time></trkpt><trkpt lat="42.886749" lon="-8.519675"><ele>294.758</ele><time>2025-06-23T08:26:31.994Z</time></trkpt><trkpt lat="42.886746" lon="-8.519741"><ele>294.766</ele><time>2025-06-23T08:26:35.994Z</time></trkpt><trkpt lat="42.886750" lon="-8.519814"><ele>294.739</ele><time>2025-06-23T08:26:40.994Z</time></trkpt><trkpt lat="42.886739" lon="-8.519878"><ele>294.628</ele><time>2025-06-23T08:26:44.994Z</time></trkpt><trkpt lat="42.886733" lon="-8.519950"><ele>294.599</ele><time>2025-06-23T08:26:48.994Z</time></trkpt><trkpt lat="42.886715" lon="-8.520013"><ele>294.436</ele><time>2025-06-23T08:26:53.994Z</time></trkpt><trkpt lat="42.886719" lon="-8.520078"><ele>294.292</ele><time>2025-06-23T08:26:57.994Z</time></trkpt><trkpt lat="42.886734" lon="-8.520147"><ele>294.127</ele><time>2025-06-23T08:27:02.994Z</time></trkpt><trkpt lat="42.886740" lon="-8.520222"><ele>294.092</ele><time>2025-06-23T08:27:06.994Z</time></trkpt><trkpt lat="42.886754" lon="-8.520289"><ele>294.073</ele><time>2025-06-23T08:27:10.994Z</time></trkpt><trkpt lat="42.886738" lon="-8.520360"><ele>293.820</ele><time>2025-06-23T08:27:15.994Z</time></trkpt><trkpt lat="42.886759" lon="-8.520430"><ele>293.409</ele><time>2025-06-23T08:27:19.994Z</time></trkpt><trkpt lat="42.886760" lon="-8.520504"><ele>293.321</ele><time>2025-06-23T08:27:23.994Z</time></trkpt><trkpt lat="42.886778" lon="-8.520570"><ele>293.390</ele><time>2025-06-23T08:27:27.994Z</time></trkpt><trkpt lat="42.886802" lon="-8.520638"><ele>293.358</ele><time>2025-06-23T08:27:31.994Z</time></trkpt><trkpt lat="42.886825" lon="-8.520702"><ele>293.261</ele><time>2025-06-23T08:27:51.994Z</time></trkpt><trkpt lat="42.886860" lon="-8.520752"><ele>293.170</ele><time>2025-06-23T08:27:55.994Z</time></trkpt><trkpt lat="42.886870" lon="-8.520828"><ele>293.021</ele><time>2025-06-23T08:28:00.994Z</time></trkpt><trkpt lat="42.886886" lon="-8.520898"><ele>292.988</ele><time>2025-06-23T08:28:05.994Z</time></trkpt><trkpt lat="42.886897" lon="-8.520961"><ele>292.824</ele><time>2025-06-23T08:28:09.994Z</time></trkpt><trkpt lat="42.886915" lon="-8.521021"><ele>292.849</ele><time>2025-06-23T08:28:13.994Z</time></trkpt><trkpt lat="42.886916" lon="-8.521091"><ele>292.864</ele><time>2025-06-23T08:28:18.994Z</time></trkpt><trkpt lat="42.886922" lon="-8.521166"><ele>292.806</ele><time>2025-06-23T08:28:23.994Z</time></trkpt><trkpt lat="42.886949" lon="-8.521221"><ele>292.816</ele><time>2025-06-23T08:28:27.994Z</time></trkpt><trkpt lat="42.886964" lon="-8.521283"><ele>292.709</ele><time>2025-06-23T08:28:31.994Z</time></trkpt><trkpt lat="42.886982" lon="-8.521352"><ele>292.538</ele><time>2025-06-23T08:28:36.994Z</time></trkpt><trkpt lat="42.887011" lon="-8.521411"><ele>292.237</ele><time>2025-06-23T08:29:06.994Z</time></trkpt><trkpt lat="42.887025" lon="-8.521508"><ele>291.875</ele><time>2025-06-23T08:29:15.994Z</time></trkpt><trkpt lat="42.887036" lon="-8.521578"><ele>291.838</ele><time>2025-06-23T08:29:21.994Z</time></trkpt><trkpt lat="42.887078" lon="-8.521656"><ele>291.797</ele><time>2025-06-23T08:29:25.994Z</time></trkpt><trkpt lat="42.887071" lon="-8.521729"><ele>291.728</ele><time>2025-06-23T08:29:31.994Z</time></trkpt><trkpt lat="42.887092" lon="-8.521802"><ele>291.675</ele><time>2025-06-23T08:29:36.994Z</time></trkpt><trkpt lat="42.887100" lon="-8.521883"><ele>291.641</ele><time>2025-06-23T08:29:42.994Z</time></trkpt><trkpt lat="42.887109" lon="-8.521947"><ele>291.596</ele><time>2025-06-23T08:29:48.994Z</time></trkpt><trkpt lat="42.887128" lon="-8.522007"><ele>291.457</ele><time>2025-06-23T08:29:52.994Z</time></trkpt><trkpt lat="42.887147" lon="-8.522067"><ele>291.200</ele><time>2025-06-23T08:29:58.994Z</time></trkpt><trkpt lat="42.887150" lon="-8.522131"><ele>291.020</ele><time>2025-06-23T08:30:02.994Z</time></trkpt><trkpt lat="42.887159" lon="-8.522198"><ele>290.809</ele><time>2025-06-23T08:30:06.994Z</time></trkpt><trkpt lat="42.887177" lon="-8.522277"><ele>290.737</ele><time>2025-06-23T08:30:34.994Z</time></trkpt><trkpt lat="42.887167" lon="-8.522351"><ele>290.676</ele><time>2025-06-23T08:30:39.994Z</time></trkpt><trkpt lat="42.887191" lon="-8.522407"><ele>290.354</ele><time>2025-06-23T08:30:42.994Z</time></trkpt><trkpt lat="42.887231" lon="-8.522452"><ele>290.127</ele><time>2025-06-23T08:30:46.994Z</time></trkpt><trkpt lat="42.887257" lon="-8.522506"><ele>290.046</ele><time>2025-06-23T08:30:50.994Z</time></trkpt><trkpt lat="42.887261" lon="-8.522594"><ele>289.917</ele><time>2025-06-23T08:30:55.994Z</time></trkpt><trkpt lat="42.887290" lon="-8.522655"><ele>289.884</ele><time>2025-06-23T08:30:58.994Z</time></trkpt><trkpt lat="42.887284" lon="-8.522725"><ele>289.760</ele><time>2025-06-23T08:31:05.994Z</time></trkpt><trkpt lat="42.887296" lon="-8.522795"><ele>289.755</ele><time>2025-06-23T08:31:09.994Z</time></trkpt><trkpt lat="42.887276" lon="-8.522871"><ele>289.689</ele><time>2025-06-23T08:31:14.994Z</time></trkpt><trkpt lat="42.887237" lon="-8.522905"><ele>289.506</ele><time>2025-06-23T08:31:17.994Z</time></trkpt><trkpt lat="42.887244" lon="-8.522979"><ele>289.326</ele><time>2025-06-23T08:31:21.994Z</time></trkpt><trkpt lat="42.887206" lon="-8.523027"><ele>289.109</ele><time>2025-06-23T08:31:24.994Z</time></trkpt><trkpt lat="42.887218" lon="-8.523091"><ele>289.080</ele><time>2025-06-23T08:31:29.994Z</time></trkpt><trkpt lat="42.887221" lon="-8.523154"><ele>288.929</ele><time>2025-06-23T08:31:32.994Z</time></trkpt><trkpt lat="42.887221" lon="-8.523225"><ele>288.757</ele><time>2025-06-23T08:31:36.994Z</time></trkpt><trkpt lat="42.887204" lon="-8.523289"><ele>288.530</ele><time>2025-06-23T08:31:40.994Z</time></trkpt><trkpt lat="42.887220" lon="-8.523366"><ele>288.589</ele><time>2025-06-23T08:31:45.994Z</time></trkpt><trkpt lat="42.887220" lon="-8.523428"><ele>288.560</ele><time>2025-06-23T08:31:51.994Z</time></trkpt><trkpt lat="42.887207" lon="-8.523495"><ele>288.517</ele><time>2025-06-23T08:31:56.994Z</time></trkpt><trkpt lat="42.887216" lon="-8.523561"><ele>288.523</ele><time>2025-06-23T08:31:59.994Z</time></trkpt><trkpt lat="42.887227" lon="-8.523639"><ele>288.528</ele><time>2025-06-23T08:32:03.994Z</time></trkpt><trkpt lat="42.887267" lon="-8.523673"><ele>288.342</ele><time>2025-06-23T08:32:07.994Z</time></trkpt><trkpt lat="42.887262" lon="-8.523738"><ele>287.922</ele><time>2025-06-23T08:32:11.994Z</time></trkpt><trkpt lat="42.887281" lon="-8.523802"><ele>287.714</ele><time>2025-06-23T08:32:15.994Z</time></trkpt><trkpt lat="42.887291" lon="-8.523876"><ele>287.709</ele><time>2025-06-23T08:32:19.994Z</time></trkpt><trkpt lat="42.887308" lon="-8.523949"><ele>287.656</ele><time>2025-06-23T08:32:23.994Z</time></trkpt><trkpt lat="42.887302" lon="-8.524034"><ele>287.545</ele><time>2025-06-23T08:32:28.994Z</time></trkpt><trkpt lat="42.887285" lon="-8.524110"><ele>287.573</ele><time>2025-06-23T08:32:32.994Z</time></trkpt><trkpt lat="42.887289" lon="-8.524185"><ele>287.376</ele><time>2025-06-23T08:32:38.994Z</time></trkpt><trkpt lat="42.887303" lon="-8.524244"><ele>287.285</ele><time>2025-06-23T08:32:41.994Z</time></trkpt><trkpt lat="42.887299" lon="-8.524318"><ele>287.136</ele><time>2025-06-23T08:32:45.994Z</time></trkpt><trkpt lat="42.887298" lon="-8.524397"><ele>287.113</ele><time>2025-06-23T08:32:49.994Z</time></trkpt><trkpt lat="42.887288" lon="-8.524460"><ele>287.189</ele><time>2025-06-23T08:32:53.994Z</time></trkpt><trkpt lat="42.887285" lon="-8.524530"><ele>287.124</ele><time>2025-06-23T08:32:58.994Z</time></trkpt><trkpt lat="42.887315" lon="-8.524576"><ele>287.074</ele><time>2025-06-23T08:33:02.994Z</time></trkpt><trkpt lat="42.887315" lon="-8.524639"><ele>286.956</ele><time>2025-06-23T08:33:05.994Z</time></trkpt><trkpt lat="42.887315" lon="-8.524716"><ele>286.921</ele><time>2025-06-23T08:33:10.994Z</time></trkpt><trkpt lat="42.887302" lon="-8.524791"><ele>286.909</ele><time>2025-06-23T08:33:15.994Z</time></trkpt><trkpt lat="42.887321" lon="-8.524864"><ele>286.899</ele><time>2025-06-23T08:33:19.994Z</time></trkpt><trkpt lat="42.887316" lon="-8.524931"><ele>286.798</ele><time>2025-06-23T08:33:23.994Z</time></trkpt><trkpt lat="42.887320" lon="-8.524997"><ele>286.746</ele><time>2025-06-23T08:33:27.994Z</time></trkpt><trkpt lat="42.887335" lon="-8.525082"><ele>286.629</ele><time>2025-06-23T08:33:31.994Z</time></trkpt><trkpt lat="42.887317" lon="-8.525168"><ele>286.558</ele><time>2025-06-23T08:33:37.994Z</time></trkpt><trkpt lat="42.887298" lon="-8.525231"><ele>286.529</ele><time>2025-06-23T08:33:42.994Z</time></trkpt><trkpt lat="42.887288" lon="-8.525294"><ele>286.586</ele><time>2025-06-23T08:33:46.994Z</time></trkpt><trkpt lat="42.887281" lon="-8.525355"><ele>286.442</ele><time>2025-06-23T08:33:49.994Z</time></trkpt><trkpt lat="42.887296" lon="-8.525418"><ele>286.497</ele><time>2025-06-23T08:33:52.994Z</time></trkpt><trkpt lat="42.887294" lon="-8.525488"><ele>286.388</ele><time>2025-06-23T08:33:56.994Z</time></trkpt><trkpt lat="42.887325" lon="-8.525545"><ele>286.224</ele><time>2025-06-23T08:33:58.994Z</time></trkpt><trkpt lat="42.887300" lon="-8.525599"><ele>286.126</ele><time>2025-06-23T08:34:02.994Z</time></trkpt><trkpt lat="42.887266" lon="-8.525642"><ele>286.109</ele><time>2025-06-23T08:34:04.994Z</time></trkpt><trkpt lat="42.887227" lon="-8.525680"><ele>286.170</ele><time>2025-06-23T08:34:08.994Z</time></trkpt><trkpt lat="42.887201" lon="-8.525737"><ele>286.169</ele><time>2025-06-23T08:34:12.994Z</time></trkpt><trkpt lat="42.887190" lon="-8.525808"><ele>286.137</ele><time>2025-06-23T08:34:18.994Z</time></trkpt><trkpt lat="42.887154" lon="-8.525853"><ele>286.120</ele><time>2025-06-23T08:34:21.994Z</time></trkpt><trkpt lat="42.887139" lon="-8.525912"><ele>286.299</ele><time>2025-06-23T08:34:25.994Z</time></trkpt><trkpt lat="42.887131" lon="-8.525982"><ele>286.360</ele><time>2025-06-23T08:34:29.994Z</time></trkpt><trkpt lat="42.887129" lon="-8.526051"><ele>286.347</ele><time>2025-06-23T08:34:33.994Z</time></trkpt><trkpt lat="42.887100" lon="-8.526098"><ele>286.373</ele><time>2025-06-23T08:34:37.994Z</time></trkpt><trkpt lat="42.887082" lon="-8.526162"><ele>286.488</ele><time>2025-06-23T08:34:43.994Z</time></trkpt><trkpt lat="42.887041" lon="-8.526209"><ele>286.547</ele><time>2025-06-23T08:34:47.994Z</time></trkpt><trkpt lat="42.887027" lon="-8.526275"><ele>286.529</ele><time>2025-06-23T08:34:51.994Z</time></trkpt><trkpt lat="42.886993" lon="-8.526336"><ele>286.521</ele><time>2025-06-23T08:34:55.994Z</time></trkpt><trkpt lat="42.886954" lon="-8.526394"><ele>286.509</ele><time>2025-06-23T08:35:00.994Z</time></trkpt><trkpt lat="42.886926" lon="-8.526445"><ele>286.576</ele><time>2025-06-23T08:35:03.994Z</time></trkpt><trkpt lat="42.886890" lon="-8.526483"><ele>286.575</ele><time>2025-06-23T08:35:07.994Z</time></trkpt><trkpt lat="42.886847" lon="-8.526521"><ele>286.523</ele><time>2025-06-23T08:35:11.994Z</time></trkpt><trkpt lat="42.886826" lon="-8.526585"><ele>286.546</ele><time>2025-06-23T08:35:16.994Z</time></trkpt><trkpt lat="42.886784" lon="-8.526617"><ele>286.565</ele><time>2025-06-23T08:35:19.994Z</time></trkpt><trkpt lat="42.886773" lon="-8.526692"><ele>286.586</ele><time>2025-06-23T08:35:23.994Z</time></trkpt><trkpt lat="42.886743" lon="-8.526747"><ele>286.543</ele><time>2025-06-23T08:35:27.994Z</time></trkpt><trkpt lat="42.886733" lon="-8.526807"><ele>286.579</ele><time>2025-06-23T08:35:31.994Z</time></trkpt><trkpt lat="42.886708" lon="-8.526874"><ele>286.514</ele><time>2025-06-23T08:35:37.994Z</time></trkpt><trkpt lat="42.886690" lon="-8.526933"><ele>286.532</ele><time>2025-06-23T08:35:40.994Z</time></trkpt><trkpt lat="42.886671" lon="-8.526989"><ele>286.592</ele><time>2025-06-23T08:35:45.994Z</time></trkpt><trkpt lat="42.886640" lon="-8.527038"><ele>286.511</ele><time>2025-06-23T08:35:48.994Z</time></trkpt><trkpt lat="42.886602" lon="-8.527088"><ele>286.509</ele><time>2025-06-23T08:35:51.994Z</time></trkpt><trkpt lat="42.886570" lon="-8.527133"><ele>286.575</ele><time>2025-06-23T08:35:56.994Z</time></trkpt><trkpt lat="42.886530" lon="-8.527166"><ele>286.584</ele><time>2025-06-23T08:36:00.994Z</time></trkpt><trkpt lat="42.886494" lon="-8.527226"><ele>286.582</ele><time>2025-06-23T08:36:04.994Z</time></trkpt><trkpt lat="42.886448" lon="-8.527268"><ele>286.555</ele><time>2025-06-23T08:36:07.994Z</time></trkpt><trkpt lat="42.886450" lon="-8.527341"><ele>286.554</ele><time>2025-06-23T08:36:11.994Z</time></trkpt><trkpt lat="42.886414" lon="-8.527384"><ele>286.535</ele><time>2025-06-23T08:36:15.994Z</time></trkpt><trkpt lat="42.886385" lon="-8.527433"><ele>286.592</ele><time>2025-06-23T08:36:19.994Z</time></trkpt><trkpt lat="42.886361" lon="-8.527506"><ele>286.598</ele><time>2025-06-23T08:36:24.994Z</time></trkpt><trkpt lat="42.886343" lon="-8.527573"><ele>286.543</ele><time>2025-06-23T08:36:28.994Z</time></trkpt><trkpt lat="42.886317" lon="-8.527632"><ele>286.415</ele><time>2025-06-23T08:36:33.994Z</time></trkpt><trkpt lat="42.886294" lon="-8.527686"><ele>286.365</ele><time>2025-06-23T08:36:37.994Z</time></trkpt><trkpt lat="42.886259" lon="-8.527733"><ele>286.111</ele><time>2025-06-23T08:36:41.994Z</time></trkpt><trkpt lat="42.886248" lon="-8.527820"><ele>286.009</ele><time>2025-06-23T08:36:47.994Z</time></trkpt><trkpt lat="42.886253" lon="-8.527894"><ele>285.953</ele><time>2025-06-23T08:36:52.994Z</time></trkpt><trkpt lat="42.886248" lon="-8.527958"><ele>285.852</ele><time>2025-06-23T08:36:56.994Z</time></trkpt><trkpt lat="42.886228" lon="-8.528028"><ele>285.750</ele><time>2025-06-23T08:37:01.994Z</time></trkpt><trkpt lat="42.886227" lon="-8.528098"><ele>285.753</ele><time>2025-06-23T08:37:05.994Z</time></trkpt><trkpt lat="42.886234" lon="-8.528177"><ele>285.632</ele><time>2025-06-23T08:37:11.994Z</time></trkpt><trkpt lat="42.886212" lon="-8.528232"><ele>285.413</ele><time>2025-06-23T08:37:14.994Z</time></trkpt><trkpt lat="42.886209" lon="-8.528304"><ele>285.080</ele><time>2025-06-23T08:37:18.994Z</time></trkpt><trkpt lat="42.886206" lon="-8.528389"><ele>284.516</ele><time>2025-06-23T08:37:24.994Z</time></trkpt><trkpt lat="42.886176" lon="-8.528442"><ele>284.361</ele><time>2025-06-23T08:37:27.994Z</time></trkpt><trkpt lat="42.886179" lon="-8.528516"><ele>283.947</ele><time>2025-06-23T08:37:31.994Z</time></trkpt><trkpt lat="42.886198" lon="-8.528591"><ele>283.529</ele><time>2025-06-23T08:37:35.994Z</time></trkpt><trkpt lat="42.886183" lon="-8.528665"><ele>283.221</ele><time>2025-06-23T08:37:40.994Z</time></trkpt><trkpt lat="42.886195" lon="-8.528736"><ele>282.909</ele><time>2025-06-23T08:37:44.994Z</time></trkpt><trkpt lat="42.886204" lon="-8.528813"><ele>282.696</ele><time>2025-06-23T08:37:49.994Z</time></trkpt><trkpt lat="42.886191" lon="-8.528888"><ele>282.375</ele><time>2025-06-23T08:37:53.994Z</time></trkpt><trkpt lat="42.886207" lon="-8.528960"><ele>281.933</ele><time>2025-06-23T08:37:57.994Z</time></trkpt><trkpt lat="42.886187" lon="-8.529030"><ele>281.686</ele><time>2025-06-23T08:38:01.994Z</time></trkpt><trkpt lat="42.886166" lon="-8.529087"><ele>281.495</ele><time>2025-06-23T08:38:05.994Z</time></trkpt><trkpt lat="42.886135" lon="-8.529147"><ele>281.226</ele><time>2025-06-23T08:38:09.994Z</time></trkpt><trkpt lat="42.886147" lon="-8.529211"><ele>280.993</ele><time>2025-06-23T08:38:15.994Z</time></trkpt><trkpt lat="42.886109" lon="-8.529262"><ele>280.579</ele><time>2025-06-23T08:38:19.994Z</time></trkpt><trkpt lat="42.886086" lon="-8.529320"><ele>279.914</ele><time>2025-06-23T08:38:23.994Z</time></trkpt><trkpt lat="42.886119" lon="-8.529372"><ele>279.414</ele><time>2025-06-23T08:38:26.994Z</time></trkpt><trkpt lat="42.886154" lon="-8.529415"><ele>279.454</ele><time>2025-06-23T08:38:29.994Z</time></trkpt><trkpt lat="42.886148" lon="-8.529481"><ele>279.409</ele><time>2025-06-23T08:38:33.994Z</time></trkpt><trkpt lat="42.886148" lon="-8.529549"><ele>279.309</ele><time>2025-06-23T08:38:37.994Z</time></trkpt><trkpt lat="42.886146" lon="-8.529627"><ele>279.393</ele><time>2025-06-23T08:38:41.994Z</time></trkpt><trkpt lat="42.886145" lon="-8.529697"><ele>279.322</ele><time>2025-06-23T08:38:46.994Z</time></trkpt><trkpt lat="42.886129" lon="-8.529772"><ele>279.280</ele><time>2025-06-23T08:38:50.994Z</time></trkpt><trkpt lat="42.886105" lon="-8.529839"><ele>279.193</ele><time>2025-06-23T08:38:55.994Z</time></trkpt><trkpt lat="42.886087" lon="-8.529895"><ele>279.172</ele><time>2025-06-23T08:38:58.994Z</time></trkpt><trkpt lat="42.886064" lon="-8.529961"><ele>279.163</ele><time>2025-06-23T08:39:02.994Z</time></trkpt><trkpt lat="42.886023" lon="-8.530017"><ele>279.160</ele><time>2025-06-23T08:39:06.994Z</time></trkpt><trkpt lat="42.885992" lon="-8.530079"><ele>279.176</ele><time>2025-06-23T08:39:10.994Z</time></trkpt><trkpt lat="42.885963" lon="-8.530146"><ele>279.111</ele><time>2025-06-23T08:39:15.994Z</time></trkpt><trkpt lat="42.885949" lon="-8.530211"><ele>278.937</ele><time>2025-06-23T08:39:20.994Z</time></trkpt><trkpt lat="42.885929" lon="-8.530276"><ele>278.849</ele><time>2025-06-23T08:39:24.994Z</time></trkpt><trkpt lat="42.885913" lon="-8.530337"><ele>278.813</ele><time>2025-06-23T08:39:28.994Z</time></trkpt><trkpt lat="42.885882" lon="-8.530384"><ele>278.809</ele><time>2025-06-23T08:39:32.994Z</time></trkpt><trkpt lat="42.885856" lon="-8.530442"><ele>278.845</ele><time>2025-06-23T08:39:36.994Z</time></trkpt><trkpt lat="42.885822" lon="-8.530503"><ele>278.874</ele><time>2025-06-23T08:39:40.994Z</time></trkpt><trkpt lat="42.885795" lon="-8.530560"><ele>278.812</ele><time>2025-06-23T08:39:44.994Z</time></trkpt><trkpt lat="42.885753" lon="-8.530599"><ele>278.845</ele><time>2025-06-23T08:39:48.994Z</time></trkpt><trkpt lat="42.885733" lon="-8.530655"><ele>278.894</ele><time>2025-06-23T08:39:52.994Z</time></trkpt><trkpt lat="42.885711" lon="-8.530717"><ele>278.875</ele><time>2025-06-23T08:39:56.994Z</time></trkpt><trkpt lat="42.885693" lon="-8.530777"><ele>278.832</ele><time>2025-06-23T08:40:00.994Z</time></trkpt><trkpt lat="42.885666" lon="-8.530835"><ele>278.898</ele><time>2025-06-23T08:40:05.994Z</time></trkpt><trkpt lat="42.885624" lon="-8.530873"><ele>278.873</ele><time>2025-06-23T08:40:09.994Z</time></trkpt><trkpt lat="42.885585" lon="-8.530924"><ele>278.722</ele><time>2025-06-23T08:40:14.994Z</time></trkpt><trkpt lat="42.885539" lon="-8.530946"><ele>278.762</ele><time>2025-06-23T08:40:18.994Z</time></trkpt><trkpt lat="42.885504" lon="-8.530984"><ele>278.708</ele><time>2025-06-23T08:40:22.994Z</time></trkpt><trkpt lat="42.885477" lon="-8.531043"><ele>278.709</ele><time>2025-06-23T08:40:27.994Z</time></trkpt><trkpt lat="42.885438" lon="-8.531101"><ele>278.794</ele><time>2025-06-23T08:40:31.994Z</time></trkpt><trkpt lat="42.885386" lon="-8.531134"><ele>278.753</ele><time>2025-06-23T08:40:35.994Z</time></trkpt><trkpt lat="42.885335" lon="-8.531183"><ele>278.771</ele><time>2025-06-23T08:40:40.994Z</time></trkpt><trkpt lat="42.885290" lon="-8.531206"><ele>278.764</ele><time>2025-06-23T08:40:44.994Z</time></trkpt><trkpt lat="42.885253" lon="-8.531256"><ele>278.723</ele><time>2025-06-23T08:40:48.994Z</time></trkpt><trkpt lat="42.885231" lon="-8.531318"><ele>278.634</ele><time>2025-06-23T08:40:52.994Z</time></trkpt><trkpt lat="42.885207" lon="-8.531393"><ele>278.541</ele><time>2025-06-23T08:40:56.994Z</time></trkpt><trkpt lat="42.885181" lon="-8.531455"><ele>278.517</ele><time>2025-06-23T08:41:01.994Z</time></trkpt><trkpt lat="42.885152" lon="-8.531517"><ele>278.572</ele><time>2025-06-23T08:41:06.994Z</time></trkpt><trkpt lat="42.885137" lon="-8.531582"><ele>278.499</ele><time>2025-06-23T08:41:10.994Z</time></trkpt><trkpt lat="42.885127" lon="-8.531649"><ele>278.307</ele><time>2025-06-23T08:41:15.994Z</time></trkpt><trkpt lat="42.885098" lon="-8.531714"><ele>278.127</ele><time>2025-06-23T08:41:20.994Z</time></trkpt><trkpt lat="42.885092" lon="-8.531780"><ele>278.009</ele><time>2025-06-23T08:41:25.994Z</time></trkpt><trkpt lat="42.885087" lon="-8.531849"><ele>277.991</ele><time>2025-06-23T08:41:29.994Z</time></trkpt><trkpt lat="42.885088" lon="-8.531912"><ele>277.750</ele><time>2025-06-23T08:41:34.994Z</time></trkpt><trkpt lat="42.885080" lon="-8.531981"><ele>277.518</ele><time>2025-06-23T08:41:39.994Z</time></trkpt><trkpt lat="42.885098" lon="-8.532040"><ele>277.461</ele><time>2025-06-23T08:42:00.994Z</time></trkpt><trkpt lat="42.885097" lon="-8.532112"><ele>277.360</ele><time>2025-06-23T08:42:04.994Z</time></trkpt><trkpt lat="42.885128" lon="-8.532185"><ele>277.031</ele><time>2025-06-23T08:42:09.994Z</time></trkpt><trkpt lat="42.885143" lon="-8.532254"><ele>276.828</ele><time>2025-06-23T08:42:13.994Z</time></trkpt><trkpt lat="42.885175" lon="-8.532312"><ele>276.664</ele><time>2025-06-23T08:42:18.994Z</time></trkpt><trkpt lat="42.885194" lon="-8.532373"><ele>276.349</ele><time>2025-06-23T08:42:21.994Z</time></trkpt><trkpt lat="42.885230" lon="-8.532431"><ele>275.878</ele><time>2025-06-23T08:42:25.994Z</time></trkpt><trkpt lat="42.885261" lon="-8.532510"><ele>275.533</ele><time>2025-06-23T08:42:30.994Z</time></trkpt><trkpt lat="42.885264" lon="-8.532580"><ele>275.226</ele><time>2025-06-23T08:42:34.994Z</time></trkpt><trkpt lat="42.885287" lon="-8.532649"><ele>275.109</ele><time>2025-06-23T08:42:38.994Z</time></trkpt><trkpt lat="42.885295" lon="-8.532717"><ele>274.949</ele><time>2025-06-23T08:42:42.994Z</time></trkpt><trkpt lat="42.885296" lon="-8.532790"><ele>274.438</ele><time>2025-06-23T08:42:46.994Z</time></trkpt><trkpt lat="42.885272" lon="-8.532844"><ele>274.186</ele><time>2025-06-23T08:42:49.994Z</time></trkpt><trkpt lat="42.885265" lon="-8.532913"><ele>273.799</ele><time>2025-06-23T08:42:53.994Z</time></trkpt><trkpt lat="42.885254" lon="-8.532981"><ele>273.578</ele><time>2025-06-23T08:42:57.994Z</time></trkpt><trkpt lat="42.885218" lon="-8.533020"><ele>273.389</ele><time>2025-06-23T08:43:01.994Z</time></trkpt><trkpt lat="42.885186" lon="-8.533078"><ele>273.116</ele><time>2025-06-23T08:43:05.994Z</time></trkpt><trkpt lat="42.885130" lon="-8.533087"><ele>273.032</ele><time>2025-06-23T08:43:09.994Z</time></trkpt><trkpt lat="42.885097" lon="-8.533159"><ele>272.937</ele><time>2025-06-23T08:43:13.994Z</time></trkpt><trkpt lat="42.885051" lon="-8.533166"><ele>272.813</ele><time>2025-06-23T08:43:17.994Z</time></trkpt><trkpt lat="42.885019" lon="-8.533212"><ele>272.743</ele><time>2025-06-23T08:43:20.994Z</time></trkpt><trkpt lat="42.884955" lon="-8.533243"><ele>272.707</ele><time>2025-06-23T08:43:26.994Z</time></trkpt><trkpt lat="42.884933" lon="-8.533297"><ele>272.709</ele><time>2025-06-23T08:43:30.994Z</time></trkpt><trkpt lat="42.884895" lon="-8.533336"><ele>272.793</ele><time>2025-06-23T08:43:34.994Z</time></trkpt><trkpt lat="42.884860" lon="-8.533380"><ele>272.812</ele><time>2025-06-23T08:43:37.994Z</time></trkpt><trkpt lat="42.884810" lon="-8.533418"><ele>272.880</ele><time>2025-06-23T08:43:43.994Z</time></trkpt><trkpt lat="42.884749" lon="-8.533425"><ele>272.853</ele><time>2025-06-23T08:43:53.994Z</time></trkpt><trkpt lat="42.884746" lon="-8.533495"><ele>272.872</ele><time>2025-06-23T08:45:13.994Z</time></trkpt><trkpt lat="42.884721" lon="-8.533552"><ele>272.893</ele><time>2025-06-23T08:45:16.994Z</time></trkpt><trkpt lat="42.884683" lon="-8.533592"><ele>272.810</ele><time>2025-06-23T08:45:21.994Z</time></trkpt><trkpt lat="42.884627" lon="-8.533624"><ele>272.836</ele><time>2025-06-23T08:45:24.994Z</time></trkpt><trkpt lat="42.884593" lon="-8.533672"><ele>272.891</ele><time>2025-06-23T08:45:28.994Z</time></trkpt><trkpt lat="42.884543" lon="-8.533673"><ele>272.828</ele><time>2025-06-23T08:45:33.994Z</time></trkpt><trkpt lat="42.884504" lon="-8.533725"><ele>272.889</ele><time>2025-06-23T08:45:37.994Z</time></trkpt><trkpt lat="42.884467" lon="-8.533761"><ele>272.817</ele><time>2025-06-23T08:45:41.994Z</time></trkpt><trkpt lat="42.884418" lon="-8.533784"><ele>272.809</ele><time>2025-06-23T08:45:45.994Z</time></trkpt><trkpt lat="42.884368" lon="-8.533800"><ele>272.894</ele><time>2025-06-23T08:45:50.994Z</time></trkpt><trkpt lat="42.884329" lon="-8.533849"><ele>272.873</ele><time>2025-06-23T08:45:54.994Z</time></trkpt><trkpt lat="42.884301" lon="-8.533909"><ele>272.831</ele><time>2025-06-23T08:45:58.994Z</time></trkpt><trkpt lat="42.884260" lon="-8.533942"><ele>272.914</ele><time>2025-06-23T08:46:03.994Z</time></trkpt><trkpt lat="42.884215" lon="-8.533968"><ele>273.333</ele><time>2025-06-23T08:46:07.994Z</time></trkpt><trkpt lat="42.884162" lon="-8.534010"><ele>273.564</ele><time>2025-06-23T08:46:11.994Z</time></trkpt><trkpt lat="42.884128" lon="-8.534074"><ele>273.551</ele><time>2025-06-23T08:46:14.994Z</time></trkpt><trkpt lat="42.884063" lon="-8.534103"><ele>273.617</ele><time>2025-06-23T08:46:20.994Z</time></trkpt><trkpt lat="42.884027" lon="-8.534171"><ele>273.752</ele><time>2025-06-23T08:46:25.994Z</time></trkpt><trkpt lat="42.883962" lon="-8.534177"><ele>273.914</ele><time>2025-06-23T08:46:29.994Z</time></trkpt><trkpt lat="42.883908" lon="-8.534183"><ele>274.054</ele><time>2025-06-23T08:46:32.994Z</time></trkpt><trkpt lat="42.883854" lon="-8.534140"><ele>274.009</ele><time>2025-06-23T08:46:39.994Z</time></trkpt><trkpt lat="42.883801" lon="-8.534149"><ele>274.109</ele><time>2025-06-23T08:46:43.994Z</time></trkpt><trkpt lat="42.883746" lon="-8.534182"><ele>274.583</ele><time>2025-06-23T08:46:46.994Z</time></trkpt><trkpt lat="42.883697" lon="-8.534190"><ele>274.592</ele><time>2025-06-23T08:46:51.994Z</time></trkpt><trkpt lat="42.883656" lon="-8.534250"><ele>274.550</ele><time>2025-06-23T08:46:55.994Z</time></trkpt><trkpt lat="42.883613" lon="-8.534226"><ele>274.583</ele><time>2025-06-23T08:46:59.994Z</time></trkpt><trkpt lat="42.883553" lon="-8.534220"><ele>274.692</ele><time>2025-06-23T08:47:04.994Z</time></trkpt><trkpt lat="42.883496" lon="-8.534230"><ele>274.773</ele><time>2025-06-23T08:47:07.994Z</time></trkpt><trkpt lat="42.883450" lon="-8.534223"><ele>274.770</ele><time>2025-06-23T08:47:13.994Z</time></trkpt><trkpt lat="42.883398" lon="-8.534254"><ele>274.896</ele><time>2025-06-23T08:47:21.994Z</time></trkpt><trkpt lat="42.883344" lon="-8.534243"><ele>275.011</ele><time>2025-06-23T08:47:26.994Z</time></trkpt><trkpt lat="42.883299" lon="-8.534307"><ele>275.215</ele><time>2025-06-23T08:47:30.994Z</time></trkpt><trkpt lat="42.883249" lon="-8.534339"><ele>275.365</ele><time>2025-06-23T08:47:34.994Z</time></trkpt><trkpt lat="42.883200" lon="-8.534331"><ele>275.511</ele><time>2025-06-23T08:47:37.994Z</time></trkpt><trkpt lat="42.883149" lon="-8.534339"><ele>275.809</ele><time>2025-06-23T08:47:41.994Z</time></trkpt><trkpt lat="42.883101" lon="-8.534334"><ele>275.933</ele><time>2025-06-23T08:47:44.994Z</time></trkpt><trkpt lat="42.883041" lon="-8.534332"><ele>276.172</ele><time>2025-06-23T08:47:49.994Z</time></trkpt><trkpt lat="42.883014" lon="-8.534278"><ele>276.320</ele><time>2025-06-23T08:47:53.994Z</time></trkpt><trkpt lat="42.882965" lon="-8.534303"><ele>276.413</ele><time>2025-06-23T08:47:58.994Z</time></trkpt><trkpt lat="42.882917" lon="-8.534323"><ele>276.532</ele><time>2025-06-23T08:48:04.994Z</time></trkpt><trkpt lat="42.882869" lon="-8.534327"><ele>276.683</ele><time>2025-06-23T08:48:09.994Z</time></trkpt><trkpt lat="42.882824" lon="-8.534336"><ele>276.770</ele><time>2025-06-23T08:48:12.994Z</time></trkpt><trkpt lat="42.882779" lon="-8.534375"><ele>276.836</ele><time>2025-06-23T08:48:15.994Z</time></trkpt><trkpt lat="42.882727" lon="-8.534402"><ele>276.811</ele><time>2025-06-23T08:48:18.994Z</time></trkpt><trkpt lat="42.882705" lon="-8.534457"><ele>276.996</ele><time>2025-06-23T08:48:25.994Z</time></trkpt><trkpt lat="42.882660" lon="-8.534444"><ele>277.031</ele><time>2025-06-23T08:48:27.994Z</time></trkpt><trkpt lat="42.882623" lon="-8.534408"><ele>277.124</ele><time>2025-06-23T08:48:29.994Z</time></trkpt><trkpt lat="42.882572" lon="-8.534421"><ele>277.109</ele><time>2025-06-23T08:48:34.994Z</time></trkpt><trkpt lat="42.882538" lon="-8.534466"><ele>277.241</ele><time>2025-06-23T08:48:37.994Z</time></trkpt><trkpt lat="42.882512" lon="-8.534518"><ele>277.430</ele><time>2025-06-23T08:48:40.994Z</time></trkpt><trkpt lat="42.882459" lon="-8.534528"><ele>277.948</ele><time>2025-06-23T08:48:49.994Z</time></trkpt><trkpt lat="42.882421" lon="-8.534582"><ele>278.191</ele><time>2025-06-23T08:48:53.994Z</time></trkpt><trkpt lat="42.882382" lon="-8.534621"><ele>278.250</ele><time>2025-06-23T08:48:56.994Z</time></trkpt><trkpt lat="42.882329" lon="-8.534658"><ele>278.391</ele><time>2025-06-23T08:49:02.994Z</time></trkpt><trkpt lat="42.882283" lon="-8.534678"><ele>278.498</ele><time>2025-06-23T08:49:06.994Z</time></trkpt><trkpt lat="42.882237" lon="-8.534697"><ele>278.434</ele><time>2025-06-23T08:49:11.994Z</time></trkpt><trkpt lat="42.882182" lon="-8.534732"><ele>278.519</ele><time>2025-06-23T08:49:15.994Z</time></trkpt><trkpt lat="42.882153" lon="-8.534783"><ele>278.742</ele><time>2025-06-23T08:49:18.994Z</time></trkpt><trkpt lat="42.882102" lon="-8.534784"><ele>279.122</ele><time>2025-06-23T08:49:23.994Z</time></trkpt><trkpt lat="42.882072" lon="-8.534837"><ele>279.414</ele><time>2025-06-23T08:49:28.994Z</time></trkpt><trkpt lat="42.882019" lon="-8.534875"><ele>279.709</ele><time>2025-06-23T08:49:34.994Z</time></trkpt><trkpt lat="42.881992" lon="-8.534935"><ele>280.056</ele><time>2025-06-23T08:49:42.994Z</time></trkpt><trkpt lat="42.881997" lon="-8.534997"><ele>280.385</ele><time>2025-06-23T08:49:46.994Z</time></trkpt><trkpt lat="42.881938" lon="-8.535023"><ele>280.833</ele><time>2025-06-23T08:49:51.994Z</time></trkpt><trkpt lat="42.881905" lon="-8.535066"><ele>281.116</ele><time>2025-06-23T08:49:56.994Z</time></trkpt><trkpt lat="42.881894" lon="-8.535129"><ele>281.325</ele><time>2025-06-23T08:50:01.994Z</time></trkpt><trkpt lat="42.881891" lon="-8.535208"><ele>281.686</ele><time>2025-06-23T08:50:05.994Z</time></trkpt><trkpt lat="42.881865" lon="-8.535267"><ele>282.093</ele><time>2025-06-23T08:50:10.994Z</time></trkpt><trkpt lat="42.881834" lon="-8.535323"><ele>282.459</ele><time>2025-06-23T08:50:14.994Z</time></trkpt><trkpt lat="42.881815" lon="-8.535381"><ele>282.794</ele><time>2025-06-23T08:50:18.994Z</time></trkpt><trkpt lat="42.881835" lon="-8.535440"><ele>282.811</ele><time>2025-06-23T08:50:21.994Z</time></trkpt><trkpt lat="42.881826" lon="-8.535519"><ele>282.921</ele><time>2025-06-23T08:50:26.994Z</time></trkpt><trkpt lat="42.881801" lon="-8.535588"><ele>283.003</ele><time>2025-06-23T08:50:31.994Z</time></trkpt><trkpt lat="42.881795" lon="-8.535652"><ele>283.109</ele><time>2025-06-23T08:50:35.994Z</time></trkpt><trkpt lat="42.881778" lon="-8.535713"><ele>283.153</ele><time>2025-06-23T08:50:38.994Z</time></trkpt><trkpt lat="42.881753" lon="-8.535781"><ele>283.132</ele><time>2025-06-23T08:50:45.994Z</time></trkpt><trkpt lat="42.881756" lon="-8.535855"><ele>283.140</ele><time>2025-06-23T08:50:48.994Z</time></trkpt><trkpt lat="42.881736" lon="-8.535920"><ele>282.523</ele><time>2025-06-23T08:50:52.994Z</time></trkpt><trkpt lat="42.881719" lon="-8.535979"><ele>281.882</ele><time>2025-06-23T08:50:58.994Z</time></trkpt><trkpt lat="42.881719" lon="-8.536044"><ele>281.543</ele><time>2025-06-23T08:51:01.994Z</time></trkpt><trkpt lat="42.881689" lon="-8.536111"><ele>281.330</ele><time>2025-06-23T08:51:05.994Z</time></trkpt><trkpt lat="42.881701" lon="-8.536174"><ele>281.266</ele><time>2025-06-23T08:51:08.994Z</time></trkpt><trkpt lat="42.881673" lon="-8.536227"><ele>281.051</ele><time>2025-06-23T08:51:13.994Z</time></trkpt><trkpt lat="42.881666" lon="-8.536305"><ele>280.864</ele><time>2025-06-23T08:51:17.994Z</time></trkpt><trkpt lat="42.881656" lon="-8.536368"><ele>280.606</ele><time>2025-06-23T08:51:21.994Z</time></trkpt><trkpt lat="42.881644" lon="-8.536429"><ele>280.416</ele><time>2025-06-23T08:51:24.994Z</time></trkpt><trkpt lat="42.881621" lon="-8.536502"><ele>280.209</ele><time>2025-06-23T08:51:28.994Z</time></trkpt><trkpt lat="42.881609" lon="-8.536564"><ele>280.058</ele><time>2025-06-23T08:51:33.994Z</time></trkpt><trkpt lat="42.881590" lon="-8.536623"><ele>279.857</ele><time>2025-06-23T08:51:36.994Z</time></trkpt><trkpt lat="42.881601" lon="-8.536692"><ele>279.545</ele><time>2025-06-23T08:51:40.994Z</time></trkpt><trkpt lat="42.881576" lon="-8.536749"><ele>279.218</ele><time>2025-06-23T08:51:45.994Z</time></trkpt><trkpt lat="42.881545" lon="-8.536803"><ele>278.947</ele><time>2025-06-23T08:51:50.994Z</time></trkpt><trkpt lat="42.881522" lon="-8.536859"><ele>278.688</ele><time>2025-06-23T08:51:53.994Z</time></trkpt><trkpt lat="42.881526" lon="-8.536922"><ele>278.485</ele><time>2025-06-23T08:51:56.994Z</time></trkpt><trkpt lat="42.881494" lon="-8.536968"><ele>278.351</ele><time>2025-06-23T08:51:59.994Z</time></trkpt><trkpt lat="42.881482" lon="-8.537030"><ele>278.226</ele><time>2025-06-23T08:52:03.994Z</time></trkpt><trkpt lat="42.881435" lon="-8.537054"><ele>278.026</ele><time>2025-06-23T08:52:06.994Z</time></trkpt><trkpt lat="42.881422" lon="-8.537118"><ele>277.747</ele><time>2025-06-23T08:52:10.994Z</time></trkpt><trkpt lat="42.881442" lon="-8.537197"><ele>277.411</ele><time>2025-06-23T08:52:14.994Z</time></trkpt><trkpt lat="42.881423" lon="-8.537267"><ele>277.109</ele><time>2025-06-23T08:52:19.994Z</time></trkpt><trkpt lat="42.881412" lon="-8.537331"><ele>276.814</ele><time>2025-06-23T08:52:23.994Z</time></trkpt><trkpt lat="42.881373" lon="-8.537378"><ele>276.523</ele><time>2025-06-23T08:52:27.994Z</time></trkpt><trkpt lat="42.881377" lon="-8.537443"><ele>276.391</ele><time>2025-06-23T08:52:31.993Z</time></trkpt><trkpt lat="42.881330" lon="-8.537482"><ele>276.154</ele><time>2025-06-23T08:52:35.993Z</time></trkpt><trkpt lat="42.881342" lon="-8.537550"><ele>275.823</ele><time>2025-06-23T08:52:38.993Z</time></trkpt><trkpt lat="42.881316" lon="-8.537605"><ele>275.514</ele><time>2025-06-23T08:52:43.993Z</time></trkpt><trkpt lat="42.881291" lon="-8.537657"><ele>275.361</ele><time>2025-06-23T08:52:47.993Z</time></trkpt><trkpt lat="42.881292" lon="-8.537741"><ele>275.137</ele><time>2025-06-23T08:52:52.993Z</time></trkpt><trkpt lat="42.881264" lon="-8.537795"><ele>274.832</ele><time>2025-06-23T08:52:56.993Z</time></trkpt><trkpt lat="42.881289" lon="-8.537892"><ele>274.444</ele><time>2025-06-23T08:53:00.993Z</time></trkpt><trkpt lat="42.881296" lon="-8.537953"><ele>274.305</ele><time>2025-06-23T08:53:04.993Z</time></trkpt><trkpt lat="42.881288" lon="-8.538031"><ele>274.015</ele><time>2025-06-23T08:53:09.993Z</time></trkpt><trkpt lat="42.881289" lon="-8.538097"><ele>273.709</ele><time>2025-06-23T08:53:13.993Z</time></trkpt><trkpt lat="42.881264" lon="-8.538156"><ele>273.376</ele><time>2025-06-23T08:53:19.993Z</time></trkpt><trkpt lat="42.881291" lon="-8.538217"><ele>273.285</ele><time>2025-06-23T08:53:22.993Z</time></trkpt><trkpt lat="42.881301" lon="-8.538294"><ele>272.893</ele><time>2025-06-23T08:53:29.993Z</time></trkpt><trkpt lat="42.881323" lon="-8.538363"><ele>272.476</ele><time>2025-06-23T08:53:32.993Z</time></trkpt><trkpt lat="42.881379" lon="-8.538412"><ele>271.895</ele><time>2025-06-23T08:53:36.993Z</time></trkpt><trkpt lat="42.881406" lon="-8.538463"><ele>271.726</ele><time>2025-06-23T08:53:40.993Z</time></trkpt><trkpt lat="42.881439" lon="-8.538523"><ele>271.513</ele><time>2025-06-23T08:53:45.993Z</time></trkpt><trkpt lat="42.881489" lon="-8.538586"><ele>271.269</ele><time>2025-06-23T08:53:50.993Z</time></trkpt><trkpt lat="42.881501" lon="-8.538664"><ele>271.074</ele><time>2025-06-23T08:53:55.993Z</time></trkpt><trkpt lat="42.881508" lon="-8.538734"><ele>270.669</ele><time>2025-06-23T08:54:00.993Z</time></trkpt><trkpt lat="42.881528" lon="-8.538794"><ele>270.204</ele><time>2025-06-23T08:54:04.993Z</time></trkpt><trkpt lat="42.881563" lon="-8.538838"><ele>269.824</ele><time>2025-06-23T08:54:07.993Z</time></trkpt><trkpt lat="42.881589" lon="-8.538897"><ele>269.609</ele><time>2025-06-23T08:54:11.993Z</time></trkpt><trkpt lat="42.881637" lon="-8.538922"><ele>269.448</ele><time>2025-06-23T08:54:15.993Z</time></trkpt><trkpt lat="42.881603" lon="-8.538964"><ele>269.277</ele><time>2025-06-23T08:54:18.993Z</time></trkpt><trkpt lat="42.881634" lon="-8.539038"><ele>269.065</ele><time>2025-06-23T08:54:25.993Z</time></trkpt><trkpt lat="42.881657" lon="-8.539095"><ele>268.958</ele><time>2025-06-23T08:54:28.993Z</time></trkpt><trkpt lat="42.881639" lon="-8.539159"><ele>268.757</ele><time>2025-06-23T08:54:31.993Z</time></trkpt><trkpt lat="42.881671" lon="-8.539203"><ele>268.418</ele><time>2025-06-23T08:54:34.993Z</time></trkpt><trkpt lat="42.881706" lon="-8.539245"><ele>268.265</ele><time>2025-06-23T08:54:40.993Z</time></trkpt><trkpt lat="42.881739" lon="-8.539289"><ele>268.061</ele><time>2025-06-23T08:54:43.993Z</time></trkpt><trkpt lat="42.881776" lon="-8.539344"><ele>267.736</ele><time>2025-06-23T08:54:46.993Z</time></trkpt><trkpt lat="42.881816" lon="-8.539399"><ele>267.417</ele><time>2025-06-23T08:54:50.993Z</time></trkpt><trkpt lat="42.881854" lon="-8.539480"><ele>267.287</ele><time>2025-06-23T08:54:56.993Z</time></trkpt><trkpt lat="42.881879" lon="-8.539549"><ele>267.215</ele><time>2025-06-23T08:55:02.993Z</time></trkpt><trkpt lat="42.881874" lon="-8.539629"><ele>267.209</ele><time>2025-06-23T08:55:06.993Z</time></trkpt><trkpt lat="42.881863" lon="-8.539692"><ele>267.173</ele><time>2025-06-23T08:55:10.993Z</time></trkpt><trkpt lat="42.881880" lon="-8.539751"><ele>267.132</ele><time>2025-06-23T08:55:13.993Z</time></trkpt><trkpt lat="42.881917" lon="-8.539804"><ele>267.290</ele><time>2025-06-23T08:55:17.993Z</time></trkpt><trkpt lat="42.881909" lon="-8.539885"><ele>267.253</ele><time>2025-06-23T08:55:23.993Z</time></trkpt><trkpt lat="42.881891" lon="-8.539955"><ele>267.292</ele><time>2025-06-23T08:55:30.993Z</time></trkpt><trkpt lat="42.881904" lon="-8.540019"><ele>267.293</ele><time>2025-06-23T08:55:33.993Z</time></trkpt><trkpt lat="42.881865" lon="-8.540052"><ele>267.260</ele><time>2025-06-23T08:55:38.993Z</time></trkpt><trkpt lat="42.881913" lon="-8.540050"><ele>267.256</ele><time>2025-06-23T08:55:43.993Z</time></trkpt><trkpt lat="42.881922" lon="-8.540112"><ele>267.241</ele><time>2025-06-23T08:55:51.993Z</time></trkpt><trkpt lat="42.881868" lon="-8.540077"><ele>267.284</ele><time>2025-06-23T08:56:06.993Z</time></trkpt><trkpt lat="42.881891" lon="-8.540156"><ele>267.207</ele><time>2025-06-23T08:56:19.993Z</time></trkpt><trkpt lat="42.881905" lon="-8.540217"><ele>267.217</ele><time>2025-06-23T08:56:23.993Z</time></trkpt><trkpt lat="42.881899" lon="-8.540287"><ele>267.209</ele><time>2025-06-23T08:56:27.993Z</time></trkpt><trkpt lat="42.881906" lon="-8.540360"><ele>267.460</ele><time>2025-06-23T08:56:32.993Z</time></trkpt><trkpt lat="42.881893" lon="-8.540437"><ele>267.679</ele><time>2025-06-23T08:56:37.993Z</time></trkpt><trkpt lat="42.881906" lon="-8.540506"><ele>267.647</ele><time>2025-06-23T08:56:42.993Z</time></trkpt><trkpt lat="42.881925" lon="-8.540574"><ele>267.780</ele><time>2025-06-23T08:56:45.993Z</time></trkpt><trkpt lat="42.881906" lon="-8.540632"><ele>267.979</ele><time>2025-06-23T08:56:50.993Z</time></trkpt><trkpt lat="42.881901" lon="-8.540698"><ele>268.240</ele><time>2025-06-23T08:56:54.993Z</time></trkpt><trkpt lat="42.881881" lon="-8.540755"><ele>268.527</ele><time>2025-06-23T08:56:58.993Z</time></trkpt><trkpt lat="42.881891" lon="-8.540823"><ele>268.813</ele><time>2025-06-23T08:57:03.993Z</time></trkpt><trkpt lat="42.881908" lon="-8.540886"><ele>269.038</ele><time>2025-06-23T08:57:07.993Z</time></trkpt><trkpt lat="42.881928" lon="-8.540953"><ele>269.275</ele><time>2025-06-23T08:57:11.993Z</time></trkpt><trkpt lat="42.881895" lon="-8.541000"><ele>269.528</ele><time>2025-06-23T08:57:15.993Z</time></trkpt><trkpt lat="42.881881" lon="-8.541070"><ele>269.820</ele><time>2025-06-23T08:57:22.993Z</time></trkpt><trkpt lat="42.881893" lon="-8.541139"><ele>270.109</ele><time>2025-06-23T08:57:27.993Z</time></trkpt><trkpt lat="42.881850" lon="-8.541190"><ele>270.599</ele><time>2025-06-23T08:57:31.993Z</time></trkpt><trkpt lat="42.881815" lon="-8.541231"><ele>271.028</ele><time>2025-06-23T08:57:34.993Z</time></trkpt><trkpt lat="42.881781" lon="-8.541273"><ele>271.336</ele><time>2025-06-23T08:57:36.993Z</time></trkpt><trkpt lat="42.881761" lon="-8.541328"><ele>271.549</ele><time>2025-06-23T08:57:40.993Z</time></trkpt><trkpt lat="42.881726" lon="-8.541373"><ele>271.688</ele><time>2025-06-23T08:57:43.993Z</time></trkpt><trkpt lat="42.881694" lon="-8.541446"><ele>271.939</ele><time>2025-06-23T08:57:48.993Z</time></trkpt><trkpt lat="42.881689" lon="-8.541516"><ele>272.216</ele><time>2025-06-23T08:57:54.993Z</time></trkpt><trkpt lat="42.881706" lon="-8.541595"><ele>272.472</ele><time>2025-06-23T08:57:59.993Z</time></trkpt><trkpt lat="42.881689" lon="-8.541664"><ele>273.067</ele><time>2025-06-23T08:58:03.993Z</time></trkpt><trkpt lat="42.881628" lon="-8.541686"><ele>273.387</ele><time>2025-06-23T08:58:06.993Z</time></trkpt><trkpt lat="42.881589" lon="-8.541732"><ele>273.642</ele><time>2025-06-23T08:58:12.993Z</time></trkpt><trkpt lat="42.881574" lon="-8.541794"><ele>273.726</ele><time>2025-06-23T08:58:17.993Z</time></trkpt><trkpt lat="42.881538" lon="-8.541751"><ele>273.909</ele><time>2025-06-23T08:58:57.993Z</time></trkpt><trkpt lat="42.881540" lon="-8.541819"><ele>274.380</ele><time>2025-06-23T08:59:28.993Z</time></trkpt><trkpt lat="42.881549" lon="-8.541880"><ele>274.989</ele><time>2025-06-23T08:59:58.993Z</time></trkpt><trkpt lat="42.881511" lon="-8.541916"><ele>275.347</ele><time>2025-06-23T09:00:03.993Z</time></trkpt><trkpt lat="42.881472" lon="-8.541988"><ele>275.580</ele><time>2025-06-23T09:00:08.993Z</time></trkpt><trkpt lat="42.881462" lon="-8.542051"><ele>275.799</ele><time>2025-06-23T09:00:12.993Z</time></trkpt><trkpt lat="42.881450" lon="-8.542112"><ele>275.850</ele><time>2025-06-23T09:00:17.993Z</time></trkpt><trkpt lat="42.881408" lon="-8.542180"><ele>275.887</ele><time>2025-06-23T09:00:23.993Z</time></trkpt><trkpt lat="42.881376" lon="-8.542264"><ele>276.033</ele><time>2025-06-23T09:00:27.993Z</time></trkpt><trkpt lat="42.881337" lon="-8.542311"><ele>276.528</ele><time>2025-06-23T09:00:36.993Z</time></trkpt><trkpt lat="42.881287" lon="-8.542337"><ele>276.753</ele><time>2025-06-23T09:00:39.993Z</time></trkpt><trkpt lat="42.881293" lon="-8.542406"><ele>276.704</ele><time>2025-06-23T09:00:45.993Z</time></trkpt><trkpt lat="42.881223" lon="-8.542442"><ele>276.714</ele><time>2025-06-23T09:00:50.993Z</time></trkpt><trkpt lat="42.881169" lon="-8.542456"><ele>276.509</ele><time>2025-06-23T09:00:52.993Z</time></trkpt><trkpt lat="42.881142" lon="-8.542509"><ele>276.437</ele><time>2025-06-23T09:00:56.991Z</time></trkpt><trkpt lat="42.881107" lon="-8.542562"><ele>276.336</ele><time>2025-06-23T09:01:00.991Z</time></trkpt><trkpt lat="42.881109" lon="-8.542646"><ele>276.344</ele><time>2025-06-23T09:01:05.991Z</time></trkpt><trkpt lat="42.881147" lon="-8.542711"><ele>276.287</ele><time>2025-06-23T09:01:07.991Z</time></trkpt><trkpt lat="42.881149" lon="-8.542776"><ele>275.976</ele><time>2025-06-23T09:01:13.991Z</time></trkpt><trkpt lat="42.881189" lon="-8.542807"><ele>275.897</ele><time>2025-06-23T09:01:14.991Z</time></trkpt><trkpt lat="42.881219" lon="-8.542856"><ele>275.534</ele><time>2025-06-23T09:01:18.991Z</time></trkpt><trkpt lat="42.881250" lon="-8.542944"><ele>275.280</ele><time>2025-06-23T09:01:22.991Z</time></trkpt><trkpt lat="42.881250" lon="-8.543012"><ele>275.015</ele><time>2025-06-23T09:01:26.991Z</time></trkpt><trkpt lat="42.881279" lon="-8.543061"><ele>274.683</ele><time>2025-06-23T09:01:29.991Z</time></trkpt><trkpt lat="42.881292" lon="-8.543136"><ele>274.125</ele><time>2025-06-23T09:01:34.991Z</time></trkpt><trkpt lat="42.881287" lon="-8.543225"><ele>273.917</ele><time>2025-06-23T09:01:37.991Z</time></trkpt><trkpt lat="42.881290" lon="-8.543296"><ele>273.709</ele><time>2025-06-23T09:01:41.991Z</time></trkpt><trkpt lat="42.881300" lon="-8.543369"><ele>273.790</ele><time>2025-06-23T09:01:49.991Z</time></trkpt><trkpt lat="42.881301" lon="-8.543454"><ele>273.659</ele><time>2025-06-23T09:01:53.991Z</time></trkpt><trkpt lat="42.881268" lon="-8.543508"><ele>272.987</ele><time>2025-06-23T09:01:56.991Z</time></trkpt><trkpt lat="42.881258" lon="-8.543572"><ele>272.880</ele><time>2025-06-23T09:02:00.991Z</time></trkpt><trkpt lat="42.881228" lon="-8.543625"><ele>272.689</ele><time>2025-06-23T09:02:05.991Z</time></trkpt><trkpt lat="42.881199" lon="-8.543681"><ele>272.390</ele><time>2025-06-23T09:02:09.991Z</time></trkpt><trkpt lat="42.881197" lon="-8.543750"><ele>271.917</ele><time>2025-06-23T09:02:13.991Z</time></trkpt><trkpt lat="42.881235" lon="-8.543795"><ele>271.683</ele><time>2025-06-23T09:02:17.991Z</time></trkpt><trkpt lat="42.881238" lon="-8.543860"><ele>271.428</ele><time>2025-06-23T09:02:21.991Z</time></trkpt><trkpt lat="42.881269" lon="-8.543913"><ele>271.139</ele><time>2025-06-23T09:02:24.991Z</time></trkpt><trkpt lat="42.881241" lon="-8.543965"><ele>270.701</ele><time>2025-06-23T09:02:27.991Z</time></trkpt></trkseg></trk></gpx>